sample_id,split,is_bridge,mokume_dice_boundary,mokume_dice_skeleton,mokume_mae_distance_derived,mokume_dice_boundary_t100,mokume_dice_boundary_t150,mokume_dice_boundary_t250
mokume:B01:A,val,False,0.25579053373615307,0.05509288917360666,0.11967738717794418,0.20669207962727656,0.22856411568978757,0.10902427851580394
mokume:B01:B,val,False,0.5271791187739464,0.3414225941422594,0.11669519543647766,0.73764782115665,0.6969957902793724,0.00034083162917518747
mokume:B01:C,val,False,0.10981843821611141,0.10875706214689265,0.3714035749435425,0.4040715607649599,0.2581376029000831,0.0
mokume:B01:D,val,False,0.5367466788300359,0.32684319833852543,0.1251705139875412,0.7258684136034615,0.6838124054462935,0.001320676846884028
mokume:B01:E,val,False,0.021542795592012595,0.01757890531362365,0.49514827132225037,0.07355645457888929,0.04848389134554643,0.0
mokume:B01:F,val,False,0.0,0.0,0.04099227488040924,0.0,0.0,0.0
mokume:B02:A,train,True,0.10844892812105927,0.0832549388523048,0.45542460680007935,0.3344896700585877,0.23529929965202837,0.0002232765838682668
mokume:B02:B,train,True,0.18506252112200067,0.2055373064289066,0.3330508768558502,0.5214650174979296,0.3732149285971439,0.0014909240001490924
mokume:B02:C,train,True,0.20814235643030465,0.20234018264840184,0.2835821509361267,0.5422347594420938,0.4054157468727005,0.003332323538321721
mokume:B02:D,train,True,0.2854615157770569,0.15819076634637919,0.15104155242443085,0.497471025174138,0.4118140194750758,0.0
mokume:B02:E,train,True,0.23328431796557392,0.19511331444759206,0.29901158809661865,0.5093678393314462,0.4018410742135494,9.942334460131238e-05
mokume:B02:F,train,True,0.0,0.0,0.718760073184967,0.0065791990207703785,0.0018417619522676694,0.0
mokume:B03:A,train,False,0.23238300161377085,0.04724944762336412,0.37949496507644653,0.17192848992012172,0.19204910844782228,0.24287357791128722
mokume:B03:B,train,False,0.3172646620083222,0.19743527703847086,0.10463476926088333,0.6369389429274581,0.5272896080641952,0.0
mokume:B03:C,train,False,0.09470568891811904,0.10858906845832576,0.5373930335044861,0.26412142074792677,0.1765773552290406,0.0030605998775760047
mokume:B03:D,train,False,0.21364724660814047,0.22867314802136107,0.19111719727516174,0.5660846438482886,0.4374214044609173,0.0
mokume:B03:E,train,False,0.03490893321769298,0.052345167141746564,0.5192314386367798,0.2780403763749614,0.16192126764050507,0.0
mokume:B03:F,train,False,0.1214927646610815,0.02388820046812612,0.5378127694129944,0.1255893598555042,0.12181651616280592,0.06235614145218665
mokume:B04:A,train,True,0.0035081564637782846,0.0014347202295552368,0.24881598353385925,0.06746626686656672,0.030298439630359036,0.0
mokume:B04:B,train,True,0.3166824527447185,0.21829300717894176,0.10647296905517578,0.6066418819706958,0.5059970540786982,0.0
mokume:B04:C,train,True,0.0,0.0,0.578569769859314,0.06325342001896248,0.016134841172657205,0.0
mokume:B04:D,train,True,0.31016214480655,0.2064191315292637,0.1208571344614029,0.5749222418735135,0.4759327143787043,0.0005032459362890644
mokume:B04:E,train,True,0.1157960981749528,0.12834224598930483,0.4256210923194885,0.3710136674259681,0.27373116466300385,0.0002738788086271825
mokume:B04:F,train,True,0.06018837583275902,0.027660853878532773,0.2986174523830414,0.11691158561337989,0.09435215946843854,0.0
mokume:B05:A,train,False,0.006826456310679611,0.0036572622779519333,0.5391727089881897,0.03197876508879479,0.01856727171955106,0.0
mokume:B05:B,train,False,0.4101313320825516,0.17064158548874706,0.11017093062400818,0.6249408424041647,0.5453351716893179,0.00029650128483890096
mokume:B05:C,train,False,0.0067248273355143585,0.009124844462878473,0.4601694941520691,0.15548549810844892,0.07436939354442997,0.0
mokume:B05:D,train,False,0.27623282134195637,0.11155488224762429,0.19394519925117493,0.5135275278328504,0.4262181376799029,0.00010023053021950487
mokume:B05:E,train,False,0.04382300281353909,0.04043987229514012,0.45192065834999084,0.23094012462747224,0.145398730203028,0.0
mokume:B05:F,train,False,0.0,0.0,0.5326654314994812,0.008911423523085197,0.0008059316569954867,0.0
mokume:B06:A,train,False,0.1198780900778869,0.0751592356687898,0.3522891104221344,0.3766459897703776,0.28610041219001286,0.0
mokume:B06:B,train,False,0.36217696260455345,0.2901618929016189,0.15235081315040588,0.645269970742087,0.5333245478206438,0.00037095427988500417
mokume:B06:C,train,False,0.0638063806380638,0.05986754966887417,0.5008034706115723,0.2603269558042391,0.15297849841381742,0.0
mokume:B06:D,train,False,0.36202878176907993,0.22142025611175786,0.10362441837787628,0.6109278231174393,0.5218118646248874,0.0064501051647581215
mokume:B06:E,train,False,0.021016287622907755,0.015441176470588236,0.5395213961601257,0.10048867781678024,0.059543643607388626,0.0
mokume:B06:F,train,False,0.4153042882821193,0.20549535603715172,0.21692492067813873,0.5138246113682212,0.4963371241191656,0.016200294550810016
mokume:B07:A,val,False,0.0523639103409305,0.027188689505165852,0.21349500119686127,0.1522237505731316,0.11169652265542676,0.0
mokume:B07:B,val,False,0.05136028476989575,0.04923535994032078,0.4507378339767456,0.24658425504229017,0.15977207133871088,0.0
mokume:B07:C,val,False,0.0,0.0,0.7083697319030762,0.0,0.0,0.0
mokume:B07:D,val,False,0.09426862597536341,0.08169064109394424,0.4706871807575226,0.39453320019970045,0.2557284299858557,0.0
mokume:B07:E,val,False,0.0013771575468233565,0.0019267822736030828,0.7165297865867615,0.015910614525139664,0.004739120528594213,0.0
mokume:B07:F,val,False,0.016248839368616527,0.012077294685990338,0.19050602614879608,0.10342233922527266,0.06450225757901526,0.0
mokume:B08:A,val,False,0.5814375436147942,0.16963877457704618,0.09592238068580627,0.3515651874785002,0.4840789216643876,0.0
mokume:B08:B,val,False,0.12747363134103465,0.11044657097288677,0.39128196239471436,0.4194243496998615,0.2893459263836173,0.0009908620499834856
mokume:B08:C,val,False,0.046153846153846156,0.05076708507670851,0.5149384140968323,0.20972326103216155,0.125,0.0
mokume:B08:D,val,False,0.2652279233648976,0.2398216939078752,0.24487385153770447,0.5775758385674195,0.45405938341359825,0.00031084861672365556
mokume:B08:E,val,False,0.007254059483287763,0.010526315789473684,0.6629647016525269,0.09950896883455256,0.03400660637894623,0.0
mokume:B08:F,val,False,0.43559718969555034,0.12124645892351275,0.09340126812458038,0.44016459023888443,0.50310462589258,0.0
mokume:B09:A,train,False,0.06577874422397391,0.06821705426356589,0.2934100031852722,0.23776605421138802,0.15734185887188856,0.0
mokume:B09:B,train,False,0.17644409023181676,0.13427179209528967,0.34174424409866333,0.4083378175535982,0.3087974624498554,0.0
mokume:B09:C,train,False,0.015894736842105264,0.010662604722010662,0.657294750213623,0.06834749500858987,0.02861876788672993,0.0
mokume:B09:D,train,False,0.1890184645286686,0.17243335224049916,0.34076279401779175,0.44712121639538494,0.34583901773533426,0.0
mokume:B09:E,train,False,0.05185089642718947,0.05309033280507131,0.5708619952201843,0.30806639179617296,0.1942504973280805,0.0
mokume:B09:F,train,False,0.015383285800708668,0.006576543660942638,0.4829771816730499,0.07435757244395845,0.04251079375622717,0.0
mokume:B10:A,train,False,0.2351279234029195,0.11734492295535362,0.2584580183029175,0.35808344499376243,0.3157159487776484,0.0012968766886415216
mokume:B10:B,train,False,0.21310877806940798,0.15917877616317824,0.18725943565368652,0.5173419951552521,0.40495713753261275,0.0
mokume:B10:C,train,False,0.0,0.0,0.7310900688171387,0.03240401602964623,0.009549493788407975,0.0
mokume:B10:D,train,False,0.16487917458593537,0.14826498422712933,0.23620696365833282,0.5207744955855788,0.38475019392650905,7.601961306016953e-05
mokume:B10:E,train,False,0.0,0.0,0.71893310546875,0.09830918957707314,0.031719936173299164,0.0
mokume:B10:F,train,False,0.04220817932514606,0.017980991523246854,0.30680546164512634,0.12554252769320465,0.0944073884043099,0.0
mokume:BW01:A,train,True,0.5845610699979632,0.20584144645340752,0.1390480399131775,0.6110857455940096,0.6253478094822412,0.01012292118582791
mokume:BW01:B,train,True,0.5119698735766162,0.24635518310182528,0.09642966091632843,0.7319504851120776,0.6653477400700045,0.0
mokume:BW01:C,train,True,0.39964487285179784,0.1850259451445515,0.21362878382205963,0.5449565626738563,0.5156567710451403,0.006698044895003621
mokume:BW01:D,train,True,0.40985088115680074,0.22980206647578738,0.1302582174539566,0.6409355950172276,0.5660505983941827,0.0
mokume:BW01:E,train,True,0.520065712274114,0.20874661857529306,0.16995546221733093,0.5870100049204526,0.5870132379940091,0.00020206102242877348
mokume:BW01:F,train,True,0.341371158392435,0.17246175243393602,0.19040873646736145,0.5264811269817896,0.49487537145976107,0.002569593147751606
mokume:BW02:A,train,True,0.3935692661029335,0.14860818454031274,0.2539970576763153,0.45791874708143254,0.4467214842926418,0.07597325992921745
mokume:BW02:B,train,True,0.00936689403400903,0.003564003564003564,0.7308990955352783,0.11543653867433883,0.05201814586483657,0.0
mokume:BW02:C,train,True,0.05968617726281585,0.05388160226869904,0.4247119128704071,0.2551496307811893,0.1627526753864447,0.0
mokume:BW02:D,train,True,0.01008454335216287,0.014514514514514515,0.6891775131225586,0.14957541861337517,0.05650092081031308,0.0
mokume:BW02:E,train,True,0.04998115559678776,0.0398923152227117,0.5849463939666748,0.1687183016030787,0.10876297060900744,0.0
mokume:BW02:F,train,True,0.06250519491314105,0.04408352668213457,0.5223675966262817,0.2656197344476646,0.16054370398338683,0.0
mokume:BW03:A,train,False,0.38567425995858207,0.22165871121718378,0.21015526354312897,0.5817199833818031,0.5233580246913581,0.006628003314001657
mokume:BW03:B,train,False,0.3343780930386011,0.18683885149058937,0.16879317164421082,0.6055373064289066,0.5111660777385159,0.00010227563283047814
mokume:BW03:C,train,False,0.2640230469411964,0.12248628884826325,0.25432074069976807,0.4931154147542819,0.4197396963123644,0.0
mokume:BW03:D,train,False,0.3348894856434621,0.2070918160981529,0.19789564609527588,0.6059066967644846,0.5061877667140825,0.0
mokume:BW03:E,train,False,0.1719175418125243,0.098529068409993,0.2955678105354309,0.45565042692114516,0.34168621157881746,0.022687122268712227
mokume:BW03:F,train,False,0.27586206896551724,0.17348350128433115,0.244341179728508,0.5703396693821161,0.4841691703258609,0.0
mokume:BW04:A,train,True,0.40041376716193344,0.20676957937969126,0.13902053236961365,0.6835324117568111,0.5916631055514548,0.002331574426309977
mokume:BW04:B,train,True,0.44462885357454046,0.3155823391956709,0.10642284899950027,0.7236251313568768,0.6175304548403373,0.0021501908294361124
mokume:BW04:C,train,True,0.3159359777313848,0.20015576323987538,0.19651149213314056,0.6190286940624752,0.5338261439131655,0.001564388821730783
mokume:BW04:D,train,True,0.4857408555486671,0.24536912751677853,0.1031256914138794,0.6827238043855255,0.6194376798760239,0.0011538184178264946
mokume:BW04:E,train,True,0.434599734832899,0.2607269745832195,0.18570849299430847,0.6693587023475464,0.5903277849919333,0.020460959548447788
mokume:BW04:F,train,True,0.4294343190293608,0.2804232804232804,0.1071004569530487,0.7321228424120152,0.6408514688703327,0.00027406646111682084
mokume:BW05:A,train,False,0.14384433533369703,0.054679704649770504,0.28529199957847595,0.212161860049184,0.18278957116398348,0.0016618196925633569
mokume:BW05:B,train,False,0.00036561400301631555,0.0,0.6865257024765015,0.056985372058511764,0.017181976822229182,0.0
mokume:BW05:C,train,False,0.05162784361803569,0.047936085219707054,0.48642784357070923,0.22241472658364916,0.13425665980410506,0.0
mokume:BW05:D,train,False,0.037561169157518844,0.04574262882336732,0.5789518356323242,0.2475442043222004,0.1420658985243582,0.0
mokume:BW05:E,train,False,0.06487457208597565,0.08455696202531646,0.4632319509983063,0.2961484564100386,0.19191668732953138,0.0
mokume:BW05:F,train,False,0.3458785499884553,0.15466408893185113,0.246114581823349,0.4687376803595364,0.4314533114907559,0.0
mokume:BW06:A,train,False,0.2290979097909791,0.08179831408054948,0.14540712535381317,0.4026131139608033,0.35502353181911195,0.00870105655686762
mokume:BW06:B,train,False,0.1607714402954452,0.16419775120471175,0.3259980380535126,0.5369676533033596,0.37347767253044656,8.96941429724639e-05
mokume:BW06:C,train,False,0.11561167595933093,0.14426229508196722,0.47615179419517517,0.4404222271531366,0.295745678923249,0.0
mokume:BW06:D,train,False,0.006968321643056893,0.005194805194805195,0.6246269345283508,0.2508380098678016,0.11472063951016243,0.0
mokume:BW06:E,train,False,0.3541992696922274,0.2213263979193758,0.15204429626464844,0.6257145625423893,0.5304225975366915,0.0
mokume:BW06:F,train,False,0.07667520449475336,0.04316546762589928,0.34207653999328613,0.19589106545628285,0.14610728449175536,0.0
mokume:BW07:A,train,False,0.5741595787768328,0.17379570908109568,0.1420723795890808,0.4889736191261336,0.5427972294592361,0.09036711641041732
mokume:BW07:B,train,False,0.26454505686789154,0.14713610089332632,0.3115326166152954,0.5277412673756323,0.42060645582001954,0.0
mokume:BW07:C,train,False,0.17271138300196634,0.11980487804878048,0.3502897620201111,0.49160041997900106,0.36459402758559123,0.0
mokume:BW07:D,train,False,0.08680647730289355,0.08159796005099873,0.4870205521583557,0.2819424460431655,0.19890211163200705,0.0
mokume:BW07:E,train,False,0.45993031358885017,0.21145490454246216,0.16254764795303345,0.6465261514441842,0.6055441008018327,0.0010246776534881736
mokume:BW07:F,train,False,0.4401727406783231,0.17682486147916165,0.21157094836235046,0.5428517037883115,0.5161290322580645,0.060827806997484565
mokume:BW08:A,val,False,0.2739389687828832,0.05295759308420121,0.27100837230682373,0.1845335360060802,0.218214607754734,0.37051845928295346
mokume:BW08:B,val,False,0.3806591291796969,0.23384223918575064,0.1937987208366394,0.6523895863980022,0.5578703703703703,0.003565289361431209
mokume:BW08:C,val,False,0.01622803922952092,0.014408233276157804,0.571333646774292,0.07319257837492002,0.03159901934077908,0.0
mokume:BW08:D,val,False,0.42391251042126427,0.2266229200843684,0.13546787202358246,0.618229203352821,0.5559990225625153,0.0018064336830403668
mokume:BW08:E,val,False,0.08135729076214014,0.06835376989303418,0.4387613534927368,0.25285217646770797,0.18273587611127043,0.0
mokume:BW08:F,val,False,0.3776282590412111,0.08504301786896096,0.11301521211862564,0.17370559030240507,0.25123566166184835,0.22309417040358745
mokume:BW09:A,test,False,0.09875483039931301,0.07236580516898608,0.3324296176433563,0.20888355342136855,0.15803964757709252,0.011981787682722261
mokume:BW09:B,test,False,0.09683309855480775,0.048170011806375444,0.409116268157959,0.4071047427142804,0.25932662023688063,0.0
mokume:BW09:C,test,False,0.08789250983594388,0.10045074050225371,0.4307723045349121,0.403659672382622,0.25924479166666664,0.0
mokume:BW09:D,test,False,0.12752026605695282,0.11781609195402298,0.3952704668045044,0.4579129593090354,0.3263635163093718,0.0
mokume:BW09:E,test,False,0.06559423103591736,0.056854074542008845,0.4838593006134033,0.17062107466852758,0.11744901262544513,0.0
mokume:BW09:F,test,False,0.19634218289085545,0.1313526192337764,0.2513469457626343,0.27132525921408035,0.2533763354162467,0.0
mokume:BW10:A,test,True,0.1540608428691041,0.09280885064535956,0.3314007520675659,0.2711173397885081,0.23513307984790874,0.0
mokume:BW10:B,test,True,0.1571057700360104,0.12027729636048527,0.275559663772583,0.4809247133327185,0.3680241327300151,0.0
mokume:BW10:C,test,True,0.0,0.0,0.6829358339309692,0.0,0.0,0.0
mokume:BW10:D,test,True,0.1821613194387462,0.09645301804604854,0.25311535596847534,0.4168161230507341,0.32893915215430514,0.0
mokume:BW10:E,test,True,0.0375065724133902,0.04372670807453416,0.4930998384952545,0.1842456608811749,0.09549128030625266,0.0
mokume:BW10:F,test,True,0.008157438564290813,0.0028024287716020553,0.41878002882003784,0.055269922879177376,0.024603914259086673,0.0
mokume:CH01:A,train,False,0.27165519305597124,0.05889510829885617,0.28910478949546814,0.2412642815444917,0.2505340842882113,0.290427257977285
mokume:CH01:B,train,False,0.09069701280227596,0.08197146562905318,0.4447019100189209,0.30900514579759863,0.21738914543919757,0.0
mokume:CH01:C,train,False,0.2808855685131195,0.1818896605949417,0.24967996776103973,0.4987870297604811,0.41757299341207654,0.0
mokume:CH01:D,train,False,0.061034785150540775,0.07639917086171158,0.4476541578769684,0.3321121310665624,0.22120496160661549,0.0
mokume:CH01:E,train,False,0.054343049655778526,0.047604879500148765,0.40819117426872253,0.1758504758105875,0.1224515963585075,0.0020801664133130652
mokume:CH01:F,train,False,0.4492837505426132,0.21429807858750216,0.1606827825307846,0.5957662685052806,0.5677760883032044,0.005803710229039279
mokume:CH02:A,train,False,0.4462476592884237,0.1807348560079444,0.1817057877779007,0.6363981631737043,0.5827243320953636,0.028446829922844682
mokume:CH02:B,train,False,0.07637372802960223,0.08078892471079083,0.42065370082855225,0.2814876425855513,0.18417371611270233,0.0
mokume:CH02:C,train,False,0.2856858517167026,0.2603493658770041,0.14093826711177826,0.5820887673538073,0.46964316898538916,0.0003127687856751896
mokume:CH02:D,train,False,0.057041286256766584,0.06086341118188252,0.4857981204986572,0.2642678265454066,0.16568920364427722,0.0005027020233756441
mokume:CH02:E,train,False,0.2610422208069531,0.20287081339712917,0.1729690283536911,0.578428289642949,0.45886330703590406,0.0
mokume:CH02:F,train,False,0.17783626280665477,0.11417816813048934,0.39079004526138306,0.4472388890884921,0.3377209168819453,0.0036880927291886197
mokume:CH03:A,train,False,0.3184604069624908,0.16229550766034795,0.2686120867729187,0.45590891244601495,0.4204693297354599,0.039709271405779116
mokume:CH03:B,train,False,0.3174293329329179,0.15486194477791115,0.13888922333717346,0.5322632237052546,0.4520695391239114,9.485416172634575e-05
mokume:CH03:C,train,False,0.4396820724168384,0.20542786651084274,0.1534334272146225,0.6008848159266866,0.5639199887572024,0.002600780234070221
mokume:CH03:D,train,False,0.2837402842113528,0.1434953296331393,0.19798743724822998,0.5421604035459511,0.44849178561809855,9.59140610013428e-05
mokume:CH03:E,train,False,0.387430099683929,0.2477930927675391,0.13084298372268677,0.6642497482376637,0.6019013385044696,0.0
mokume:CH03:F,train,False,0.41541155866900176,0.22349170962797826,0.17235535383224487,0.6123935821872953,0.5537590557981097,0.0
mokume:CH04:A,test,False,0.5019004983529014,0.1642512077294686,0.127829909324646,0.5366278771722971,0.566834683851209,0.08664159353670428
mokume:CH04:B,test,False,0.1855723098012337,0.20044850784888735,0.285688191652298,0.5442553191489362,0.4112409175096168,0.0
mokume:CH04:C,test,False,0.47368993653671804,0.24516580628226442,0.10117198526859283,0.6538269134567284,0.5920670146594568,0.038273163342590254
mokume:CH04:D,test,False,0.14785806389989972,0.1626048741510188,0.4071175158023834,0.5223699304946353,0.39293057093151984,0.0
mokume:CH04:E,test,False,0.2967766545870685,0.2632801161103048,0.25218695402145386,0.6429317255549193,0.5355353788353162,0.000344748333716387
mokume:CH04:F,test,False,0.49860113421550095,0.17234411085450346,0.15348480641841888,0.5698638247483718,0.5672749027819324,0.008316008316008316
mokume:CH05:A,train,False,0.49880712057258214,0.09602293084915801,0.13586732745170593,0.33002849002849005,0.38824908626991245,0.5616045845272206
mokume:CH05:B,train,False,0.4211161718707128,0.21522170747849106,0.1772073209285736,0.6319004524886878,0.5715425178357779,0.0023148148148148147
mokume:CH05:C,train,False,0.18293204160136772,0.11480637813211846,0.27347859740257263,0.4630050810549238,0.3643250688705234,0.0
mokume:CH05:D,train,False,0.44102619849983693,0.1850984067478913,0.15196102857589722,0.5841831826053493,0.5462230215827338,0.03259356318073868
mokume:CH05:E,train,False,0.2922824302134647,0.15421002838221382,0.23458555340766907,0.49083780107225733,0.44079012345679014,0.0
mokume:CH05:F,train,False,0.4102057613168724,0.12521739130434784,0.1442909687757492,0.31528793230920893,0.3769222134919744,0.12578616352201258
mokume:CH06:A,train,False,0.16938049784765113,0.08896492728828058,0.3108959496021271,0.397709833549758,0.2990360905626541,0.0027450531854054674
mokume:CH06:B,train,False,0.38148451423341845,0.13139040680024286,0.16531862318515778,0.6048459674627898,0.5255808354399903,0.001510366607167376
mokume:CH06:C,train,False,0.4851261711003214,0.18670589808746824,0.20190665125846863,0.46631428811141873,0.48636881932206905,0.10873362445414847
mokume:CH06:D,train,False,0.16805687734423108,0.06153846153846154,0.2771572470664978,0.4025327545697105,0.3177543990317475,0.00013214403700033037
mokume:CH06:E,train,False,0.29429601704638586,0.05595477627670787,0.3729282319545746,0.19713339617625023,0.24068891280947255,0.3770593720857942
mokume:CH06:F,train,False,0.3613541729527488,0.20957891353262617,0.18777406215667725,0.613528336380256,0.5501037294350364,0.014153168737222834
mokume:CH07:A,test,False,0.6079126488939308,0.16975731176104542,0.131489098072052,0.5472083101465405,0.5974669293554743,0.18186292604897256
mokume:CH07:B,test,False,0.5292417440501814,0.18765806777946384,0.14967463910579681,0.6013649826157874,0.5957382347000606,0.012578616352201259
mokume:CH07:C,test,False,0.6931465054522854,0.21505376344086022,0.12166674435138702,0.6726233023588277,0.7082925920752433,0.22023919043238271
mokume:CH07:D,test,False,0.573798431996364,0.20319634703196346,0.11218409240245819,0.6741080488695864,0.6622051355071432,0.008047210300429184
mokume:CH07:E,test,False,0.6898322287897785,0.1613394216133942,0.1449056714773178,0.5614571187326606,0.6365962285605988,0.3199047000216591
mokume:CH07:F,test,False,0.5045278137128072,0.2563384663244673,0.10711818933486938,0.7101077928962715,0.663470557582074,0.0
mokume:CH08:A,train,False,0.4314116630095086,0.12544946064722334,0.1776515245437622,0.5370018975332068,0.5190126050420169,0.08477637310103049
mokume:CH08:B,train,False,0.3986357797758781,0.21220930232558138,0.1371864676475525,0.64676320835813,0.5668441178675864,0.0008233356857210068
mokume:CH08:C,train,False,0.38442359127793646,0.20336212934858744,0.15988789498806,0.5939084589811612,0.5233630553748422,0.0036002482929857233
mokume:CH08:D,train,False,0.24827906976744185,0.16228423939345055,0.22480861842632294,0.517410265011741,0.4217386244617712,0.0
mokume:CH08:E,train,False,0.2809313484922842,0.20464029377399431,0.22555679082870483,0.6230606094430182,0.5114399894602785,0.0
mokume:CH08:F,train,False,0.4658965896589659,0.18181818181818182,0.20160353183746338,0.5390306236829127,0.545982999725802,0.05650512768952343
mokume:CH09:A,train,True,0.2943073471676949,0.06507193041150887,0.19264870882034302,0.27508106759790474,0.3014705882352941,0.31653333333333333
mokume:CH09:B,train,True,0.47935601142560375,0.2141267424153684,0.12534703314304352,0.6569553507074846,0.5989728412256268,0.0009283614420547734
mokume:CH09:C,train,True,0.5843753339745645,0.24003944773175542,0.13156241178512573,0.6611704085388296,0.6569053873648852,0.008062248054748289
mokume:CH09:D,train,True,0.38834154351395733,0.23436746503777528,0.17186656594276428,0.6477929001251969,0.5711842667806755,0.0003075267163834858
mokume:CH09:E,train,True,0.3334798166865465,0.21373077532899953,0.22705160081386566,0.5830220275666623,0.498567335243553,0.0
mokume:CH09:F,train,True,0.42591959913449495,0.1375912408759124,0.19299490749835968,0.3519556439462424,0.4020012706480305,0.06874129122155133
mokume:CH10:A,train,False,0.29146021568055963,0.05145052619856339,0.28546369075775146,0.20852600668309312,0.24082953260827195,0.3518566382355475
mokume:CH10:B,train,False,0.46384302969565905,0.20832815413300187,0.1445881873369217,0.6306098964326813,0.5746252155839562,0.0027698699699930753
mokume:CH10:C,train,False,0.46620780072107504,0.21138436032053054,0.13381868600845337,0.6584636129956597,0.6302529476972689,0.0010192640913260626
mokume:CH10:D,train,False,0.431009104290465,0.18431523552817353,0.13912490010261536,0.6235723537030495,0.5619985412107951,0.00015846604864907694
mokume:CH10:E,train,False,0.29139161165566446,0.18424147393179147,0.3246656656265259,0.5166618371486525,0.4286036289868139,0.0
mokume:CH10:F,train,False,0.5776361152670266,0.15067466266866567,0.22336441278457642,0.4201036023567559,0.4902662678370029,0.3615834218916047
mokume:CN01:A,test,True,0.3639276416794606,0.18694500701043776,0.2193533331155777,0.5522171068572813,0.513196335726665,0.020941438102298
mokume:CN01:B,test,True,0.232390789028107,0.11107574793125398,0.27019375562667847,0.5444503385652323,0.4205724957799088,0.0
mokume:CN01:C,test,True,0.18905612603741737,0.1251082251082251,0.31807830929756165,0.515443082465621,0.39785702689539476,0.0
mokume:CN01:D,test,True,0.2406134763660744,0.14141737322028475,0.21411018073558807,0.5424753911192026,0.4317630088308764,0.0
mokume:CN01:E,test,True,0.3716278457691802,0.1879255560599183,0.21761223673820496,0.5313035841244615,0.4860517206271635,0.0015026296018031556
mokume:CN01:F,test,True,0.3449156148064104,0.1314397945308959,0.18636012077331543,0.501245248394285,0.4678698823404142,0.03658152002522864
mokume:CN02:A,test,False,0.3050740954076557,0.11064062286572872,0.2400033175945282,0.48474992772477593,0.4170234629217332,0.06191343325395714
mokume:CN02:B,test,False,0.40535130120599583,0.24444444444444444,0.22194543480873108,0.6378106278138183,0.5577026080507602,0.0023819971165298065
mokume:CN02:C,test,False,0.24740177439797212,0.13879369431117203,0.27262505888938904,0.520028818443804,0.42044545492821356,0.0
mokume:CN02:D,test,False,0.628657487091222,0.2761327149482697,0.09915316104888916,0.7652690911898695,0.7410609745113933,0.024292845257903494
mokume:CN02:E,test,False,0.5725133689839572,0.20411878484469223,0.12808816134929657,0.6855656299016795,0.6641600644554855,0.07041784584651241
mokume:CN02:F,test,False,0.4704556432136532,0.17908723281340266,0.12310025095939636,0.6139858686616791,0.5889902485058195,0.006947771921418304
mokume:CN03:A,train,False,0.47037092506614747,0.10119169220292816,0.23412850499153137,0.397830787225747,0.4317108235777367,0.36833699341185866
mokume:CN03:B,train,False,0.25362678581278614,0.10597621556525666,0.22246891260147095,0.44259994386302576,0.3640960809102402,0.001447282726680657
mokume:CN03:C,train,False,0.20295248728445603,0.11524609843937575,0.2601311504840851,0.47823298324380664,0.392215424635098,0.0
mokume:CN03:D,train,False,0.3766642951519463,0.1901904513435951,0.1391233652830124,0.6059601455803394,0.5334057123768164,0.0
mokume:CN03:E,train,False,0.23548350005749108,0.12759170653907495,0.22072955965995789,0.5152240592503927,0.42569201827465736,0.0
mokume:CN03:F,train,False,0.31617806731813247,0.08229186694866372,0.1546146124601364,0.37737975951903807,0.3714195284063934,0.018734388009991675
mokume:CN04:A,train,False,0.375,0.1325007614986293,0.1789778172969818,0.4793589339575924,0.4599092284417549,0.0
mokume:CN04:B,train,False,0.44239934264585046,0.312940386981322,0.09865152090787888,0.6998283663598065,0.6046182178778864,0.00010961907371882707
mokume:CN04:C,train,False,0.1055581997990375,0.09099307159353348,0.37222740054130554,0.3955637707948244,0.2738545422566177,0.0
mokume:CN04:D,train,False,0.3999179487179487,0.2496607869742198,0.1079666018486023,0.6310785197153777,0.5498931736191377,0.0003233978332345173
mokume:CN04:E,train,False,0.0980473189379068,0.08847926267281106,0.338964581489563,0.4959245256841594,0.332226472195368,0.0
mokume:CN04:F,train,False,0.6449809970936732,0.1968096125958152,0.12185683846473694,0.6743801652892562,0.6911086515403062,0.051705059853133485
mokume:CN05:A,train,False,0.5424811744124135,0.22648238965670978,0.12796860933303833,0.6500736377025037,0.6338615512927439,0.00251414204902577
mokume:CN05:B,train,False,0.47655743024010383,0.2584880036215482,0.08868105709552765,0.7185729932717885,0.634084417645192,0.015897212543554008
mokume:CN05:C,train,False,0.2038989700833742,0.14544814227857017,0.2833036780357361,0.4351008525681015,0.3503438652446925,0.00030289262456459186
mokume:CN05:D,train,False,0.4581112260323017,0.2516938798178385,0.10116319358348846,0.6926258386691584,0.6023136602937101,0.017538231205218694
mokume:CN05:E,train,False,0.41198743253041165,0.1601775956284153,0.14566347002983093,0.5593706708885811,0.5257700518450747,0.003211859172328598
mokume:CN05:F,train,False,0.1986651979524396,0.1440514469453376,0.24850645661354065,0.560256304937156,0.45167055552797497,0.0
mokume:CN06:A,train,False,0.13957399103139012,0.11507389162561577,0.33214956521987915,0.5,0.36900106647707076,0.0
mokume:CN06:B,train,False,0.21898729196994138,0.19655521783181357,0.2815282642841339,0.6301093258718666,0.47472745292368684,0.0
mokume:CN06:C,train,False,0.3284978942442677,0.16457461645746166,0.1922159343957901,0.4902700640183152,0.44970474967907575,0.00018948365703458077
mokume:CN06:D,train,False,0.3033346873961372,0.15914249684741488,0.14974132180213928,0.5668055476285601,0.4685524551433497,0.0012701292810161034
mokume:CN06:E,train,False,0.21660216929198234,0.1599578133239585,0.346516489982605,0.5431839571418229,0.41411433844531353,0.0003824335521703104
mokume:CN06:F,train,False,0.21399985958014464,0.10023021073136179,0.23967735469341278,0.400745492371706,0.34040274207369325,0.0
mokume:CN07:A,train,False,0.28143114131521085,0.057497881954250214,0.28709790110588074,0.2081531581476143,0.23616236162361623,0.4207877461706783
mokume:CN07:B,train,False,0.4011995287565599,0.17075018944177822,0.14568543434143066,0.6314813441139381,0.5651743861007182,0.0
mokume:CN07:C,train,False,0.4768004554511813,0.27387145494210435,0.17285184562206268,0.652675381066534,0.6293660352567612,0.0
mokume:CN07:D,train,False,0.42627301376679383,0.19911389106072452,0.12895014882087708,0.6362708938240602,0.5714026574758514,0.0
mokume:CN07:E,train,False,0.23252657769735355,0.14331550802139037,0.2542462646961212,0.44694637194981846,0.36906934306569344,0.0
mokume:CN07:F,train,False,0.4814317673378076,0.11606193121380451,0.1649356335401535,0.33976510067114096,0.40161321797957455,0.2677881336667424
mokume:CN08:A,train,True,0.4267155738957665,0.12335341570509548,0.16517584025859833,0.3883816541192803,0.4244501215028974,0.2138211382113821
mokume:CN08:B,train,True,0.5279461279461279,0.15873804496335858,0.14147041738033295,0.6284547084080203,0.6147459972326547,0.01658374792703151
mokume:CN08:C,train,True,0.2793252255786583,0.09489674005803038,0.19582945108413696,0.38105321816662024,0.3619864940911649,0.002230897936419409
mokume:CN08:D,train,True,0.5909037764527066,0.17412644618441042,0.12340237200260162,0.6851007379155957,0.6630160883892228,0.05515353021709368
mokume:CN08:E,train,True,0.3615271405073154,0.17411491584445735,0.18287736177444458,0.516689337658261,0.4997403271877434,0.0
mokume:CN08:F,train,True,0.3784620677791158,0.15294490183660545,0.16114693880081177,0.456074965392397,0.46289798570500323,0.001791847095714499
mokume:CN09:A,val,True,0.43114826220853497,0.15657894736842104,0.21741627156734467,0.4903373242585325,0.4845120859444942,0.00845854201446856
mokume:CN09:B,val,True,0.0039482087905707485,0.00431463657484235,0.7510188221931458,0.21907474020783374,0.05672609400324149,0.0
mokume:CN09:C,val,True,0.0013920865235316163,0.0015073861923424782,0.8241812586784363,0.050419736605652965,0.016305354826755606,0.0
mokume:CN09:D,val,True,0.011374156857558524,0.01143740340030912,0.737607479095459,0.23668828936209227,0.09313923030425146,0.0
mokume:CN09:E,val,True,0.003161529181746329,0.0004666355576294914,0.6953287124633789,0.1446566139691117,0.058186738836265225,0.0
mokume:CN09:F,val,True,0.17213821201911778,0.1119891008174387,0.4333997070789337,0.3231685944619699,0.2636529552154991,0.0035694673256452497
mokume:CN10:A,train,False,0.048086467409286425,0.04595518420053171,0.6118393540382385,0.20208651564886737,0.11408411345535839,0.0
mokume:CN10:B,train,False,0.01795071335927367,0.016913319238900635,0.7009632587432861,0.1645196995030968,0.060057028943450504,0.0
mokume:CN10:C,train,False,0.03877371179444367,0.05077951002227171,0.5521494746208191,0.2910995510582199,0.16471943393121605,9.69227041434456e-05
mokume:CN10:D,train,False,0.04900398406374502,0.07169476486246673,0.5898751020431519,0.3386758925839629,0.16571625600084874,0.0
mokume:CN10:E,train,False,0.0049891060658688305,0.009161859518154056,0.7570051550865173,0.0811537238808127,0.02991754283787512,0.0
mokume:CN10:F,train,False,0.4030505641454242,0.19652769576000945,0.2200806736946106,0.5684451437562581,0.521096867306223,0.078058137819094
mokume:H01:A,train,True,0.2539239623299616,0.13426378227494767,0.29273343086242676,0.4004559569199324,0.3563060285538111,0.009024979854955682
mokume:H01:B,train,True,0.07548852069247344,0.07036328871892926,0.560072660446167,0.2946467611968268,0.19118852459016394,0.0
mokume:H01:C,train,True,0.2640574037834312,0.1599803705066863,0.21366339921951294,0.5302445302445302,0.4375342966892263,0.0
mokume:H01:D,train,True,0.13802622498274672,0.12785072563925362,0.37407296895980835,0.36891748391529766,0.2665837479270315,0.0009198478069992056
mokume:H01:E,train,True,0.24531811980652363,0.18222099141512046,0.2414092868566513,0.5436480223477874,0.43155038206098695,0.005573439677124874
mokume:H01:F,train,True,0.5315032834408093,0.2332382310984308,0.130484476685524,0.6638746828816494,0.644112895562102,0.008673517488451023
mokume:H02:A,val,True,0.4302134646962233,0.12591779897037725,0.22449253499507904,0.40025010421008755,0.4342970101309612,0.13081702027898254
mokume:H02:B,val,True,0.026554750095383443,0.03342500528876666,0.6469241976737976,0.17554816373633833,0.09354639100207476,0.0
mokume:H02:C,val,True,0.21825205214872043,0.198752357464094,0.27979329228401184,0.5065061808718282,0.3956216377764495,0.0
mokume:H02:D,val,True,0.04693062114057392,0.049397352301916615,0.6076558828353882,0.19750688036263558,0.1207752793488757,0.0
mokume:H02:E,val,True,0.05525629887054735,0.07091369569452562,0.551930844783783,0.4414525211987831,0.24281345565749235,0.0
mokume:H02:F,val,True,0.33913993032083617,0.0951361272560416,0.2661151587963104,0.38978185993111364,0.379989936262999,0.14654438876808168
mokume:H03:A,val,True,0.31511604840309465,0.06897410358565736,0.26042553782463074,0.2678744526523381,0.2941129610451685,0.3704586063132817
mokume:H03:B,val,True,0.23026135875297887,0.20143463621724492,0.26354387402534485,0.512451171875,0.3953783385332739,0.003263530051672559
mokume:H03:C,val,True,0.5145836914789983,0.27354037267080744,0.12166120111942291,0.6672589242448715,0.6311153208619464,0.00034414522928675903
mokume:H03:D,val,True,0.28363947031183256,0.19670442842430483,0.21078136563301086,0.5450999219828362,0.44430157011369786,0.00018709073900841907
mokume:H03:E,val,True,0.31091510474090406,0.20716266730977934,0.22900137305259705,0.5786257073565076,0.4787123572170301,0.010875658706132975
mokume:H03:F,val,True,0.33448809611557456,0.2225253312548714,0.1766895055770874,0.5864921465968587,0.4968356374807988,0.001524390243902439
mokume:H04:A,train,False,0.35730032219772767,0.13435990338164253,0.24464493989944458,0.37011540797732334,0.3748164229614967,0.1565906838453915
mokume:H04:B,train,False,0.29160809671071125,0.24698213423466925,0.19233228266239166,0.5755050856903999,0.46544891640866876,0.0009098428453267163
mokume:H04:C,train,False,0.20070936782808263,0.1661503801745987,0.3032951056957245,0.5828067246929772,0.4457556935817805,0.0
mokume:H04:D,train,False,0.2578186222127235,0.256816182937555,0.21967047452926636,0.546988157109994,0.43261721812764625,8.27335153470671e-05
mokume:H04:E,train,False,0.23519606983068692,0.20911450822036343,0.27291038632392883,0.6237994563575959,0.4942082215002119,0.0011162413110761581
mokume:H04:F,train,False,0.5435890373226828,0.24889581709534944,0.1713361144065857,0.5025113513079118,0.5378383718632681,0.05236936623797938
mokume:H05:A,train,True,0.4331983805668016,0.1323326091250247,0.21812467277050018,0.37077017302097687,0.40313860580833455,0.24114285714285713
mokume:H05:B,train,True,0.3487462208785346,0.21591206490447526,0.18286468088626862,0.5773315180394827,0.49267991986438586,0.0014705882352941176
mokume:H05:C,train,True,0.43635670731707316,0.14438099342743238,0.17376378178596497,0.4298359692914377,0.44443311062375684,0.18263377122717078
mokume:H05:D,train,True,0.36886426109341597,0.24359469550663063,0.18243426084518433,0.611899748692522,0.5194169185445919,0.0040992687790826505
mokume:H05:E,train,True,0.2755506148822344,0.1609484462008263,0.27801987528800964,0.4451354152584381,0.40317113176599234,0.0032822757111597373
mokume:H05:F,train,True,0.36827029870813116,0.1358994501178319,0.21761281788349152,0.4390282070341536,0.43332553241282473,0.003971571906354515
mokume:H06:A,train,False,0.40796337698285956,0.11453133666112035,0.20872893929481506,0.25396993436375187,0.31545258470743753,0.2870420995079278
mokume:H06:B,train,False,0.3441941074523397,0.18323632130384168,0.16718468070030212,0.5492474254026934,0.46998808459934466,0.004496454718395111
mokume:H06:C,train,False,0.44044082414949687,0.17323413245154773,0.1972418576478958,0.557440042400954,0.5418070562720266,0.08088515833651277
mokume:H06:D,train,False,0.24689596118167548,0.143447010246215,0.33467110991477966,0.4639228772710419,0.3658362391295215,0.011817347407067462
mokume:H06:E,train,False,0.35072404231282733,0.20307145576849853,0.1915910392999649,0.5309585634348828,0.4686335802680598,0.0001388888888888889
mokume:H06:F,train,False,0.35908892234471373,0.1144410271082183,0.23927800357341766,0.4342173867704821,0.421377843758777,0.04164620371279835
mokume:H07:A,train,True,0.44272406847935547,0.12128619781872885,0.19539663195610046,0.3885063125102476,0.41104021368155513,0.22799602187966186
mokume:H07:B,train,True,0.23375168086060064,0.1571136827773996,0.27211374044418335,0.4899306898295505,0.3872672038039889,0.00043237634036665516
mokume:H07:C,train,True,0.41365990694407867,0.27735254389914454,0.12314137071371078,0.6522200132538105,0.5635004530353368,0.000817184216670558
mokume:H07:D,train,True,0.09453401494298073,0.09709111924484685,0.49107053875923157,0.38489989301543637,0.24667878618375053,8.339935782494474e-05
mokume:H07:E,train,True,0.21462856136333613,0.20587388424992803,0.27549129724502563,0.5572444303997472,0.43756631178429006,0.0
mokume:H07:F,train,True,0.4329923438203693,0.18780075432435947,0.18341577053070068,0.5720147378998492,0.5479975850271684,0.05413707045498176
mokume:H08:A,test,False,0.5081523030850407,0.21753529719365522,0.14931336045265198,0.6100253164556962,0.587856160345844,0.09364548494983277
mokume:H08:B,test,False,0.21980396079215844,0.20840950639853748,0.37114572525024414,0.4329530705649293,0.34033132863520643,0.0023568870960431493
mokume:H08:C,test,False,0.32324604743083,0.1700787401574803,0.21386495232582092,0.519309312952404,0.47376370280146163,0.005732778548312529
mokume:H08:D,test,False,0.17986127720640996,0.15958904109589042,0.3393322229385376,0.4421267010213843,0.335339758533106,0.00017866714311238162
mokume:H08:E,test,False,0.2702733485193622,0.13982377581973132,0.23800107836723328,0.519276644863409,0.4355087591903422,0.0
mokume:H08:F,test,False,0.2833606221858371,0.1885786802030457,0.2557540535926819,0.5380749633559014,0.46262560248345724,0.00988891899214305
mokume:H09:A,train,False,0.31620979926613424,0.07536423841059603,0.252034991979599,0.28922465208747516,0.31017119838872104,0.36279377689506787
mokume:H09:B,train,False,0.2357733129675322,0.19709253564439475,0.22636094689369202,0.5927994296577946,0.4550865982848495,0.0
mokume:H09:C,train,False,0.11965250058699226,0.14366729678638943,0.37159737944602966,0.5435314338599855,0.3940707485099466,0.0
mokume:H09:D,train,False,0.09547071174529717,0.11067193675889328,0.4301440715789795,0.48695482231849124,0.3039259927797834,0.0
mokume:H09:E,train,False,0.22795102795102795,0.2217516260777492,0.23528730869293213,0.618754055807917,0.489995855156562,0.00010711225364181663
mokume:H09:F,train,False,0.511933088182277,0.15553404323975475,0.2096080631017685,0.4022610387805217,0.45606787987049235,0.24120317820658344
mokume:H10:A,test,False,0.6247133027522935,0.1690385659967409,0.1470557451248169,0.5094135874923705,0.5763939994339089,0.20717592592592593
mokume:H10:B,test,False,0.1517763296195081,0.1347412254610351,0.39297693967819214,0.45260590428663544,0.3051232677799173,0.0
mokume:H10:C,test,False,0.22862898149313862,0.11708327936795752,0.220045804977417,0.5309436458771877,0.4206451612903226,0.0
mokume:H10:D,test,False,0.11034533866903809,0.11618798955613577,0.40464675426483154,0.41043760317414346,0.2829891838741396,0.00031790184780449034
mokume:H10:E,test,False,0.09556313993174062,0.09759188846641319,0.5158685445785522,0.3696817792442654,0.22374812812739692,0.0006258102007062716
mokume:H10:F,test,False,0.29478408406764817,0.08679245283018867,0.29716727137565613,0.3516120749734072,0.33150661099512874,0.22540689937557581
mokume:H11:A,val,True,0.4213532945927312,0.1388420959304903,0.23753798007965088,0.44163113006396587,0.44157495331558666,0.2055071561916615
mokume:H11:B,val,True,0.41412709662178127,0.23350685222564538,0.1700061410665512,0.6222735983938187,0.5443318664073961,0.004256224728665673
mokume:H11:C,val,True,0.05402440696558344,0.00889171165449349,0.3356640636920929,0.14434567610525695,0.0974034362485467,0.0
mokume:H11:D,val,True,0.31747985675917634,0.14676654945726952,0.15307673811912537,0.5226966842040867,0.4454815443360204,0.0019088172674546656
mokume:H11:E,val,True,0.4262903824730784,0.24216807558428644,0.16136153042316437,0.6909845788849348,0.6179078777442961,0.005360333531864205
mokume:H11:F,val,True,0.5332788058480727,0.26855600539811064,0.15931162238121033,0.5723513304781296,0.5868516794991115,0.07025344597598933
mokume:H12:A,test,False,0.32046178343949044,0.0706920793625996,0.35983335971832275,0.28535960487044715,0.30205696662884407,0.339419377404687
mokume:H12:B,test,False,0.043727709722437585,0.04463756666008296,0.6438856720924377,0.14968118833042426,0.10833425895072013,0.0
mokume:H12:C,test,False,0.06855738152683571,0.048303393213572854,0.5066111087799072,0.4938490243825306,0.31783791922309634,0.0
mokume:H12:D,test,False,0.031108083560399638,0.034108527131782945,0.6191428303718567,0.18911602725660412,0.10304743952246309,0.0
mokume:H12:E,test,False,0.07122484550784344,0.07841123095360383,0.5393257737159729,0.4474377571864176,0.2748887125159598,0.0
mokume:H12:F,test,False,0.46001167542323407,0.18444043821938705,0.2080680876970291,0.5249140519604857,0.5376449989056686,0.04803650774588687
mokume:H13:A,test,True,0.1663325623233102,0.09300365271143579,0.34733355045318604,0.43462151246804254,0.33585397653194266,0.0011609907120743034
mokume:H13:B,test,True,0.026583268178264268,0.01156932263481993,0.6687613725662231,0.1470236151920775,0.07549569339268165,0.0
mokume:H13:C,test,True,0.17380185156769476,0.10306253438474235,0.33820831775665283,0.41917709045569723,0.314243095421055,0.0
mokume:H13:D,test,True,0.05647367221335765,0.049204526816467115,0.5921833515167236,0.23072862995450774,0.13504024199211365,0.0
mokume:H13:E,test,True,0.09908389585342334,0.07782848907038194,0.42320114374160767,0.5528367840817424,0.37372962607861937,0.0
mokume:H13:F,test,True,0.32565927166178316,0.23140713439515598,0.2154422551393509,0.624134934174526,0.5272541061335964,0.01004097178140689
mokume:H14:A,test,True,0.46527705038231904,0.12752207941408775,0.22644257545471191,0.3831004881333109,0.42798847815650504,0.3086472602739726
mokume:H14:B,test,True,0.37361219882987057,0.21858339680121858,0.14782100915908813,0.6257373215594569,0.5351534758936322,0.0024084778420038534
mokume:H14:C,test,True,0.38546653899350997,0.2504118616144975,0.2220247983932495,0.6090060610567806,0.5396231341659776,0.0
mokume:H14:D,test,True,0.32410226668599873,0.2585139318885449,0.24399781227111816,0.6366550221485937,0.5200264266248245,0.0045739752536210635
mokume:H14:E,test,True,0.30575518886908526,0.18641010222489476,0.2971973121166229,0.5303207585233004,0.45556497973800775,0.006558843258552583
mokume:H14:F,test,True,0.40247404462116193,0.13180661577608144,0.24250972270965576,0.4250532076619033,0.42723902905655864,0.14355628058727568
mokume:H15:A,test,True,0.3803880340246583,0.11745152354570637,0.21046419441699982,0.29410358184687485,0.33536813255263487,0.08098434004474273
mokume:H15:B,test,True,0.23801728404461872,0.21079280479680212,0.27234354615211487,0.525973444726242,0.41258788081687314,0.00017613386173491853
mokume:H15:C,test,True,0.26298645636893536,0.1761334028139656,0.41363656520843506,0.4904699738903394,0.395301862796439,0.03409888677163775
mokume:H15:D,test,True,0.14110651291735304,0.11871838111298483,0.4733748137950897,0.3275198502132381,0.2484055052030883,0.00026198585276395077
mokume:H15:E,test,True,0.14920787325972157,0.11893203883495146,0.3618466556072235,0.43399409531843103,0.3137893152134109,0.0
mokume:H15:F,test,True,0.46370370370370373,0.13814180929095354,0.13558213412761688,0.3250342438159697,0.4148855375935771,0.138996138996139
mokume:H16:A,test,False,0.15862150359966953,0.10980543247929109,0.323311448097229,0.5129901505296414,0.3935057787561915,0.0
mokume:H16:B,test,False,0.036718543919810075,0.0376051459673429,0.6728630065917969,0.12961634551166298,0.08159815597387629,0.0
mokume:H16:C,test,False,0.12830218129316737,0.1940809968847352,0.44014209508895874,0.4313677663272151,0.30155955441302484,0.0
mokume:H16:D,test,False,0.06603993473700567,0.09063625450180073,0.6558171510696411,0.16094634312225217,0.11162860955162257,0.0007519402744582002
mokume:H16:E,test,False,0.15094953438249767,0.14722987450260178,0.49196895956993103,0.4329004329004329,0.2853145823362662,0.0002674511901577962
mokume:H16:F,test,False,0.37377120017284216,0.22337023370233702,0.18769919872283936,0.5884913316119513,0.524197077098101,0.02986418548810685
mokume:H17:A,train,True,0.09863204670209985,0.07796852646638054,0.2869860827922821,0.258091694165555,0.18230478589420654,0.009914204003813156
mokume:H17:B,train,True,0.022371125764168824,0.029624859120914507,0.6821084022521973,0.14032751307092828,0.06877964081167233,5.424317214070679e-05
mokume:H17:C,train,True,0.07095519140096937,0.07217907720420283,0.5123295783996582,0.33207630267830107,0.19711290077495822,0.0
mokume:H17:D,train,True,0.04146024722235583,0.051228978007761966,0.3428635001182556,0.14315770625363713,0.08491359177954227,0.0
mokume:H17:E,train,True,0.14147982062780268,0.12488822652757078,0.3707024157047272,0.433121392364265,0.3115908642137827,0.0
mokume:H17:F,train,True,0.02071019065819297,0.03362959404275763,0.5475284457206726,0.1298352364771425,0.06095791001451379,0.0
mokume:H18:A,train,True,0.35311213368854444,0.0739481512962176,0.19494155049324036,0.33527223182937693,0.3502034587995931,0.24391951006124235
mokume:H18:B,train,True,0.38836515230470414,0.24519424653851324,0.173289492726326,0.6331399564902103,0.5420867142037538,0.00443650255715078
mokume:H18:C,train,True,0.25986935529679067,0.05965909090909091,0.31469541788101196,0.18608556913129276,0.22022332506203474,0.156563245823389
mokume:H18:D,train,True,0.5120538217155672,0.3130857341200972,0.10731026530265808,0.7221153509845756,0.6541206490969259,0.0009241534094659714
mokume:H18:E,train,True,0.34427179352120096,0.20454821841177187,0.23318317532539368,0.5184649851846499,0.4625373771892354,0.03162694910267726
mokume:H18:F,train,True,0.5015138262800242,0.24085405546152844,0.18151913583278656,0.5670494699646643,0.562119661801928,0.06861581616139821
mokume:H19:A,test,False,0.5607919852984765,0.214410525233837,0.15864655375480652,0.5824538789978249,0.5921787709497207,0.04098814667109782
mokume:H19:B,test,False,0.0227694090382387,0.022686760654675092,0.7675395607948303,0.11507262780607433,0.05360077058190266,0.0007071302298173247
mokume:H19:C,test,False,0.0594725772528717,0.04340254521098459,0.6322591304779053,0.25849092233402576,0.1515776880514431,0.0008269873539850453
mokume:H19:D,test,False,0.06502154328241284,0.08172296798937896,0.46798110008239746,0.3499663939555473,0.22129809164200429,0.0
mokume:H19:E,test,False,0.07497643896820133,0.058694459681843114,0.6632766723632812,0.22869770182675309,0.1427456591012551,0.010778443113772455
mokume:H19:F,test,False,0.574028206035485,0.2368319132455461,0.14026178419589996,0.6257337318592675,0.6217102497267301,0.13209462096963073
mokume:H20:A,train,False,0.2234831227997515,0.1694915254237288,0.27523669600486755,0.5116490717145977,0.40538739433902704,0.0004845900368288428
mokume:H20:B,train,False,0.13017209813255218,0.08723575060208724,0.3886110484600067,0.3364645161290323,0.24894138622687764,0.00013292127737347557
mokume:H20:C,train,False,0.2133972590347822,0.14860681114551083,0.47452279925346375,0.37052922361151497,0.29268092779280386,0.03514410118183703
mokume:H20:D,train,False,0.22349218053891295,0.1693159922928709,0.24397890269756317,0.48078239608801954,0.37045727381861837,0.009163318531049552
mokume:H20:E,train,False,0.01952050815291065,0.015810276679841896,0.6893041133880615,0.1405935870787474,0.07470822814912377,0.0
mokume:H20:F,train,False,0.5496612699506258,0.17255324885413859,0.20465733110904694,0.46470076087367984,0.5139902952247064,0.2639830508474576
mokume:IC01:A,train,False,0.16350416740556836,0.026578073089700997,0.30724143981933594,0.14271169183777363,0.1560456719039719,0.18969794250693128
mokume:IC01:B,train,False,0.49530393947299767,0.21851995350639286,0.2019195705652237,0.6261927689748753,0.6026483161297049,0.0
mokume:IC01:C,train,False,0.4781157746117315,0.27530017152658665,0.20471933484077454,0.5833082771358619,0.5765230312035661,0.0009408222786715589
mokume:IC01:D,train,False,0.3512843917068718,0.17019246063305232,0.2331201583147049,0.5129538094426453,0.46549756148178895,0.00018231540565177758
mokume:IC01:E,train,False,0.4856103208733047,0.2227410052183466,0.18635889887809753,0.5968413745227351,0.5818601479305461,0.013831544178364987
mokume:IC01:F,train,False,0.3212905600196283,0.0671044086874955,0.29862067103385925,0.23744554943700172,0.2752872712925975,0.293956727182293
mokume:IC02:A,train,True,0.43278105192927835,0.1075031525851198,0.25316205620765686,0.4033981498961676,0.42954893310524894,0.17791339044713061
mokume:IC02:B,train,True,0.42438209367978336,0.15455991516436904,0.1687900722026825,0.5945397815912636,0.5439821278972354,0.0042042568100201455
mokume:IC02:C,train,True,0.4416535845107274,0.16061546767444998,0.2207612246274948,0.5145702152584566,0.5082859848484849,0.003308975596304977
mokume:IC02:D,train,True,0.47941160082465034,0.20175557056043214,0.14977169036865234,0.6451172502409251,0.5905647222867767,0.0014789253142716292
mokume:IC02:E,train,True,0.3646987895932848,0.1038906117846067,0.2529737949371338,0.4383654170888213,0.41900463053037085,0.1028015005187964
mokume:IC02:F,train,True,0.525015724169478,0.145021469658916,0.22423240542411804,0.4521347628677172,0.5005454545454545,0.1966548403446528
mokume:IC03:A,train,False,0.16461005410005472,0.03265951142424442,0.33821409940719604,0.119637937819756,0.1416124090386825,0.12350287758593871
mokume:IC03:B,train,False,0.45994258872651356,0.2303884805759712,0.1884785145521164,0.6007838247082925,0.5754617968094039,0.01765092479579382
mokume:IC03:C,train,False,0.4463768115942029,0.1825503355704698,0.2234594225883484,0.5150967133197043,0.524886018237082,0.061604865607219936
mokume:IC03:D,train,False,0.5391995111518485,0.2427540817618023,0.14250028133392334,0.6504065040650406,0.6382242436227012,0.0030923850019327404
mokume:IC03:E,train,False,0.5564867147404664,0.2474519416849439,0.1472814977169037,0.640428870292887,0.623619106892796,0.0008485362749257531
mokume:IC03:F,train,False,0.08065425831923294,0.016723679209426075,0.5483703017234802,0.07280155030639501,0.0811343788149122,0.045750305002033344
mokume:IC04:A,test,False,0.6349309293728517,0.2563681183237469,0.12660521268844604,0.6479788570685846,0.679739238410596,0.010381031025126814
mokume:IC04:B,test,False,0.46938429354893424,0.14488672724945603,0.16091042757034302,0.60748113661904,0.562201181213087,0.0
mokume:IC04:C,test,False,0.5354141656662665,0.19052339413164154,0.21800655126571655,0.4865196579797897,0.5307298653549958,0.05612722170252572
mokume:IC04:D,test,False,0.4250600205784841,0.20595643799081345,0.17520959675312042,0.6356681807315324,0.5758299386617971,0.0
mokume:IC04:E,test,False,0.5348661892197513,0.16619581100828057,0.1741330474615097,0.5288335794136259,0.5500723516790579,0.08778676568094418
mokume:IC04:F,test,False,0.2128484524366602,0.08246647449555082,0.3727096915245056,0.26506940482981556,0.24755959137343928,0.066902876198416
mokume:IC05:A,test,False,0.28703740352265983,0.06253982257511151,0.3030017912387848,0.3014489231797333,0.3005209574721645,0.14963334261579875
mokume:IC05:B,test,False,0.4612201645052228,0.16074157074462667,0.1959170550107956,0.5663621708758731,0.5442710506550947,0.01537818637693272
mokume:IC05:C,test,False,0.3227730572280682,0.11869140235387991,0.2758212685585022,0.4029163161478989,0.3842419716206124,0.07557697184884606
mokume:IC05:D,test,False,0.4813815434430653,0.17153550265100323,0.1778198480606079,0.5883009600357223,0.5706332022447086,0.06217525319242624
mokume:IC05:E,test,False,0.49486823855755896,0.19474021808851827,0.16385887563228607,0.5950032873109796,0.5685690188360978,0.0
mokume:IC05:F,test,False,0.33522557514191814,0.08147523201157045,0.308927983045578,0.2926098891305123,0.3177929679505546,0.27778348925670815
mokume:IC06:A,test,True,0.4169400536832687,0.1251799779791649,0.21404457092285156,0.45130528878669013,0.44992568191861165,0.10545388657365465
mokume:IC06:B,test,True,0.20628581350928982,0.12105711849957375,0.28054046630859375,0.42536008658729496,0.3458932488423105,0.000693625580911424
mokume:IC06:C,test,True,0.26413038093822755,0.07890337679705783,0.3043130934238434,0.339065497396547,0.3248730964467005,0.08011325782811458
mokume:IC06:D,test,True,0.2621151791784015,0.08705701078582434,0.24943387508392334,0.44472388137902125,0.37324975577987624,0.007981907675934548
mokume:IC06:E,test,True,0.29752224241844444,0.08673270415724202,0.278908908367157,0.3724197691331662,0.33934172240486715,0.12458431340741341
mokume:IC06:F,test,True,0.3583617747440273,0.10499798468359532,0.24731577932834625,0.4409606147934678,0.411648885022208,0.03769356153219234
mokume:IC07:A,val,False,0.30553050796513376,0.046511627906976744,0.35561200976371765,0.28106225511536786,0.29391935692985866,0.21363410184110135
mokume:IC07:B,val,False,0.3280070044872496,0.1557377049180328,0.28766459226608276,0.46261061946902654,0.42454248077093093,0.0012687336452303544
mokume:IC07:C,val,False,0.22209158011627148,0.1168370540371375,0.25508183240890503,0.44140985421664514,0.35777704702400526,0.0
mokume:IC07:D,val,False,0.4540466392318244,0.12758837063375864,0.2041936218738556,0.5143530335754958,0.5010712622263623,0.06728860658991663
mokume:IC07:E,val,False,0.5623720437698553,0.22276923076923077,0.12179883569478989,0.6369935521124049,0.6401947713176048,0.015369194787838289
mokume:IC07:F,val,False,0.2976279453994729,0.06293572113847137,0.29103899002075195,0.40814279392240743,0.373197397545107,0.07907584404868322
mokume:IC08:A,train,False,0.3499617737003058,0.08814547473625764,0.26710307598114014,0.3544860557768924,0.35134211625346445,0.21463869463869464
mokume:IC08:B,train,False,0.27241358435740665,0.12832680008252528,0.272693932056427,0.42259908356559117,0.3591735448022873,0.00961396243159296
mokume:IC08:C,train,False,0.2970466299098175,0.06585275619681835,0.30798089504241943,0.26446761127069685,0.28215554822874306,0.25443204202232433
mokume:IC08:D,train,False,0.18963464310334022,0.11622962437987243,0.30012640357017517,0.41003655399611894,0.3291971577049528,0.002205720167634733
mokume:IC08:E,train,False,0.32358057883915864,0.07296238244514107,0.3416402041912079,0.30613410123377105,0.31808663066240495,0.2123409292690145
mokume:IC08:F,train,False,0.3985635119655738,0.10452507134121485,0.2874094843864441,0.3875839725570537,0.3963321177527615,0.21453335182360284
mokume:IC09:A,train,False,0.22856046065259117,0.04609848312303558,0.44261085987091064,0.21363061353573687,0.2217556175373719,0.10060321030569472
mokume:IC09:B,train,False,0.26916813236922676,0.16253628041973656,0.23705700039863586,0.47151449948652746,0.3925657298277425,0.021345052185513615
mokume:IC09:C,train,False,0.38216651235666976,0.11795189545428941,0.29404839873313904,0.40738950647118843,0.40069580078125,0.1564606582450575
mokume:IC09:D,train,False,0.21542631547934712,0.10430247718383312,0.26282352209091187,0.4271685088548301,0.354311899770877,0.0026718123793973577
mokume:IC09:E,train,False,0.432285219113642,0.11697677772969854,0.25032225251197815,0.3718742754943199,0.40251172402829666,0.12196321432084194
mokume:IC09:F,train,False,0.37752643828345106,0.10919050517346318,0.24896439909934998,0.4317081142110111,0.4203607982747407,0.0950843490192913
mokume:IC10:A,train,False,0.3612961499379022,0.0635398063727794,0.312924325466156,0.3257944297459532,0.3451068616422947,0.2445376682398182
mokume:IC10:B,train,False,0.34707517596261905,0.12461962034487756,0.1617582142353058,0.4933039359790952,0.4435005068301395,0.020572604148808505
mokume:IC10:C,train,False,0.3664402627769736,0.12941804591564335,0.18264439702033997,0.49241120325457677,0.4529891055570814,0.04791816223977028
mokume:IC10:D,train,False,0.3086100330602271,0.13174145738987236,0.23044879734516144,0.4605131924925197,0.4228603923798692,0.00018867924528301886
mokume:IC10:E,train,False,0.3736699729486023,0.10506618615288654,0.29064857959747314,0.40108734345166824,0.39906843963639094,0.10905164657189131
mokume:IC10:F,train,False,0.27971390505574645,0.0495926319518243,0.3705548644065857,0.2728200298249745,0.2816456638960884,0.2160520607375271
mokume:K01:A,val,False,0.31955237799191794,0.08208722741433022,0.22594816982746124,0.29961271651700216,0.31817277070063693,0.06315789473684211
mokume:K01:B,val,False,0.5509124844462878,0.26022304832713755,0.14602892100811005,0.6708361253815799,0.648519993075991,0.06807309230648577
mokume:K01:C,val,False,0.4932166077919418,0.18350608382154124,0.2539052367210388,0.4888919176775249,0.5113363455041315,0.1987037622510275
mokume:K01:D,val,False,0.5250641956012058,0.25783458277006266,0.1449044942855835,0.6602501656080739,0.6332710961337037,0.0688750409970482
mokume:K01:E,val,False,0.5480171489817792,0.25660129286731675,0.15697833895683289,0.6447800878909856,0.6304604486422668,0.0573570148280919
mokume:K01:F,val,False,0.26174306734578384,0.05426806735997466,0.3397834002971649,0.19352139195927334,0.2194022770398482,0.38795320667053845
mokume:K02:A,val,False,0.44691975448965676,0.1581865940266563,0.2177872508764267,0.46376132458606684,0.46691449814126396,0.2194889562581204
mokume:K02:B,val,False,0.49891540130151846,0.1816702819956616,0.24709224700927734,0.5853570352515818,0.5602459582700013,0.2166553825321598
mokume:K02:C,val,False,0.404344193817878,0.18885490091767523,0.2144152671098709,0.5416563862159717,0.5017574692442882,0.04970635798791387
mokume:K02:D,val,False,0.5022450812311209,0.17161773673664954,0.23279112577438354,0.5780568011958146,0.5593980810381721,0.14898959703455697
mokume:K02:E,val,False,0.3701921010786884,0.1350869982189341,0.24064192175865173,0.4539447398346498,0.439027871953178,0.16886326194398682
mokume:K02:F,val,False,0.3860613496932515,0.12255257432922408,0.2223716676235199,0.4226953359460509,0.4250143808036815,0.2528263103802672
mokume:K03:A,train,False,0.4101311391103111,0.20686645330229853,0.16173195838928223,0.5447931276297335,0.524392797319933,0.06550921782709862
mokume:K03:B,train,False,0.2796622833233712,0.16058745636210425,0.28503039479255676,0.5487176583819283,0.4445299227489823,0.05740765735366896
mokume:K03:C,train,False,0.38690888919706007,0.1923347751735238,0.2197846621274948,0.5659912465553575,0.5143942271173566,0.08868638901366874
mokume:K03:D,train,False,0.3229305002213369,0.19214852924728779,0.3065628409385681,0.5101298410566376,0.42530688118970544,0.07404735062006765
mokume:K03:E,train,False,0.23442970560678533,0.16524216524216523,0.30861419439315796,0.5013012590560596,0.409307679657951,0.003551977267345489
mokume:K03:F,train,False,0.5578879587894398,0.2162410858063032,0.1450999677181244,0.598257006151743,0.6063053269141171,0.07181818181818182
mokume:K04:A,train,False,0.574927030682708,0.13325373134328358,0.20892557501792908,0.568428097088878,0.5861783815711754,0.2889675516224189
mokume:K04:B,train,False,0.2487380998019296,0.1699391434148582,0.2626979947090149,0.4809757324280146,0.3865914259243662,0.02318776160314109
mokume:K04:C,train,False,0.19019553459991678,0.15557074504442925,0.37589725852012634,0.4779842902975993,0.33862631546173483,0.0018746338605741067
mokume:K04:D,train,False,0.22857142857142856,0.18316138071583238,0.2675797939300537,0.5131945813501563,0.3894820212260415,0.0010838300887906958
mokume:K04:E,train,False,0.2284863153975051,0.18160860655737704,0.29047346115112305,0.4917930898098709,0.38078579988987143,0.017356014161125984
mokume:K04:F,train,False,0.4118050789293068,0.12359011279097672,0.1694561243057251,0.5609692645036608,0.5123787147021712,0.058091286307053944
mokume:K05:A,train,True,0.3133245382585752,0.23389520449496928,0.25433385372161865,0.5670159205334059,0.46954789882493525,0.02254579614842649
mokume:K05:B,train,True,0.02364275792771227,0.027929798075108512,0.5754642486572266,0.24311744899980195,0.12939606091149308,0.0
mokume:K05:C,train,True,0.12167272460256269,0.18440779610194902,0.48647090792655945,0.471759835567264,0.3013165275348929,7.822889775483064e-05
mokume:K05:D,train,True,0.01006036217303823,0.0007141581860382074,0.6950599551200867,0.11630593079897554,0.04298063716909487,0.0
mokume:K05:E,train,True,0.24575424575424576,0.25812567713976164,0.22955095767974854,0.5412350287758594,0.4273400336206588,0.00348854111148796
mokume:K05:F,train,True,0.17126370455856896,0.14314010299749108,0.35740092396736145,0.4064284846275368,0.29822517645446445,0.0006110601894286587
mokume:K06:A,train,True,0.5586474574041181,0.17668060797714985,0.17130640149116516,0.5060427783098463,0.5459459459459459,0.22968323644560446
mokume:K06:B,train,True,0.008861347792408986,0.012855831037649219,0.7448999881744385,0.10526913145872939,0.04378467536362273,0.0
mokume:K06:C,train,True,0.053105842381268926,0.05923884966419838,0.5534358024597168,0.27348074938229133,0.16633609192257712,0.0
mokume:K06:D,train,True,0.024737456242707116,0.03290282902829028,0.6915653347969055,0.11552294286610829,0.06684733514001806,0.0
mokume:K06:E,train,True,0.002976575643846253,0.0006648936170212766,0.7558261752128601,0.1424306541839367,0.04540465962183688,0.0
mokume:K06:F,train,True,0.30644991027129737,0.14370982552800735,0.22351649403572083,0.4502645704061822,0.4033988874775524,0.08519003931847968
mokume:K07:A,train,False,0.5697775568534857,0.21493290514967311,0.13087773323059082,0.6098553155797861,0.62557350887692,0.14179872401728752
mokume:K07:B,train,False,0.2852636842712621,0.23175161101347394,0.2902139723300934,0.6204537680994185,0.4747982537372668,0.004939192022738922
mokume:K07:C,train,False,0.21786902321830584,0.20521833175611734,0.2034984529018402,0.5654493654493654,0.4275672995595998,7.58869284765699e-05
mokume:K07:D,train,False,0.4186767335585138,0.28411405295315684,0.2739889919757843,0.6080252426028457,0.5329715620277511,0.027182435964453737
mokume:K07:E,train,False,0.2941748832381941,0.17565897858319604,0.26415345072746277,0.5450108324825061,0.44048592124918967,0.08054208054208054
mokume:K07:F,train,False,0.7738855738855739,0.22932622932622931,0.11265673488378525,0.5899294117647059,0.690083337994295,0.24171270718232044
mokume:K08:A,train,False,0.30270783847981,0.06987923554930238,0.18718844652175903,0.24123092971704263,0.2696629213483146,0.32128365916635926
mokume:K08:B,train,False,0.13055428309665598,0.15604975499434603,0.3807741701602936,0.41268180391336196,0.2788424964157182,0.0005739498511317573
mokume:K08:C,train,False,0.1179421037546575,0.11137945730927688,0.4641622304916382,0.45056285698441745,0.28739618799121774,0.011401025327109954
mokume:K08:D,train,False,0.17801574803149606,0.15422440768886903,0.4225081503391266,0.46861048063252936,0.3253086767773581,0.010471574627657692
mokume:K08:E,train,False,0.07669955399378295,0.08479834539813857,0.5495696067810059,0.3473150623885918,0.20345645121038183,0.000563856780377784
mokume:K08:F,train,False,0.17089410272669625,0.027153234175025943,0.2808942496776581,0.11368189102564102,0.13572854291417166,0.32575356953992596
mokume:K09:A,train,False,0.29783468665417445,0.16432756506336013,0.2992587685585022,0.5025904909597152,0.4344475161263299,0.00973803319160609
mokume:K09:B,train,False,0.013396744591064371,0.0038919970810021892,0.7120219469070435,0.17090941270169022,0.04785656071719641,0.0
mokume:K09:C,train,False,0.05275514431708327,0.05342465753424658,0.5475903749465942,0.45791088580576306,0.2619792920780159,0.0
mokume:K09:D,train,False,0.13164070834222316,0.08038692461641093,0.3850257396697998,0.4334773336249795,0.29097157138394253,0.0
mokume:K09:E,train,False,0.05917936694021102,0.0670147954743255,0.5520444512367249,0.38350231998625195,0.229880347484019,0.0
mokume:K09:F,train,False,0.23970580041232517,0.14788849941579035,0.22486594319343567,0.5676612961491222,0.4649061848505907,0.0
mokume:K10:A,val,False,0.5084043969044215,0.207284572105419,0.17107009887695312,0.576510989010989,0.568580958887594,0.05658307210031348
mokume:K10:B,val,False,0.17216606799766102,0.12287081339712919,0.3490154445171356,0.5230349894824163,0.3781530269058296,0.0045632333767926985
mokume:K10:C,val,False,0.23308005837065365,0.15138911994676427,0.3254966139793396,0.5208839696369143,0.41467591403373577,0.00589066918001885
mokume:K10:D,val,False,0.2500306109954696,0.1700832799487508,0.3031555712223053,0.5288319369147363,0.4167900190315077,0.01913740278105114
mokume:K10:E,val,False,0.421133315083493,0.17855058933364454,0.15688998997211456,0.5682816104785294,0.5360048998162569,0.03979195905225791
mokume:K10:F,val,False,0.23800605100129665,0.18083462132921174,0.3247895836830139,0.5289948892674616,0.41063727839003356,0.0
mokume:KR01:A,train,False,0.20864067439409906,0.06749156355455568,0.18281064927577972,0.16738452398633596,0.18850160256410256,0.05732899022801303
mokume:KR01:B,train,False,0.5551893239006351,0.17679012345679013,0.11449973285198212,0.6103153423016175,0.619485174323884,0.02707411875083769
mokume:KR01:C,train,False,0.26284776609233984,0.06281889247764827,0.35660821199417114,0.2719480998971492,0.27158267976802186,0.17554125219426564
mokume:KR01:D,train,False,0.5871137854100467,0.1577424023154848,0.15157455205917358,0.5764700532084224,0.6139192553306635,0.13278310474572158
mokume:KR01:E,train,False,0.5224226377627006,0.14271105556186797,0.1421797275543213,0.3780241438778024,0.4526592814737744,0.23479923518164436
mokume:KR01:F,train,False,0.3529081728071816,0.12762621511445593,0.24692438542842865,0.33100779141416714,0.3577646355239551,0.15941547658585187
mokume:KR02:A,train,False,0.4454574638844302,0.10370005742882928,0.21239173412322998,0.2886499781806641,0.3492579993097668,0.43483891856888457
mokume:KR02:B,train,False,0.6667514951011579,0.18755128355409684,0.1269606351852417,0.6654658876246541,0.6967715145852797,0.047424366312346686
mokume:KR02:C,train,False,0.4835359471862169,0.12960694800133615,0.16640906035900116,0.3704979193571531,0.4315625747786552,0.2138606258398925
mokume:KR02:D,train,False,0.6004955947136564,0.16871749334009895,0.12804187834262848,0.5928335734535484,0.6245563442768411,0.06433777330987685
mokume:KR02:E,train,False,0.5695616211745244,0.2245430809399478,0.14522677659988403,0.5738664550054569,0.6178458485769207,0.03885853066180935
mokume:KR02:F,train,False,0.5564354970024424,0.1880655416972365,0.16711096465587616,0.5089860817080312,0.5529652804695719,0.06482982171799027
mokume:KR03:A,test,False,0.43605546995377503,0.09477568459895125,0.0938665121793747,0.2953353574385868,0.35528295336187943,0.5638820638820639
mokume:KR03:B,test,False,0.6515800203873598,0.17535026269702278,0.1450718492269516,0.5521819078799839,0.6135922330097088,0.3104392334245923
mokume:KR03:C,test,False,0.21981560076101272,0.04620735342828751,0.24317078292369843,0.155727720118891,0.18293620292083013,0.2502823582561554
mokume:KR03:D,test,False,0.6551097102679113,0.16136610046982292,0.16922412812709808,0.5037881808756679,0.5859561848273223,0.43723236421005185
mokume:KR03:E,test,False,0.4861558990325809,0.21855670103092784,0.18787018954753876,0.43843919686829147,0.495060821291534,0.012849453030039938
mokume:KR03:F,test,False,0.2463984539704849,0.061473905061631265,0.3429730534553528,0.25990130330254335,0.2731293503480278,0.15101112839535719
mokume:KR04:A,val,True,0.3166686841786709,0.06695615632441518,0.16334660351276398,0.1762594539161646,0.231461998148304,0.5008517887563884
mokume:KR04:B,val,True,0.5303923709689161,0.12353419249970975,0.16669948399066925,0.48826425737367946,0.5236447520184544,0.2692307692307692
mokume:KR04:C,val,True,0.36732047333441403,0.09160605464910557,0.13356278836727142,0.2183549499261205,0.2878302199624185,0.3222793087342363
mokume:KR04:D,val,True,0.6605055721663495,0.14323499491353,0.16773384809494019,0.48712147580925863,0.5680042238648363,0.44631901840490795
mokume:KR04:E,val,True,0.3720719905941937,0.12931929408275247,0.20861585438251495,0.3690456836286783,0.4008537592949601,0.00982640026203734
mokume:KR04:F,val,True,0.5401529636711281,0.20272904483430798,0.1540425568819046,0.48502284650533084,0.5471901241656499,0.0317401734637387
mokume:KR05:A,val,False,0.30621783115423296,0.07533578449763638,0.2830216884613037,0.27355128602417106,0.2925285511168188,0.18890020366598778
mokume:KR05:B,val,False,0.09213955443463641,0.049497672139181575,0.3899591565132141,0.26391078414199803,0.18438315581575793,0.0
mokume:KR05:C,val,False,0.1789424536010272,0.1408256880733945,0.34307384490966797,0.35388263189093067,0.2965548187665154,0.00013391362571141613
mokume:KR05:D,val,False,0.3719709208400646,0.20085251491901107,0.2508296072483063,0.5769230769230769,0.5184746310459981,0.007946541448437781
mokume:KR05:E,val,False,0.0341645395641076,0.017641293694870958,0.43784019351005554,0.21531506075162476,0.10990747009704356,0.00014035087719298245
mokume:KR05:F,val,False,0.5592895965704662,0.16970581084366643,0.17775435745716095,0.5,0.5536776957867174,0.09018318459370596
mokume:KR06:A,val,False,0.4501959503592423,0.21169630642954856,0.16543005406856537,0.5934926283680733,0.5532745591939546,0.0012755102040816326
mokume:KR06:B,val,False,0.4342438374417055,0.19848236869513466,0.15078340470790863,0.6372974408925883,0.583727480469788,0.0013886133703630231
mokume:KR06:C,val,False,0.049066733254260565,0.03644646924829157,0.4424694776535034,0.2518835267766239,0.14314251469664974,0.0
mokume:KR06:D,val,False,0.43427362482369536,0.16939078751857356,0.19044367969036102,0.533277248083754,0.5118057117157634,0.003841075501140319
mokume:KR06:E,val,False,0.06594624549736769,0.07833333333333334,0.41095414757728577,0.35423406768345916,0.212325410438618,0.0
mokume:KR06:F,val,False,0.5250470809792843,0.19381787802840433,0.15311719477176666,0.5943232092260278,0.5907490301402566,0.012373907195696032
mokume:KR07:A,train,False,0.40665104341033365,0.08781954887218045,0.16315101087093353,0.26806655614907593,0.32712915961646927,0.3606916174217553
mokume:KR07:B,train,False,0.1529068960732621,0.07765037215851942,0.3417341411113739,0.3553631553631554,0.26349496797804206,0.0008618460742911316
mokume:KR07:C,train,False,0.002733983413833956,0.0,0.4722873568534851,0.06276793658497129,0.023475823405746322,0.0
mokume:KR07:D,train,False,0.4267199612403101,0.18999591113534142,0.1963590383529663,0.5560169527805129,0.5181680926019124,0.012142542894852618
mokume:KR07:E,train,False,0.020642583652405528,0.04008350730688935,0.4931037724018097,0.1468794957868055,0.0830159347065682,0.0
mokume:KR07:F,train,False,0.3369734789391576,0.08583106267029973,0.11450358480215073,0.2886367268659102,0.3271383315733897,0.07142857142857142
mokume:KR08:A,train,False,0.30889989131747375,0.06709354120267261,0.15749894082546234,0.17248433704129906,0.23530437816152103,0.4040940106141016
mokume:KR08:B,train,False,0.5432679738562092,0.1782709425679795,0.1478404700756073,0.5628307471522109,0.5704386759767603,0.09286423293261277
mokume:KR08:C,train,False,0.4991848458970577,0.1561372891215823,0.16774241626262665,0.4360270966510829,0.4818435754189944,0.07506225542511562
mokume:KR08:D,train,False,0.558005013175654,0.17845233988731746,0.14777585864067078,0.5622285588944944,0.5831549266356848,0.16323417238749047
mokume:KR08:E,train,False,0.37738168408113093,0.14936921783010934,0.18920472264289856,0.4061021101274985,0.3994213281895839,0.007110057769219375
mokume:KR08:F,train,False,0.4064258116993154,0.1047220770169019,0.24565935134887695,0.25787985865724383,0.31371817588361467,0.2731108553893364
mokume:KR09:A,test,False,0.24182776801405975,0.04990253411306043,0.22452706098556519,0.1435426663884832,0.17616182307002945,0.41742400501410215
mokume:KR09:B,test,False,0.5275615874445231,0.17208182912154033,0.18258261680603027,0.5321478626489138,0.5476874836686699,0.10097336613541555
mokume:KR09:C,test,False,0.5650259474760182,0.22037817983947763,0.13405855000019073,0.5526290212848673,0.5979554014467627,0.03671328671328671
mokume:KR09:D,test,False,0.5759888965995836,0.23073252207110476,0.15046048164367676,0.5858143231516089,0.609935602575897,0.13427704752275024
mokume:KR09:E,test,False,0.389641072239891,0.14411190631099544,0.20897716283798218,0.3594955180321034,0.3857642626480086,0.006962864721485411
mokume:KR09:F,test,False,0.10771373615440738,0.021836587129428778,0.5224653482437134,0.1069145273925445,0.10522169705154175,0.08022130013831259
mokume:KR10:A,test,True,0.5202854499801771,0.10422708498110554,0.20720160007476807,0.3675748857674733,0.43584332698543415,0.47179635522129015
mokume:KR10:B,test,True,0.4297045101088647,0.12685854590096848,0.1646728813648224,0.48260125499144324,0.4770847584105466,0.004817825956037338
mokume:KR10:C,test,True,0.48952969447305184,0.1148391560013836,0.16995269060134888,0.4820717131474104,0.5054356226492864,0.058955642897248736
mokume:KR10:D,test,True,0.5792233737045823,0.1965750120598167,0.13948123157024384,0.6119237965640415,0.6271682129891085,0.015413003364810593
mokume:KR10:E,test,True,0.6379535369355259,0.21733571976476604,0.13489505648612976,0.6120001688975214,0.6632277834525026,0.0120880374044931
mokume:KR10:F,test,True,0.45409940979876273,0.13985064494229463,0.15628880262374878,0.5686620514908828,0.5502662933069785,0.0015174506828528073
mokume:MP01:A,val,False,0.3602277610657499,0.11677160847166572,0.32320287823677063,0.42779122018665744,0.4068828478417114,0.21234207968901847
mokume:MP01:B,val,False,0.024329884611944304,0.01870503597122302,0.5899049043655396,0.34782813864049267,0.17748650318283152,0.0
mokume:MP01:C,val,False,0.0010163569953946323,0.0,0.7905246615409851,0.02872531418312388,0.014275382825519605,0.0
mokume:MP01:D,val,False,0.017963539350822587,0.01417584074800181,0.6875078678131104,0.2799865391086967,0.11745594713656388,0.0
mokume:MP01:E,val,False,0.00841048837373666,0.008365284071104914,0.7605178356170654,0.14178867972364834,0.03978697818244288,0.0015005359056806003
mokume:MP01:F,val,False,0.21376549094375596,0.07923981317442422,0.4113055169582367,0.2803604463806171,0.24416541101623976,0.1278693575720228
mokume:MP02:A,train,False,0.3353170164213164,0.10542579296555485,0.3091312348842621,0.4778549784212298,0.41751771760857714,0.230704207035568
mokume:MP02:B,train,False,0.032052545155993435,0.04350132625994695,0.5442777872085571,0.3107390030845797,0.18947859831354127,0.0
mokume:MP02:C,train,False,0.052333849508580096,0.04411764705882353,0.5685738921165466,0.4080102594455953,0.20303779989643864,0.0
mokume:MP02:D,train,False,0.004422204119632259,0.004480651731160896,0.7443550825119019,0.3023299277348617,0.0980220421867017,0.0
mokume:MP02:E,train,False,7.939343416299472e-05,0.0,0.7793475985527039,0.024956268221574342,0.009706822396717042,0.0
mokume:MP02:F,train,False,0.20531019978969506,0.0857207308820212,0.3946791887283325,0.2823155128293796,0.2469933444907173,0.0839686222516849
mokume:MP03:A,train,False,0.36935419173686324,0.07101380295097573,0.2096368819475174,0.20950071839080459,0.27063740856844304,0.49442119944211993
mokume:MP03:B,train,False,0.5116638173495837,0.23152538452642535,0.14001093804836273,0.6568356131888986,0.6190454231035278,0.0013833650354487291
mokume:MP03:C,train,False,0.5281106621927001,0.28865979381443296,0.12759552896022797,0.7040910231740986,0.6958851481144475,0.0
mokume:MP03:D,train,False,0.4599271402550091,0.22133160956690368,0.19008100032806396,0.6558707643814027,0.5981647957520145,0.002514458134272064
mokume:MP03:E,train,False,0.3835246455097907,0.22798322531452536,0.20155632495880127,0.619733650180702,0.5529173129698127,0.0
mokume:MP03:F,train,False,0.45720620842572063,0.09897533206831119,0.22570112347602844,0.4133957775795421,0.44856184930298215,0.3205500053711462
mokume:MP04:A,train,False,0.47478564162185727,0.13206321714656852,0.16403579711914062,0.40780837098286593,0.45493147003493684,0.3117731608519535
mokume:MP04:B,train,False,0.39802111490794106,0.1903523599011832,0.14236369729042053,0.6205268482781879,0.5415270978270206,0.0
mokume:MP04:C,train,False,0.2899775158411119,0.13243976384234882,0.23481979966163635,0.5138366928595832,0.4385284561366733,0.0
mokume:MP04:D,train,False,0.3898592145654705,0.17374517374517376,0.1840849369764328,0.6266306792622582,0.543840468797831,0.0
mokume:MP04:E,train,False,0.15122873345935728,0.07116827438370847,0.3393816351890564,0.4635308265112622,0.3254164790634849,0.000336898846121452
mokume:MP04:F,train,False,0.35830093169980193,0.10476421973748178,0.1996019035577774,0.410963927212724,0.40428531153087116,0.03851640513552068
mokume:MP05:A,val,True,0.3220403502093643,0.1125,0.26705315709114075,0.3952175850289618,0.3612560813799204,0.12348993288590604
mokume:MP05:B,val,True,0.027795753597731964,0.022635998539612998,0.6437913179397583,0.3147029702970297,0.14394561676816314,6.275691110483542e-05
mokume:MP05:C,val,True,0.01009981457371681,0.009165172345088663,0.6517257690429688,0.22362896877459984,0.10084344480615566,0.0
mokume:MP05:D,val,True,0.04938424025432884,0.03421409214092141,0.5288783311843872,0.3499566456088195,0.20193784379973753,0.0
mokume:MP05:E,val,True,0.008838120648684705,0.008306962025316455,0.6945079565048218,0.22894470255353339,0.09473520733033079,0.0
mokume:MP05:F,val,True,0.39286946520989074,0.1542755079258763,0.28852203488349915,0.4488574345973733,0.4350498265946705,0.1345555171221031
mokume:MP06:A,test,False,0.27865439403900943,0.0860318994683422,0.33808577060699463,0.4193996113732799,0.36129986594554614,0.12288430326918619
mokume:MP06:B,test,False,0.06309587912958095,0.09912170639899624,0.470138818025589,0.43174003583708653,0.2539868406378945,0.0
mokume:MP06:C,test,False,0.014392471630224191,0.005782435851102277,0.6722934246063232,0.3116582543395297,0.12492875869143964,0.0
mokume:MP06:D,test,False,0.035901000271977276,0.038913116403891314,0.5555732846260071,0.3844093032077574,0.199199934688546,0.0
mokume:MP06:E,test,False,0.020527953298906245,0.02567258660101987,0.6766729354858398,0.39972186351445316,0.19261572267036747,0.0
mokume:MP06:F,test,False,0.3830828779599271,0.12969564025226213,0.22822651267051697,0.4861111111111111,0.45847836897066135,0.07199739964245083
mokume:MP07:A,train,False,0.4109000058102376,0.15244407622203812,0.26693078875541687,0.43922425566785034,0.44243792325056436,0.19223231783360056
mokume:MP07:B,train,False,0.3242467718794835,0.19940053636220223,0.1789582073688507,0.6351379967530176,0.5239498894620487,0.0002487407499533611
mokume:MP07:C,train,False,0.18227808078412774,0.12528416266734024,0.24090930819511414,0.547164667393675,0.4308011288371825,0.0
mokume:MP07:D,train,False,0.3483524485709084,0.1362397820163488,0.14914552867412567,0.5831637498304165,0.4979522448033382,0.00024255654599478503
mokume:MP07:E,train,False,0.25573192239858905,0.1570773032121426,0.29480552673339844,0.5056975925081838,0.4140644705644958,0.0014238253440911248
mokume:MP07:F,train,False,0.4556444935136627,0.13037645016178676,0.22673359513282776,0.398003610491664,0.43147251253292546,0.2344117317810366
mokume:MP08:A,train,False,0.49001167865265227,0.17152873419306372,0.1875736266374588,0.5898613829744737,0.5684842033963907,0.09096153846153845
mokume:MP08:B,train,False,0.48625516060819657,0.2156648451730419,0.11939092725515366,0.6694655373831776,0.6155923050961863,0.002048880433191863
mokume:MP08:C,train,False,0.325309992706054,0.19332452081956378,0.20234467089176178,0.6221835832789974,0.5253432567688952,0.0
mokume:MP08:D,train,False,0.3109494497295281,0.13247172859450726,0.14461453258991241,0.5696766237325295,0.4747197616994591,0.0004742426936985002
mokume:MP08:E,train,False,0.47675468291582035,0.19348345703862121,0.19408749043941498,0.669364025611816,0.6084036748589283,0.0010224948875255625
mokume:MP08:F,train,False,0.6623766623766624,0.1846815834767642,0.15399131178855896,0.5687190274163072,0.6299507054224035,0.26511996827285345
mokume:MP09:A,train,False,0.2419803897833192,0.049267733009381115,0.29007357358932495,0.17401469605878422,0.2009770395701026,0.41310143455630316
mokume:MP09:B,train,False,0.20450120001811348,0.11871113623516111,0.34480544924736023,0.43376819690447244,0.3473724007561437,0.0006605746999889904
mokume:MP09:C,train,False,0.01320507712448062,0.013570822731128074,0.6158778071403503,0.23293134098880508,0.09130598824987872,0.0
mokume:MP09:D,train,False,0.2162734979727239,0.13884603517432892,0.34730076789855957,0.485,0.37735702344387856,0.0
mokume:MP09:E,train,False,0.20526452958040137,0.16417403127124405,0.3191594183444977,0.48145645645645646,0.38592704511115905,0.0
mokume:MP09:F,train,False,0.4018809496501892,0.08970213936850795,0.2554810345172882,0.26838388034898214,0.3186118459400081,0.5242332006555842
mokume:MP10:A,train,False,0.27830513137983215,0.046278924327704814,0.2336677610874176,0.20372125505063102,0.23573573573573572,0.3604607011770662
mokume:MP10:B,train,False,0.1745806640911536,0.13322119428090834,0.37329795956611633,0.4991354865481707,0.35664967943448955,0.0
mokume:MP10:C,train,False,0.2622569541352684,0.1954070981210856,0.2689373791217804,0.5852589641434263,0.46601791782514673,0.00011343012704174228
mokume:MP10:D,train,False,0.1484387425117956,0.12212065813528336,0.38366419076919556,0.43902439024390244,0.32046813820403597,0.0
mokume:MP10:E,train,False,0.23884185743625708,0.15934230194319882,0.2801941931247711,0.5389297848244621,0.4162394231170022,0.0
mokume:MP10:F,train,False,0.5597400114700822,0.09582372533948245,0.17987430095672607,0.3659636129447754,0.4482349451201424,0.6289204745683072
mokume:MZ01:A,train,False,0.020522120937335943,0.01733960862026257,0.5889227390289307,0.3417056495142137,0.18582359371058607,0.0
mokume:MZ01:B,train,False,0.007599180480536412,0.012004175365344467,0.6603581309318542,0.161621410939327,0.0631983488719664,0.0
mokume:MZ01:C,train,False,0.1001162211522497,0.07285854939284542,0.363116979598999,0.2570545287114385,0.19955621301775148,0.0001808481779546071
mokume:MZ01:D,train,False,0.0016224438059827615,0.0014996250937265683,0.7001566290855408,0.09639997478090914,0.028825717321997874,0.0
mokume:MZ01:E,train,False,0.04337414720101206,0.06166156742763003,0.5754734873771667,0.3064458306445831,0.17409783808083698,0.0
mokume:MZ01:F,train,False,0.0027260336210813267,0.0007633587786259542,0.4915553629398346,0.05646783929382748,0.02517422841701038,0.0
mokume:MZ02:A,train,False,0.424451512047868,0.09486661558821481,0.2408839911222458,0.3538822128799434,0.3896495306983553,0.3679478312419721
mokume:MZ02:B,train,False,0.5428692699490663,0.1910704679935449,0.15299957990646362,0.6276646662494018,0.6212199758078452,0.06550700042426814
mokume:MZ02:C,train,False,0.48970170454545453,0.205372834546824,0.12511774897575378,0.6205191594561187,0.6027979960298705,0.0011029411764705882
mokume:MZ02:D,train,False,0.6041426350368624,0.28161780440830303,0.10561324656009674,0.7260944806509813,0.7062359764616232,0.02641802641802642
mokume:MZ02:E,train,False,0.5179704016913319,0.194341422062096,0.17169860005378723,0.5856180593482614,0.5882453515708485,0.0020964360587002098
mokume:MZ02:F,train,False,0.6401353637901861,0.15276538804638715,0.15003715455532074,0.5006311537490533,0.5854573885848319,0.24669279764821167
mokume:MZ03:A,val,True,0.5886203423967774,0.19071105630908344,0.046799562871456146,0.4847143449993083,0.5703081232492997,0.12262773722627737
mokume:MZ03:B,val,True,0.40266094892517457,0.12398180471807892,0.19076001644134521,0.5368899426990713,0.49494856722997793,0.04035055687420121
mokume:MZ03:C,val,True,0.35622159439872253,0.09631728045325778,0.17792697250843048,0.5316696277320994,0.4742167261351972,0.004545924165719599
mokume:MZ03:D,val,True,0.66178095736637,0.2714443219404631,0.1223648339509964,0.702819956616052,0.7216314639475601,0.051751279024006294
mokume:MZ03:E,val,True,0.4610470767948896,0.19115464529533988,0.19067884981632233,0.5344666633911462,0.5274509803921569,0.03321345462238206
mokume:MZ03:F,val,True,0.5751184834123223,0.1579524680073126,0.13831543922424316,0.3859521646987587,0.4744013545110054,0.2939181550983495
mokume:MZ04:A,train,False,0.3542695836273818,0.09656837385756165,0.21431860327720642,0.35829908580055353,0.3640950994662785,0.24928866452501147
mokume:MZ04:B,train,False,0.7132184784265894,0.29878288182175106,0.1141766905784607,0.7553511147382869,0.7654776196192763,0.16015436565364208
mokume:MZ04:C,train,False,0.45019290367465686,0.22171099928109275,0.14991867542266846,0.6499617290416146,0.6118708175734653,0.0005492493592090809
mokume:MZ04:D,train,False,0.5264958727171635,0.30437105910013895,0.12035593390464783,0.723265306122449,0.6596122539588575,0.005084437988015254
mokume:MZ04:E,train,False,0.43315764254911354,0.17264526956156911,0.16234779357910156,0.5857337383471247,0.5388312265255846,0.007489536676701667
mokume:MZ04:F,train,False,0.3703662473561171,0.08856937455068296,0.23902180790901184,0.32146834082095,0.3416603130465982,0.3788833858622242
mokume:MZ05:A,train,True,0.4969444030406916,0.12555471371360538,0.1611967235803604,0.4370043216032673,0.4793550244745177,0.20104924691149095
mokume:MZ05:B,train,True,0.6272505001111358,0.2414676642410577,0.13521677255630493,0.6870702333161095,0.6875,0.047472018525665766
mokume:MZ05:C,train,True,0.5397687861271676,0.21629873179896666,0.16073399782180786,0.6110416015014075,0.617132302008774,0.0062482249360976995
mokume:MZ05:D,train,True,0.5995782814971007,0.19788474844321438,0.14118635654449463,0.6545617240222213,0.658152813494312,0.057931034482758624
mokume:MZ05:E,train,True,0.6433566433566433,0.2160292921074044,0.14431941509246826,0.5599967203705981,0.614853195164076,0.18341738008678315
mokume:MZ05:F,train,True,0.4051487655623549,0.07486070140937398,0.2518618702888489,0.30056724348388025,0.3549547207417999,0.42279757327181067
mokume:MZ06:A,val,False,0.3131182208881916,0.05887909319899244,0.2236638367176056,0.2089926928766755,0.25090771148322766,0.45708179983378844
mokume:MZ06:B,val,False,0.42625961207391255,0.1776427703523694,0.1535467505455017,0.5931726907630522,0.5401091978160437,0.029886844605683683
mokume:MZ06:C,val,False,0.22285472052322414,0.11477374887623613,0.3560921251773834,0.4631819615263324,0.37799553701368005,0.012521069106669877
mokume:MZ06:D,val,False,0.48717413972888424,0.2392553435991726,0.138841912150383,0.6819522760371933,0.622872731996709,0.0025200819026618363
mokume:MZ06:E,val,False,0.4204229607250755,0.19313915857605177,0.19315657019615173,0.5857043719639139,0.5436128306133934,0.0035006909258406263
mokume:MZ06:F,val,False,0.0,0.0,0.10411515086889267,0.0,0.0,0.0
mokume:MZ07:A,train,False,0.34171089603496724,0.06897971790384022,0.19636628031730652,0.3168244338685215,0.338215542053086,0.3236626270045293
mokume:MZ07:B,train,False,0.7067968409924756,0.24338851859815094,0.1422184705734253,0.65576857240671,0.7043230016313213,0.20988316003858934
mokume:MZ07:C,train,False,0.35826673326673325,0.13924201021741714,0.2750188708305359,0.4439671196662398,0.41897351488852314,0.09171143514965464
mokume:MZ07:D,train,False,0.6536059360486841,0.20524975858133615,0.14776179194450378,0.6151057401812688,0.6495681297373523,0.3208321927183137
mokume:MZ07:E,train,False,0.6212737579193064,0.23794896030245746,0.15611189603805542,0.6041977693861421,0.6444842860156085,0.06857555341674687
mokume:MZ07:F,train,False,0.34521695001268715,0.0651856407102775,0.234504833817482,0.2809314504816235,0.311569056644066,0.36965060988215837
mokume:MZ08:A,train,False,0.5351850415082628,0.1317728651928912,0.12729299068450928,0.4188034188034188,0.48281424494354136,0.3957250144425188
mokume:MZ08:B,train,False,0.716437304352962,0.22228867623604465,0.1225273609161377,0.6424237488292543,0.7046472429568986,0.3322816012620785
mokume:MZ08:C,train,False,0.6461758398856325,0.18694789976563908,0.1514422744512558,0.5343517620433237,0.5915533285612026,0.30488233227959255
mokume:MZ08:D,train,False,0.693984794275492,0.2196748645268862,0.12222907692193985,0.6963092586700604,0.7325505544683627,0.08827586206896551
mokume:MZ08:E,train,False,0.6915048390157505,0.2077653862040479,0.1362966001033783,0.5779092702169625,0.6448165301033132,0.3220773431405327
mokume:MZ08:F,train,False,0.5769301639948407,0.15932342108852818,0.11911077797412872,0.4377254767222127,0.5089203212737223,0.4053067993366501
mokume:MZ09:A,test,False,0.49058919803600654,0.11544768776648082,0.17085769772529602,0.38931013051584834,0.4396887159533074,0.29072204229377024
mokume:MZ09:B,test,False,0.7039067055393586,0.1725251076040172,0.15593230724334717,0.5294864396999422,0.6194463509494395,0.4182621502209131
mokume:MZ09:C,test,False,0.5647362894758097,0.162125889142397,0.1695975661277771,0.45145896505443156,0.5103431035560277,0.26255049047893825
mokume:MZ09:D,test,False,0.6959804264243271,0.18355685131195335,0.13896246254444122,0.5682451253481894,0.6431247245482592,0.1841048969761841
mokume:MZ09:E,test,False,0.5904813608396671,0.19010335108048856,0.14584875106811523,0.5040949356510112,0.5672392124005027,0.2106207928197457
mokume:MZ09:F,test,False,0.5494340878828229,0.13648601193959967,0.16050685942173004,0.4143895200081875,0.48167867209520826,0.38012591458226985
mokume:MZ10:A,val,False,0.4709326151864645,0.11094523454074016,0.24211440980434418,0.3477161942588915,0.3992091388400703,0.398324992339904
mokume:MZ10:B,val,False,0.5524682406172051,0.2157201468365364,0.14811596274375916,0.6021871015108775,0.6156040114085932,0.04933093668863591
mokume:MZ10:C,val,False,0.3857744994731296,0.13709317877842175,0.27391862869262695,0.4392929368586623,0.4302653867871259,0.0295423359431754
mokume:MZ10:D,val,False,0.5448283524052883,0.18347232752084913,0.1544969230890274,0.617891177374731,0.6117550797763535,0.13799066228601073
mokume:MZ10:E,val,False,0.5761414952333166,0.24941581601279056,0.13680991530418396,0.6516317991631799,0.6624668766561672,0.03343023255813953
mokume:MZ10:F,val,False,0.6117890688558538,0.14084196605686577,0.1416730135679245,0.487058250060931,0.5499124343257443,0.36835530881332407
mokume:N01:A,train,False,0.11747420869398575,0.08207160039620773,0.49493688344955444,0.34023559241455814,0.22544264594168176,0.005562988521935075
mokume:N01:B,train,False,0.01526386748844376,0.015207991650514388,0.5928091406822205,0.21650857719475278,0.10387410280415496,0.0
mokume:N01:C,train,False,0.019189577770605322,0.04025796365057651,0.6366376876831055,0.26104476878470684,0.11041896361631753,0.0
mokume:N01:D,train,False,0.0005918910920390648,0.0,0.7962840795516968,0.116251083084625,0.03392484342379958,0.0
mokume:N01:E,train,False,0.0023505708529214238,0.00036343812465927677,0.8033106327056885,0.014043462573894702,0.007312716311264933,0.0
mokume:N01:F,train,False,0.08315285942073823,0.05843782353617853,0.6385968923568726,0.227409177234577,0.14743747071554475,0.014849211614022554
mokume:N02:A,train,True,0.20670103092783504,0.13303769401330376,0.24175430834293365,0.42736831092744676,0.3622661122661123,0.0
mokume:N02:B,train,True,0.032941291298618905,0.053957819775404,0.5898547172546387,0.2856850506497493,0.14936082286959879,0.0
mokume:N02:C,train,True,0.015413617210024396,0.02849776089021577,0.5957225561141968,0.3585270466230171,0.16859921687507895,0.0
mokume:N02:D,train,True,0.047801611181209354,0.0664935064935065,0.556607186794281,0.3668705057466685,0.1851006711409396,0.0
mokume:N02:E,train,True,0.0,0.0,0.8249216079711914,0.11399482109227872,0.012992746767581205,0.0
mokume:N02:F,train,True,0.06551034882971178,0.08758683177287828,0.44035542011260986,0.3910054054054054,0.25314573931510487,0.0
mokume:N03:A,train,False,0.0,0.0,0.5053161382675171,0.007773386034255599,0.0001328285847114299,0.0
mokume:N03:B,train,False,0.000795364163163277,0.0007892659826361484,0.7799925804138184,0.05601496624461134,0.01509370441027943,0.0
mokume:N03:C,train,False,0.0,0.0,0.5541683435440063,0.0,0.0,0.0
mokume:N03:D,train,False,0.0,0.0,0.5291269421577454,0.0,0.0,0.0
mokume:N03:E,train,False,0.0,0.0,0.6031129360198975,0.0,0.0,0.0
mokume:N03:F,train,False,0.0,0.0,0.5409685969352722,0.0,0.0,0.0
mokume:N04:A,train,False,0.28816400206291903,0.1233362910381544,0.22483688592910767,0.4935641732121561,0.43275498946946145,0.0
mokume:N04:B,train,False,0.11010011868171997,0.1661678780105458,0.3479785919189453,0.5380724857242746,0.3561036149032241,0.0
mokume:N04:C,train,False,0.011813879581332688,0.013009845288326301,0.7037570476531982,0.1881127450980392,0.06850681742600599,0.0
mokume:N04:D,train,False,0.15329218106995884,0.1910569105691057,0.3620924651622772,0.5035028476387279,0.35221193852424215,0.0
mokume:N04:E,train,False,0.07604909603582684,0.1043826150209129,0.5418932437896729,0.3693823915900131,0.22924605843233953,0.0
mokume:N04:F,train,False,0.23570456092579986,0.06691635455680399,0.21354325115680695,0.27138225758915413,0.254049920044497,0.14099295035248238
mokume:N05:A,train,True,0.5308381655245124,0.2597151822350953,0.11520225554704666,0.6999386691199019,0.6532261606711468,0.0
mokume:N05:B,train,True,0.5353259414001821,0.28674611773203323,0.1034044697880745,0.7239990523572614,0.6723245892711265,0.0
mokume:N05:C,train,True,0.08468929180226252,0.07233356369500116,0.4169743061065674,0.49131427580426046,0.30270015804162886,0.00024480802970337426
mokume:N05:D,train,True,0.484552122693932,0.2740531373657434,0.09665054827928543,0.700503497448721,0.6288699100198262,0.0
mokume:N05:E,train,True,0.16035155374198468,0.10335305719921105,0.2968006730079651,0.4618579811432716,0.33934025656689065,0.0003048625577968599
mokume:N05:F,train,True,0.3204409014860742,0.18080094228504123,0.16288746893405914,0.6344006952336386,0.5451646770618657,0.0
mokume:N06:A,train,False,0.19047619047619047,0.03855228151197229,0.4005494713783264,0.12310185306186457,0.14583201867861426,0.24204579244721974
mokume:N06:B,train,False,0.24676770271427348,0.20084566596194503,0.2258433997631073,0.6123924163067782,0.4806075015081083,0.0
mokume:N06:C,train,False,0.283148085775233,0.19581589958158996,0.23813313245773315,0.6117970870446118,0.4929449248975876,0.0001364163426778528
mokume:N06:D,train,False,0.10931594860166288,0.14607218683651804,0.38078516721725464,0.5833792321399643,0.380329666027172,0.0
mokume:N06:E,train,False,0.04954034729315628,0.057665903890160186,0.5036141872406006,0.35193070033768903,0.21114420886630453,0.0
mokume:N06:F,train,False,0.5139703827884884,0.17687232318555388,0.124905064702034,0.5173333333333333,0.5420338433259447,0.029747675962815405
mokume:N07:A,train,True,0.15056697877946643,0.13655705996131529,0.3363637626171112,0.5110919234856536,0.378261038105206,0.0
mokume:N07:B,train,True,0.2064053626291779,0.1743437345220406,0.2444414496421814,0.5592345872518286,0.4342582344185336,0.0
mokume:N07:C,train,True,0.26282297672432203,0.13228346456692913,0.26771280169487,0.508159856078129,0.40537267422657713,0.01030814782322623
mokume:N07:D,train,True,0.5203369971544942,0.2391384163505079,0.1281927078962326,0.674185268725208,0.6381605852683238,0.00017229496898690558
mokume:N07:E,train,True,0.13768640011020422,0.08539529269764635,0.27337729930877686,0.4084358338172412,0.291248806112703,0.00023373587845734321
mokume:N07:F,train,True,0.472875226039783,0.20076458256258478,0.15573859214782715,0.6157359030922249,0.572802638208217,0.0
mokume:N08:A,train,False,0.5129754358161648,0.2894488930758361,0.09248501062393188,0.7187906842181397,0.6646997714523166,0.0014212620807276862
mokume:N08:B,train,False,0.39255749250097816,0.29730059850983265,0.10817375034093857,0.6860907666229571,0.592040520984081,0.00011174432897530451
mokume:N08:C,train,False,0.07357516746586625,0.1050337764218784,0.40574294328689575,0.4157306565814542,0.24367078243212262,0.0
mokume:N08:D,train,False,0.3236942611973612,0.20704345356432832,0.15886619687080383,0.6190508846523111,0.5327976450932813,0.0
mokume:N08:E,train,False,0.060262252394680554,0.06026058631921824,0.4315415918827057,0.38916681041918233,0.22794356146610445,0.0
mokume:N08:F,train,False,0.5865634445092529,0.29526592635885446,0.09752896428108215,0.7475135092802881,0.7101377731903245,0.0009730781706130393
mokume:N09:A,val,True,0.15342045889915287,0.07205165968052565,0.3870963156223297,0.38758301158301156,0.28005759539236863,0.015778677746804817
mokume:N09:B,val,True,0.017461763135579914,0.017804154302670624,0.6362882256507874,0.1825706940874036,0.08038948619120759,0.0
mokume:N09:C,val,True,0.07938440135640379,0.06426303007659256,0.5594593286514282,0.3693857933640492,0.19468680308306271,0.0
mokume:N09:D,val,True,0.027995983698541137,0.043138586956521736,0.6519415378570557,0.26476578411405294,0.12737790632995885,0.0
mokume:N09:E,val,True,0.008216501953573891,0.008033323415650105,0.7662456035614014,0.2194645006016847,0.07136342279096763,0.0
mokume:N09:F,val,True,0.25232710208477577,0.0485278080697928,0.36301374435424805,0.23539788858568317,0.24870200628164862,0.15753873008946107
mokume:N10:A,train,False,0.44240210069642655,0.13480722566729578,0.20332342386245728,0.4626774042107544,0.46976382039968856,0.14373019465821638
mokume:N10:B,train,False,0.124079809107986,0.09617755856966707,0.3530859053134918,0.42316696637600515,0.3050125005123161,0.0
mokume:N10:C,train,False,0.3913894324853229,0.16422054740182468,0.2360609918832779,0.5137893099654793,0.4922708870077291,0.03183391003460208
mokume:N10:D,train,False,0.10164438019515722,0.07701967350355797,0.39647775888442993,0.5311998022982825,0.3696020010299419,0.0
mokume:N10:E,train,False,0.21787037037037038,0.19106783075889858,0.2354281097650528,0.6317198304706669,0.49274060769345907,0.0
mokume:N10:F,train,False,0.23790340431183318,0.07971455922025933,0.3943917751312256,0.31230200633579724,0.2753067193375622,0.06994282933949642
mokume:NR01:A,train,False,0.306974627375128,0.0577807848443843,0.25477296113967896,0.21892893230043786,0.2537024532973216,0.5162576304970724
mokume:NR01:B,train,False,0.6289329685362517,0.27903188270886664,0.11577527225017548,0.7299906571161632,0.7302314920925969,0.0020457504184489494
mokume:NR01:C,train,False,0.6846248942676817,0.3281999495077001,0.14773128926753998,0.6978336260865649,0.7405797869521438,0.0013117621337997377
mokume:NR01:D,train,False,0.5939823008849557,0.23857742652506791,0.11587350070476532,0.6945658448091037,0.6849632779281021,0.007144200037601053
mokume:NR01:E,train,False,0.5876987394691835,0.22232568967524152,0.15787220001220703,0.5908233276157805,0.6114158033719277,0.040834442964935644
mokume:NR01:F,train,False,0.5555720653789005,0.1214032321639732,0.1538425087928772,0.33502494775896624,0.4247308919781468,0.4417747877622938
mokume:NR02:A,train,False,0.44556701030927837,0.17055947854426942,0.17307709157466888,0.5089669482733067,0.4993130688648463,0.08255101249127163
mokume:NR02:B,train,False,0.17976090913563242,0.1067509145327569,0.32153642177581787,0.39683238011438626,0.30543985863940426,0.001635609556632981
mokume:NR02:C,train,False,0.3135286737028563,0.20831528800346472,0.22993391752243042,0.5691271236086701,0.4832828552764416,0.0013112297461833847
mokume:NR02:D,train,False,0.6156458307131178,0.28095838587641864,0.11054523289203644,0.7253974688105211,0.7079516306339318,0.012438825448613376
mokume:NR02:E,train,False,0.13207624178604954,0.13362652232746955,0.4374067187309265,0.2971904266389178,0.21807747489239598,0.003622368123160516
mokume:NR02:F,train,False,0.31586435854873135,0.057770075101097634,0.17473967373371124,0.2469710082215491,0.27684264218311655,0.4168850875982894
mokume:NR03:A,test,True,0.3151289477313474,0.05819122282389073,0.28725767135620117,0.19309399626908288,0.24175716181023046,0.6018827816580625
mokume:NR03:B,test,True,0.5990450681262374,0.17524823421025693,0.1759127378463745,0.5215086154958428,0.571715145436309,0.2722572153802764
mokume:NR03:C,test,True,0.43592027613851464,0.10528488852188274,0.2637830972671509,0.29788297454571416,0.35405253849803736,0.4793926247288503
mokume:NR03:D,test,True,0.6359072132189387,0.19997650099870756,0.14555813372135162,0.5761662425784563,0.6242141553437437,0.1826677994902294
mokume:NR03:E,test,True,0.4424467865261418,0.19139650872817954,0.27990978956222534,0.4736548544230841,0.47170961002785516,0.13159698423577793
mokume:NR03:F,test,True,0.3131259453051547,0.09971333820471025,0.3449496626853943,0.32448694530998173,0.3259931463383678,0.25933237616654703
mokume:NR04:A,train,False,0.36657267367341706,0.09078292105477999,0.26290467381477356,0.23077209857212094,0.28652196828134735,0.416121165447311
mokume:NR04:B,train,False,0.42865242865242864,0.2211584490186692,0.15909640491008759,0.668626010286554,0.5988568762393561,0.013761172914925086
mokume:NR04:C,train,False,0.34405577299412915,0.22987129601915593,0.20206108689308167,0.6133399168826894,0.5371083280541884,0.0034970857618651123
mokume:NR04:D,train,False,0.3295026465118497,0.16757097791798106,0.17984171211719513,0.5216117715181035,0.45812033031852145,0.0006396315722144045
mokume:NR04:E,train,False,0.37897455210631087,0.17810760667903525,0.15172207355499268,0.5613695340640613,0.5064385411976587,0.0030721966205837174
mokume:NR04:F,train,False,0.3515144678210841,0.07675597393193338,0.3170863389968872,0.20474972118349408,0.2556625025599017,0.5934413275385223
mokume:NR05:A,test,False,0.5232265638101626,0.13881232773740917,0.19432926177978516,0.45990688049663736,0.5092519512409015,0.1214649976819657
mokume:NR05:B,test,False,0.006471619253067278,0.0066746126340882,0.8219987750053406,0.24519570162365675,0.06076721883173496,0.0
mokume:NR05:C,test,False,0.0005452292441140025,0.0018073844564936742,0.8546945452690125,0.02887068944567304,0.004352341856669469,0.0
mokume:NR05:D,test,False,0.0012640512843663943,0.0031553398058252425,0.8583422899246216,0.07281700506515433,0.010237988325101033,0.0
mokume:NR05:E,test,False,9.776843546061154e-05,0.00025176233635448137,0.8542238473892212,0.029841407359276106,0.0052172217075430296,0.0
mokume:NR05:F,test,False,0.348641975308642,0.0810897094817495,0.2709289491176605,0.26496523048247184,0.3105128576253196,0.07396301849075462
mokume:NR06:A,train,False,0.5377300738685059,0.40999708256345424,0.10761871188879013,0.7468654481941239,0.6821383293421609,0.03341208234897064
mokume:NR06:B,train,False,0.01615158519533145,0.050953640540164276,0.657623291015625,0.2507493933482419,0.10184489971039365,0.0
mokume:NR06:C,train,False,0.013507473804439589,0.02534730684864733,0.6087958812713623,0.08347982871309444,0.04709141274238227,0.0
mokume:NR06:D,train,False,0.030224113267065252,0.06230847803881512,0.5204914212226868,0.2138446924720969,0.1149083034445422,0.0
mokume:NR06:E,train,False,0.00019047619047619048,0.0004870920603994155,0.6902245283126831,0.07148330103213593,0.013665064555649798,0.0
mokume:NR06:F,train,False,0.3392274566096829,0.369642154935116,0.17043377459049225,0.6307580703663402,0.5147084220827817,0.003881803057910164
mokume:NR07:A,train,False,0.5967136379150617,0.3099668108216836,0.14941057562828064,0.6930472342204264,0.6848763193940859,0.03852278759384242
mokume:NR07:B,train,False,0.011766125626018222,0.026330690826727066,0.6444863677024841,0.21350280450779602,0.08234249204939403,0.0
mokume:NR07:C,train,False,0.0,0.0,0.7455780506134033,0.010816379088333763,0.0,0.0
mokume:NR07:D,train,False,0.0016388405203318652,0.004620123203285421,0.7943113446235657,0.14218183487080638,0.04403077686770911,0.0
mokume:NR07:E,train,False,0.0013778849466069584,0.0005714285714285715,0.6179203391075134,0.02359356741416727,0.009221836397791313,0.0
mokume:NR07:F,train,False,0.3999686974214501,0.3133631194151097,0.15318679809570312,0.6096153846153847,0.5418709354677339,0.013824884792626729
mokume:NR08:A,train,False,0.5848071595994033,0.2786971645409508,0.14547228813171387,0.6890575020456743,0.6795555944361823,0.048237791932059446
mokume:NR08:B,train,False,0.007282527667870864,0.022395464209780298,0.7234152555465698,0.23385412916696666,0.08612076455256298,0.0
mokume:NR08:C,train,False,0.0,0.0,0.5664262175559998,0.01218934109839507,0.0,0.0
mokume:NR08:D,train,False,0.011205915813424346,0.028045092108880947,0.642236053943634,0.263156623596184,0.10941757263481615,0.0
mokume:NR08:E,train,False,0.0,0.0,0.5261607766151428,0.014554463110629403,0.0,0.0
mokume:NR08:F,train,False,0.3773517076093469,0.25795489650911335,0.1911104917526245,0.6104310588615521,0.5483137368752117,0.006452628265659427
mokume:NR09:A,train,False,0.6371817159218734,0.33117350611951046,0.12102898210287094,0.7309443383756793,0.7264844646576274,0.03272902294240334
mokume:NR09:B,train,False,0.11554521469971124,0.2395148201930469,0.25257089734077454,0.4188923836168697,0.2763582520217168,0.0006173792251890724
mokume:NR09:C,train,False,0.0019247954904791367,0.0013554727211114877,0.5594780445098877,0.14422515473548989,0.04703867184926543,0.0
mokume:NR09:D,train,False,0.07873378352470017,0.11699841136342398,0.4636802077293396,0.3507755116919095,0.20230983671843886,0.0007097861769142045
mokume:NR09:E,train,False,0.10488338192419826,0.21957112654787073,0.5153007507324219,0.38262482609367754,0.25047910432706855,0.0
mokume:NR09:F,train,False,0.3971151134211693,0.3784021071115013,0.09996116161346436,0.6902918034818165,0.5729289837935592,0.003458447767266809
mokume:NR10:A,train,False,0.6139099420419082,0.26734199515525214,0.15272700786590576,0.6298214423745845,0.6546824640246948,0.1136809763591363
mokume:NR10:B,train,False,0.06797919762258543,0.051110516457051114,0.45166879892349243,0.27678934526230176,0.16304005947445172,0.0022592305706170927
mokume:NR10:C,train,False,0.01808100289296046,0.030882691864484904,0.5170714259147644,0.16270915627357863,0.07538518952924242,0.0
mokume:NR10:D,train,False,0.14138481043720094,0.2916633298630576,0.16699232161045074,0.4223759501238364,0.300612358508072,0.0025959740402595973
mokume:NR10:E,train,False,0.10816823816082212,0.10345508390918065,0.37350115180015564,0.37231575009352785,0.25081051873198845,0.00011576083810846791
mokume:NR10:F,train,False,0.411762593802736,0.46248654993641786,0.09673944115638733,0.7067936007210455,0.6006439713651568,0.00712867713409132
mokume:P01:A,train,True,0.23972875947347427,0.07246111619396157,0.22433730959892273,0.2966644576982549,0.2744440393729493,0.006449301325689717
mokume:P01:B,train,True,0.17412771560236998,0.1245662100456621,0.3539280891418457,0.3618510999709989,0.2936582611968385,0.0
mokume:P01:C,train,True,0.0,0.0,0.5752067565917969,0.0,0.0,0.0
mokume:P01:D,train,True,0.354353132628153,0.2111111111111111,0.16590376198291779,0.6267623408935203,0.5425762372937843,0.0
mokume:P01:E,train,True,0.0,0.0,0.5422025322914124,0.008519701810436636,0.001015007612557094,0.0
mokume:P01:F,train,True,0.22480699948533195,0.0771513353115727,0.222184419631958,0.2557704304429195,0.25262502916699076,0.002714164546225615
mokume:P02:A,train,False,0.2893521126760563,0.21228257011004614,0.19493941962718964,0.468595297029703,0.4404849375459221,0.0
mokume:P02:B,train,False,0.3854569461473168,0.3235457063711911,0.14584322273731232,0.6920538905691505,0.5924644065130181,0.0
mokume:P02:C,train,False,0.0,0.0,0.5531855821609497,0.0,0.0,0.0
mokume:P02:D,train,False,0.30971958675943495,0.14163405088062622,0.2760140299797058,0.5029761904761905,0.45235303969184393,0.0015325670498084292
mokume:P02:E,train,False,0.0,0.0,0.6196224093437195,0.006489221293444787,0.0,0.0
mokume:P02:F,train,False,0.008130081300813009,0.0030135610246107484,0.42200472950935364,0.08298820035945925,0.033695560609889645,0.0
mokume:P03:A,val,False,0.36996789330698937,0.07578367206338271,0.25292062759399414,0.3079766455244256,0.3286861421744914,0.03493761140819964
mokume:P03:B,val,False,0.2884049981624403,0.1979625550660793,0.19042083621025085,0.5463369843247852,0.4592185913586282,0.0
mokume:P03:C,val,False,0.0038886101354741595,0.0013712718546451835,0.6056196689605713,0.01437699680511182,0.009185130019239124,0.0
mokume:P03:D,val,False,0.2615049600774256,0.17978190391983495,0.24308045208454132,0.5405025478826216,0.43623535136450264,0.0
mokume:P03:E,val,False,0.0,0.0,0.5746002197265625,0.0006504911207962012,0.0,0.0
mokume:P03:F,val,False,0.0949654491609082,0.019553527782304056,0.2754896581172943,0.16913393169367058,0.13985711192898895,0.0
mokume:P04:A,test,False,0.02053196453569762,0.0096411355115158,0.2581605911254883,0.04996530187369882,0.040295500335795834,0.0
mokume:P04:B,test,False,0.5267480192007402,0.20715075562108368,0.1411818563938141,0.6549893842887473,0.6279422930903569,0.0
mokume:P04:C,test,False,0.07299884295782055,0.0848366650414432,0.3645108938217163,0.15797494073823232,0.12524945357787703,0.0
mokume:P04:D,test,False,0.18438059643385502,0.1316679677335415,0.31902527809143066,0.330188679245283,0.2734986515819246,0.0001889644746787604
mokume:P04:E,test,False,0.03459924250179138,0.034096444227959086,0.38954609632492065,0.1641561109209175,0.0984534138061109,0.0
mokume:P04:F,test,False,0.016874670416593424,0.017357762777242044,0.23725055158138275,0.07114170969592656,0.053408733898837574,0.0
mokume:P05:A,train,False,0.15485623726511208,0.05620360551431601,0.2551184594631195,0.2189249342415863,0.20191088188044307,0.0
mokume:P05:B,train,False,0.4416083916083916,0.2655639097744361,0.17993952333927155,0.6418719842862632,0.5835130366594785,0.0001607717041800643
mokume:P05:C,train,False,0.1183299007676465,0.10640776699029127,0.34564632177352905,0.25913670122803145,0.20306768922974325,0.0
mokume:P05:D,train,False,0.48297040759352317,0.20751571117096318,0.18522758781909943,0.5879535384983834,0.5681765604034609,0.00016794021328407087
mokume:P05:E,train,False,0.012275096687405415,0.011754827875734676,0.47209858894348145,0.0379952119854815,0.02614801065289323,0.0008682816705739342
mokume:P05:F,train,False,0.2768188075823361,0.13952210931062894,0.22227394580841064,0.3504145711567215,0.35110466604111573,0.0023111367904087824
mokume:P06:A,train,False,0.38386283408976296,0.1128850185453959,0.16665184497833252,0.31441344575858754,0.36066747833560125,0.004861878453038674
mokume:P06:B,train,False,0.4925847457627119,0.18978782933084634,0.1695345938205719,0.6183228886899433,0.5895803559828504,0.0014856388246946186
mokume:P06:C,train,False,0.0004019696512913275,0.0,0.43256676197052,0.06788730039294373,0.03169601482854495,0.0
mokume:P06:D,train,False,0.5739760378935637,0.24686351539728804,0.12007178366184235,0.7166498892691766,0.6864319731067327,0.0006748207507380852
mokume:P06:E,train,False,0.011706860220088973,0.0033500837520938024,0.3745502531528473,0.1258728237594265,0.06274256144890039,0.0
mokume:P06:F,train,False,0.1689494222970388,0.050874798362079664,0.32357513904571533,0.18467203682393557,0.1804442408976414,0.07920792079207921
mokume:P07:A,train,False,0.1594513501928847,0.09844789356984479,0.22976180911064148,0.2790661956688681,0.23686664594342555,0.0
mokume:P07:B,train,False,0.5619600098741051,0.1259129719164695,0.16844542324543,0.537576847476057,0.5643153526970954,0.1900194130409958
mokume:P07:C,train,False,0.24973742560392112,0.07526265520534861,0.2192794531583786,0.22191797871678387,0.2561015831134565,0.0207918602079186
mokume:P07:D,train,False,0.1300325962470267,0.043783209351753456,0.2585155665874481,0.25135025262791105,0.20301535468630585,0.0005181347150259067
mokume:P07:E,train,False,0.030089038992938286,0.012031139419674451,0.27369460463523865,0.2251655629139073,0.12872441946771288,0.0
mokume:P07:F,train,False,0.44290598290598293,0.12520775623268698,0.2201843410730362,0.32834032354703413,0.37957036943159495,0.31770987837436965
mokume:P08:A,train,False,0.268479434573476,0.06165952199189618,0.3362784683704376,0.23233268703617035,0.24770021106288082,0.25841184387617766
mokume:P08:B,train,False,0.566311493992292,0.1828401009405827,0.14566606283187866,0.6307185555691106,0.6261651289330494,0.004829518014102193
mokume:P08:C,train,False,0.16711767117671178,0.05454271508211541,0.36041876673698425,0.23443960219018886,0.20261481729802214,0.12046389824167603
mokume:P08:D,train,False,0.5678616803844667,0.196694973605692,0.13646692037582397,0.6534724434533291,0.6339472097230598,0.039064599946241375
mokume:P08:E,train,False,0.34304369663485684,0.10340172786177106,0.22084012627601624,0.34464751958224543,0.36013422818791946,0.15848835506078804
mokume:P08:F,train,False,0.2105527638190955,0.05460508820140059,0.37826311588287354,0.17593818194827032,0.1886309471268426,0.07597562556722416
mokume:P09:A,train,False,0.34876042979770694,0.0772783251231527,0.3011341989040375,0.25953207892828517,0.29537580265163765,0.37681874229346485
mokume:P09:B,train,False,0.6249848686599685,0.1945970695970696,0.13210514187812805,0.6704006893580353,0.6779558816139892,0.0017660044150110375
mokume:P09:C,train,False,0.21289858547111004,0.08780745834435334,0.24200905859470367,0.2856584603360688,0.27711150803776474,0.0
mokume:P09:D,train,False,0.6060214497997157,0.20626336309898127,0.14215564727783203,0.6613626373626373,0.6682750301568154,0.02481109732716815
mokume:P09:E,train,False,0.22444384400612447,0.07176037161621016,0.2804147005081177,0.22210599721059973,0.2278357689631176,0.14516129032258066
mokume:P09:F,train,False,0.0845959595959596,0.02347024308466052,0.2576497197151184,0.12670433926071856,0.1304412641621944,0.0015455950540958269
mokume:P10:A,test,False,0.0,0.0,0.39120620489120483,0.029499055670473964,0.0019308746862328635,0.0
mokume:P10:B,test,False,0.2582362728785358,0.12296486718080549,0.23484626412391663,0.3915784856625911,0.3573733781202661,0.00934361130576968
mokume:P10:C,test,False,0.2821251400224036,0.09842696629213483,0.22593456506729126,0.4327131605981052,0.3755063462057791,0.0
mokume:P10:D,test,False,0.15108029667849082,0.05234867959803693,0.2318323850631714,0.3366803840877915,0.25684210526315787,0.0
mokume:P10:E,test,False,0.21816930488644184,0.0790030566658829,0.21813134849071503,0.3827714111720091,0.3215846994535519,0.0
mokume:P10:F,test,False,0.0,0.0,0.21597802639007568,0.00033041467041136624,0.0,0.0
mokume:RO01:A,train,True,0.012447257383966244,0.01088,0.4566601514816284,0.050420949811619147,0.02361571701336549,0.0
mokume:RO01:B,train,True,0.06702319766634254,0.1045531197301855,0.5362099409103394,0.33718337240551205,0.19897390140530893,0.0
mokume:RO01:C,train,True,0.003035333175243064,0.0065252854812398045,0.4506099820137024,0.11161640690538213,0.033824077525158404,0.0
mokume:RO01:D,train,True,0.0,0.0,0.0,0.0,0.0,0.0
mokume:RO01:E,train,True,0.05197883597883598,0.03334084253210182,0.4625839591026306,0.21095109399874126,0.13361367874003252,0.0
mokume:RO01:F,train,True,0.04824892920131015,0.06045694200351494,0.3695138096809387,0.17325971882292673,0.09831290205121981,0.0
mokume:RO02:A,train,False,0.13822965195944095,0.10239052253014597,0.44670140743255615,0.4272538621166705,0.30193572288598686,0.00024310198128114745
mokume:RO02:B,train,False,0.001494947078873408,0.0034564700799308706,0.7846176624298096,0.23678614035997717,0.060161239055682374,0.0
mokume:RO02:C,train,False,0.0,0.0,0.7355172634124756,0.09909159096591383,0.01359214675964998,0.0
mokume:RO02:D,train,False,0.019315827781199262,0.03389830508474576,0.6226248145103455,0.3941400134198166,0.18443199549791522,0.0
mokume:RO02:E,train,False,0.07553187351717164,0.10501193317422435,0.4011790156364441,0.5432867642933289,0.35001960528035553,0.0
mokume:RO02:F,train,False,0.11690043688204185,0.10765593744317148,0.44212931394577026,0.42289239204934886,0.2919171148370769,0.00040574123852513057
mokume:RO03:A,train,False,0.0,0.0,0.08942367136478424,0.0,0.0,0.0
mokume:RO03:B,train,False,0.5672448262819474,0.23948635634028892,0.11783833801746368,0.6977085101458221,0.6677752808988764,0.0005338078291814947
mokume:RO03:C,train,False,0.16892986171670613,0.06382130035899482,0.2599952518939972,0.3088199364769118,0.2587340020754064,0.00018876828692779613
mokume:RO03:D,train,False,0.630896159317212,0.319234758557105,0.10100653767585754,0.7481042654028436,0.75,0.0003647638154295094
mokume:RO03:E,train,False,0.32528258924941045,0.19297151174880434,0.24474669992923737,0.5237345788698786,0.46497019421831937,0.009381663113006396
mokume:RO03:F,train,False,0.21872485021908253,0.04480732848750373,0.15435877442359924,0.17383189199278293,0.20732704168834065,0.3167606355715018
mokume:RO04:A,train,False,0.27716084130801905,0.04238692872365617,0.26037144660949707,0.22800447824576303,0.24730378130915173,0.40150438779774344
mokume:RO04:B,train,False,0.44041450777202074,0.22962402220539996,0.11997486650943756,0.6799579484868965,0.6086010272481936,0.0
mokume:RO04:C,train,False,0.42150607993892797,0.24187046492878259,0.1315661370754242,0.6761261261261261,0.5993425378040763,0.00014935404376073482
mokume:RO04:D,train,False,0.4298657002771264,0.21166306695464362,0.11744886636734009,0.6675105171065857,0.600585601102308,0.0
mokume:RO04:E,train,False,0.5729773544759106,0.278498609823911,0.09877878427505493,0.7493865592382347,0.7007733491969066,0.007530120481927711
mokume:RO04:F,train,False,0.5568894740918596,0.12628451157608023,0.13102203607559204,0.5320601728368719,0.5605775266792216,0.22532672374943669
mokume:RO05:A,train,False,0.14135679818336644,0.02786941189853259,0.41094663739204407,0.1419902075718916,0.14348646947765892,0.06721840936616875
mokume:RO05:B,train,False,0.0,0.0,0.7262160778045654,0.01324779203466089,0.0015196285352469397,0.0
mokume:RO05:C,train,False,0.0035376230997227268,0.00903041825095057,0.6561279892921448,0.08920741989881956,0.04092001996098535,0.0
mokume:RO05:D,train,False,0.00030272070231202936,0.0009910802775024777,0.7468457818031311,0.005096496158890762,0.0018100912587676295,0.0
mokume:RO05:E,train,False,0.007336913179860705,0.01291283834119692,0.5971702337265015,0.07692654959144057,0.03713371090864319,0.0
mokume:RO05:F,train,False,0.08863227354529093,0.03945530726256983,0.3859478235244751,0.19867794573105904,0.15627723232440596,0.0107357120303126
mokume:RO06:A,train,True,0.3833201267828843,0.14202769093345244,0.1524645984172821,0.4823607721322387,0.4785986721288318,0.006008712633318311
mokume:RO06:B,train,True,0.4951870187018702,0.21114993164210846,0.12151256203651428,0.6641427328111401,0.6424146981627297,0.0031439949696080486
mokume:RO06:C,train,True,0.4295073017606114,0.17180544105523496,0.21494124829769135,0.5162888525356392,0.5045055067304484,0.015808714553897835
mokume:RO06:D,train,True,0.6378877622728641,0.2694311767260096,0.1152082085609436,0.759184274460723,0.7367706344154467,0.02130681818181818
mokume:RO06:E,train,True,0.12641931157800626,0.10932260228034876,0.35387104749679565,0.3118181818181818,0.2369048534728098,0.0
mokume:RO06:F,train,True,0.5090955349192214,0.10500171291538198,0.19688983261585236,0.3668926597954305,0.42319233375278287,0.24248894311422906
mokume:RO07:A,train,False,0.014674556213017751,0.010034735623311463,0.5062465667724609,0.07181552993471316,0.03441853534977278,0.0
mokume:RO07:B,train,False,0.0,0.0,0.7795894742012024,0.0,0.0,0.0
mokume:RO07:C,train,False,0.0,0.0,0.6800428628921509,0.03667823654354246,0.004522937755761361,0.0
mokume:RO07:D,train,False,0.004768621129693062,0.012143858010275572,0.7491375207901001,0.0894071296943509,0.034556807294591825,0.0
mokume:RO07:E,train,False,0.02012928565583831,0.0197222781243711,0.7053540945053101,0.060553305832040265,0.03747776240363708,0.0
mokume:RO07:F,train,False,0.06470410931377474,0.05203314704181923,0.5618221759796143,0.2775759449640566,0.1710402789574858,0.0018737944337282998
mokume:RO08:A,val,False,0.49290515309932786,0.12902706185567012,0.2294047772884369,0.39975138929511556,0.4467341794542962,0.11107938320959451
mokume:RO08:B,val,False,0.0005457025920873125,0.0004065867046147591,0.7709110975265503,0.149790870520266,0.04438133606313773,0.0
mokume:RO08:C,val,False,0.000590517968618188,0.0,0.7377738952636719,0.05940439483236408,0.007565365590056948,0.0
mokume:RO08:D,val,False,0.0003200921865497263,0.0,0.7797308564186096,0.1638086642599278,0.032411165927683755,0.0
mokume:RO08:E,val,False,0.013744654856444716,0.015712682379349047,0.7053812146186829,0.10869342442356959,0.049466323150533675,0.0
mokume:RO08:F,val,False,0.18796138557637707,0.1338887235941684,0.29300612211227417,0.41498099791590043,0.3341095170134455,0.0
mokume:RO09:A,train,False,0.3197375803875869,0.07685412060001195,0.28778502345085144,0.36914264822375237,0.35766935766935765,0.0976494987901832
mokume:RO09:B,train,False,0.2939578211929098,0.1605983629692351,0.16899868845939636,0.6089039987048729,0.4869558818118262,0.00021110407430863416
mokume:RO09:C,train,False,0.054870530209617754,0.048303622771707876,0.5284426212310791,0.275615256397686,0.17380198789494142,0.0
mokume:RO09:D,train,False,0.41660279940300915,0.2162807352590117,0.10525640100240707,0.6753287121942122,0.5865675271880755,0.0001041938004688721
mokume:RO09:E,train,False,0.2605302421668771,0.14152700186219738,0.24777287244796753,0.6054139054251376,0.48550987140010865,0.0
mokume:RO09:F,train,False,0.5417099342332987,0.19817974971558588,0.16272388398647308,0.6192877647606486,0.6169039963252182,0.015811048213937147
mokume:RO10:A,train,False,0.24145874819413532,0.049049180327868855,0.31882238388061523,0.1992861213593689,0.215512373359907,0.2662950642812191
mokume:RO10:B,train,False,0.35008389261744965,0.34564369310793236,0.13620643317699432,0.7149256517140546,0.5854604428148357,0.0
mokume:RO10:C,train,False,0.2538573194989517,0.14457202505219208,0.28930509090423584,0.4849933021976033,0.4072218382861092,0.003513909224011713
mokume:RO10:D,train,False,0.3744875501661416,0.2874738268259638,0.14820024371147156,0.6624508958512982,0.5592967927064036,0.0
mokume:RO10:E,train,False,0.36019040902679833,0.2469050894085282,0.16319231688976288,0.6220774613821793,0.5319986751554853,0.006355075394303541
mokume:RO10:F,train,False,0.1711777615215801,0.03708461801986982,0.5034166574478149,0.20755891026161297,0.1861980334140291,0.13335861458728354
mokume:S01:A,val,False,0.225377107364685,0.09633507853403141,0.2599082589149475,0.34145278186474853,0.315273546165055,0.04048243314105925
mokume:S01:B,val,False,0.08912212861943562,0.05939716312056738,0.43021827936172485,0.3097147639305391,0.20881971465629054,0.0
mokume:S01:C,val,False,0.12732014112593956,0.08331892826274849,0.412518709897995,0.3559245960502693,0.26554432247147136,0.008381537008617636
mokume:S01:D,val,False,0.050338632979489886,0.05346784363177806,0.48962098360061646,0.2597139317490708,0.15255694026643749,0.0
mokume:S01:E,val,False,0.15286346017360922,0.12459935897435898,0.3948342204093933,0.35172898290531573,0.27240636317792144,0.0
mokume:S01:F,val,False,0.2849705229308629,0.15514690340308604,0.2272130846977234,0.44741597397903865,0.4065281899109792,0.008605163097858715
mokume:S02:A,train,False,0.2439321444106133,0.10605164596885472,0.2561574876308441,0.3949203187250996,0.361409076483656,0.0
mokume:S02:B,train,False,0.4612686952037133,0.22228095678604468,0.1373252123594284,0.6700889801505818,0.6042664344797563,0.0001467351430667645
mokume:S02:C,train,False,0.17869342442356959,0.13596784996651037,0.24274855852127075,0.5387453874538746,0.4339468968887441,0.0
mokume:S02:D,train,False,0.19495472186287194,0.11371749107598164,0.3029625415802002,0.44260636191649433,0.33838709677419354,0.0001502065339842283
mokume:S02:E,train,False,0.4422496984318456,0.17923270626573842,0.203319251537323,0.4356623458741701,0.4670598146588037,0.01183577857230921
mokume:S02:F,train,False,0.36419590257627715,0.1872357559895309,0.2005050629377365,0.5295307233601244,0.5053727997890435,0.0
mokume:S03:A,test,True,0.3297568658332513,0.1338839382742882,0.24027760326862335,0.3302690733409381,0.34431233933161953,0.13212889308345693
mokume:S03:B,test,True,0.6481667503766951,0.24718832256520698,0.11187617480754852,0.6948892300943189,0.707469630395451,0.048322726782439866
mokume:S03:C,test,True,0.42012072434607645,0.21799229549059596,0.1908952295780182,0.5103604169282934,0.5083829956297179,0.005557993271902881
mokume:S03:D,test,True,0.27512571467934144,0.1416267942583732,0.28409191966056824,0.44297909318611667,0.3809131075110457,0.0016270451053059748
mokume:S03:E,test,True,0.24305880153314013,0.12658227848101267,0.25876322388648987,0.38004628439187454,0.33726451217644354,0.0029013539651837525
mokume:S03:F,test,True,0.46601020287104045,0.1654625961314379,0.15175200998783112,0.454694976076555,0.47735094409822343,0.11497674418604652
mokume:S04:A,train,False,0.09941908713692946,0.04839793860631862,0.3705263137817383,0.28292318368654246,0.21108003728858704,0.0016440608302507192
mokume:S04:B,train,False,0.1366910620641964,0.0842274678111588,0.4341013431549072,0.2848972469949593,0.22033538526852048,0.0
mokume:S04:C,train,False,0.12958115183246074,0.048319059184456094,0.4137415289878845,0.24875230872008489,0.193511230562488,0.004746567214782166
mokume:S04:D,train,False,0.2964062659977475,0.18288590604026847,0.34309229254722595,0.458558450394205,0.40208830280390656,0.006928697404887881
mokume:S04:E,train,False,0.364158960259935,0.16041186831052703,0.20480667054653168,0.49277578782146736,0.4607728337236534,0.001692365550959007
mokume:S04:F,train,False,0.4071111111111111,0.1479078093533229,0.22443532943725586,0.4318488529014845,0.4434303853975497,0.042934221099758925
mokume:S05:A,train,False,0.15994935640430472,0.07789006655163914,0.26258906722068787,0.2667078825347759,0.23419837605476834,0.01139018691588785
mokume:S05:B,train,False,0.15758657224111972,0.12361712361712361,0.3999362587928772,0.33145992830906756,0.2570545418286968,0.0
mokume:S05:C,train,False,0.2726552179656539,0.1275117087173289,0.24384570121765137,0.43014204317470506,0.3876100034803361,0.00411599625818522
mokume:S05:D,train,False,0.16208703089917673,0.15504608839517844,0.41677287220954895,0.3977195371000681,0.2993943440316658,0.0
mokume:S05:E,train,False,0.29681300396774607,0.20219123505976094,0.3211855888366699,0.44553607643426923,0.4125389860971613,0.006527742907356264
mokume:S05:F,train,False,0.2236120465698066,0.125129265770424,0.22103455662727356,0.48449406344143187,0.4294909303686366,0.0
mokume:S06:A,train,False,0.12317826265953068,0.027311859878284103,0.27762576937675476,0.22122367939808768,0.17682259828839844,0.02644195844835101
mokume:S06:B,train,False,0.02969858156028369,0.0018558614290133002,0.5185570120811462,0.2155650222161147,0.11185866159930152,0.0
mokume:S06:C,train,False,0.20161099265576876,0.12270176117669827,0.29417580366134644,0.4172279038829301,0.33280881195908735,0.0
mokume:S06:D,train,False,0.26171931691742056,0.15921201356370096,0.2629767954349518,0.48477073635597256,0.39713099282748204,0.0018796992481203006
mokume:S06:E,train,False,0.34484405597745615,0.19516585240421702,0.21853674948215485,0.5250239421132905,0.4604445897352076,0.0
mokume:S06:F,train,False,0.5436377434859601,0.1997658993367148,0.17888537049293518,0.5986692495578203,0.604029543284932,0.07661452065784195
mokume:S07:A,train,False,0.3215379380741749,0.15598386373823397,0.23921331763267517,0.4481378634433192,0.40666381888082015,0.011872724394491056
mokume:S07:B,train,False,0.39982990485302716,0.16718686388926585,0.18843086063861847,0.5823689835630574,0.5270995670995671,0.003471698113207547
mokume:S07:C,train,False,0.5390498261877172,0.17874456183965196,0.14908306300640106,0.6440649659721932,0.6205255233377046,0.002071173037092826
mokume:S07:D,train,False,0.565968253968254,0.1933262711864407,0.13485117256641388,0.663121366442832,0.6476382122431689,0.014345114345114346
mokume:S07:E,train,False,0.5544315992292871,0.23620769587389892,0.1134759932756424,0.7217680031418473,0.6686601400892966,0.005969724966242627
mokume:S07:F,train,False,0.3893651218858827,0.13035204567078973,0.2304108589887619,0.4775435380384968,0.4653087898921686,0.054527750730282376
mokume:S08:A,val,False,0.2979332046055925,0.14372806207278774,0.312727153301239,0.4273118925959323,0.3992057930390096,0.014659685863874346
mokume:S08:B,val,False,0.3336607916787056,0.1786339754816112,0.22630374133586884,0.5480142019651556,0.47451289116315687,0.00029886431560071725
mokume:S08:C,val,False,0.15515857085507828,0.06711409395973154,0.290382981300354,0.36342056851225446,0.29466126938058507,0.0
mokume:S08:D,val,False,0.19439384145266497,0.0825515947467167,0.28440937399864197,0.4133892676105576,0.32284140857879046,0.00042683360603258165
mokume:S08:E,val,False,0.5008422962291046,0.18470196981325146,0.15700286626815796,0.5983050132816123,0.5856174774957015,0.01769720513650588
mokume:S08:F,val,False,0.1752666930067167,0.09238057639163048,0.30120792984962463,0.26190124550780286,0.2264642082429501,0.0006509710317890853
mokume:S09:A,train,False,0.4702974375875422,0.1448018311046862,0.2344181388616562,0.3552201499711594,0.4191689414619351,0.21272915946039433
mokume:S09:B,train,False,0.36807128832502645,0.10998453342498711,0.22215761244297028,0.4610938895602375,0.43605922408946085,0.03875619648490311
mokume:S09:C,train,False,0.39821368385574657,0.10422535211267606,0.23428845405578613,0.3330739299610895,0.3746949731576379,0.08755398508048685
mokume:S09:D,train,False,0.5200556750601038,0.18083333333333335,0.15941625833511353,0.6191903415087171,0.6049753268555731,0.02696807455879437
mokume:S09:E,train,False,0.27545775778991327,0.11139778418576415,0.30041590332984924,0.3554608004651614,0.3318920893977224,0.05733944954128441
mokume:S09:F,train,False,0.4618160819979789,0.18844086021505377,0.17412921786308289,0.5081944118337638,0.5110052189698208,0.06861226920786183
mokume:S10:A,test,False,0.5317483328501015,0.13697961176901477,0.15351389348506927,0.5101891620213835,0.5455058080523288,0.08770231013971504
mokume:S10:B,test,False,0.4886991736441745,0.2125118740670376,0.13954922556877136,0.65882538059085,0.6097203117835855,0.031630358942553685
mokume:S10:C,test,False,0.6449051610057345,0.2883764267412066,0.1253964602947235,0.726375346093656,0.7244769582032524,0.002104524728165556
mokume:S10:D,test,False,0.13212199870214147,0.08707264957264957,0.34595343470573425,0.34813813673859345,0.2552840158520476,0.0
mokume:S10:E,test,False,0.3921981337262331,0.18015925680159256,0.21219617128372192,0.5131766381766382,0.4928185243842499,0.0012336794489565127
mokume:S10:F,test,False,0.5005965658556829,0.15668998877083873,0.21803462505340576,0.5169317247052372,0.5274553387667736,0.09862121792416699
mokume:SG01:A,train,False,0.5024213075060533,0.16465907835119903,0.2075597047805786,0.3624598439651216,0.43360155224562,0.19880517756388982
mokume:SG01:B,train,False,0.6830303377874635,0.21710253217102532,0.1371271014213562,0.6380869289340102,0.679360315152652,0.23530532533104698
mokume:SG01:C,train,False,0.6254300458715596,0.20883990455630042,0.1774538904428482,0.45640552995391703,0.5512572533849129,0.3616707616707617
mokume:SG01:D,train,False,0.7064240790655885,0.21275756679483387,0.13199985027313232,0.6272748039290338,0.6911256592107656,0.25138279610909786
mokume:SG01:E,train,False,0.633964429145152,0.22099320198179515,0.13715362548828125,0.506721415652344,0.5738919106584885,0.3158671586715867
mokume:SG01:F,train,False,0.6018718502519799,0.18360734429377176,0.19931359589099884,0.40138587237563345,0.48491285062785033,0.48909141121237226
mokume:SG02:A,train,False,0.2840192806822395,0.06565728031696617,0.178470179438591,0.16228155655167933,0.21272521542344852,0.4646203554119548
mokume:SG02:B,train,False,0.6947979735573953,0.3157042009026733,0.1230204701423645,0.7402360701267141,0.7605433179020197,0.09352886883396574
mokume:SG02:C,train,False,0.608701119074563,0.2603974121996303,0.15008416771888733,0.6236034097492344,0.6450396825396826,0.06897288063207346
mokume:SG02:D,train,False,0.7187114154226063,0.27950249730682597,0.14135496318340302,0.6795207056711291,0.7333425427084772,0.1994427898933615
mokume:SG02:E,train,False,0.7170706006322445,0.28523187753264295,0.12804056704044342,0.6355447044957063,0.7101768777236606,0.12645434246092374
mokume:SG02:F,train,False,0.46825470386504775,0.1155802126675913,0.12495334446430206,0.2757796257796258,0.3407868299954631,0.7241820508133796
mokume:SG03:A,train,True,0.3021353930031804,0.09558088382323535,0.25487327575683594,0.28910047273453626,0.3145723516408774,0.11384845091452034
mokume:SG03:B,train,True,0.7668991416309013,0.25171986015563325,0.112613245844841,0.6238515743466239,0.7050313454428548,0.3049661925856843
mokume:SG03:C,train,True,0.59562673236834,0.20527787911954273,0.16431687772274017,0.4928324498732427,0.5506866488118981,0.18899773926149208
mokume:SG03:D,train,True,0.40266520126390987,0.1624542997933556,0.24440033733844757,0.4589949560993835,0.45072488294691715,0.11534112325669053
mokume:SG03:E,train,True,0.5767067051847347,0.1651458826180016,0.12207499891519547,0.47754113752038346,0.5313684210526316,0.4272844272844273
mokume:SG03:F,train,True,0.5806513045134261,0.17054263565891473,0.1927109807729721,0.36614504459027425,0.4572284003421728,0.4147514698022448
mokume:SG04:A,train,False,0.6180062897681562,0.2753895754970446,0.12558479607105255,0.643170545593285,0.6845590798187522,0.006160164271047228
mokume:SG04:B,train,False,0.588968315301391,0.3073689127642181,0.09748777747154236,0.7696590118302018,0.7088936366302208,0.04668287599861063
mokume:SG04:C,train,False,0.6113697623131585,0.2479650585666071,0.13866493105888367,0.5909323669594675,0.6415076151918258,0.08742277654738315
mokume:SG04:D,train,False,0.5686360320933626,0.3114211397493497,0.08783356845378876,0.767129372570794,0.7019940137430968,0.018679775280898876
mokume:SG04:E,train,False,0.7156314395054459,0.2698450536352801,0.1324767768383026,0.6201868975977298,0.6969127831905153,0.14193721491816474
mokume:SG04:F,train,False,0.6929272589982381,0.2982088857873924,0.11511537432670593,0.6939285416840176,0.7280392837656863,0.03630470016207456
mokume:SG05:A,train,False,0.28507923441037253,0.06842335128839715,0.31640997529029846,0.262150772592477,0.2748166602336924,0.22561531449407474
mokume:SG05:B,train,False,0.5374188082462581,0.3266766708992266,0.11623385548591614,0.7439687099788862,0.681909346169274,0.02910630416087848
mokume:SG05:C,train,False,0.6290616369939479,0.34267051877904786,0.09461790323257446,0.7705944129384583,0.749388872592158,0.0016088666428316052
mokume:SG05:D,train,False,0.5693630324345448,0.31788990825688074,0.10131950676441193,0.763759775711967,0.7033770161290323,0.012122076440387906
mokume:SG05:E,train,False,0.5126895617280733,0.3205157725074833,0.10029660165309906,0.7132488435936971,0.6568708429335304,0.002751662462737904
mokume:SG05:F,train,False,0.5681553398058252,0.15925524222704265,0.21263466775417328,0.39563681534101935,0.4661704681872749,0.35670130211758516
mokume:SG06:A,train,False,0.535752401280683,0.1848777204397577,0.14323407411575317,0.36173285198555954,0.46789366053169734,0.08872077028885832
mokume:SG06:B,train,False,0.7288317256162915,0.2173365617433414,0.14165259897708893,0.585768198264794,0.6652639453873849,0.34542387178405737
mokume:SG06:C,train,False,0.7728205128205128,0.2654560021364668,0.11797969043254852,0.5618112384069831,0.6630572822672282,0.2373560340510766
mokume:SG06:D,train,False,0.7389798673475377,0.21918840033895112,0.13679781556129456,0.5752367590319186,0.6652900319128966,0.40227088402270883
mokume:SG06:E,train,False,0.7028588807785888,0.2799492385786802,0.12812146544456482,0.57341466874734,0.6539124235042482,0.13141800597354572
mokume:SG06:F,train,False,0.5678843524125806,0.15701911178330813,0.16850556433200836,0.3486759486759487,0.44096133751306166,0.40850565743269607
mokume:SG07:A,test,False,0.5010105959453666,0.1762225213100045,0.19090119004249573,0.47973872021289465,0.5081706435285611,0.14303390249938133
mokume:SG07:B,test,False,0.5904263351286052,0.3059538274605103,0.09443825483322144,0.7683009745410592,0.7135116389960553,0.022584875418913013
mokume:SG07:C,test,False,0.5785320059833909,0.1988349514563107,0.1724630445241928,0.54248320268757,0.5838285316175567,0.2208930597091884
mokume:SG07:D,test,False,0.5631685166498487,0.276071385213063,0.09362275153398514,0.7380617710747255,0.6826258852152757,0.020095342867620096
mokume:SG07:E,test,False,0.6554381179679509,0.25460159125994536,0.14833523333072662,0.5797730457977305,0.6271991365353481,0.21858923059334628
mokume:SG07:F,test,False,0.6305296856810244,0.22399420079739035,0.14116176962852478,0.5844718741166494,0.6403533933796111,0.14927002319552463
mokume:SG08:A,val,False,0.3979933110367893,0.10561370123691723,0.15358784794807434,0.2952511666209168,0.35786130227633667,0.06503225806451612
mokume:SG08:B,val,False,0.727054931264617,0.33163207440172393,0.10186956822872162,0.7604200853298326,0.7824003067484663,0.05391336679680238
mokume:SG08:C,val,False,0.6558595069233367,0.2689922480620155,0.1422429382801056,0.6275780564980367,0.6695915690442806,0.1803876415275379
mokume:SG08:D,val,False,0.7233917785726851,0.32412774178883963,0.1014835312962532,0.7405847373637264,0.7665467975507824,0.11714610143830431
mokume:SG08:E,val,False,0.7016603477578769,0.26146687347662306,0.11858780682086945,0.6112229711984593,0.6646124921662837,0.1912085389647653
mokume:SG08:F,val,False,0.4802414928649835,0.12177263969171484,0.13013926148414612,0.3436494561054083,0.41111449143088935,0.4147654447577544
mokume:SG09:A,train,True,0.3076923076923077,0.08168744007670183,0.2066526859998703,0.16356306392781725,0.22001075847229692,0.21614906832298136
mokume:SG09:B,train,True,0.7537303749837809,0.2,0.14691051840782166,0.5283368421052631,0.626407058107697,0.4771256931608133
mokume:SG09:C,train,True,0.478169014084507,0.11101398601398602,0.12598049640655518,0.21759333440153822,0.3122197953787792,0.740895772289661
mokume:SG09:D,train,True,0.7585615214127404,0.22050334795659202,0.16423964500427246,0.5799253034547153,0.6713768935111915,0.43097312553687567
mokume:SG09:E,train,True,0.5007852375343541,0.17643164515061238,0.18276573717594147,0.38034565409360416,0.4519581233036061,0.2319961333977767
mokume:SG09:F,train,True,0.6127083836675525,0.16541107107762856,0.15903796255588531,0.3595460345174938,0.459754197680457,0.5723150357995227
mokume:SG10:A,train,False,0.7258925216084179,0.29141519891612266,0.1354854553937912,0.6346519779669504,0.7124489305455419,0.09463629684055841
mokume:SG10:B,train,False,0.6937346501541516,0.2946763861276784,0.09604737162590027,0.7751163322907926,0.7809895371519773,0.10402118950156514
mokume:SG10:C,train,False,0.608553527649142,0.18391972564460815,0.17013204097747803,0.3876115904443669,0.49272916125681643,0.2308991135500211
mokume:SG10:D,train,False,0.6766492146596859,0.28650626455261113,0.10253331065177917,0.7723158015354646,0.7710651123620407,0.049155908639523335
mokume:SG10:E,train,False,0.6915745972843046,0.2321405335068315,0.11679638922214508,0.49068079262311165,0.5872868217054263,0.23513826792515316
mokume:SG10:F,train,False,0.6763076091363698,0.2758056982718356,0.13250863552093506,0.619110244433359,0.6632293080054275,0.09450361121312278
mokume:SG11:A,train,False,0.09242000621310967,0.020250025829114577,0.3810335397720337,0.1012899233661764,0.09492749403063304,0.0
mokume:SG11:B,train,False,0.6320562757979187,0.18471270426989983,0.14818662405014038,0.5996241353112879,0.6452499407723288,0.13050898504166247
mokume:SG11:C,train,False,0.5929055284434409,0.22892145087677157,0.16925519704818726,0.5288733723344027,0.5857471264367816,0.09499323410013531
mokume:SG11:D,train,False,0.6586414445399829,0.21385719327137984,0.11236245185136795,0.6816479400749064,0.7162901781271769,0.02339309138609532
mokume:SG11:E,train,False,0.4119482243611019,0.09166125892277742,0.2502082586288452,0.27056747773993683,0.3198926067717397,0.6473233715363412
mokume:SG11:F,train,False,0.5796413870090003,0.19595959595959597,0.17010809481143951,0.5374690941784671,0.579024949500464,0.14227309893704007
mokume:SG12:A,train,True,0.5585367818870357,0.15288363098623592,0.19871003925800323,0.35407815490919275,0.4286131386861314,0.4478433771795656
mokume:SG12:B,train,True,0.6038280166435506,0.33991416309012873,0.10705558210611343,0.7604037395548937,0.7249264636113483,0.006557928367243989
mokume:SG12:C,train,True,0.69674464661468,0.34272639691714835,0.10559523850679398,0.7569562008942137,0.7747011341575559,0.05594829327408604
mokume:SG12:D,train,True,0.6719565448929599,0.3583342538385066,0.08487904071807861,0.7964163621360367,0.7783949780969155,0.001876172607879925
mokume:SG12:E,train,True,0.6541310541310541,0.3212469599823126,0.10411516577005386,0.7412935323383084,0.7386136731006941,0.031212036258293618
mokume:SG12:F,train,True,0.41367045542410885,0.11230819458047665,0.22755296528339386,0.2733106465726787,0.33234957537794374,0.4437290409121395
mokume:SG13:A,train,False,0.40528825314260947,0.09470825882508775,0.23515748977661133,0.3030258193386106,0.34568969246074654,0.33198154104321076
mokume:SG13:B,train,False,0.46459404161884327,0.299585706887623,0.13798922300338745,0.7112519578916694,0.6295283376109732,0.0010775862068965517
mokume:SG13:C,train,False,0.49259555733440064,0.326879134095009,0.13136731088161469,0.7114861965384065,0.6488269182599983,0.0
mokume:SG13:D,train,False,0.43257624279450163,0.24529008109794137,0.1299000382423401,0.6722516790385296,0.5966410709152876,0.0
mokume:SG13:E,train,False,0.4990097048920578,0.2281050538872031,0.12426510453224182,0.6368074718743366,0.6035750975960551,0.006188212210399215
mokume:SG13:F,train,False,0.34555453712190654,0.07840146430750458,0.2915346920490265,0.22908810421666095,0.27155963302752295,0.6394806924101198
mokume:SG14:A,val,False,0.4221188064604435,0.10473474044495151,0.22786518931388855,0.2784862623120788,0.34394820295983086,0.2416794674859191
mokume:SG14:B,val,False,0.47229577326664707,0.2819065914275423,0.09408256411552429,0.7070515162586773,0.6277390438247012,0.0006878998417830364
mokume:SG14:C,val,False,0.4540371047818134,0.25828680052275155,0.12724649906158447,0.667066182254017,0.5989120110525862,0.0
mokume:SG14:D,val,False,0.44627348010502926,0.29452418926103135,0.17886410653591156,0.6760867140147994,0.5922117979694127,0.0053795978750588395
mokume:SG14:E,val,False,0.4385112404549581,0.29775762774169834,0.12677332758903503,0.6941621541428677,0.6205248522766771,0.000609942055504727
mokume:SG14:F,val,False,0.27335172899665355,0.06050805201805808,0.3170868456363678,0.19043100039541322,0.2220351664796109,0.4982698961937716
mokume:SG15:A,train,False,0.43451089315163616,0.1092732899370398,0.1799834817647934,0.27639832046031826,0.34357030841610037,0.4520904180836167
mokume:SG15:B,train,False,0.7110261886028999,0.2345492915284896,0.12289755046367645,0.6765630993479095,0.7270655790001367,0.11966848595108147
mokume:SG15:C,train,False,0.6091350570941069,0.24156345869787524,0.1430397927761078,0.6453774006252792,0.6664196485284777,0.05715652277890709
mokume:SG15:D,train,False,0.717688079900715,0.23614616481948864,0.1171901524066925,0.6964956453543567,0.7440007772272418,0.13326561706449974
mokume:SG15:E,train,False,0.4543837808998755,0.12215449682796367,0.16948118805885315,0.3574752285542235,0.39792340884573896,0.4158196266863796
mokume:SG15:F,train,False,0.5703277886497065,0.17970804243358418,0.15901325643062592,0.5053990516794836,0.5528184113975319,0.1984551396316102
mokume:SG16:A,train,False,0.5155676103294343,0.23290396900198973,0.16535775363445282,0.5973407422107561,0.5738654799981459,0.011921047488762947
mokume:SG16:B,train,False,0.36520426005404544,0.27844351689780533,0.15082482993602753,0.6676571640820875,0.5467510783358842,0.0005866823115283074
mokume:SG16:C,train,False,0.513606034232666,0.23482060717571296,0.16618815064430237,0.5905214032829096,0.5851139432415786,0.041049240681086056
mokume:SG16:D,train,False,0.35939730372720063,0.2743234323432343,0.12111175060272217,0.6784053156146179,0.5578398281681497,0.0002948982601002654
mokume:SG16:E,train,False,0.581048836099475,0.2484531175630652,0.1446147859096527,0.631637208959079,0.6285418106427091,0.0741147405984079
mokume:SG16:F,train,False,0.6196625945317045,0.29959136018680677,0.10949729382991791,0.6959593908629441,0.6974085365853658,0.023657702615285093
mokume:SG17:A,test,False,0.5146707445283379,0.16839729119638827,0.17516189813613892,0.5232325360868191,0.5362196154311283,0.18794651034988094
mokume:SG17:B,test,False,0.4696313681058552,0.2931073963819556,0.08069837093353271,0.7237752297924761,0.6260076368264743,0.007207401032702237
mokume:SG17:C,test,False,0.6148935056779528,0.36153684652529916,0.09948194772005081,0.7295264729224141,0.7096324074477827,0.012963270732923384
mokume:SG17:D,test,False,0.4229689493832412,0.34077771939043616,0.11826733499765396,0.7174911428946332,0.6064830180329682,0.0021706099413935317
mokume:SG17:E,test,False,0.543289817232376,0.30357747432569687,0.12528014183044434,0.7032783778662118,0.6637806637806638,0.011108503481185951
mokume:SG17:F,test,False,0.6753781858849844,0.3188405797101449,0.10720355808734894,0.7174345376201525,0.7391852570320078,0.10650311526479751
mokume:SG18:A,train,True,0.43924322215720696,0.1350721937587331,0.2283250093460083,0.3461488561172858,0.39290174854288096,0.3929988331388565
mokume:SG18:B,train,True,0.7594752186588921,0.298483269653815,0.11351130902767181,0.7366130477450186,0.7977652506543185,0.0848260242948322
mokume:SG18:C,train,True,0.6192397536631982,0.31275720164609055,0.12934482097625732,0.6941199568076961,0.7077101449275363,0.07561315197600943
mokume:SG18:D,train,True,0.7573090780225622,0.2889954286988516,0.10500801354646683,0.74036418184091,0.7930815459031612,0.02637914791165079
mokume:SG18:E,train,True,0.6252861867209362,0.17172295363480253,0.14471064507961273,0.39255708468635636,0.4860552683642862,0.5887294364718236
mokume:SG18:F,train,True,0.5922870424932888,0.26912325285895805,0.20271793007850647,0.6117357854964265,0.6330049261083743,0.08566379041480403
mokume:SG19:A,train,False,0.3901782279779459,0.08897722060846966,0.2433246225118637,0.26756488318866867,0.3142147167706273,0.5505307546895448
mokume:SG19:B,train,False,0.4812532546432911,0.37169986104678093,0.08635440468788147,0.7750262054507338,0.6735306099774082,0.025476979321375527
mokume:SG19:C,train,False,0.47508216152146976,0.3329775880469584,0.16690170764923096,0.7057661627288612,0.6317730113764108,0.004356665698518733
mokume:SG19:D,train,False,0.43260469500426413,0.35452793834296725,0.15246035158634186,0.7138857202115524,0.615205314478847,0.0010384215991692627
mokume:SG19:E,train,False,0.5029628116060483,0.25143614670790987,0.1106664389371872,0.6867325546570829,0.6282188611337247,0.006041839740200891
mokume:SG19:F,train,False,0.49439809296781884,0.14175066312997348,0.18751117587089539,0.33610271903323263,0.4006364922206506,0.5568502824858758
mokume:SG20:A,train,False,0.4430139663199034,0.12143021208177016,0.21742916107177734,0.3778970290869498,0.41867175501466003,0.29606039160179287
mokume:SG20:B,train,False,0.5381572701861717,0.24410129709697345,0.11714906245470047,0.7064516129032258,0.658975379039031,0.0032876712328767125
mokume:SG20:C,train,False,0.6836695361685725,0.35110663983903423,0.09162554144859314,0.7623789264053589,0.7727996602611742,0.005079365079365079
mokume:SG20:D,train,False,0.5175760189777874,0.2549865229110512,0.12683740258216858,0.7323647411677638,0.678964807020686,0.0007685804319422028
mokume:SG20:E,train,False,0.387048098082364,0.148192626396061,0.17850226163864136,0.5082249989482098,0.4722347178487529,0.0736831624016728
mokume:SG20:F,train,False,0.4385076615589607,0.13071528751753156,0.22705695033073425,0.36994831305197184,0.40698314241408634,0.229973474801061
mokume:TC01:A,train,False,0.5976769911504425,0.14945582312109007,0.20182304084300995,0.536080136080136,0.5853985863827503,0.1795803540030477
mokume:TC01:B,train,False,0.0013713893888746035,0.0006515719172503665,0.8017091751098633,0.026483433944418173,0.010294699926466429,0.0
mokume:TC01:C,train,False,0.0669229164804386,0.05733157199471598,0.5859240293502808,0.2564774157101405,0.16238174735670563,0.00025056376847907793
mokume:TC01:D,train,False,0.006143502955836328,0.006496837066165157,0.7890437841415405,0.026001187010711357,0.012675001440341073,0.0
mokume:TC01:E,train,False,0.11313945445249766,0.11312217194570136,0.48915648460388184,0.40448582109097836,0.27348095849379545,0.0028498525367001357
mokume:TC01:F,train,False,0.6250704225352113,0.22054527750730282,0.18425308167934418,0.5640144833348807,0.6165709782731059,0.039726211246812505
mokume:TC02:A,val,False,0.002835341700371096,0.003003003003003003,0.7080212235450745,0.09410892923304928,0.03399864005439782,0.0
mokume:TC02:B,val,False,0.0324380885943495,0.04485540035412158,0.6739296317100525,0.13750353985085428,0.08005613284773964,0.0
mokume:TC02:C,val,False,0.25358981305879164,0.08020924149956409,0.2494427114725113,0.34201924822952606,0.30493766133904543,0.03921982076963627
mokume:TC02:D,val,False,0.10174534634783555,0.07722616233254531,0.44348573684692383,0.3448155271900682,0.23297258764824055,7.890168849613381e-05
mokume:TC02:E,val,False,0.4970490270554549,0.14925978503346177,0.1893293857574463,0.5008443908323281,0.5198600340457726,0.05762861558843012
mokume:TC02:F,val,False,0.0807358201328564,0.08394982309424252,0.5532826781272888,0.3013514808779833,0.20111969385585712,0.00033951534184950983
mokume:TC03:A,test,False,0.6555668818665761,0.21169193934557062,0.1698334664106369,0.6232903477921062,0.6629982428558217,0.16118983016782232
mokume:TC03:B,test,False,0.010058881256133464,0.011689874505758983,0.7386776208877563,0.0912884715701617,0.04800239413437079,0.0
mokume:TC03:C,test,False,0.12903802066275644,0.1403118040089087,0.4034213423728943,0.4356957874979211,0.3031491888452974,0.0
mokume:TC03:D,test,False,0.0005534544783691542,0.0007026172492534692,0.7987054586410522,0.03493138477989663,0.01060038380699991,0.0
mokume:TC03:E,test,False,0.09743214433448945,0.09870641169853768,0.49593955278396606,0.3420668418677497,0.227557837617061,0.000337029422668599
mokume:TC03:F,test,False,0.7261938006143536,0.21841794569067297,0.13288594782352448,0.6381444765925153,0.7110307005145021,0.2656174334140436
mokume:TC04:A,train,False,0.2565655036706274,0.08428618098660569,0.2503698468208313,0.34130900288613725,0.3228204681419527,0.01605584642233857
mokume:TC04:B,train,False,0.005815362248606736,0.005377548734035402,0.6811316013336182,0.04080538967998775,0.021725391057039026,0.0
mokume:TC04:C,train,False,0.11766551615939755,0.09541763341067286,0.44614875316619873,0.32290900171694875,0.23551816072850662,0.0003484472320223006
mokume:TC04:D,train,False,0.0006370441153049849,0.00045861041045631735,0.7501161694526672,0.05871668458316343,0.011942174732872407,0.0
mokume:TC04:E,train,False,0.03496309963099631,0.008787346221441126,0.5934051871299744,0.18850191382119982,0.10966810966810966,0.0
mokume:TC04:F,train,False,0.49938928633746293,0.13973140184095367,0.1892302930355072,0.47194136842668377,0.5030837588699516,0.11573068569655601
mokume:TC05:A,val,False,0.5156919143496325,0.16258169934640523,0.18603339791297913,0.5005992124636193,0.5343597639209648,0.16040276314248916
mokume:TC05:B,val,False,0.040467941959130393,0.04158699808795411,0.5675400495529175,0.1788245279015489,0.10338564709169655,0.0
mokume:TC05:C,val,False,0.25188942429622113,0.20331745771062573,0.2882901728153229,0.5634841110793014,0.45390428211586903,0.0
mokume:TC05:D,val,False,0.07058823529411765,0.06303854875283446,0.5006945729255676,0.33595211372989153,0.22058884944664858,0.0
mokume:TC05:E,val,False,0.16948586225619178,0.12468307233407905,0.35516494512557983,0.459371945259042,0.33425669436749766,0.0
mokume:TC05:F,val,False,0.5148148148148148,0.14906417112299467,0.19778670370578766,0.43131985586025773,0.4994167509137569,0.21889055472263869
mokume:TC06:A,train,False,0.4339446689462232,0.1871220206332266,0.17487972974777222,0.5525880707109245,0.5182778229082047,0.05008278145695364
mokume:TC06:B,train,False,0.1385473209999631,0.09257950530035336,0.3771289587020874,0.4233823571571916,0.3041061152833317,0.0
mokume:TC06:C,train,False,0.27022986357690154,0.14756517461878996,0.2410154491662979,0.41657077100115075,0.36241295673265,0.01582890285161914
mokume:TC06:D,train,False,0.06403924558321455,0.08451832565591828,0.5616793632507324,0.2558450804499502,0.16272107163801353,0.0
mokume:TC06:E,train,False,0.2941939068432262,0.13028251225776324,0.21816273033618927,0.5117981567422707,0.44091202245912214,0.0
mokume:TC06:F,train,False,0.4688024802997029,0.20890192577477362,0.15384161472320557,0.5635286945920056,0.5420349434737924,0.043451272501551834
mokume:TC07:A,train,False,0.5505895256375103,0.18699186991869918,0.16320031881332397,0.5519314938154138,0.5764637473721876,0.12980904900761922
mokume:TC07:B,train,False,0.17461443668546248,0.1501070009171507,0.3186737895011902,0.4233935998641881,0.3260499887701736,0.0
mokume:TC07:C,train,False,0.4677986196383961,0.2720573590918144,0.11681801080703735,0.6593039681520483,0.5932715039098018,0.014078625544353636
mokume:TC07:D,train,False,0.12859666339548578,0.13017537515819924,0.38023021817207336,0.4648305084745763,0.32693689071318627,0.0
mokume:TC07:E,train,False,0.17427317153979954,0.14201515576761156,0.3254241347312927,0.4648498845265589,0.3426657263751763,0.0015281757402101242
mokume:TC07:F,train,False,0.4724533504012604,0.2008095567183335,0.167600616812706,0.5475149522577035,0.5325376062786135,0.028270206950409996
mokume:TC08:A,train,False,0.5270279505227909,0.13251681558076497,0.17573916912078857,0.40701265932918607,0.4637834969487928,0.38374659223679086
mokume:TC08:B,train,False,0.3069557121957707,0.18011785805790417,0.18988138437271118,0.5618778028688655,0.4766392989948824,0.006148342742160863
mokume:TC08:C,train,False,0.4120678930063094,0.24836872087001555,0.15473084151744843,0.6455128418114763,0.572138180176112,0.0040718119563205625
mokume:TC08:D,train,False,0.18470301057770544,0.14137638062871707,0.39549681544303894,0.4074152842761945,0.3052364252025638,0.0003076134324532171
mokume:TC08:E,train,False,0.2634282579422473,0.16828302144515778,0.20684611797332764,0.4372388549328361,0.3785310734463277,0.006219458018658374
mokume:TC08:F,train,False,0.6498529892192094,0.18896746817538898,0.15375478565692902,0.4807457083807837,0.5662852784134249,0.3705311542390194
mokume:TC09:A,train,False,0.4516784366837574,0.0841937069813176,0.24850380420684814,0.30866284334440086,0.3683673469387755,0.5687213660974594
mokume:TC09:B,train,False,0.19026096314231908,0.10663338088445079,0.2988308370113373,0.5081926602257848,0.4094354804556812,0.0
mokume:TC09:C,train,False,0.5547040293384738,0.29705882352941176,0.16116444766521454,0.6755301245371929,0.6526744459237215,0.04299692879080066
mokume:TC09:D,train,False,0.5396547281628447,0.31747891283973756,0.14552325010299683,0.7216252887894679,0.6835009629788145,0.0037478449891312497
mokume:TC09:E,train,False,0.526129682167674,0.21375186846038863,0.14383651316165924,0.6279894794788672,0.6003141909582824,0.09346603202077022
mokume:TC09:F,train,False,0.24444018404907975,0.0459383145091225,0.3567790389060974,0.16233216402564413,0.19337464954994835,0.4183381088825215
mokume:TC10:A,val,False,0.42207109303793033,0.1372745490981964,0.19947057962417603,0.46739427012278306,0.4662677718614481,0.045369093871412455
mokume:TC10:B,val,False,0.18358653982677836,0.1697833983586708,0.2778995931148529,0.4509528916756043,0.3429579426237118,8.05315079524864e-05
mokume:TC10:C,val,False,0.21113835930701685,0.1564870259481038,0.29565393924713135,0.489277584760992,0.37537036406361746,0.0
mokume:TC10:D,val,False,0.015681498115936512,0.011869436201780416,0.6981538534164429,0.11487580993520519,0.057720787430016254,0.0
mokume:TC10:E,val,False,0.24195737207631515,0.14121362508459281,0.21427439153194427,0.46455953210703355,0.3700873362445415,0.0
mokume:TC10:F,val,False,0.4216193242190267,0.10457516339869281,0.2112802118062973,0.35245830813099455,0.39370752849269625,0.27269993986770896
