dataset_id,group_id,split,ring_r2_fold,sample_count
coating,coating:000001,auxiliary_stress,,45
coating,coating:000002,auxiliary_stress,,45
coating,coating:000003,auxiliary_stress,,45
coating,coating:000004,auxiliary_stress,,45
coating,coating:000005,auxiliary_stress,,45
coating,coating:000006,auxiliary_stress,,45
coating,coating:000007,auxiliary_stress,,45
coating,coating:000008,auxiliary_stress,,45
coating,coating:000009,auxiliary_stress,,45
coating,coating:000010,auxiliary_stress,,45
coating,coating:000011,auxiliary_stress,,45
coating,coating:000012,auxiliary_stress,,45
coating,coating:000013,auxiliary_stress,,45
coating,coating:000014,auxiliary_stress,,45
coating,coating:000015,auxiliary_stress,,45
coating,coating:000016,auxiliary_stress,,45
coating,coating:000017,auxiliary_stress,,45
coating,coating:000018,auxiliary_stress,,45
coating,coating:000019,auxiliary_stress,,45
coating,coating:000020,auxiliary_stress,,45
coating,coating:000021,auxiliary_stress,,45
coating,coating:000022,auxiliary_stress,,45
coating,coating:000023,auxiliary_stress,,45
coating,coating:000024,auxiliary_stress,,45
coating,coating:000025,auxiliary_stress,,45
coating,coating:000026,auxiliary_stress,,45
coating,coating:000027,auxiliary_stress,,45
coating,coating:000028,auxiliary_stress,,45
coating,coating:000029,auxiliary_stress,,45
coating,coating:000030,auxiliary_stress,,45
coating,coating:000031,auxiliary_stress,,45
coating,coating:000032,auxiliary_stress,,45
coating,coating:000033,auxiliary_stress,,45
coating,coating:000034,auxiliary_stress,,45
coating,coating:000035,auxiliary_stress,,45
coating,coating:000036,auxiliary_stress,,45
coating,coating:000037,auxiliary_stress,,45
coating,coating:000038,auxiliary_stress,,45
coating,coating:000039,auxiliary_stress,,45
coating,coating:000040,auxiliary_stress,,45
coating,coating:000041,auxiliary_stress,,45
coating,coating:000042,auxiliary_stress,,45
coating,coating:000043,auxiliary_stress,,45
coating,coating:000044,auxiliary_stress,,45
coating,coating:000045,auxiliary_stress,,45
coating,coating:000046,auxiliary_stress,,45
coating,coating:000047,auxiliary_stress,,45
coating,coating:000048,auxiliary_stress,,45
coating,coating:000049,auxiliary_stress,,45
coating,coating:000050,auxiliary_stress,,45
coating,coating:000051,auxiliary_stress,,45
coating,coating:000052,auxiliary_stress,,45
coating,coating:000053,auxiliary_stress,,45
coating,coating:000054,auxiliary_stress,,45
coating,coating:000055,auxiliary_stress,,45
coating,coating:000056,auxiliary_stress,,45
coating,coating:000057,auxiliary_stress,,45
coating,coating:000058,auxiliary_stress,,45
coating,coating:000059,auxiliary_stress,,45
coating,coating:000060,auxiliary_stress,,45
coating,coating:000061,auxiliary_stress,,45
coating,coating:000062,auxiliary_stress,,45
coating,coating:000063,auxiliary_stress,,45
coating,coating:000064,auxiliary_stress,,45
coating,coating:000065,auxiliary_stress,,45
coating,coating:000066,auxiliary_stress,,45
coating,coating:000067,auxiliary_stress,,45
coating,coating:000068,auxiliary_stress,,45
coating,coating:000069,auxiliary_stress,,45
coating,coating:000070,auxiliary_stress,,45
coating,coating:000071,auxiliary_stress,,45
coating,coating:000072,auxiliary_stress,,45
coating,coating:000073,auxiliary_stress,,45
coating,coating:000074,auxiliary_stress,,45
coating,coating:000075,auxiliary_stress,,45
coating,coating:000076,auxiliary_stress,,45
coating,coating:000077,auxiliary_stress,,45
coating,coating:000078,auxiliary_stress,,45
coating,coating:000079,auxiliary_stress,,45
coating,coating:000080,auxiliary_stress,,45
coating,coating:000081,auxiliary_stress,,45
coating,coating:000082,auxiliary_stress,,45
coating,coating:000083,auxiliary_stress,,45
coating,coating:000084,auxiliary_stress,,45
coating,coating:000085,auxiliary_stress,,45
coating,coating:000086,auxiliary_stress,,45
coating,coating:000087,auxiliary_stress,,45
coating,coating:000088,auxiliary_stress,,45
coating,coating:000089,auxiliary_stress,,45
coating,coating:000090,auxiliary_stress,,45
coating,coating:000091,auxiliary_stress,,45
coating,coating:000092,auxiliary_stress,,45
coating,coating:000093,auxiliary_stress,,45
coating,coating:000094,auxiliary_stress,,45
coating,coating:000095,auxiliary_stress,,45
coating,coating:000096,auxiliary_stress,,45
coating,coating:000097,auxiliary_stress,,45
coating,coating:000098,auxiliary_stress,,45
coating,coating:000099,auxiliary_stress,,45
coating,coating:000100,auxiliary_stress,,45
coating,coating:000101,auxiliary_stress,,45
coating,coating:000102,auxiliary_stress,,45
coating,coating:000103,auxiliary_stress,,45
coating,coating:000104,auxiliary_stress,,45
coating,coating:000105,auxiliary_stress,,45
coating,coating:000106,auxiliary_stress,,45
coating,coating:000107,auxiliary_stress,,45
coating,coating:000108,auxiliary_stress,,45
coating,coating:000109,auxiliary_stress,,45
coating,coating:000110,auxiliary_stress,,45
coating,coating:000111,auxiliary_stress,,45
coating,coating:000112,auxiliary_stress,,45
coating,coating:000113,auxiliary_stress,,45
coating,coating:000114,auxiliary_stress,,45
coating,coating:000115,auxiliary_stress,,45
coating,coating:000116,auxiliary_stress,,45
coating,coating:000117,auxiliary_stress,,45
coating,coating:000118,auxiliary_stress,,45
coating,coating:000119,auxiliary_stress,,45
coating,coating:000120,auxiliary_stress,,45
coating,coating:000121,auxiliary_stress,,45
coating,coating:000122,auxiliary_stress,,45
coating,coating:000123,auxiliary_stress,,45
coating,coating:000124,auxiliary_stress,,45
coating,coating:000125,auxiliary_stress,,45
coating,coating:000126,auxiliary_stress,,45
coating,coating:000127,auxiliary_stress,,45
coating,coating:000128,auxiliary_stress,,45
coating,coating:000129,auxiliary_stress,,45
coating,coating:000130,auxiliary_stress,,45
coating,coating:000131,auxiliary_stress,,45
coating,coating:000132,auxiliary_stress,,45
coating,coating:000133,auxiliary_stress,,45
coating,coating:000134,auxiliary_stress,,45
coating,coating:000135,auxiliary_stress,,45
coating,coating:000136,auxiliary_stress,,45
coating,coating:000137,auxiliary_stress,,45
coating,coating:000138,auxiliary_stress,,45
coating,coating:000139,auxiliary_stress,,45
coating,coating:000140,auxiliary_stress,,45
coating,coating:000141,auxiliary_stress,,45
coating,coating:000142,auxiliary_stress,,45
coating,coating:000143,auxiliary_stress,,45
coating,coating:000144,auxiliary_stress,,45
coating,coating:000145,auxiliary_stress,,45
coating,coating:000146,auxiliary_stress,,45
coating,coating:000147,auxiliary_stress,,45
coating,coating:000148,auxiliary_stress,,45
coating,coating:000149,auxiliary_stress,,45
coating,coating:000150,auxiliary_stress,,45
coating,coating:000151,auxiliary_stress,,45
coating,coating:000152,auxiliary_stress,,45
coating,coating:000153,auxiliary_stress,,45
coating,coating:000154,auxiliary_stress,,45
coating,coating:000155,auxiliary_stress,,45
coating,coating:000156,auxiliary_stress,,45
coating,coating:000157,auxiliary_stress,,45
coating,coating:000158,auxiliary_stress,,45
coating,coating:000159,auxiliary_stress,,45
coating,coating:000160,auxiliary_stress,,45
coating,coating:000161,auxiliary_stress,,45
coating,coating:000162,auxiliary_stress,,45
coating,coating:000163,auxiliary_stress,,45
coating,coating:000164,auxiliary_stress,,45
coating,coating:000165,auxiliary_stress,,45
coating,coating:000166,auxiliary_stress,,45
coating,coating:000167,auxiliary_stress,,45
coating,coating:000168,auxiliary_stress,,45
coating,coating:000169,auxiliary_stress,,45
coating,coating:000170,auxiliary_stress,,45
coating,coating:000171,auxiliary_stress,,45
coating,coating:000172,auxiliary_stress,,45
coating,coating:000173,auxiliary_stress,,45
coating,coating:000174,auxiliary_stress,,45
coating,coating:000175,auxiliary_stress,,45
coating,coating:000176,auxiliary_stress,,45
coating,coating:000177,auxiliary_stress,,45
coating,coating:000178,auxiliary_stress,,45
coating,coating:000179,auxiliary_stress,,45
coating,coating:000180,auxiliary_stress,,45
coating,coating:000181,auxiliary_stress,,45
coating,coating:000182,auxiliary_stress,,45
coating,coating:000183,auxiliary_stress,,45
coating,coating:000184,auxiliary_stress,,45
coating,coating:000185,auxiliary_stress,,45
coating,coating:000186,auxiliary_stress,,45
coating,coating:000187,auxiliary_stress,,45
coating,coating:000188,auxiliary_stress,,45
coating,coating:000189,auxiliary_stress,,45
coating,coating:000190,auxiliary_stress,,45
coating,coating:000191,auxiliary_stress,,45
coating,coating:000192,auxiliary_stress,,45
coating,coating:000193,auxiliary_stress,,45
coating,coating:000194,auxiliary_stress,,45
coating,coating:000195,auxiliary_stress,,45
coating,coating:000196,auxiliary_stress,,45
coating,coating:000197,auxiliary_stress,,45
coating,coating:000198,auxiliary_stress,,45
coating,coating:000199,auxiliary_stress,,45
coating,coating:000200,auxiliary_stress,,45
coating,coating:000201,auxiliary_stress,,45
coating,coating:000202,auxiliary_stress,,45
coating,coating:000203,auxiliary_stress,,45
coating,coating:000204,auxiliary_stress,,45
coating,coating:000205,auxiliary_stress,,45
coating,coating:000206,auxiliary_stress,,45
coating,coating:000207,auxiliary_stress,,45
coating,coating:000208,auxiliary_stress,,45
coating,coating:000209,auxiliary_stress,,45
coating,coating:000210,auxiliary_stress,,45
coating,coating:000211,auxiliary_stress,,45
coating,coating:000212,auxiliary_stress,,45
coating,coating:000213,auxiliary_stress,,45
coating,coating:000214,auxiliary_stress,,45
coating,coating:000215,auxiliary_stress,,45
coating,coating:000216,auxiliary_stress,,45
coating,coating:000217,auxiliary_stress,,45
coating,coating:000218,auxiliary_stress,,45
coating,coating:000219,auxiliary_stress,,45
coating,coating:000220,auxiliary_stress,,45
coating,coating:000221,auxiliary_stress,,45
coating,coating:000222,auxiliary_stress,,45
coating,coating:000223,auxiliary_stress,,45
coating,coating:000224,auxiliary_stress,,45
coating,coating:000225,auxiliary_stress,,45
coating,coating:000226,auxiliary_stress,,45
coating,coating:000227,auxiliary_stress,,45
coating,coating:000228,auxiliary_stress,,45
coating,coating:000229,auxiliary_stress,,45
coating,coating:000230,auxiliary_stress,,45
coating,coating:000231,auxiliary_stress,,45
coating,coating:000232,auxiliary_stress,,45
coating,coating:000233,auxiliary_stress,,45
coating,coating:000234,auxiliary_stress,,45
coating,coating:000235,auxiliary_stress,,45
coating,coating:000236,auxiliary_stress,,45
coating,coating:000237,auxiliary_stress,,45
coating,coating:000238,auxiliary_stress,,45
coating,coating:000239,auxiliary_stress,,45
coating,coating:000240,auxiliary_stress,,45
coating,coating:000241,auxiliary_stress,,45
coating,coating:000242,auxiliary_stress,,45
coating,coating:000243,auxiliary_stress,,45
coating,coating:000244,auxiliary_stress,,45
coating,coating:000245,auxiliary_stress,,45
coating,coating:000246,auxiliary_stress,,45
coating,coating:000247,auxiliary_stress,,45
coating,coating:000248,auxiliary_stress,,45
coating,coating:000249,auxiliary_stress,,45
coating,coating:000250,auxiliary_stress,,45
coating,coating:000251,auxiliary_stress,,45
coating,coating:000252,auxiliary_stress,,45
coating,coating:000253,auxiliary_stress,,45
coating,coating:000254,auxiliary_stress,,45
coating,coating:000255,auxiliary_stress,,45
coating,coating:000256,auxiliary_stress,,45
coating,coating:000257,auxiliary_stress,,45
coating,coating:000258,auxiliary_stress,,45
coating,coating:000259,auxiliary_stress,,45
coating,coating:000260,auxiliary_stress,,45
coating,coating:000261,auxiliary_stress,,45
coating,coating:000262,auxiliary_stress,,45
coating,coating:000263,auxiliary_stress,,45
coating,coating:000264,auxiliary_stress,,45
coating,coating:000265,auxiliary_stress,,45
coating,coating:000266,auxiliary_stress,,45
coating,coating:000267,auxiliary_stress,,45
coating,coating:000268,auxiliary_stress,,45
coating,coating:000269,auxiliary_stress,,45
coating,coating:000270,auxiliary_stress,,45
coating,coating:000271,auxiliary_stress,,45
coating,coating:000272,auxiliary_stress,,45
coating,coating:000273,auxiliary_stress,,45
coating,coating:000274,auxiliary_stress,,45
coating,coating:000275,auxiliary_stress,,45
coating,coating:000276,auxiliary_stress,,45
coating,coating:000277,auxiliary_stress,,45
coating,coating:000278,auxiliary_stress,,45
coating,coating:000279,auxiliary_stress,,45
coating,coating:000280,auxiliary_stress,,45
coating,coating:000281,auxiliary_stress,,45
coating,coating:000282,auxiliary_stress,,45
coating,coating:000283,auxiliary_stress,,45
coating,coating:000284,auxiliary_stress,,45
coating,coating:000285,auxiliary_stress,,45
coating,coating:000286,auxiliary_stress,,45
coating,coating:000287,auxiliary_stress,,45
coating,coating:000288,auxiliary_stress,,45
coating,coating:000289,auxiliary_stress,,45
coating,coating:000290,auxiliary_stress,,45
coating,coating:000291,auxiliary_stress,,45
coating,coating:000292,auxiliary_stress,,45
coating,coating:000293,auxiliary_stress,,45
coating,coating:000294,auxiliary_stress,,45
coating,coating:000295,auxiliary_stress,,45
coating,coating:000296,auxiliary_stress,,45
coating,coating:000297,auxiliary_stress,,45
coating,coating:000298,auxiliary_stress,,45
coating,coating:000299,auxiliary_stress,,45
coating,coating:000300,auxiliary_stress,,45
coating,coating:000301,auxiliary_stress,,45
coating,coating:000302,auxiliary_stress,,45
coating,coating:000303,auxiliary_stress,,45
coating,coating:000304,auxiliary_stress,,45
coating,coating:000305,auxiliary_stress,,45
coating,coating:000306,auxiliary_stress,,45
coating,coating:000307,auxiliary_stress,,45
coating,coating:000308,auxiliary_stress,,45
coating,coating:000309,auxiliary_stress,,45
coating,coating:000310,auxiliary_stress,,45
coating,coating:000311,auxiliary_stress,,45
coating,coating:000312,auxiliary_stress,,45
coating,coating:000313,auxiliary_stress,,45
coating,coating:000314,auxiliary_stress,,45
coating,coating:000315,auxiliary_stress,,45
coating,coating:000316,auxiliary_stress,,45
coating,coating:000317,auxiliary_stress,,45
coating,coating:000318,auxiliary_stress,,45
coating,coating:000319,auxiliary_stress,,45
coating,coating:000320,auxiliary_stress,,45
coating,coating:000321,auxiliary_stress,,45
coating,coating:000322,auxiliary_stress,,45
coating,coating:000323,auxiliary_stress,,45
coating,coating:000324,auxiliary_stress,,45
coating,coating:000325,auxiliary_stress,,45
coating,coating:000326,auxiliary_stress,,45
coating,coating:000327,auxiliary_stress,,45
coating,coating:000328,auxiliary_stress,,45
coating,coating:000329,auxiliary_stress,,45
coating,coating:000330,auxiliary_stress,,45
coating,coating:000331,auxiliary_stress,,45
coating,coating:000332,auxiliary_stress,,45
coating,coating:000333,auxiliary_stress,,45
coating,coating:000334,auxiliary_stress,,45
coating,coating:000335,auxiliary_stress,,45
indiana,indiana:001,external_test,,12
indiana,indiana:002,external_test,,12
indiana,indiana:003,external_test,,12
indiana,indiana:004,external_test,,12
indiana,indiana:005,external_test,,12
indiana,indiana:006,external_test,,12
indiana,indiana:007,external_test,,12
indiana,indiana:008,external_test,,12
indiana,indiana:009,external_test,,12
indiana,indiana:010,external_test,,12
indiana,indiana:011,external_test,,12
indiana,indiana:012,external_test,,12
indiana,indiana:013,external_test,,12
indiana,indiana:014,external_test,,12
indiana,indiana:015,external_test,,12
indiana,indiana:016,external_test,,12
indiana,indiana:017,external_test,,12
indiana,indiana:018,external_test,,12
indiana,indiana:019,external_test,,12
indiana,indiana:020,external_test,,12
indiana,indiana:021,external_test,,12
indiana,indiana:022,external_test,,12
indiana,indiana:023,external_test,,12
indiana,indiana:024,external_test,,12
indiana,indiana:025,external_test,,12
indiana,indiana:026,external_test,,12
indiana,indiana:027,external_test,,12
indiana,indiana:028,external_test,,12
indiana,indiana:029,external_test,,12
indiana,indiana:031,external_test,,12
indiana,indiana:032,external_test,,12
indiana,indiana:036,external_test,,12
indiana,indiana:037,external_test,,12
indiana,indiana:038,external_test,,12
indiana,indiana:039,external_test,,12
indiana,indiana:041,external_test,,12
indiana,indiana:042,external_test,,12
indiana,indiana:043,external_test,,12
indiana,indiana:044,external_test,,12
indiana,indiana:046,external_test,,12
indiana,indiana:047,external_test,,12
indiana,indiana:048,external_test,,12
indiana,indiana:050,external_test,,12
indiana,indiana:051,external_test,,12
indiana,indiana:052,external_test,,12
indiana,indiana:053,external_test,,12
indiana,indiana:054,external_test,,12
indiana,indiana:055,external_test,,12
indiana,indiana:056,external_test,,12
indiana,indiana:057,external_test,,12
indiana,indiana:058,external_test,,12
indiana,indiana:059,external_test,,12
indiana,indiana:060,external_test,,12
indiana,indiana:061,external_test,,12
indiana,indiana:062,external_test,,12
indiana,indiana:063,external_test,,12
indiana,indiana:064,external_test,,12
indiana,indiana:065,external_test,,12
indiana,indiana:066,external_test,,12
indiana,indiana:067,external_test,,12
indiana,indiana:068,external_test,,12
indiana,indiana:069,external_test,,12
indiana,indiana:070,external_test,,12
indiana,indiana:071,external_test,,12
indiana,indiana:072,external_test,,12
indiana,indiana:073,external_test,,12
indiana,indiana:074,external_test,,12
indiana,indiana:075,external_test,,12
indiana,indiana:076,external_test,,12
indiana,indiana:077,external_test,,12
indiana,indiana:078,external_test,,12
indiana,indiana:079,external_test,,12
indiana,indiana:080,external_test,,12
indiana,indiana:081,external_test,,12
indiana,indiana:083,external_test,,12
indiana,indiana:084,external_test,,12
indiana,indiana:085,external_test,,12
indiana,indiana:086,external_test,,12
indiana,indiana:087,external_test,,12
indiana,indiana:088,external_test,,12
indiana,indiana:089,external_test,,12
indiana,indiana:090,external_test,,12
indiana,indiana:091,external_test,,12
indiana,indiana:092,external_test,,12
indiana,indiana:093,external_test,,12
indiana,indiana:094,external_test,,12
indiana,indiana:095,external_test,,12
indiana,indiana:096,external_test,,12
indiana,indiana:097,external_test,,12
indiana,indiana:098,external_test,,12
indiana,indiana:099,external_test,,12
indiana,indiana:100,external_test,,12
indiana,indiana:101,external_test,,12
indiana,indiana:102,external_test,,12
indiana,indiana:103,external_test,,12
indiana,indiana:104,external_test,,12
indiana,indiana:106,external_test,,12
indiana,indiana:108,external_test,,12
indiana,indiana:109,external_test,,12
indiana,indiana:110,external_test,,12
indiana,indiana:111,external_test,,12
indiana,indiana:112,external_test,,12
indiana,indiana:113,external_test,,12
indiana,indiana:114,external_test,,12
indiana,indiana:115,external_test,,12
indiana,indiana:116,external_test,,12
indiana,indiana:117,external_test,,12
indiana,indiana:118,external_test,,12
indiana,indiana:119,external_test,,12
indiana,indiana:120,external_test,,12
indiana,indiana:121,external_test,,12
indiana,indiana:122,external_test,,12
indiana,indiana:123,external_test,,12
indiana,indiana:124,external_test,,12
indiana,indiana:125,external_test,,12
indiana,indiana:126,external_test,,12
indiana,indiana:127,external_test,,12
indiana,indiana:128,external_test,,12
indiana,indiana:129,external_test,,12
indiana,indiana:130,external_test,,12
indiana,indiana:131,external_test,,12
indiana,indiana:132,external_test,,12
indiana,indiana:133,external_test,,12
indiana,indiana:134,external_test,,12
indiana,indiana:135,external_test,,12
indiana,indiana:136,external_test,,12
indiana,indiana:137,external_test,,12
indiana,indiana:138,external_test,,12
indiana,indiana:139,external_test,,12
indiana,indiana:140,external_test,,12
indiana,indiana:141,external_test,,12
indiana,indiana:142,external_test,,12
indiana,indiana:143,external_test,,12
indiana,indiana:144,external_test,,12
indiana,indiana:145,external_test,,12
indiana,indiana:146,external_test,,12
mokume,mokume:B01,val,,6
mokume,mokume:B02,train,,6
mokume,mokume:B03,train,,6
mokume,mokume:B04,train,,6
mokume,mokume:B05,train,,6
mokume,mokume:B06,train,,6
mokume,mokume:B07,val,,6
mokume,mokume:B08,val,,6
mokume,mokume:B09,train,,6
mokume,mokume:B10,train,,6
mokume,mokume:BW01,train,,6
mokume,mokume:BW02,train,,6
mokume,mokume:BW03,train,,6
mokume,mokume:BW04,train,,6
mokume,mokume:BW05,train,,6
mokume,mokume:BW06,train,,6
mokume,mokume:BW07,train,,6
mokume,mokume:BW08,val,,6
mokume,mokume:BW09,test,,6
mokume,mokume:BW10,test,,6
mokume,mokume:CH01,train,,6
mokume,mokume:CH02,train,,6
mokume,mokume:CH03,train,,6
mokume,mokume:CH04,test,,6
mokume,mokume:CH05,train,,6
mokume,mokume:CH06,train,,6
mokume,mokume:CH07,test,,6
mokume,mokume:CH08,train,,6
mokume,mokume:CH09,train,,6
mokume,mokume:CH10,train,,6
mokume,mokume:CN01,test,,6
mokume,mokume:CN02,test,,6
mokume,mokume:CN03,train,,6
mokume,mokume:CN04,train,,6
mokume,mokume:CN05,train,,6
mokume,mokume:CN06,train,,6
mokume,mokume:CN07,train,,6
mokume,mokume:CN08,train,,6
mokume,mokume:CN09,val,,6
mokume,mokume:CN10,train,,6
mokume,mokume:H01,train,,6
mokume,mokume:H02,val,,6
mokume,mokume:H03,val,,6
mokume,mokume:H04,train,,6
mokume,mokume:H05,train,,6
mokume,mokume:H06,train,,6
mokume,mokume:H07,train,,6
mokume,mokume:H08,test,,6
mokume,mokume:H09,train,,6
mokume,mokume:H10,test,,6
mokume,mokume:H11,val,,6
mokume,mokume:H12,test,,6
mokume,mokume:H13,test,,6
mokume,mokume:H14,test,,6
mokume,mokume:H15,test,,6
mokume,mokume:H16,test,,6
mokume,mokume:H17,train,,6
mokume,mokume:H18,train,,6
mokume,mokume:H19,test,,6
mokume,mokume:H20,train,,6
mokume,mokume:IC01,train,,6
mokume,mokume:IC02,train,,6
mokume,mokume:IC03,train,,6
mokume,mokume:IC04,test,,6
mokume,mokume:IC05,test,,6
mokume,mokume:IC06,test,,6
mokume,mokume:IC07,val,,6
mokume,mokume:IC08,train,,6
mokume,mokume:IC09,train,,6
mokume,mokume:IC10,train,,6
mokume,mokume:K01,val,,6
mokume,mokume:K02,val,,6
mokume,mokume:K03,train,,6
mokume,mokume:K04,train,,6
mokume,mokume:K05,train,,6
mokume,mokume:K06,train,,6
mokume,mokume:K07,train,,6
mokume,mokume:K08,train,,6
mokume,mokume:K09,train,,6
mokume,mokume:K10,val,,6
mokume,mokume:KR01,train,,6
mokume,mokume:KR02,train,,6
mokume,mokume:KR03,test,,6
mokume,mokume:KR04,val,,6
mokume,mokume:KR05,val,,6
mokume,mokume:KR06,val,,6
mokume,mokume:KR07,train,,6
mokume,mokume:KR08,train,,6
mokume,mokume:KR09,test,,6
mokume,mokume:KR10,test,,6
mokume,mokume:MP01,val,,6
mokume,mokume:MP02,train,,6
mokume,mokume:MP03,train,,6
mokume,mokume:MP04,train,,6
mokume,mokume:MP05,val,,6
mokume,mokume:MP06,test,,6
mokume,mokume:MP07,train,,6
mokume,mokume:MP08,train,,6
mokume,mokume:MP09,train,,6
mokume,mokume:MP10,train,,6
mokume,mokume:MZ01,train,,6
mokume,mokume:MZ02,train,,6
mokume,mokume:MZ03,val,,6
mokume,mokume:MZ04,train,,6
mokume,mokume:MZ05,train,,6
mokume,mokume:MZ06,val,,6
mokume,mokume:MZ07,train,,6
mokume,mokume:MZ08,train,,6
mokume,mokume:MZ09,test,,6
mokume,mokume:MZ10,val,,6
mokume,mokume:N01,train,,6
mokume,mokume:N02,train,,6
mokume,mokume:N03,train,,6
mokume,mokume:N04,train,,6
mokume,mokume:N05,train,,6
mokume,mokume:N06,train,,6
mokume,mokume:N07,train,,6
mokume,mokume:N08,train,,6
mokume,mokume:N09,val,,6
mokume,mokume:N10,train,,6
mokume,mokume:NR01,train,,6
mokume,mokume:NR02,train,,6
mokume,mokume:NR03,test,,6
mokume,mokume:NR04,train,,6
mokume,mokume:NR05,test,,6
mokume,mokume:NR06,train,,6
mokume,mokume:NR07,train,,6
mokume,mokume:NR08,train,,6
mokume,mokume:NR09,train,,6
mokume,mokume:NR10,train,,6
mokume,mokume:P01,train,,6
mokume,mokume:P02,train,,6
mokume,mokume:P03,val,,6
mokume,mokume:P04,test,,6
mokume,mokume:P05,train,,6
mokume,mokume:P06,train,,6
mokume,mokume:P07,train,,6
mokume,mokume:P08,train,,6
mokume,mokume:P09,train,,6
mokume,mokume:P10,test,,6
mokume,mokume:RO01,train,,6
mokume,mokume:RO02,train,,6
mokume,mokume:RO03,train,,6
mokume,mokume:RO04,train,,6
mokume,mokume:RO05,train,,6
mokume,mokume:RO06,train,,6
mokume,mokume:RO07,train,,6
mokume,mokume:RO08,val,,6
mokume,mokume:RO09,train,,6
mokume,mokume:RO10,train,,6
mokume,mokume:S01,val,,6
mokume,mokume:S02,train,,6
mokume,mokume:S03,test,,6
mokume,mokume:S04,train,,6
mokume,mokume:S05,train,,6
mokume,mokume:S06,train,,6
mokume,mokume:S07,train,,6
mokume,mokume:S08,val,,6
mokume,mokume:S09,train,,6
mokume,mokume:S10,test,,6
mokume,mokume:SG01,train,,6
mokume,mokume:SG02,train,,6
mokume,mokume:SG03,train,,6
mokume,mokume:SG04,train,,6
mokume,mokume:SG05,train,,6
mokume,mokume:SG06,train,,6
mokume,mokume:SG07,test,,6
mokume,mokume:SG08,val,,6
mokume,mokume:SG09,train,,6
mokume,mokume:SG10,train,,6
mokume,mokume:SG11,train,,6
mokume,mokume:SG12,train,,6
mokume,mokume:SG13,train,,6
mokume,mokume:SG14,val,,6
mokume,mokume:SG15,train,,6
mokume,mokume:SG16,train,,6
mokume,mokume:SG17,test,,6
mokume,mokume:SG18,train,,6
mokume,mokume:SG19,train,,6
mokume,mokume:SG20,train,,6
mokume,mokume:TC01,train,,6
mokume,mokume:TC02,val,,6
mokume,mokume:TC03,test,,6
mokume,mokume:TC04,train,,6
mokume,mokume:TC05,val,,6
mokume,mokume:TC06,train,,6
mokume,mokume:TC07,train,,6
mokume,mokume:TC08,train,,6
mokume,mokume:TC09,train,,6
mokume,mokume:TC10,val,,6
oulu,oulu:st1012,external_test,,1
oulu,oulu:st1013,external_test,,1
oulu,oulu:st1014,external_test,,1
oulu,oulu:st1015,external_test,,1
oulu,oulu:st1016,external_test,,1
oulu,oulu:st1017,external_test,,1
oulu,oulu:st1018,external_test,,1
oulu,oulu:st1019,external_test,,1
oulu,oulu:st1020,external_test,,1
oulu,oulu:st1021,external_test,,1
oulu,oulu:st1022,external_test,,1
oulu,oulu:st1023,external_test,,1
oulu,oulu:st1024,external_test,,1
oulu,oulu:st1025,external_test,,1
oulu,oulu:st1026,external_test,,1
oulu,oulu:st1027,external_test,,1
oulu,oulu:st1028,external_test,,1
oulu,oulu:st1029,external_test,,1
oulu,oulu:st1030,external_test,,1
oulu,oulu:st1031,external_test,,1
oulu,oulu:st1032,external_test,,1
oulu,oulu:st1033,external_test,,1
oulu,oulu:st1034,external_test,,1
oulu,oulu:st1035,external_test,,1
oulu,oulu:st1036,external_test,,1
oulu,oulu:st1037,external_test,,1
oulu,oulu:st1038,external_test,,1
oulu,oulu:st1039,external_test,,1
oulu,oulu:st1040,external_test,,1
oulu,oulu:st1041,external_test,,1
oulu,oulu:st1042,external_test,,1
oulu,oulu:st1043,external_test,,1
oulu,oulu:st1044,external_test,,1
oulu,oulu:st1045,external_test,,1
oulu,oulu:st1046,external_test,,1
oulu,oulu:st1047,external_test,,1
oulu,oulu:st1048,external_test,,1
oulu,oulu:st1049,external_test,,1
oulu,oulu:st1050,external_test,,1
oulu,oulu:st1051,external_test,,1
oulu,oulu:st1052,external_test,,1
oulu,oulu:st1053,external_test,,1
oulu,oulu:st1054,external_test,,1
oulu,oulu:st1055,external_test,,1
oulu,oulu:st1056,external_test,,1
oulu,oulu:st1057,external_test,,1
oulu,oulu:st1058,external_test,,1
oulu,oulu:st1059,external_test,,1
oulu,oulu:st1060,external_test,,1
oulu,oulu:st1061,external_test,,1
oulu,oulu:st1062,external_test,,1
oulu,oulu:st1063,external_test,,1
oulu,oulu:st1064,external_test,,1
oulu,oulu:st1065,external_test,,1
oulu,oulu:st1066,external_test,,1
oulu,oulu:st1067,external_test,,1
oulu,oulu:st1068,external_test,,1
oulu,oulu:st1069,external_test,,1
oulu,oulu:st1070,external_test,,1
oulu,oulu:st1071,external_test,,1
oulu,oulu:st1072,external_test,,1
oulu,oulu:st1073,external_test,,1
oulu,oulu:st1074,external_test,,1
oulu,oulu:st1075,external_test,,1
oulu,oulu:st1076,external_test,,1
oulu,oulu:st1077,external_test,,1
oulu,oulu:st1078,external_test,,1
oulu,oulu:st1079,external_test,,1
oulu,oulu:st1080,external_test,,1
oulu,oulu:st1081,external_test,,1
oulu,oulu:st1082,external_test,,1
oulu,oulu:st1083,external_test,,1
oulu,oulu:st1084,external_test,,1
oulu,oulu:st1085,external_test,,1
oulu,oulu:st1086,external_test,,1
oulu,oulu:st1087,external_test,,1
oulu,oulu:st1088,external_test,,1
oulu,oulu:st1089,external_test,,1
oulu,oulu:st1090,external_test,,1
oulu,oulu:st1091,external_test,,1
oulu,oulu:st1092,external_test,,1
oulu,oulu:st1093,external_test,,1
oulu,oulu:st1094,external_test,,1
oulu,oulu:st1095,external_test,,1
oulu,oulu:st1096,external_test,,1
oulu,oulu:st1097,external_test,,1
oulu,oulu:st1098,external_test,,1
oulu,oulu:st1099,external_test,,1
oulu,oulu:st1100,external_test,,1
oulu,oulu:st1101,external_test,,1
oulu,oulu:st1102,external_test,,1
oulu,oulu:st1103,external_test,,1
oulu,oulu:st1104,external_test,,1
oulu,oulu:st1105,external_test,,1
oulu,oulu:st1106,external_test,,1
oulu,oulu:st1107,external_test,,1
oulu,oulu:st1108,external_test,,1
oulu,oulu:st1109,external_test,,1
oulu,oulu:st1110,external_test,,1
oulu,oulu:st1111,external_test,,1
oulu,oulu:st1112,external_test,,1
oulu,oulu:st1113,external_test,,1
oulu,oulu:st1114,external_test,,1
oulu,oulu:st1115,external_test,,1
oulu,oulu:st1116,external_test,,1
oulu,oulu:st1117,external_test,,1
oulu,oulu:st1118,external_test,,1
oulu,oulu:st1119,external_test,,1
oulu,oulu:st1120,external_test,,1
oulu,oulu:st1121,external_test,,1
oulu,oulu:st1122,external_test,,1
oulu,oulu:st1123,external_test,,1
oulu,oulu:st1124,external_test,,1
oulu,oulu:st1125,external_test,,1
oulu,oulu:st1126,external_test,,1
oulu,oulu:st1127,external_test,,1
oulu,oulu:st1128,external_test,,1
oulu,oulu:st1129,external_test,,1
oulu,oulu:st1130,external_test,,1
oulu,oulu:st1131,external_test,,1
oulu,oulu:st1132,external_test,,1
oulu,oulu:st1133,external_test,,1
oulu,oulu:st1134,external_test,,1
oulu,oulu:st1135,external_test,,1
oulu,oulu:st1136,external_test,,1
oulu,oulu:st1137,external_test,,1
oulu,oulu:st1138,external_test,,1
oulu,oulu:st1139,external_test,,1
oulu,oulu:st1140,external_test,,1
oulu,oulu:st1141,external_test,,1
oulu,oulu:st1142,external_test,,1
oulu,oulu:st1143,external_test,,1
oulu,oulu:st1144,external_test,,1
oulu,oulu:st1145,external_test,,1
oulu,oulu:st1146,external_test,,1
oulu,oulu:st1147,external_test,,1
oulu,oulu:st1148,external_test,,1
oulu,oulu:st1149,external_test,,1
oulu,oulu:st1150,external_test,,1
oulu,oulu:st1151,external_test,,1
oulu,oulu:st1152,external_test,,1
oulu,oulu:st1153,external_test,,1
oulu,oulu:st1154,external_test,,1
oulu,oulu:st1155,external_test,,1
oulu,oulu:st1156,external_test,,1
oulu,oulu:st1157,external_test,,1
oulu,oulu:st1158,external_test,,1
oulu,oulu:st1159,external_test,,1
oulu,oulu:st1160,external_test,,1
oulu,oulu:st1161,external_test,,1
oulu,oulu:st1162,external_test,,1
oulu,oulu:st1163,external_test,,1
oulu,oulu:st1164,external_test,,1
oulu,oulu:st1165,external_test,,1
oulu,oulu:st1166,external_test,,1
oulu,oulu:st1167,external_test,,1
oulu,oulu:st1168,external_test,,1
oulu,oulu:st1169,external_test,,1
oulu,oulu:st1170,external_test,,1
oulu,oulu:st1171,external_test,,1
oulu,oulu:st1172,external_test,,1
oulu,oulu:st1173,external_test,,1
oulu,oulu:st1174,external_test,,1
oulu,oulu:st1175,external_test,,1
oulu,oulu:st1176,external_test,,1
oulu,oulu:st1177,external_test,,1
oulu,oulu:st1178,external_test,,1
oulu,oulu:st1179,external_test,,1
oulu,oulu:st1180,external_test,,1
oulu,oulu:st1181,external_test,,1
oulu,oulu:st1182,external_test,,1
oulu,oulu:st1183,external_test,,1
oulu,oulu:st1184,external_test,,1
oulu,oulu:st1185,external_test,,1
oulu,oulu:st1186,external_test,,1
oulu,oulu:st1187,external_test,,1
oulu,oulu:st1188,external_test,,1
oulu,oulu:st1189,external_test,,1
oulu,oulu:st1190,external_test,,1
oulu,oulu:st1191,external_test,,1
oulu,oulu:st1192,external_test,,1
oulu,oulu:st1193,external_test,,1
oulu,oulu:st1194,external_test,,1
oulu,oulu:st1195,external_test,,1
oulu,oulu:st1196,external_test,,1
oulu,oulu:st1197,external_test,,1
oulu,oulu:st1198,external_test,,1
oulu,oulu:st1199,external_test,,1
oulu,oulu:st1200,external_test,,1
oulu,oulu:st1201,external_test,,1
oulu,oulu:st1202,external_test,,1
oulu,oulu:st1203,external_test,,1
oulu,oulu:st1204,external_test,,1
oulu,oulu:st1205,external_test,,1
oulu,oulu:st1206,external_test,,1
oulu,oulu:st1207,external_test,,1
oulu,oulu:st1208,external_test,,1
oulu,oulu:st1209,external_test,,1
oulu,oulu:st1210,external_test,,1
oulu,oulu:st1211,external_test,,1
oulu,oulu:st1212,external_test,,1
oulu,oulu:st1213,external_test,,1
oulu,oulu:st1214,external_test,,1
oulu,oulu:st1215,external_test,,1
oulu,oulu:st1216,external_test,,1
oulu,oulu:st1217,external_test,,1
oulu,oulu:st1218,external_test,,1
oulu,oulu:st1219,external_test,,1
oulu,oulu:st1220,external_test,,1
oulu,oulu:st1221,external_test,,1
oulu,oulu:st1222,external_test,,1
oulu,oulu:st1223,external_test,,1
oulu,oulu:st1224,external_test,,1
oulu,oulu:st1225,external_test,,1
oulu,oulu:st1226,external_test,,1
oulu,oulu:st1227,external_test,,1
oulu,oulu:st1228,external_test,,1
oulu,oulu:st1229,external_test,,1
oulu,oulu:st1230,external_test,,1
oulu,oulu:st1231,external_test,,1
oulu,oulu:st1232,external_test,,1
oulu,oulu:st1233,external_test,,1
oulu,oulu:st1234,external_test,,1
oulu,oulu:st1235,external_test,,1
oulu,oulu:st1236,external_test,,1
oulu,oulu:st1237,external_test,,1
oulu,oulu:st1238,external_test,,1
oulu,oulu:st1239,external_test,,1
oulu,oulu:st1240,external_test,,1
oulu,oulu:st1241,external_test,,1
oulu,oulu:st1242,external_test,,1
oulu,oulu:st1243,external_test,,1
oulu,oulu:st1244,external_test,,1
oulu,oulu:st1245,external_test,,1
oulu,oulu:st1246,external_test,,1
oulu,oulu:st1247,external_test,,1
oulu,oulu:st1248,external_test,,1
oulu,oulu:st1249,external_test,,1
oulu,oulu:st1250,external_test,,1
oulu,oulu:st1251,external_test,,1
oulu,oulu:st1252,external_test,,1
oulu,oulu:st1253,external_test,,1
oulu,oulu:st1254,external_test,,1
oulu,oulu:st1255,external_test,,1
oulu,oulu:st1256,external_test,,1
oulu,oulu:st1257,external_test,,1
oulu,oulu:st1258,external_test,,1
oulu,oulu:st1259,external_test,,1
oulu,oulu:st1260,external_test,,1
oulu,oulu:st1261,external_test,,1
oulu,oulu:st1262,external_test,,1
oulu,oulu:st1263,external_test,,1
oulu,oulu:st1264,external_test,,1
oulu,oulu:st1265,external_test,,1
oulu,oulu:st1266,external_test,,1
oulu,oulu:st1267,external_test,,1
oulu,oulu:st1268,external_test,,1
oulu,oulu:st1269,external_test,,1
oulu,oulu:st1270,external_test,,1
oulu,oulu:st1271,external_test,,1
oulu,oulu:st1272,external_test,,1
oulu,oulu:st1273,external_test,,1
oulu,oulu:st1274,external_test,,1
oulu,oulu:st1275,external_test,,1
oulu,oulu:st1276,external_test,,1
oulu,oulu:st1277,external_test,,1
oulu,oulu:st1278,external_test,,1
oulu,oulu:st1279,external_test,,1
oulu,oulu:st1280,external_test,,1
oulu,oulu:st1281,external_test,,1
oulu,oulu:st1282,external_test,,1
oulu,oulu:st1283,external_test,,1
oulu,oulu:st1284,external_test,,1
oulu,oulu:st1285,external_test,,1
oulu,oulu:st1286,external_test,,1
oulu,oulu:st1287,external_test,,1
oulu,oulu:st1288,external_test,,1
oulu,oulu:st1289,external_test,,1
oulu,oulu:st1290,external_test,,1
oulu,oulu:st1291,external_test,,1
oulu,oulu:st1292,external_test,,1
oulu,oulu:st1293,external_test,,1
oulu,oulu:st1294,external_test,,1
oulu,oulu:st1295,external_test,,1
oulu,oulu:st1296,external_test,,1
oulu,oulu:st1297,external_test,,1
oulu,oulu:st1298,external_test,,1
oulu,oulu:st1299,external_test,,1
oulu,oulu:st1300,external_test,,1
oulu,oulu:st1301,external_test,,1
oulu,oulu:st1302,external_test,,1
oulu,oulu:st1303,external_test,,1
oulu,oulu:st1304,external_test,,1
oulu,oulu:st1305,external_test,,1
oulu,oulu:st1306,external_test,,1
oulu,oulu:st1307,external_test,,1
oulu,oulu:st1308,external_test,,1
oulu,oulu:st1309,external_test,,1
oulu,oulu:st1310,external_test,,1
oulu,oulu:st1311,external_test,,1
oulu,oulu:st1312,external_test,,1
oulu,oulu:st1313,external_test,,1
oulu,oulu:st1314,external_test,,1
oulu,oulu:st1315,external_test,,1
oulu,oulu:st1316,external_test,,1
oulu,oulu:st1317,external_test,,1
oulu,oulu:st1318,external_test,,1
oulu,oulu:st1319,external_test,,1
oulu,oulu:st1320,external_test,,1
oulu,oulu:st1321,external_test,,1
oulu,oulu:st1322,external_test,,1
oulu,oulu:st1323,external_test,,1
oulu,oulu:st1324,external_test,,1
oulu,oulu:st1325,external_test,,1
oulu,oulu:st1326,external_test,,1
oulu,oulu:st1327,external_test,,1
oulu,oulu:st1328,external_test,,1
oulu,oulu:st1329,external_test,,1
oulu,oulu:st1330,external_test,,1
oulu,oulu:st1331,external_test,,1
oulu,oulu:st1332,external_test,,1
oulu,oulu:st1333,external_test,,1
oulu,oulu:st1334,external_test,,1
oulu,oulu:st1335,external_test,,1
oulu,oulu:st1336,external_test,,1
oulu,oulu:st1337,external_test,,1
oulu,oulu:st1338,external_test,,1
oulu,oulu:st1339,external_test,,1
oulu,oulu:st1340,external_test,,1
oulu,oulu:st1341,external_test,,1
oulu,oulu:st1342,external_test,,1
oulu,oulu:st1343,external_test,,1
oulu,oulu:st1344,external_test,,1
oulu,oulu:st1345,external_test,,1
oulu,oulu:st1346,external_test,,1
oulu,oulu:st1347,external_test,,1
oulu,oulu:st1348,external_test,,1
oulu,oulu:st1349,external_test,,1
oulu,oulu:st1350,external_test,,1
oulu,oulu:st1351,external_test,,1
oulu,oulu:st1352,external_test,,1
oulu,oulu:st1353,external_test,,1
oulu,oulu:st1354,external_test,,1
oulu,oulu:st1355,external_test,,1
oulu,oulu:st1356,external_test,,1
oulu,oulu:st1357,external_test,,1
oulu,oulu:st1358,external_test,,1
oulu,oulu:st1359,external_test,,1
oulu,oulu:st1360,external_test,,1
oulu,oulu:st1361,external_test,,1
oulu,oulu:st1362,external_test,,1
oulu,oulu:st1363,external_test,,1
oulu,oulu:st1364,external_test,,1
oulu,oulu:st1365,external_test,,1
oulu,oulu:st1366,external_test,,1
oulu,oulu:st1367,external_test,,1
oulu,oulu:st1368,external_test,,1
oulu,oulu:st1369,external_test,,1
oulu,oulu:st1370,external_test,,1
oulu,oulu:st1371,external_test,,1
oulu,oulu:st1372,external_test,,1
oulu,oulu:st1373,external_test,,1
oulu,oulu:st1374,external_test,,1
oulu,oulu:st1375,external_test,,1
oulu,oulu:st1376,external_test,,1
oulu,oulu:st1377,external_test,,1
oulu,oulu:st1378,external_test,,1
oulu,oulu:st1379,external_test,,1
oulu,oulu:st1380,external_test,,1
oulu,oulu:st1381,external_test,,1
oulu,oulu:st1382,external_test,,1
oulu,oulu:st1383,external_test,,1
oulu,oulu:st1384,external_test,,1
oulu,oulu:st1385,external_test,,1
oulu,oulu:st1386,external_test,,1
oulu,oulu:st1387,external_test,,1
oulu,oulu:st1388,external_test,,1
oulu,oulu:st1389,external_test,,1
oulu,oulu:st1390,external_test,,1
oulu,oulu:st1391,external_test,,1
oulu,oulu:st1392,external_test,,1
oulu,oulu:st1393,external_test,,1
oulu,oulu:st1394,external_test,,1
oulu,oulu:st1395,external_test,,1
oulu,oulu:st1396,external_test,,1
oulu,oulu:st1397,external_test,,1
oulu,oulu:st1398,external_test,,1
oulu,oulu:st1399,external_test,,1
oulu,oulu:st1400,external_test,,1
oulu,oulu:st1401,external_test,,1
oulu,oulu:st1402,external_test,,1
oulu,oulu:st1403,external_test,,1
oulu,oulu:st1404,external_test,,1
oulu,oulu:st1405,external_test,,1
oulu,oulu:st1406,external_test,,1
oulu,oulu:st1407,external_test,,1
oulu,oulu:st1408,external_test,,1
oulu,oulu:st1409,external_test,,1
oulu,oulu:st1410,external_test,,1
oulu,oulu:st1411,external_test,,1
oulu,oulu:st1412,external_test,,1
oulu,oulu:st1413,external_test,,1
oulu,oulu:st1414,external_test,,1
oulu,oulu:st1415,external_test,,1
oulu,oulu:st1416,external_test,,1
oulu,oulu:st1417,external_test,,1
oulu,oulu:st1418,external_test,,1
oulu,oulu:st1419,external_test,,1
oulu,oulu:st1420,external_test,,1
oulu,oulu:st1421,external_test,,1
oulu,oulu:st1422,external_test,,1
oulu,oulu:st1423,external_test,,1
oulu,oulu:st1424,external_test,,1
oulu,oulu:st1425,external_test,,1
oulu,oulu:st1426,external_test,,1
oulu,oulu:st1427,external_test,,1
oulu,oulu:st1428,external_test,,1
oulu,oulu:st1429,external_test,,1
oulu,oulu:st1430,external_test,,1
oulu,oulu:st1431,external_test,,1
oulu,oulu:st1432,external_test,,1
oulu,oulu:st1433,external_test,,1
oulu,oulu:st1434,external_test,,1
oulu,oulu:st1435,external_test,,1
oulu,oulu:st1436,external_test,,1
oulu,oulu:st1437,external_test,,1
oulu,oulu:st1438,external_test,,1
oulu,oulu:st1439,external_test,,1
oulu,oulu:st1440,external_test,,1
oulu,oulu:st1441,external_test,,1
oulu,oulu:st1442,external_test,,1
oulu,oulu:st1443,external_test,,1
oulu,oulu:st1444,external_test,,1
oulu,oulu:st1445,external_test,,1
oulu,oulu:st1446,external_test,,1
oulu,oulu:st1447,external_test,,1
oulu,oulu:st1448,external_test,,1
oulu,oulu:st1449,external_test,,1
oulu,oulu:st1450,external_test,,1
oulu,oulu:st1451,external_test,,1
oulu,oulu:st1452,external_test,,1
oulu,oulu:st1453,external_test,,1
oulu,oulu:st1454,external_test,,1
oulu,oulu:st1455,external_test,,1
oulu,oulu:st1456,external_test,,1
oulu,oulu:st1457,external_test,,1
oulu,oulu:st1458,external_test,,1
oulu,oulu:st1459,external_test,,1
oulu,oulu:st1460,external_test,,1
oulu,oulu:st1461,external_test,,1
oulu,oulu:st1462,external_test,,1
oulu,oulu:st1463,external_test,,1
oulu,oulu:st1464,external_test,,1
oulu,oulu:st1465,external_test,,1
oulu,oulu:st1466,external_test,,1
oulu,oulu:st1467,external_test,,1
oulu,oulu:st1468,external_test,,1
oulu,oulu:st1469,external_test,,1
oulu,oulu:st1470,external_test,,1
oulu,oulu:st1471,external_test,,1
oulu,oulu:st1472,external_test,,1
oulu,oulu:st1473,external_test,,1
oulu,oulu:st1474,external_test,,1
oulu,oulu:st1475,external_test,,1
oulu,oulu:st1476,external_test,,1
oulu,oulu:st1477,external_test,,1
oulu,oulu:st1478,external_test,,1
oulu,oulu:st1479,external_test,,1
oulu,oulu:st1480,external_test,,1
oulu,oulu:st1481,external_test,,1
oulu,oulu:st1482,external_test,,1
oulu,oulu:st1483,external_test,,1
oulu,oulu:st1484,external_test,,1
oulu,oulu:st1485,external_test,,1
oulu,oulu:st1486,external_test,,1
oulu,oulu:st1487,external_test,,1
oulu,oulu:st1488,external_test,,1
oulu,oulu:st1489,external_test,,1
oulu,oulu:st1490,external_test,,1
oulu,oulu:st1491,external_test,,1
oulu,oulu:st1492,external_test,,1
oulu,oulu:st1493,external_test,,1
oulu,oulu:st1494,external_test,,1
oulu,oulu:st1495,external_test,,1
oulu,oulu:st1496,external_test,,1
oulu,oulu:st1497,external_test,,1
oulu,oulu:st1498,external_test,,1
oulu,oulu:st1499,external_test,,1
oulu,oulu:st1500,external_test,,1
oulu,oulu:st1501,external_test,,1
oulu,oulu:st1502,external_test,,1
oulu,oulu:st1503,external_test,,1
oulu,oulu:st1504,external_test,,1
oulu,oulu:st1505,external_test,,1
oulu,oulu:st1506,external_test,,1
oulu,oulu:st1507,external_test,,1
oulu,oulu:st1508,external_test,,1
oulu,oulu:st1509,external_test,,1
oulu,oulu:st1510,external_test,,1
oulu,oulu:st1511,external_test,,1
oulu,oulu:st1512,external_test,,1
oulu,oulu:st1513,external_test,,1
oulu,oulu:st1514,external_test,,1
oulu,oulu:st1515,external_test,,1
oulu,oulu:st1516,external_test,,1
oulu,oulu:st1517,external_test,,1
oulu,oulu:st1518,external_test,,1
oulu,oulu:st1519,external_test,,1
oulu,oulu:st1520,external_test,,1
oulu,oulu:st1521,external_test,,1
oulu,oulu:st1522,external_test,,1
oulu,oulu:st1523,external_test,,1
oulu,oulu:st1524,external_test,,1
oulu,oulu:st1525,external_test,,1
oulu,oulu:st1526,external_test,,1
oulu,oulu:st1527,external_test,,1
oulu,oulu:st1528,external_test,,1
oulu,oulu:st1529,external_test,,1
oulu,oulu:st1530,external_test,,1
oulu,oulu:st1531,external_test,,1
oulu,oulu:st1532,external_test,,1
oulu,oulu:st1533,external_test,,1
oulu,oulu:st1534,external_test,,1
oulu,oulu:st1535,external_test,,1
oulu,oulu:st1536,external_test,,1
oulu,oulu:st1537,external_test,,1
oulu,oulu:st1538,external_test,,1
oulu,oulu:st1539,external_test,,1
oulu,oulu:st1540,external_test,,1
oulu,oulu:st1541,external_test,,1
oulu,oulu:st1542,external_test,,1
oulu,oulu:st1543,external_test,,1
oulu,oulu:st1544,external_test,,1
oulu,oulu:st1545,external_test,,1
oulu,oulu:st1546,external_test,,1
oulu,oulu:st1547,external_test,,1
oulu,oulu:st1548,external_test,,1
oulu,oulu:st1549,external_test,,1
oulu,oulu:st1550,external_test,,1
oulu,oulu:st1551,external_test,,1
oulu,oulu:st1552,external_test,,1
oulu,oulu:st1553,external_test,,1
oulu,oulu:st1554,external_test,,1
oulu,oulu:st1555,external_test,,1
oulu,oulu:st1556,external_test,,1
oulu,oulu:st1557,external_test,,1
oulu,oulu:st1558,external_test,,1
oulu,oulu:st1559,external_test,,1
oulu,oulu:st1560,external_test,,1
oulu,oulu:st1561,external_test,,1
oulu,oulu:st1562,external_test,,1
oulu,oulu:st1563,external_test,,1
oulu,oulu:st1564,external_test,,1
oulu,oulu:st1565,external_test,,1
oulu,oulu:st1566,external_test,,1
oulu,oulu:st1567,external_test,,1
oulu,oulu:st1568,external_test,,1
oulu,oulu:st1569,external_test,,1
oulu,oulu:st1570,external_test,,1
oulu,oulu:st1571,external_test,,1
oulu,oulu:st1572,external_test,,1
oulu,oulu:st1573,external_test,,1
oulu,oulu:st1574,external_test,,1
oulu,oulu:st1575,external_test,,1
oulu,oulu:st1576,external_test,,1
oulu,oulu:st1577,external_test,,1
oulu,oulu:st1578,external_test,,1
oulu,oulu:st1579,external_test,,1
oulu,oulu:st1580,external_test,,1
oulu,oulu:st1581,external_test,,1
oulu,oulu:st1582,external_test,,1
oulu,oulu:st1583,external_test,,1
oulu,oulu:st1584,external_test,,1
oulu,oulu:st1585,external_test,,1
oulu,oulu:st1586,external_test,,1
oulu,oulu:st1587,external_test,,1
oulu,oulu:st1588,external_test,,1
oulu,oulu:st1589,external_test,,1
oulu,oulu:st1590,external_test,,1
oulu,oulu:st1591,external_test,,1
oulu,oulu:st1592,external_test,,1
oulu,oulu:st1593,external_test,,1
oulu,oulu:st1594,external_test,,1
oulu,oulu:st1595,external_test,,1
oulu,oulu:st1596,external_test,,1
oulu,oulu:st1597,external_test,,1
oulu,oulu:st1598,external_test,,1
oulu,oulu:st1599,external_test,,1
oulu,oulu:st1600,external_test,,1
oulu,oulu:st1601,external_test,,1
oulu,oulu:st1602,external_test,,1
oulu,oulu:st1603,external_test,,1
oulu,oulu:st1604,external_test,,1
oulu,oulu:st1605,external_test,,1
oulu,oulu:st1606,external_test,,1
oulu,oulu:st1607,external_test,,1
oulu,oulu:st1608,external_test,,1
oulu,oulu:st1609,external_test,,1
oulu,oulu:st1610,external_test,,1
oulu,oulu:st1611,external_test,,1
oulu,oulu:st1612,external_test,,1
oulu,oulu:st1613,external_test,,1
oulu,oulu:st1614,external_test,,1
oulu,oulu:st1615,external_test,,1
oulu,oulu:st1616,external_test,,1
oulu,oulu:st1617,external_test,,1
oulu,oulu:st1618,external_test,,1
oulu,oulu:st1619,external_test,,1
oulu,oulu:st1620,external_test,,1
oulu,oulu:st1621,external_test,,1
oulu,oulu:st1622,external_test,,1
oulu,oulu:st1623,external_test,,1
oulu,oulu:st1624,external_test,,1
oulu,oulu:st1625,external_test,,1
oulu,oulu:st1626,external_test,,1
oulu,oulu:st1627,external_test,,1
oulu,oulu:st1628,external_test,,1
oulu,oulu:st1629,external_test,,1
oulu,oulu:st1630,external_test,,1
oulu,oulu:st1631,external_test,,1
oulu,oulu:st1632,external_test,,1
oulu,oulu:st1633,external_test,,1
oulu,oulu:st1634,external_test,,1
oulu,oulu:st1635,external_test,,1
oulu,oulu:st1636,external_test,,1
oulu,oulu:st1637,external_test,,1
oulu,oulu:st1638,external_test,,1
oulu,oulu:st1639,external_test,,1
oulu,oulu:st1640,external_test,,1
oulu,oulu:st1641,external_test,,1
oulu,oulu:st1642,external_test,,1
oulu,oulu:st1643,external_test,,1
oulu,oulu:st1644,external_test,,1
oulu,oulu:st1645,external_test,,1
oulu,oulu:st1646,external_test,,1
oulu,oulu:st1647,external_test,,1
oulu,oulu:st1648,external_test,,1
oulu,oulu:st1649,external_test,,1
oulu,oulu:st1650,external_test,,1
oulu,oulu:st1651,external_test,,1
oulu,oulu:st1652,external_test,,1
oulu,oulu:st1653,external_test,,1
oulu,oulu:st1654,external_test,,1
oulu,oulu:st1655,external_test,,1
oulu,oulu:st1656,external_test,,1
oulu,oulu:st1657,external_test,,1
oulu,oulu:st1658,external_test,,1
oulu,oulu:st1659,external_test,,1
oulu,oulu:st1660,external_test,,1
oulu,oulu:st1661,external_test,,1
oulu,oulu:st1662,external_test,,1
oulu,oulu:st1663,external_test,,1
oulu,oulu:st1664,external_test,,1
oulu,oulu:st1665,external_test,,1
oulu,oulu:st1666,external_test,,1
oulu,oulu:st1667,external_test,,1
oulu,oulu:st1668,external_test,,1
oulu,oulu:st1669,external_test,,1
oulu,oulu:st1670,external_test,,1
oulu,oulu:st1671,external_test,,1
oulu,oulu:st1672,external_test,,1
oulu,oulu:st1673,external_test,,1
oulu,oulu:st1674,external_test,,1
oulu,oulu:st1675,external_test,,1
oulu,oulu:st1676,external_test,,1
oulu,oulu:st1677,external_test,,1
oulu,oulu:st1678,external_test,,1
oulu,oulu:st1679,external_test,,1
oulu,oulu:st1680,external_test,,1
oulu,oulu:st1681,external_test,,1
oulu,oulu:st1682,external_test,,1
oulu,oulu:st1683,external_test,,1
oulu,oulu:st1684,external_test,,1
oulu,oulu:st1685,external_test,,1
oulu,oulu:st1686,external_test,,1
oulu,oulu:st1687,external_test,,1
oulu,oulu:st1688,external_test,,1
oulu,oulu:st1689,external_test,,1
oulu,oulu:st1690,external_test,,1
oulu,oulu:st1691,external_test,,1
oulu,oulu:st1692,external_test,,1
oulu,oulu:st1693,external_test,,1
oulu,oulu:st1694,external_test,,1
oulu,oulu:st1695,external_test,,1
oulu,oulu:st1696,external_test,,1
oulu,oulu:st1697,external_test,,1
oulu,oulu:st1698,external_test,,1
oulu,oulu:st1699,external_test,,1
oulu,oulu:st1700,external_test,,1
oulu,oulu:st1701,external_test,,1
oulu,oulu:st1702,external_test,,1
oulu,oulu:st1703,external_test,,1
oulu,oulu:st1704,external_test,,1
oulu,oulu:st1705,external_test,,1
oulu,oulu:st1706,external_test,,1
oulu,oulu:st1707,external_test,,1
oulu,oulu:st1708,external_test,,1
oulu,oulu:st1709,external_test,,1
oulu,oulu:st1710,external_test,,1
oulu,oulu:st1711,external_test,,1
oulu,oulu:st1712,external_test,,1
oulu,oulu:st1713,external_test,,1
oulu,oulu:st1714,external_test,,1
oulu,oulu:st1715,external_test,,1
oulu,oulu:st1716,external_test,,1
oulu,oulu:st1717,external_test,,1
oulu,oulu:st1718,external_test,,1
oulu,oulu:st1719,external_test,,1
oulu,oulu:st1720,external_test,,1
oulu,oulu:st1721,external_test,,1
oulu,oulu:st1722,external_test,,1
oulu,oulu:st1723,external_test,,1
oulu,oulu:st1724,external_test,,1
oulu,oulu:st1725,external_test,,1
oulu,oulu:st1726,external_test,,1
oulu,oulu:st1727,external_test,,1
oulu,oulu:st1728,external_test,,1
oulu,oulu:st1729,external_test,,1
oulu,oulu:st1730,external_test,,1
oulu,oulu:st1731,external_test,,1
oulu,oulu:st1732,external_test,,1
oulu,oulu:st1733,external_test,,1
oulu,oulu:st1734,external_test,,1
oulu,oulu:st1735,external_test,,1
oulu,oulu:st1736,external_test,,1
oulu,oulu:st1737,external_test,,1
oulu,oulu:st1738,external_test,,1
oulu,oulu:st1739,external_test,,1
oulu,oulu:st1740,external_test,,1
oulu,oulu:st1741,external_test,,1
oulu,oulu:st1742,external_test,,1
oulu,oulu:st1743,external_test,,1
oulu,oulu:st1744,external_test,,1
oulu,oulu:st1745,external_test,,1
oulu,oulu:st1746,external_test,,1
oulu,oulu:st1747,external_test,,1
oulu,oulu:st1748,external_test,,1
oulu,oulu:st1749,external_test,,1
oulu,oulu:st1750,external_test,,1
oulu,oulu:st1751,external_test,,1
oulu,oulu:st1752,external_test,,1
oulu,oulu:st1753,external_test,,1
oulu,oulu:st1754,external_test,,1
oulu,oulu:st1755,external_test,,1
oulu,oulu:st1756,external_test,,1
oulu,oulu:st1757,external_test,,1
oulu,oulu:st1758,external_test,,1
oulu,oulu:st1759,external_test,,1
oulu,oulu:st1760,external_test,,1
oulu,oulu:st1761,external_test,,1
oulu,oulu:st1762,external_test,,1
oulu,oulu:st1763,external_test,,1
oulu,oulu:st1764,external_test,,1
oulu,oulu:st1765,external_test,,1
oulu,oulu:st1766,external_test,,1
oulu,oulu:st1767,external_test,,1
oulu,oulu:st1768,external_test,,1
oulu,oulu:st1769,external_test,,1
oulu,oulu:st1770,external_test,,1
oulu,oulu:st1771,external_test,,1
oulu,oulu:st1772,external_test,,1
oulu,oulu:st1773,external_test,,1
oulu,oulu:st1774,external_test,,1
oulu,oulu:st1775,external_test,,1
oulu,oulu:st1776,external_test,,1
oulu,oulu:st1777,external_test,,1
oulu,oulu:st1778,external_test,,1
oulu,oulu:st1779,external_test,,1
oulu,oulu:st1780,external_test,,1
oulu,oulu:st1781,external_test,,1
oulu,oulu:st1782,external_test,,1
oulu,oulu:st1783,external_test,,1
oulu,oulu:st1784,external_test,,1
oulu,oulu:st1785,external_test,,1
oulu,oulu:st1786,external_test,,1
oulu,oulu:st1787,external_test,,1
oulu,oulu:st1788,external_test,,1
oulu,oulu:st1789,external_test,,1
oulu,oulu:st1790,external_test,,1
oulu,oulu:st1791,external_test,,1
oulu,oulu:st1792,external_test,,1
oulu,oulu:st1793,external_test,,1
oulu,oulu:st1794,external_test,,1
oulu,oulu:st1795,external_test,,1
oulu,oulu:st1796,external_test,,1
oulu,oulu:st1797,external_test,,1
oulu,oulu:st1798,external_test,,1
oulu,oulu:st1799,external_test,,1
oulu,oulu:st1800,external_test,,1
oulu,oulu:st1801,external_test,,1
oulu,oulu:st1802,external_test,,1
oulu,oulu:st1803,external_test,,1
oulu,oulu:st1804,external_test,,1
oulu,oulu:st1805,external_test,,1
oulu,oulu:st1806,external_test,,1
oulu,oulu:st1807,external_test,,1
oulu,oulu:st1808,external_test,,1
oulu,oulu:st1809,external_test,,1
oulu,oulu:st1810,external_test,,1
oulu,oulu:st1811,external_test,,1
oulu,oulu:st1812,external_test,,1
oulu,oulu:st1813,external_test,,1
oulu,oulu:st1814,external_test,,1
oulu,oulu:st1815,external_test,,1
oulu,oulu:st1816,external_test,,1
oulu,oulu:st1817,external_test,,1
oulu,oulu:st1818,external_test,,1
oulu,oulu:st1819,external_test,,1
oulu,oulu:st1820,external_test,,1
oulu,oulu:st1821,external_test,,1
oulu,oulu:st1822,external_test,,1
oulu,oulu:st1823,external_test,,1
oulu,oulu:st1824,external_test,,1
oulu,oulu:st1825,external_test,,1
oulu,oulu:st1826,external_test,,1
oulu,oulu:st1827,external_test,,1
oulu,oulu:st1828,external_test,,1
oulu,oulu:st1829,external_test,,1
oulu,oulu:st1830,external_test,,1
oulu,oulu:st1831,external_test,,1
oulu,oulu:st1832,external_test,,1
oulu,oulu:st1833,external_test,,1
oulu,oulu:st1834,external_test,,1
oulu,oulu:st1835,external_test,,1
oulu,oulu:st1836,external_test,,1
oulu,oulu:st1837,external_test,,1
oulu,oulu:st1838,external_test,,1
oulu,oulu:st1839,external_test,,1
oulu,oulu:st1840,external_test,,1
oulu,oulu:st1841,external_test,,1
oulu,oulu:st1842,external_test,,1
oulu,oulu:st1843,external_test,,1
oulu,oulu:st1844,external_test,,1
oulu,oulu:st1845,external_test,,1
oulu,oulu:st1846,external_test,,1
oulu,oulu:st1847,external_test,,1
oulu,oulu:st1848,external_test,,1
oulu,oulu:st1849,external_test,,1
oulu,oulu:st1850,external_test,,1
urudendro,urudendro:F02,train,,5
urudendro,urudendro:F03,test,,5
urudendro,urudendro:F04,train,,5
urudendro,urudendro:F07,train,,5
urudendro,urudendro:F08,train,,5
urudendro,urudendro:F09,train,,5
urudendro,urudendro:F10,train,,3
urudendro,urudendro:L02,train,,5
urudendro,urudendro:L03,test,,5
urudendro,urudendro:L04,test,,5
urudendro,urudendro:L07,val,,5
urudendro,urudendro:L08,val,,5
urudendro,urudendro:L09,train,,5
urudendro,urudendro:L11,val,,1
urudendro2,urudendro2:A10,train,,3
urudendro2,urudendro2:A29,train,,3
urudendro2,urudendro2:A30,train,,3
urudendro2,urudendro2:A4,train,,3
urudendro2,urudendro2:A7,train,,3
urudendro2,urudendro2:A9,train,,3
urudendro2,urudendro2:B12,train,,3
urudendro2,urudendro2:B19,train,,3
urudendro2,urudendro2:B2,train,,3
urudendro2,urudendro2:B24,train,,3
urudendro2,urudendro2:B25,val,,3
urudendro2,urudendro2:B3,train,,3
urudendro2,urudendro2:C10,train,,3
urudendro2,urudendro2:C11,val,,3
urudendro2,urudendro2:C13,train,,3
urudendro2,urudendro2:C14,val,,3
urudendro2,urudendro2:C16,train,,3
urudendro2,urudendro2:C17,val,,3
urudendro4,urudendro4:B1_N10,external_test,4,4
urudendro4,urudendro4:B1_N16,external_test,3,4
urudendro4,urudendro4:B1_N18,external_test,3,4
urudendro4,urudendro4:B1_N27,external_test,0,9
urudendro4,urudendro4:B1_N32,external_test,2,5
urudendro4,urudendro4:B1_N5,external_test,0,4
urudendro4,urudendro4:B1_N9,external_test,1,4
urudendro4,urudendro4:B2_N12,external_test,3,5
urudendro4,urudendro4:B2_N15,external_test,2,4
urudendro4,urudendro4:B2_N16,external_test,2,4
urudendro4,urudendro4:B2_N23,external_test,4,8
urudendro4,urudendro4:B2_N24,external_test,0,4
urudendro4,urudendro4:B2_N3,external_test,1,5
urudendro4,urudendro4:B2_N6,external_test,2,4
urudendro4,urudendro4:B3_N1,external_test,1,4
urudendro4,urudendro4:B3_N14,external_test,1,9
urudendro4,urudendro4:B3_N16,external_test,4,4
urudendro4,urudendro4:B3_N19,external_test,0,4
urudendro4,urudendro4:B3_N21,external_test,4,4
urudendro4,urudendro4:B3_N23,external_test,3,5
urudendro4,urudendro4:B3_N9,external_test,0,4
vnwoodknot,vnwoodknot:test:img_3464,external_test,,1
vnwoodknot,vnwoodknot:test:img_3482,external_test,,1
vnwoodknot,vnwoodknot:test:img_3485,external_test,,1
vnwoodknot,vnwoodknot:test:img_3489,external_test,,1
vnwoodknot,vnwoodknot:test:img_3491,external_test,,1
vnwoodknot,vnwoodknot:test:img_3492,external_test,,1
vnwoodknot,vnwoodknot:test:img_3513,external_test,,1
vnwoodknot,vnwoodknot:test:img_3527,external_test,,1
vnwoodknot,vnwoodknot:test:img_3541,external_test,,1
vnwoodknot,vnwoodknot:test:img_3542,external_test,,1
vnwoodknot,vnwoodknot:test:img_3550,external_test,,1
vnwoodknot,vnwoodknot:test:img_3574,external_test,,1
vnwoodknot,vnwoodknot:test:img_3593,external_test,,1
vnwoodknot,vnwoodknot:test:img_3598,external_test,,1
vnwoodknot,vnwoodknot:test:img_3608,external_test,,1
vnwoodknot,vnwoodknot:test:img_3615,external_test,,1
vnwoodknot,vnwoodknot:test:img_3617,external_test,,1
vnwoodknot,vnwoodknot:test:img_3619,external_test,,1
vnwoodknot,vnwoodknot:test:img_3620,external_test,,1
vnwoodknot,vnwoodknot:test:img_3638,external_test,,1
vnwoodknot,vnwoodknot:test:img_3643,external_test,,1
vnwoodknot,vnwoodknot:test:img_3645,external_test,,1
vnwoodknot,vnwoodknot:test:img_3648,external_test,,1
vnwoodknot,vnwoodknot:test:img_3658,external_test,,1
vnwoodknot,vnwoodknot:test:img_3664,external_test,,1
vnwoodknot,vnwoodknot:test:img_3671,external_test,,1
vnwoodknot,vnwoodknot:test:img_3672,external_test,,1
vnwoodknot,vnwoodknot:test:img_3673,external_test,,1
vnwoodknot,vnwoodknot:test:img_3677,external_test,,1
vnwoodknot,vnwoodknot:test:img_3678,external_test,,1
vnwoodknot,vnwoodknot:test:img_3681,external_test,,1
vnwoodknot,vnwoodknot:test:img_3685,external_test,,1
vnwoodknot,vnwoodknot:test:img_3689,external_test,,1
vnwoodknot,vnwoodknot:test:img_3703,external_test,,1
vnwoodknot,vnwoodknot:test:img_3704,external_test,,1
vnwoodknot,vnwoodknot:test:img_3710,external_test,,1
vnwoodknot,vnwoodknot:test:img_3725,external_test,,1
vnwoodknot,vnwoodknot:test:img_3733,external_test,,1
vnwoodknot,vnwoodknot:test:img_3734,external_test,,1
vnwoodknot,vnwoodknot:test:img_3743,external_test,,1
vnwoodknot,vnwoodknot:test:img_3745,external_test,,1
vnwoodknot,vnwoodknot:test:img_3746,external_test,,1
vnwoodknot,vnwoodknot:test:img_3756,external_test,,1
vnwoodknot,vnwoodknot:test:img_3757,external_test,,1
vnwoodknot,vnwoodknot:test:img_3758,external_test,,1
vnwoodknot,vnwoodknot:test:img_3761,external_test,,1
vnwoodknot,vnwoodknot:test:img_3768,external_test,,1
vnwoodknot,vnwoodknot:test:img_3777,external_test,,1
vnwoodknot,vnwoodknot:test:img_3783,external_test,,1
vnwoodknot,vnwoodknot:test:img_3790,external_test,,1
vnwoodknot,vnwoodknot:test:img_3792,external_test,,1
vnwoodknot,vnwoodknot:test:img_3795,external_test,,1
vnwoodknot,vnwoodknot:test:img_3808,external_test,,1
vnwoodknot,vnwoodknot:test:img_3818,external_test,,1
vnwoodknot,vnwoodknot:test:img_3831,external_test,,1
vnwoodknot,vnwoodknot:test:img_3834,external_test,,1
vnwoodknot,vnwoodknot:test:img_3837,external_test,,1
vnwoodknot,vnwoodknot:test:img_3847,external_test,,1
vnwoodknot,vnwoodknot:test:img_3849,external_test,,1
vnwoodknot,vnwoodknot:test:img_3854,external_test,,1
vnwoodknot,vnwoodknot:test:img_3856,external_test,,1
vnwoodknot,vnwoodknot:test:img_3860,external_test,,1
vnwoodknot,vnwoodknot:test:img_3862,external_test,,1
vnwoodknot,vnwoodknot:test:img_3865,external_test,,1
vnwoodknot,vnwoodknot:test:img_3872,external_test,,1
vnwoodknot,vnwoodknot:test:img_3876,external_test,,1
vnwoodknot,vnwoodknot:test:img_3877,external_test,,1
vnwoodknot,vnwoodknot:test:img_3901,external_test,,1
vnwoodknot,vnwoodknot:test:img_3902,external_test,,1
vnwoodknot,vnwoodknot:test:img_3903,external_test,,1
vnwoodknot,vnwoodknot:test:img_3921,external_test,,1
vnwoodknot,vnwoodknot:test:img_3929,external_test,,1
vnwoodknot,vnwoodknot:test:img_3936,external_test,,1
vnwoodknot,vnwoodknot:test:img_3942,external_test,,1
vnwoodknot,vnwoodknot:test:img_3947,external_test,,1
vnwoodknot,vnwoodknot:test:img_3949,external_test,,1
vnwoodknot,vnwoodknot:test:img_3959,external_test,,1
vnwoodknot,vnwoodknot:test:img_3964,external_test,,1
vnwoodknot,vnwoodknot:test:img_3971,external_test,,1
vnwoodknot,vnwoodknot:test:img_3980,external_test,,1
vnwoodknot,vnwoodknot:test:img_3982,external_test,,1
vnwoodknot,vnwoodknot:test:img_3984,external_test,,1
vnwoodknot,vnwoodknot:test:img_3997,external_test,,1
vnwoodknot,vnwoodknot:test:img_4013,external_test,,1
vnwoodknot,vnwoodknot:test:img_4023,external_test,,1
vnwoodknot,vnwoodknot:test:img_4032,external_test,,1
vnwoodknot,vnwoodknot:test:img_4039,external_test,,1
vnwoodknot,vnwoodknot:test:img_4042,external_test,,1
vnwoodknot,vnwoodknot:test:img_4045,external_test,,1
vnwoodknot,vnwoodknot:test:img_4051,external_test,,1
vnwoodknot,vnwoodknot:test:img_4052,external_test,,1
vnwoodknot,vnwoodknot:test:img_4059,external_test,,1
vnwoodknot,vnwoodknot:test:img_4066,external_test,,1
vnwoodknot,vnwoodknot:test:img_4073,external_test,,1
vnwoodknot,vnwoodknot:test:img_4082,external_test,,1
vnwoodknot,vnwoodknot:test:img_4092,external_test,,1
vnwoodknot,vnwoodknot:test:img_4095,external_test,,1
vnwoodknot,vnwoodknot:test:img_4098,external_test,,1
vnwoodknot,vnwoodknot:test:img_4099,external_test,,1
vnwoodknot,vnwoodknot:test:img_4105,external_test,,1
vnwoodknot,vnwoodknot:test:img_4121,external_test,,1
vnwoodknot,vnwoodknot:test:img_4135,external_test,,1
vnwoodknot,vnwoodknot:test:img_4139,external_test,,1
vnwoodknot,vnwoodknot:test:img_4147,external_test,,1
vnwoodknot,vnwoodknot:test:img_4155,external_test,,1
vnwoodknot,vnwoodknot:test:img_4171,external_test,,1
vnwoodknot,vnwoodknot:test:img_4183,external_test,,1
vnwoodknot,vnwoodknot:test:img_4189,external_test,,1
vnwoodknot,vnwoodknot:test:img_4192,external_test,,1
vnwoodknot,vnwoodknot:test:img_4193,external_test,,1
vnwoodknot,vnwoodknot:test:img_4195,external_test,,1
vnwoodknot,vnwoodknot:test:img_4202,external_test,,1
vnwoodknot,vnwoodknot:test:img_4223,external_test,,1
vnwoodknot,vnwoodknot:test:img_4241,external_test,,1
vnwoodknot,vnwoodknot:test:img_4245,external_test,,1
vnwoodknot,vnwoodknot:test:img_4255,external_test,,1
vnwoodknot,vnwoodknot:test:img_4260,external_test,,1
vnwoodknot,vnwoodknot:test:img_4262,external_test,,1
vnwoodknot,vnwoodknot:test:img_4265,external_test,,1
vnwoodknot,vnwoodknot:test:img_4267,external_test,,1
vnwoodknot,vnwoodknot:test:img_4277,external_test,,1
vnwoodknot,vnwoodknot:test:img_4280,external_test,,1
vnwoodknot,vnwoodknot:test:img_4292,external_test,,1
vnwoodknot,vnwoodknot:test:img_4298,external_test,,1
vnwoodknot,vnwoodknot:test:img_4320,external_test,,1
vnwoodknot,vnwoodknot:test:img_4344,external_test,,1
vnwoodknot,vnwoodknot:test:img_4352,external_test,,1
vnwoodknot,vnwoodknot:test:img_4357,external_test,,1
vnwoodknot,vnwoodknot:test:img_4397,external_test,,1
vnwoodknot,vnwoodknot:test:img_4405,external_test,,1
vnwoodknot,vnwoodknot:test:img_4406,external_test,,1
vnwoodknot,vnwoodknot:test:img_4407,external_test,,1
vnwoodknot,vnwoodknot:test:img_4413,external_test,,1
vnwoodknot,vnwoodknot:test:img_4415,external_test,,1
vnwoodknot,vnwoodknot:test:img_4423,external_test,,1
vnwoodknot,vnwoodknot:test:img_4430,external_test,,1
vnwoodknot,vnwoodknot:test:img_4439,external_test,,1
vnwoodknot,vnwoodknot:test:img_4444,external_test,,1
vnwoodknot,vnwoodknot:test:img_4454,external_test,,1
vnwoodknot,vnwoodknot:test:img_4456,external_test,,1
vnwoodknot,vnwoodknot:test:img_4465,external_test,,1
vnwoodknot,vnwoodknot:test:img_4474,external_test,,1
vnwoodknot,vnwoodknot:test:img_4496,external_test,,1
vnwoodknot,vnwoodknot:test:img_4520,external_test,,1
vnwoodknot,vnwoodknot:test:img_4530,external_test,,1
vnwoodknot,vnwoodknot:test:img_4533,external_test,,1
vnwoodknot,vnwoodknot:test:img_4536,external_test,,1
vnwoodknot,vnwoodknot:test:img_4538,external_test,,1
vnwoodknot,vnwoodknot:test:img_4549,external_test,,1
vnwoodknot,vnwoodknot:test:img_4552,external_test,,1
vnwoodknot,vnwoodknot:test:img_4557,external_test,,1
vnwoodknot,vnwoodknot:test:img_4562,external_test,,1
vnwoodknot,vnwoodknot:test:img_4564,external_test,,1
vnwoodknot,vnwoodknot:test:img_4575,external_test,,1
vnwoodknot,vnwoodknot:test:img_4579,external_test,,1
vnwoodknot,vnwoodknot:test:img_4581,external_test,,1
vnwoodknot,vnwoodknot:test:img_4586,external_test,,1
vnwoodknot,vnwoodknot:test:img_4590,external_test,,1
vnwoodknot,vnwoodknot:test:img_4598,external_test,,1
vnwoodknot,vnwoodknot:test:img_4600,external_test,,1
vnwoodknot,vnwoodknot:test:img_4606,external_test,,1
vnwoodknot,vnwoodknot:test:img_4610,external_test,,1
vnwoodknot,vnwoodknot:test:img_4620,external_test,,1
vnwoodknot,vnwoodknot:test:img_4636,external_test,,1
vnwoodknot,vnwoodknot:test:img_4638,external_test,,1
vnwoodknot,vnwoodknot:test:img_4654,external_test,,1
vnwoodknot,vnwoodknot:test:img_4659,external_test,,1
vnwoodknot,vnwoodknot:test:img_4663,external_test,,1
vnwoodknot,vnwoodknot:test:img_4670,external_test,,1
vnwoodknot,vnwoodknot:test:img_4672,external_test,,1
vnwoodknot,vnwoodknot:test:img_4680,external_test,,1
vnwoodknot,vnwoodknot:test:img_4693,external_test,,1
vnwoodknot,vnwoodknot:test:img_4704,external_test,,1
vnwoodknot,vnwoodknot:test:img_4740,external_test,,1
vnwoodknot,vnwoodknot:test:img_4744,external_test,,1
vnwoodknot,vnwoodknot:test:img_4761,external_test,,1
vnwoodknot,vnwoodknot:test:img_4765,external_test,,1
vnwoodknot,vnwoodknot:test:img_4782,external_test,,1
vnwoodknot,vnwoodknot:test:img_4791,external_test,,1
vnwoodknot,vnwoodknot:test:img_4800,external_test,,1
vnwoodknot,vnwoodknot:test:img_4801,external_test,,1
vnwoodknot,vnwoodknot:test:img_4819,external_test,,1
vnwoodknot,vnwoodknot:test:img_4821,external_test,,1
vnwoodknot,vnwoodknot:test:img_4825,external_test,,1
vnwoodknot,vnwoodknot:test:img_4829,external_test,,1
vnwoodknot,vnwoodknot:test:img_4832,external_test,,1
vnwoodknot,vnwoodknot:test:img_4835,external_test,,1
vnwoodknot,vnwoodknot:test:img_4846,external_test,,1
vnwoodknot,vnwoodknot:test:img_4851,external_test,,1
vnwoodknot,vnwoodknot:test:img_4856,external_test,,1
vnwoodknot,vnwoodknot:test:img_4871,external_test,,1
vnwoodknot,vnwoodknot:test:img_4874,external_test,,1
vnwoodknot,vnwoodknot:test:img_4875,external_test,,1
vnwoodknot,vnwoodknot:test:img_4876,external_test,,1
vnwoodknot,vnwoodknot:test:img_4885,external_test,,1
vnwoodknot,vnwoodknot:test:img_4900,external_test,,1
vnwoodknot,vnwoodknot:test:img_4903,external_test,,1
vnwoodknot,vnwoodknot:test:img_4909,external_test,,1
vnwoodknot,vnwoodknot:test:img_4911,external_test,,1
vnwoodknot,vnwoodknot:test:img_4915,external_test,,1
vnwoodknot,vnwoodknot:test:img_4916,external_test,,1
vnwoodknot,vnwoodknot:test:img_4917,external_test,,1
vnwoodknot,vnwoodknot:test:img_4922,external_test,,1
vnwoodknot,vnwoodknot:test:img_4928,external_test,,1
vnwoodknot,vnwoodknot:test:img_4931,external_test,,1
vnwoodknot,vnwoodknot:test:img_4932,external_test,,1
vnwoodknot,vnwoodknot:test:img_4933,external_test,,1
vnwoodknot,vnwoodknot:test:img_4937,external_test,,1
vnwoodknot,vnwoodknot:test:img_4952,external_test,,1
vnwoodknot,vnwoodknot:test:img_4957,external_test,,1
vnwoodknot,vnwoodknot:test:img_4958,external_test,,1
vnwoodknot,vnwoodknot:test:img_4965,external_test,,1
vnwoodknot,vnwoodknot:test:img_4966,external_test,,1
vnwoodknot,vnwoodknot:test:img_4976,external_test,,1
vnwoodknot,vnwoodknot:test:img_4982,external_test,,1
vnwoodknot,vnwoodknot:test:img_4994,external_test,,1
vnwoodknot,vnwoodknot:test:img_4997,external_test,,1
vnwoodknot,vnwoodknot:test:img_5001,external_test,,1
vnwoodknot,vnwoodknot:test:img_5005,external_test,,1
vnwoodknot,vnwoodknot:test:img_5013,external_test,,1
vnwoodknot,vnwoodknot:test:img_5020,external_test,,1
vnwoodknot,vnwoodknot:test:img_5022,external_test,,1
vnwoodknot,vnwoodknot:test:img_5037,external_test,,1
vnwoodknot,vnwoodknot:test:img_5050,external_test,,1
vnwoodknot,vnwoodknot:test:img_5053,external_test,,1
vnwoodknot,vnwoodknot:test:z6578630439102,external_test,,1
vnwoodknot,vnwoodknot:test:z6578630454022,external_test,,1
vnwoodknot,vnwoodknot:test:z6578630458495,external_test,,1
vnwoodknot,vnwoodknot:test:z6578630487484,external_test,,1
vnwoodknot,vnwoodknot:train:img_3473,external_test,,1
vnwoodknot,vnwoodknot:train:img_3475,external_test,,1
vnwoodknot,vnwoodknot:train:img_3476,external_test,,1
vnwoodknot,vnwoodknot:train:img_3477,external_test,,1
vnwoodknot,vnwoodknot:train:img_3478,external_test,,1
vnwoodknot,vnwoodknot:train:img_3479,external_test,,1
vnwoodknot,vnwoodknot:train:img_3480,external_test,,1
vnwoodknot,vnwoodknot:train:img_3483,external_test,,1
vnwoodknot,vnwoodknot:train:img_3486,external_test,,1
vnwoodknot,vnwoodknot:train:img_3487,external_test,,1
vnwoodknot,vnwoodknot:train:img_3488,external_test,,1
vnwoodknot,vnwoodknot:train:img_3490,external_test,,1
vnwoodknot,vnwoodknot:train:img_3494,external_test,,1
vnwoodknot,vnwoodknot:train:img_3495,external_test,,1
vnwoodknot,vnwoodknot:train:img_3500,external_test,,1
vnwoodknot,vnwoodknot:train:img_3501,external_test,,1
vnwoodknot,vnwoodknot:train:img_3503,external_test,,1
vnwoodknot,vnwoodknot:train:img_3505,external_test,,1
vnwoodknot,vnwoodknot:train:img_3506,external_test,,1
vnwoodknot,vnwoodknot:train:img_3507,external_test,,1
vnwoodknot,vnwoodknot:train:img_3509,external_test,,1
vnwoodknot,vnwoodknot:train:img_3510,external_test,,1
vnwoodknot,vnwoodknot:train:img_3511,external_test,,1
vnwoodknot,vnwoodknot:train:img_3512,external_test,,1
vnwoodknot,vnwoodknot:train:img_3514,external_test,,1
vnwoodknot,vnwoodknot:train:img_3517,external_test,,1
vnwoodknot,vnwoodknot:train:img_3518,external_test,,1
vnwoodknot,vnwoodknot:train:img_3519,external_test,,1
vnwoodknot,vnwoodknot:train:img_3520,external_test,,1
vnwoodknot,vnwoodknot:train:img_3521,external_test,,1
vnwoodknot,vnwoodknot:train:img_3522,external_test,,1
vnwoodknot,vnwoodknot:train:img_3523,external_test,,1
vnwoodknot,vnwoodknot:train:img_3524,external_test,,1
vnwoodknot,vnwoodknot:train:img_3526,external_test,,1
vnwoodknot,vnwoodknot:train:img_3530,external_test,,1
vnwoodknot,vnwoodknot:train:img_3531,external_test,,1
vnwoodknot,vnwoodknot:train:img_3532,external_test,,1
vnwoodknot,vnwoodknot:train:img_3534,external_test,,1
vnwoodknot,vnwoodknot:train:img_3535,external_test,,1
vnwoodknot,vnwoodknot:train:img_3538,external_test,,1
vnwoodknot,vnwoodknot:train:img_3539,external_test,,1
vnwoodknot,vnwoodknot:train:img_3540,external_test,,1
vnwoodknot,vnwoodknot:train:img_3543,external_test,,1
vnwoodknot,vnwoodknot:train:img_3546,external_test,,1
vnwoodknot,vnwoodknot:train:img_3549,external_test,,1
vnwoodknot,vnwoodknot:train:img_3552,external_test,,1
vnwoodknot,vnwoodknot:train:img_3553,external_test,,1
vnwoodknot,vnwoodknot:train:img_3554,external_test,,1
vnwoodknot,vnwoodknot:train:img_3555,external_test,,1
vnwoodknot,vnwoodknot:train:img_3557,external_test,,1
vnwoodknot,vnwoodknot:train:img_3558,external_test,,1
vnwoodknot,vnwoodknot:train:img_3559,external_test,,1
vnwoodknot,vnwoodknot:train:img_3561,external_test,,1
vnwoodknot,vnwoodknot:train:img_3562,external_test,,1
vnwoodknot,vnwoodknot:train:img_3563,external_test,,1
vnwoodknot,vnwoodknot:train:img_3565,external_test,,1
vnwoodknot,vnwoodknot:train:img_3567,external_test,,1
vnwoodknot,vnwoodknot:train:img_3568,external_test,,1
vnwoodknot,vnwoodknot:train:img_3569,external_test,,1
vnwoodknot,vnwoodknot:train:img_3570,external_test,,1
vnwoodknot,vnwoodknot:train:img_3572,external_test,,1
vnwoodknot,vnwoodknot:train:img_3573,external_test,,1
vnwoodknot,vnwoodknot:train:img_3575,external_test,,1
vnwoodknot,vnwoodknot:train:img_3576,external_test,,1
vnwoodknot,vnwoodknot:train:img_3577,external_test,,1
vnwoodknot,vnwoodknot:train:img_3579,external_test,,1
vnwoodknot,vnwoodknot:train:img_3580,external_test,,1
vnwoodknot,vnwoodknot:train:img_3581,external_test,,1
vnwoodknot,vnwoodknot:train:img_3582,external_test,,1
vnwoodknot,vnwoodknot:train:img_3584,external_test,,1
vnwoodknot,vnwoodknot:train:img_3588,external_test,,1
vnwoodknot,vnwoodknot:train:img_3590,external_test,,1
vnwoodknot,vnwoodknot:train:img_3591,external_test,,1
vnwoodknot,vnwoodknot:train:img_3595,external_test,,1
vnwoodknot,vnwoodknot:train:img_3599,external_test,,1
vnwoodknot,vnwoodknot:train:img_3600,external_test,,1
vnwoodknot,vnwoodknot:train:img_3601,external_test,,1
vnwoodknot,vnwoodknot:train:img_3602,external_test,,1
vnwoodknot,vnwoodknot:train:img_3604,external_test,,1
vnwoodknot,vnwoodknot:train:img_3605,external_test,,1
vnwoodknot,vnwoodknot:train:img_3606,external_test,,1
vnwoodknot,vnwoodknot:train:img_3607,external_test,,1
vnwoodknot,vnwoodknot:train:img_3609,external_test,,1
vnwoodknot,vnwoodknot:train:img_3610,external_test,,1
vnwoodknot,vnwoodknot:train:img_3611,external_test,,1
vnwoodknot,vnwoodknot:train:img_3612,external_test,,1
vnwoodknot,vnwoodknot:train:img_3613,external_test,,1
vnwoodknot,vnwoodknot:train:img_3616,external_test,,1
vnwoodknot,vnwoodknot:train:img_3618,external_test,,1
vnwoodknot,vnwoodknot:train:img_3621,external_test,,1
vnwoodknot,vnwoodknot:train:img_3622,external_test,,1
vnwoodknot,vnwoodknot:train:img_3624,external_test,,1
vnwoodknot,vnwoodknot:train:img_3625(1),external_test,,1
vnwoodknot,vnwoodknot:train:img_3627(1),external_test,,1
vnwoodknot,vnwoodknot:train:img_3631,external_test,,1
vnwoodknot,vnwoodknot:train:img_3632,external_test,,1
vnwoodknot,vnwoodknot:train:img_3633,external_test,,1
vnwoodknot,vnwoodknot:train:img_3634,external_test,,1
vnwoodknot,vnwoodknot:train:img_3635,external_test,,1
vnwoodknot,vnwoodknot:train:img_3636,external_test,,1
vnwoodknot,vnwoodknot:train:img_3637,external_test,,1
vnwoodknot,vnwoodknot:train:img_3639,external_test,,1
vnwoodknot,vnwoodknot:train:img_3640,external_test,,1
vnwoodknot,vnwoodknot:train:img_3641(1),external_test,,1
vnwoodknot,vnwoodknot:train:img_3646,external_test,,1
vnwoodknot,vnwoodknot:train:img_3647,external_test,,1
vnwoodknot,vnwoodknot:train:img_3650,external_test,,1
vnwoodknot,vnwoodknot:train:img_3651,external_test,,1
vnwoodknot,vnwoodknot:train:img_3652,external_test,,1
vnwoodknot,vnwoodknot:train:img_3653,external_test,,1
vnwoodknot,vnwoodknot:train:img_3654,external_test,,1
vnwoodknot,vnwoodknot:train:img_3655,external_test,,1
vnwoodknot,vnwoodknot:train:img_3656,external_test,,1
vnwoodknot,vnwoodknot:train:img_3657,external_test,,1
vnwoodknot,vnwoodknot:train:img_3660,external_test,,1
vnwoodknot,vnwoodknot:train:img_3661,external_test,,1
vnwoodknot,vnwoodknot:train:img_3663,external_test,,1
vnwoodknot,vnwoodknot:train:img_3665,external_test,,1
vnwoodknot,vnwoodknot:train:img_3666,external_test,,1
vnwoodknot,vnwoodknot:train:img_3669,external_test,,1
vnwoodknot,vnwoodknot:train:img_3671,external_test,,1
vnwoodknot,vnwoodknot:train:img_3675,external_test,,1
vnwoodknot,vnwoodknot:train:img_3676,external_test,,1
vnwoodknot,vnwoodknot:train:img_3679,external_test,,1
vnwoodknot,vnwoodknot:train:img_3680,external_test,,1
vnwoodknot,vnwoodknot:train:img_3682,external_test,,1
vnwoodknot,vnwoodknot:train:img_3683,external_test,,1
vnwoodknot,vnwoodknot:train:img_3684,external_test,,1
vnwoodknot,vnwoodknot:train:img_3686,external_test,,1
vnwoodknot,vnwoodknot:train:img_3687,external_test,,1
vnwoodknot,vnwoodknot:train:img_3688,external_test,,1
vnwoodknot,vnwoodknot:train:img_3691,external_test,,1
vnwoodknot,vnwoodknot:train:img_3692,external_test,,1
vnwoodknot,vnwoodknot:train:img_3693,external_test,,1
vnwoodknot,vnwoodknot:train:img_3695,external_test,,1
vnwoodknot,vnwoodknot:train:img_3696,external_test,,1
vnwoodknot,vnwoodknot:train:img_3697,external_test,,1
vnwoodknot,vnwoodknot:train:img_3698,external_test,,1
vnwoodknot,vnwoodknot:train:img_3699,external_test,,1
vnwoodknot,vnwoodknot:train:img_3701,external_test,,1
vnwoodknot,vnwoodknot:train:img_3702,external_test,,1
vnwoodknot,vnwoodknot:train:img_3707,external_test,,1
vnwoodknot,vnwoodknot:train:img_3708,external_test,,1
vnwoodknot,vnwoodknot:train:img_3711,external_test,,1
vnwoodknot,vnwoodknot:train:img_3713,external_test,,1
vnwoodknot,vnwoodknot:train:img_3714,external_test,,1
vnwoodknot,vnwoodknot:train:img_3715,external_test,,1
vnwoodknot,vnwoodknot:train:img_3717,external_test,,1
vnwoodknot,vnwoodknot:train:img_3718,external_test,,1
vnwoodknot,vnwoodknot:train:img_3721,external_test,,1
vnwoodknot,vnwoodknot:train:img_3722,external_test,,1
vnwoodknot,vnwoodknot:train:img_3723,external_test,,1
vnwoodknot,vnwoodknot:train:img_3724,external_test,,1
vnwoodknot,vnwoodknot:train:img_3727,external_test,,1
vnwoodknot,vnwoodknot:train:img_3728,external_test,,1
vnwoodknot,vnwoodknot:train:img_3729,external_test,,1
vnwoodknot,vnwoodknot:train:img_3730,external_test,,1
vnwoodknot,vnwoodknot:train:img_3731,external_test,,1
vnwoodknot,vnwoodknot:train:img_3732,external_test,,1
vnwoodknot,vnwoodknot:train:img_3735,external_test,,1
vnwoodknot,vnwoodknot:train:img_3736,external_test,,1
vnwoodknot,vnwoodknot:train:img_3738,external_test,,1
vnwoodknot,vnwoodknot:train:img_3739,external_test,,1
vnwoodknot,vnwoodknot:train:img_3740,external_test,,1
vnwoodknot,vnwoodknot:train:img_3741,external_test,,1
vnwoodknot,vnwoodknot:train:img_3742,external_test,,1
vnwoodknot,vnwoodknot:train:img_3744,external_test,,1
vnwoodknot,vnwoodknot:train:img_3748,external_test,,1
vnwoodknot,vnwoodknot:train:img_3749,external_test,,1
vnwoodknot,vnwoodknot:train:img_3750,external_test,,1
vnwoodknot,vnwoodknot:train:img_3751,external_test,,1
vnwoodknot,vnwoodknot:train:img_3752,external_test,,1
vnwoodknot,vnwoodknot:train:img_3753,external_test,,1
vnwoodknot,vnwoodknot:train:img_3754,external_test,,1
vnwoodknot,vnwoodknot:train:img_3759,external_test,,1
vnwoodknot,vnwoodknot:train:img_3760,external_test,,1
vnwoodknot,vnwoodknot:train:img_3762,external_test,,1
vnwoodknot,vnwoodknot:train:img_3763,external_test,,1
vnwoodknot,vnwoodknot:train:img_3764,external_test,,1
vnwoodknot,vnwoodknot:train:img_3765,external_test,,1
vnwoodknot,vnwoodknot:train:img_3766,external_test,,1
vnwoodknot,vnwoodknot:train:img_3767,external_test,,1
vnwoodknot,vnwoodknot:train:img_3769,external_test,,1
vnwoodknot,vnwoodknot:train:img_3770,external_test,,1
vnwoodknot,vnwoodknot:train:img_3771,external_test,,1
vnwoodknot,vnwoodknot:train:img_3772,external_test,,1
vnwoodknot,vnwoodknot:train:img_3773,external_test,,1
vnwoodknot,vnwoodknot:train:img_3774,external_test,,1
vnwoodknot,vnwoodknot:train:img_3775,external_test,,1
vnwoodknot,vnwoodknot:train:img_3776,external_test,,1
vnwoodknot,vnwoodknot:train:img_3779,external_test,,1
vnwoodknot,vnwoodknot:train:img_3780,external_test,,1
vnwoodknot,vnwoodknot:train:img_3785,external_test,,1
vnwoodknot,vnwoodknot:train:img_3787,external_test,,1
vnwoodknot,vnwoodknot:train:img_3788,external_test,,1
vnwoodknot,vnwoodknot:train:img_3789,external_test,,1
vnwoodknot,vnwoodknot:train:img_3791,external_test,,1
vnwoodknot,vnwoodknot:train:img_3793,external_test,,1
vnwoodknot,vnwoodknot:train:img_3794,external_test,,1
vnwoodknot,vnwoodknot:train:img_3796,external_test,,1
vnwoodknot,vnwoodknot:train:img_3797,external_test,,1
vnwoodknot,vnwoodknot:train:img_3798,external_test,,1
vnwoodknot,vnwoodknot:train:img_3799,external_test,,1
vnwoodknot,vnwoodknot:train:img_3800,external_test,,1
vnwoodknot,vnwoodknot:train:img_3801,external_test,,1
vnwoodknot,vnwoodknot:train:img_3802,external_test,,1
vnwoodknot,vnwoodknot:train:img_3803,external_test,,1
vnwoodknot,vnwoodknot:train:img_3804,external_test,,1
vnwoodknot,vnwoodknot:train:img_3805,external_test,,1
vnwoodknot,vnwoodknot:train:img_3806,external_test,,1
vnwoodknot,vnwoodknot:train:img_3807,external_test,,1
vnwoodknot,vnwoodknot:train:img_3810,external_test,,1
vnwoodknot,vnwoodknot:train:img_3811,external_test,,1
vnwoodknot,vnwoodknot:train:img_3812,external_test,,1
vnwoodknot,vnwoodknot:train:img_3813,external_test,,1
vnwoodknot,vnwoodknot:train:img_3814,external_test,,1
vnwoodknot,vnwoodknot:train:img_3815,external_test,,1
vnwoodknot,vnwoodknot:train:img_3817,external_test,,1
vnwoodknot,vnwoodknot:train:img_3819,external_test,,1
vnwoodknot,vnwoodknot:train:img_3821,external_test,,1
vnwoodknot,vnwoodknot:train:img_3822,external_test,,1
vnwoodknot,vnwoodknot:train:img_3823,external_test,,1
vnwoodknot,vnwoodknot:train:img_3824,external_test,,1
vnwoodknot,vnwoodknot:train:img_3825,external_test,,1
vnwoodknot,vnwoodknot:train:img_3826,external_test,,1
vnwoodknot,vnwoodknot:train:img_3828,external_test,,1
vnwoodknot,vnwoodknot:train:img_3829,external_test,,1
vnwoodknot,vnwoodknot:train:img_3830,external_test,,1
vnwoodknot,vnwoodknot:train:img_3832,external_test,,1
vnwoodknot,vnwoodknot:train:img_3833,external_test,,1
vnwoodknot,vnwoodknot:train:img_3836,external_test,,1
vnwoodknot,vnwoodknot:train:img_3838,external_test,,1
vnwoodknot,vnwoodknot:train:img_3840,external_test,,1
vnwoodknot,vnwoodknot:train:img_3841,external_test,,1
vnwoodknot,vnwoodknot:train:img_3842,external_test,,1
vnwoodknot,vnwoodknot:train:img_3843,external_test,,1
vnwoodknot,vnwoodknot:train:img_3844,external_test,,1
vnwoodknot,vnwoodknot:train:img_3845,external_test,,1
vnwoodknot,vnwoodknot:train:img_3846,external_test,,1
vnwoodknot,vnwoodknot:train:img_3848,external_test,,1
vnwoodknot,vnwoodknot:train:img_3850,external_test,,1
vnwoodknot,vnwoodknot:train:img_3851,external_test,,1
vnwoodknot,vnwoodknot:train:img_3852,external_test,,1
vnwoodknot,vnwoodknot:train:img_3853,external_test,,1
vnwoodknot,vnwoodknot:train:img_3855,external_test,,1
vnwoodknot,vnwoodknot:train:img_3857,external_test,,1
vnwoodknot,vnwoodknot:train:img_3858,external_test,,1
vnwoodknot,vnwoodknot:train:img_3859,external_test,,1
vnwoodknot,vnwoodknot:train:img_3861,external_test,,1
vnwoodknot,vnwoodknot:train:img_3863,external_test,,1
vnwoodknot,vnwoodknot:train:img_3866,external_test,,1
vnwoodknot,vnwoodknot:train:img_3867,external_test,,1
vnwoodknot,vnwoodknot:train:img_3868,external_test,,1
vnwoodknot,vnwoodknot:train:img_3870,external_test,,1
vnwoodknot,vnwoodknot:train:img_3871,external_test,,1
vnwoodknot,vnwoodknot:train:img_3875,external_test,,1
vnwoodknot,vnwoodknot:train:img_3878,external_test,,1
vnwoodknot,vnwoodknot:train:img_3879,external_test,,1
vnwoodknot,vnwoodknot:train:img_3884,external_test,,1
vnwoodknot,vnwoodknot:train:img_3885,external_test,,1
vnwoodknot,vnwoodknot:train:img_3886,external_test,,1
vnwoodknot,vnwoodknot:train:img_3887,external_test,,1
vnwoodknot,vnwoodknot:train:img_3890,external_test,,1
vnwoodknot,vnwoodknot:train:img_3891,external_test,,1
vnwoodknot,vnwoodknot:train:img_3893,external_test,,1
vnwoodknot,vnwoodknot:train:img_3894,external_test,,1
vnwoodknot,vnwoodknot:train:img_3895,external_test,,1
vnwoodknot,vnwoodknot:train:img_3896,external_test,,1
vnwoodknot,vnwoodknot:train:img_3897,external_test,,1
vnwoodknot,vnwoodknot:train:img_3898,external_test,,1
vnwoodknot,vnwoodknot:train:img_3899,external_test,,1
vnwoodknot,vnwoodknot:train:img_3900,external_test,,1
vnwoodknot,vnwoodknot:train:img_3904,external_test,,1
vnwoodknot,vnwoodknot:train:img_3906,external_test,,1
vnwoodknot,vnwoodknot:train:img_3907,external_test,,1
vnwoodknot,vnwoodknot:train:img_3910,external_test,,1
vnwoodknot,vnwoodknot:train:img_3911,external_test,,1
vnwoodknot,vnwoodknot:train:img_3912,external_test,,1
vnwoodknot,vnwoodknot:train:img_3913,external_test,,1
vnwoodknot,vnwoodknot:train:img_3914,external_test,,1
vnwoodknot,vnwoodknot:train:img_3915,external_test,,1
vnwoodknot,vnwoodknot:train:img_3917,external_test,,1
vnwoodknot,vnwoodknot:train:img_3919,external_test,,1
vnwoodknot,vnwoodknot:train:img_3920,external_test,,1
vnwoodknot,vnwoodknot:train:img_3922,external_test,,1
vnwoodknot,vnwoodknot:train:img_3923,external_test,,1
vnwoodknot,vnwoodknot:train:img_3924,external_test,,1
vnwoodknot,vnwoodknot:train:img_3925,external_test,,1
vnwoodknot,vnwoodknot:train:img_3926,external_test,,1
vnwoodknot,vnwoodknot:train:img_3927,external_test,,1
vnwoodknot,vnwoodknot:train:img_3928,external_test,,1
vnwoodknot,vnwoodknot:train:img_3930,external_test,,1
vnwoodknot,vnwoodknot:train:img_3932,external_test,,1
vnwoodknot,vnwoodknot:train:img_3933,external_test,,1
vnwoodknot,vnwoodknot:train:img_3934,external_test,,1
vnwoodknot,vnwoodknot:train:img_3935,external_test,,1
vnwoodknot,vnwoodknot:train:img_3939,external_test,,1
vnwoodknot,vnwoodknot:train:img_3940,external_test,,1
vnwoodknot,vnwoodknot:train:img_3941,external_test,,1
vnwoodknot,vnwoodknot:train:img_3943,external_test,,1
vnwoodknot,vnwoodknot:train:img_3944,external_test,,1
vnwoodknot,vnwoodknot:train:img_3950,external_test,,1
vnwoodknot,vnwoodknot:train:img_3951,external_test,,1
vnwoodknot,vnwoodknot:train:img_3952,external_test,,1
vnwoodknot,vnwoodknot:train:img_3953,external_test,,1
vnwoodknot,vnwoodknot:train:img_3954,external_test,,1
vnwoodknot,vnwoodknot:train:img_3955,external_test,,1
vnwoodknot,vnwoodknot:train:img_3956,external_test,,1
vnwoodknot,vnwoodknot:train:img_3957,external_test,,1
vnwoodknot,vnwoodknot:train:img_3958,external_test,,1
vnwoodknot,vnwoodknot:train:img_3960,external_test,,1
vnwoodknot,vnwoodknot:train:img_3961,external_test,,1
vnwoodknot,vnwoodknot:train:img_3962,external_test,,1
vnwoodknot,vnwoodknot:train:img_3963,external_test,,1
vnwoodknot,vnwoodknot:train:img_3966,external_test,,1
vnwoodknot,vnwoodknot:train:img_3967,external_test,,1
vnwoodknot,vnwoodknot:train:img_3969,external_test,,1
vnwoodknot,vnwoodknot:train:img_3970,external_test,,1
vnwoodknot,vnwoodknot:train:img_3972,external_test,,1
vnwoodknot,vnwoodknot:train:img_3973,external_test,,1
vnwoodknot,vnwoodknot:train:img_3974,external_test,,1
vnwoodknot,vnwoodknot:train:img_3975,external_test,,1
vnwoodknot,vnwoodknot:train:img_3976,external_test,,1
vnwoodknot,vnwoodknot:train:img_3977,external_test,,1
vnwoodknot,vnwoodknot:train:img_3978,external_test,,1
vnwoodknot,vnwoodknot:train:img_3979,external_test,,1
vnwoodknot,vnwoodknot:train:img_3981,external_test,,1
vnwoodknot,vnwoodknot:train:img_3983,external_test,,1
vnwoodknot,vnwoodknot:train:img_3986,external_test,,1
vnwoodknot,vnwoodknot:train:img_3987,external_test,,1
vnwoodknot,vnwoodknot:train:img_3989,external_test,,1
vnwoodknot,vnwoodknot:train:img_3991,external_test,,1
vnwoodknot,vnwoodknot:train:img_3992,external_test,,1
vnwoodknot,vnwoodknot:train:img_3993,external_test,,1
vnwoodknot,vnwoodknot:train:img_3994,external_test,,1
vnwoodknot,vnwoodknot:train:img_3996,external_test,,1
vnwoodknot,vnwoodknot:train:img_3998,external_test,,1
vnwoodknot,vnwoodknot:train:img_3999,external_test,,1
vnwoodknot,vnwoodknot:train:img_4001,external_test,,1
vnwoodknot,vnwoodknot:train:img_4005,external_test,,1
vnwoodknot,vnwoodknot:train:img_4006,external_test,,1
vnwoodknot,vnwoodknot:train:img_4007,external_test,,1
vnwoodknot,vnwoodknot:train:img_4009,external_test,,1
vnwoodknot,vnwoodknot:train:img_4010,external_test,,1
vnwoodknot,vnwoodknot:train:img_4011,external_test,,1
vnwoodknot,vnwoodknot:train:img_4014,external_test,,1
vnwoodknot,vnwoodknot:train:img_4015,external_test,,1
vnwoodknot,vnwoodknot:train:img_4016,external_test,,1
vnwoodknot,vnwoodknot:train:img_4017,external_test,,1
vnwoodknot,vnwoodknot:train:img_4018,external_test,,1
vnwoodknot,vnwoodknot:train:img_4019,external_test,,1
vnwoodknot,vnwoodknot:train:img_4022,external_test,,1
vnwoodknot,vnwoodknot:train:img_4024,external_test,,1
vnwoodknot,vnwoodknot:train:img_4025,external_test,,1
vnwoodknot,vnwoodknot:train:img_4026,external_test,,1
vnwoodknot,vnwoodknot:train:img_4027,external_test,,1
vnwoodknot,vnwoodknot:train:img_4028,external_test,,1
vnwoodknot,vnwoodknot:train:img_4030,external_test,,1
vnwoodknot,vnwoodknot:train:img_4031,external_test,,1
vnwoodknot,vnwoodknot:train:img_4033,external_test,,1
vnwoodknot,vnwoodknot:train:img_4034,external_test,,1
vnwoodknot,vnwoodknot:train:img_4037,external_test,,1
vnwoodknot,vnwoodknot:train:img_4038,external_test,,1
vnwoodknot,vnwoodknot:train:img_4040,external_test,,1
vnwoodknot,vnwoodknot:train:img_4041,external_test,,1
vnwoodknot,vnwoodknot:train:img_4043,external_test,,1
vnwoodknot,vnwoodknot:train:img_4044,external_test,,1
vnwoodknot,vnwoodknot:train:img_4046,external_test,,1
vnwoodknot,vnwoodknot:train:img_4047,external_test,,1
vnwoodknot,vnwoodknot:train:img_4049,external_test,,1
vnwoodknot,vnwoodknot:train:img_4050,external_test,,1
vnwoodknot,vnwoodknot:train:img_4053,external_test,,1
vnwoodknot,vnwoodknot:train:img_4054,external_test,,1
vnwoodknot,vnwoodknot:train:img_4055,external_test,,1
vnwoodknot,vnwoodknot:train:img_4056,external_test,,1
vnwoodknot,vnwoodknot:train:img_4058,external_test,,1
vnwoodknot,vnwoodknot:train:img_4061,external_test,,1
vnwoodknot,vnwoodknot:train:img_4064,external_test,,1
vnwoodknot,vnwoodknot:train:img_4065,external_test,,1
vnwoodknot,vnwoodknot:train:img_4068,external_test,,1
vnwoodknot,vnwoodknot:train:img_4069,external_test,,1
vnwoodknot,vnwoodknot:train:img_4070,external_test,,1
vnwoodknot,vnwoodknot:train:img_4071,external_test,,1
vnwoodknot,vnwoodknot:train:img_4072,external_test,,1
vnwoodknot,vnwoodknot:train:img_4074,external_test,,1
vnwoodknot,vnwoodknot:train:img_4075,external_test,,1
vnwoodknot,vnwoodknot:train:img_4076,external_test,,1
vnwoodknot,vnwoodknot:train:img_4077,external_test,,1
vnwoodknot,vnwoodknot:train:img_4078,external_test,,1
vnwoodknot,vnwoodknot:train:img_4079,external_test,,1
vnwoodknot,vnwoodknot:train:img_4081,external_test,,1
vnwoodknot,vnwoodknot:train:img_4083,external_test,,1
vnwoodknot,vnwoodknot:train:img_4084,external_test,,1
vnwoodknot,vnwoodknot:train:img_4085,external_test,,1
vnwoodknot,vnwoodknot:train:img_4086,external_test,,1
vnwoodknot,vnwoodknot:train:img_4088,external_test,,1
vnwoodknot,vnwoodknot:train:img_4089,external_test,,1
vnwoodknot,vnwoodknot:train:img_4091,external_test,,1
vnwoodknot,vnwoodknot:train:img_4093,external_test,,1
vnwoodknot,vnwoodknot:train:img_4094,external_test,,1
vnwoodknot,vnwoodknot:train:img_4096,external_test,,1
vnwoodknot,vnwoodknot:train:img_4097,external_test,,1
vnwoodknot,vnwoodknot:train:img_4100,external_test,,1
vnwoodknot,vnwoodknot:train:img_4101,external_test,,1
vnwoodknot,vnwoodknot:train:img_4103,external_test,,1
vnwoodknot,vnwoodknot:train:img_4106,external_test,,1
vnwoodknot,vnwoodknot:train:img_4107,external_test,,1
vnwoodknot,vnwoodknot:train:img_4108,external_test,,1
vnwoodknot,vnwoodknot:train:img_4109,external_test,,1
vnwoodknot,vnwoodknot:train:img_4111,external_test,,1
vnwoodknot,vnwoodknot:train:img_4112,external_test,,1
vnwoodknot,vnwoodknot:train:img_4113,external_test,,1
vnwoodknot,vnwoodknot:train:img_4114,external_test,,1
vnwoodknot,vnwoodknot:train:img_4115,external_test,,1
vnwoodknot,vnwoodknot:train:img_4117,external_test,,1
vnwoodknot,vnwoodknot:train:img_4118,external_test,,1
vnwoodknot,vnwoodknot:train:img_4119,external_test,,1
vnwoodknot,vnwoodknot:train:img_4120,external_test,,1
vnwoodknot,vnwoodknot:train:img_4122,external_test,,1
vnwoodknot,vnwoodknot:train:img_4124,external_test,,1
vnwoodknot,vnwoodknot:train:img_4125,external_test,,1
vnwoodknot,vnwoodknot:train:img_4131,external_test,,1
vnwoodknot,vnwoodknot:train:img_4132,external_test,,1
vnwoodknot,vnwoodknot:train:img_4133,external_test,,1
vnwoodknot,vnwoodknot:train:img_4134,external_test,,1
vnwoodknot,vnwoodknot:train:img_4136,external_test,,1
vnwoodknot,vnwoodknot:train:img_4137,external_test,,1
vnwoodknot,vnwoodknot:train:img_4140,external_test,,1
vnwoodknot,vnwoodknot:train:img_4141,external_test,,1
vnwoodknot,vnwoodknot:train:img_4142,external_test,,1
vnwoodknot,vnwoodknot:train:img_4144,external_test,,1
vnwoodknot,vnwoodknot:train:img_4145,external_test,,1
vnwoodknot,vnwoodknot:train:img_4146,external_test,,1
vnwoodknot,vnwoodknot:train:img_4148,external_test,,1
vnwoodknot,vnwoodknot:train:img_4149,external_test,,1
vnwoodknot,vnwoodknot:train:img_4150,external_test,,1
vnwoodknot,vnwoodknot:train:img_4151,external_test,,1
vnwoodknot,vnwoodknot:train:img_4152,external_test,,1
vnwoodknot,vnwoodknot:train:img_4156,external_test,,1
vnwoodknot,vnwoodknot:train:img_4157,external_test,,1
vnwoodknot,vnwoodknot:train:img_4158,external_test,,1
vnwoodknot,vnwoodknot:train:img_4159,external_test,,1
vnwoodknot,vnwoodknot:train:img_4160,external_test,,1
vnwoodknot,vnwoodknot:train:img_4162,external_test,,1
vnwoodknot,vnwoodknot:train:img_4163,external_test,,1
vnwoodknot,vnwoodknot:train:img_4165,external_test,,1
vnwoodknot,vnwoodknot:train:img_4166,external_test,,1
vnwoodknot,vnwoodknot:train:img_4167,external_test,,1
vnwoodknot,vnwoodknot:train:img_4168,external_test,,1
vnwoodknot,vnwoodknot:train:img_4170,external_test,,1
vnwoodknot,vnwoodknot:train:img_4172,external_test,,1
vnwoodknot,vnwoodknot:train:img_4174,external_test,,1
vnwoodknot,vnwoodknot:train:img_4175,external_test,,1
vnwoodknot,vnwoodknot:train:img_4176,external_test,,1
vnwoodknot,vnwoodknot:train:img_4180,external_test,,1
vnwoodknot,vnwoodknot:train:img_4184,external_test,,1
vnwoodknot,vnwoodknot:train:img_4185,external_test,,1
vnwoodknot,vnwoodknot:train:img_4186,external_test,,1
vnwoodknot,vnwoodknot:train:img_4188,external_test,,1
vnwoodknot,vnwoodknot:train:img_4191,external_test,,1
vnwoodknot,vnwoodknot:train:img_4194,external_test,,1
vnwoodknot,vnwoodknot:train:img_4198,external_test,,1
vnwoodknot,vnwoodknot:train:img_4200,external_test,,1
vnwoodknot,vnwoodknot:train:img_4201,external_test,,1
vnwoodknot,vnwoodknot:train:img_4203,external_test,,1
vnwoodknot,vnwoodknot:train:img_4205,external_test,,1
vnwoodknot,vnwoodknot:train:img_4206,external_test,,1
vnwoodknot,vnwoodknot:train:img_4207,external_test,,1
vnwoodknot,vnwoodknot:train:img_4208,external_test,,1
vnwoodknot,vnwoodknot:train:img_4209,external_test,,1
vnwoodknot,vnwoodknot:train:img_4211,external_test,,1
vnwoodknot,vnwoodknot:train:img_4212,external_test,,1
vnwoodknot,vnwoodknot:train:img_4213,external_test,,1
vnwoodknot,vnwoodknot:train:img_4214,external_test,,1
vnwoodknot,vnwoodknot:train:img_4215,external_test,,1
vnwoodknot,vnwoodknot:train:img_4216,external_test,,1
vnwoodknot,vnwoodknot:train:img_4218,external_test,,1
vnwoodknot,vnwoodknot:train:img_4219,external_test,,1
vnwoodknot,vnwoodknot:train:img_4220,external_test,,1
vnwoodknot,vnwoodknot:train:img_4221,external_test,,1
vnwoodknot,vnwoodknot:train:img_4222,external_test,,1
vnwoodknot,vnwoodknot:train:img_4224,external_test,,1
vnwoodknot,vnwoodknot:train:img_4227,external_test,,1
vnwoodknot,vnwoodknot:train:img_4228,external_test,,1
vnwoodknot,vnwoodknot:train:img_4229,external_test,,1
vnwoodknot,vnwoodknot:train:img_4230,external_test,,1
vnwoodknot,vnwoodknot:train:img_4231,external_test,,1
vnwoodknot,vnwoodknot:train:img_4232,external_test,,1
vnwoodknot,vnwoodknot:train:img_4233,external_test,,1
vnwoodknot,vnwoodknot:train:img_4234,external_test,,1
vnwoodknot,vnwoodknot:train:img_4235,external_test,,1
vnwoodknot,vnwoodknot:train:img_4236,external_test,,1
vnwoodknot,vnwoodknot:train:img_4237,external_test,,1
vnwoodknot,vnwoodknot:train:img_4238,external_test,,1
vnwoodknot,vnwoodknot:train:img_4239,external_test,,1
vnwoodknot,vnwoodknot:train:img_4240,external_test,,1
vnwoodknot,vnwoodknot:train:img_4242,external_test,,1
vnwoodknot,vnwoodknot:train:img_4243,external_test,,1
vnwoodknot,vnwoodknot:train:img_4246,external_test,,1
vnwoodknot,vnwoodknot:train:img_4248,external_test,,1
vnwoodknot,vnwoodknot:train:img_4249,external_test,,1
vnwoodknot,vnwoodknot:train:img_4250,external_test,,1
vnwoodknot,vnwoodknot:train:img_4254,external_test,,1
vnwoodknot,vnwoodknot:train:img_4257,external_test,,1
vnwoodknot,vnwoodknot:train:img_4258,external_test,,1
vnwoodknot,vnwoodknot:train:img_4259,external_test,,1
vnwoodknot,vnwoodknot:train:img_4263,external_test,,1
vnwoodknot,vnwoodknot:train:img_4264,external_test,,1
vnwoodknot,vnwoodknot:train:img_4266,external_test,,1
vnwoodknot,vnwoodknot:train:img_4268,external_test,,1
vnwoodknot,vnwoodknot:train:img_4269,external_test,,1
vnwoodknot,vnwoodknot:train:img_4270,external_test,,1
vnwoodknot,vnwoodknot:train:img_4271,external_test,,1
vnwoodknot,vnwoodknot:train:img_4272,external_test,,1
vnwoodknot,vnwoodknot:train:img_4273,external_test,,1
vnwoodknot,vnwoodknot:train:img_4274,external_test,,1
vnwoodknot,vnwoodknot:train:img_4275,external_test,,1
vnwoodknot,vnwoodknot:train:img_4276,external_test,,1
vnwoodknot,vnwoodknot:train:img_4278,external_test,,1
vnwoodknot,vnwoodknot:train:img_4279,external_test,,1
vnwoodknot,vnwoodknot:train:img_4281,external_test,,1
vnwoodknot,vnwoodknot:train:img_4282,external_test,,1
vnwoodknot,vnwoodknot:train:img_4283,external_test,,1
vnwoodknot,vnwoodknot:train:img_4284,external_test,,1
vnwoodknot,vnwoodknot:train:img_4286,external_test,,1
vnwoodknot,vnwoodknot:train:img_4288,external_test,,1
vnwoodknot,vnwoodknot:train:img_4289,external_test,,1
vnwoodknot,vnwoodknot:train:img_4290,external_test,,1
vnwoodknot,vnwoodknot:train:img_4291,external_test,,1
vnwoodknot,vnwoodknot:train:img_4293,external_test,,1
vnwoodknot,vnwoodknot:train:img_4294,external_test,,1
vnwoodknot,vnwoodknot:train:img_4295,external_test,,1
vnwoodknot,vnwoodknot:train:img_4296,external_test,,1
vnwoodknot,vnwoodknot:train:img_4297,external_test,,1
vnwoodknot,vnwoodknot:train:img_4299,external_test,,1
vnwoodknot,vnwoodknot:train:img_4300,external_test,,1
vnwoodknot,vnwoodknot:train:img_4304,external_test,,1
vnwoodknot,vnwoodknot:train:img_4305,external_test,,1
vnwoodknot,vnwoodknot:train:img_4306,external_test,,1
vnwoodknot,vnwoodknot:train:img_4307,external_test,,1
vnwoodknot,vnwoodknot:train:img_4309,external_test,,1
vnwoodknot,vnwoodknot:train:img_4310,external_test,,1
vnwoodknot,vnwoodknot:train:img_4311,external_test,,1
vnwoodknot,vnwoodknot:train:img_4312,external_test,,1
vnwoodknot,vnwoodknot:train:img_4313,external_test,,1
vnwoodknot,vnwoodknot:train:img_4314,external_test,,1
vnwoodknot,vnwoodknot:train:img_4316,external_test,,1
vnwoodknot,vnwoodknot:train:img_4317,external_test,,1
vnwoodknot,vnwoodknot:train:img_4318,external_test,,1
vnwoodknot,vnwoodknot:train:img_4319,external_test,,1
vnwoodknot,vnwoodknot:train:img_4321,external_test,,1
vnwoodknot,vnwoodknot:train:img_4322,external_test,,1
vnwoodknot,vnwoodknot:train:img_4323,external_test,,1
vnwoodknot,vnwoodknot:train:img_4325,external_test,,1
vnwoodknot,vnwoodknot:train:img_4326,external_test,,1
vnwoodknot,vnwoodknot:train:img_4329,external_test,,1
vnwoodknot,vnwoodknot:train:img_4331,external_test,,1
vnwoodknot,vnwoodknot:train:img_4333,external_test,,1
vnwoodknot,vnwoodknot:train:img_4334,external_test,,1
vnwoodknot,vnwoodknot:train:img_4335,external_test,,1
vnwoodknot,vnwoodknot:train:img_4336,external_test,,1
vnwoodknot,vnwoodknot:train:img_4337,external_test,,1
vnwoodknot,vnwoodknot:train:img_4338,external_test,,1
vnwoodknot,vnwoodknot:train:img_4341,external_test,,1
vnwoodknot,vnwoodknot:train:img_4342,external_test,,1
vnwoodknot,vnwoodknot:train:img_4345,external_test,,1
vnwoodknot,vnwoodknot:train:img_4348,external_test,,1
vnwoodknot,vnwoodknot:train:img_4349,external_test,,1
vnwoodknot,vnwoodknot:train:img_4350,external_test,,1
vnwoodknot,vnwoodknot:train:img_4351,external_test,,1
vnwoodknot,vnwoodknot:train:img_4353,external_test,,1
vnwoodknot,vnwoodknot:train:img_4354,external_test,,1
vnwoodknot,vnwoodknot:train:img_4355,external_test,,1
vnwoodknot,vnwoodknot:train:img_4356,external_test,,1
vnwoodknot,vnwoodknot:train:img_4358,external_test,,1
vnwoodknot,vnwoodknot:train:img_4359,external_test,,1
vnwoodknot,vnwoodknot:train:img_4361,external_test,,1
vnwoodknot,vnwoodknot:train:img_4362,external_test,,1
vnwoodknot,vnwoodknot:train:img_4363,external_test,,1
vnwoodknot,vnwoodknot:train:img_4364,external_test,,1
vnwoodknot,vnwoodknot:train:img_4365,external_test,,1
vnwoodknot,vnwoodknot:train:img_4366,external_test,,1
vnwoodknot,vnwoodknot:train:img_4367,external_test,,1
vnwoodknot,vnwoodknot:train:img_4368,external_test,,1
vnwoodknot,vnwoodknot:train:img_4369,external_test,,1
vnwoodknot,vnwoodknot:train:img_4370,external_test,,1
vnwoodknot,vnwoodknot:train:img_4371,external_test,,1
vnwoodknot,vnwoodknot:train:img_4372,external_test,,1
vnwoodknot,vnwoodknot:train:img_4373,external_test,,1
vnwoodknot,vnwoodknot:train:img_4374,external_test,,1
vnwoodknot,vnwoodknot:train:img_4375,external_test,,1
vnwoodknot,vnwoodknot:train:img_4376,external_test,,1
vnwoodknot,vnwoodknot:train:img_4377,external_test,,1
vnwoodknot,vnwoodknot:train:img_4379,external_test,,1
vnwoodknot,vnwoodknot:train:img_4380,external_test,,1
vnwoodknot,vnwoodknot:train:img_4381,external_test,,1
vnwoodknot,vnwoodknot:train:img_4382,external_test,,1
vnwoodknot,vnwoodknot:train:img_4385,external_test,,1
vnwoodknot,vnwoodknot:train:img_4386,external_test,,1
vnwoodknot,vnwoodknot:train:img_4388,external_test,,1
vnwoodknot,vnwoodknot:train:img_4390,external_test,,1
vnwoodknot,vnwoodknot:train:img_4391,external_test,,1
vnwoodknot,vnwoodknot:train:img_4392,external_test,,1
vnwoodknot,vnwoodknot:train:img_4393,external_test,,1
vnwoodknot,vnwoodknot:train:img_4398,external_test,,1
vnwoodknot,vnwoodknot:train:img_4400,external_test,,1
vnwoodknot,vnwoodknot:train:img_4401,external_test,,1
vnwoodknot,vnwoodknot:train:img_4403,external_test,,1
vnwoodknot,vnwoodknot:train:img_4408,external_test,,1
vnwoodknot,vnwoodknot:train:img_4409,external_test,,1
vnwoodknot,vnwoodknot:train:img_4411,external_test,,1
vnwoodknot,vnwoodknot:train:img_4414,external_test,,1
vnwoodknot,vnwoodknot:train:img_4416,external_test,,1
vnwoodknot,vnwoodknot:train:img_4417,external_test,,1
vnwoodknot,vnwoodknot:train:img_4418,external_test,,1
vnwoodknot,vnwoodknot:train:img_4419,external_test,,1
vnwoodknot,vnwoodknot:train:img_4420,external_test,,1
vnwoodknot,vnwoodknot:train:img_4421,external_test,,1
vnwoodknot,vnwoodknot:train:img_4422,external_test,,1
vnwoodknot,vnwoodknot:train:img_4424,external_test,,1
vnwoodknot,vnwoodknot:train:img_4425,external_test,,1
vnwoodknot,vnwoodknot:train:img_4426,external_test,,1
vnwoodknot,vnwoodknot:train:img_4427,external_test,,1
vnwoodknot,vnwoodknot:train:img_4429,external_test,,1
vnwoodknot,vnwoodknot:train:img_4431,external_test,,1
vnwoodknot,vnwoodknot:train:img_4432,external_test,,1
vnwoodknot,vnwoodknot:train:img_4433,external_test,,1
vnwoodknot,vnwoodknot:train:img_4434,external_test,,1
vnwoodknot,vnwoodknot:train:img_4435,external_test,,1
vnwoodknot,vnwoodknot:train:img_4437,external_test,,1
vnwoodknot,vnwoodknot:train:img_4438,external_test,,1
vnwoodknot,vnwoodknot:train:img_4440,external_test,,1
vnwoodknot,vnwoodknot:train:img_4441,external_test,,1
vnwoodknot,vnwoodknot:train:img_4442,external_test,,1
vnwoodknot,vnwoodknot:train:img_4443,external_test,,1
vnwoodknot,vnwoodknot:train:img_4445,external_test,,1
vnwoodknot,vnwoodknot:train:img_4448,external_test,,1
vnwoodknot,vnwoodknot:train:img_4449,external_test,,1
vnwoodknot,vnwoodknot:train:img_4450,external_test,,1
vnwoodknot,vnwoodknot:train:img_4451,external_test,,1
vnwoodknot,vnwoodknot:train:img_4452,external_test,,1
vnwoodknot,vnwoodknot:train:img_4453,external_test,,1
vnwoodknot,vnwoodknot:train:img_4455,external_test,,1
vnwoodknot,vnwoodknot:train:img_4457,external_test,,1
vnwoodknot,vnwoodknot:train:img_4458,external_test,,1
vnwoodknot,vnwoodknot:train:img_4459,external_test,,1
vnwoodknot,vnwoodknot:train:img_4460,external_test,,1
vnwoodknot,vnwoodknot:train:img_4461,external_test,,1
vnwoodknot,vnwoodknot:train:img_4462,external_test,,1
vnwoodknot,vnwoodknot:train:img_4463,external_test,,1
vnwoodknot,vnwoodknot:train:img_4464,external_test,,1
vnwoodknot,vnwoodknot:train:img_4466,external_test,,1
vnwoodknot,vnwoodknot:train:img_4467,external_test,,1
vnwoodknot,vnwoodknot:train:img_4470,external_test,,1
vnwoodknot,vnwoodknot:train:img_4472,external_test,,1
vnwoodknot,vnwoodknot:train:img_4473,external_test,,1
vnwoodknot,vnwoodknot:train:img_4475,external_test,,1
vnwoodknot,vnwoodknot:train:img_4476,external_test,,1
vnwoodknot,vnwoodknot:train:img_4477,external_test,,1
vnwoodknot,vnwoodknot:train:img_4481,external_test,,1
vnwoodknot,vnwoodknot:train:img_4482,external_test,,1
vnwoodknot,vnwoodknot:train:img_4483,external_test,,1
vnwoodknot,vnwoodknot:train:img_4484,external_test,,1
vnwoodknot,vnwoodknot:train:img_4485,external_test,,1
vnwoodknot,vnwoodknot:train:img_4486,external_test,,1
vnwoodknot,vnwoodknot:train:img_4487,external_test,,1
vnwoodknot,vnwoodknot:train:img_4488,external_test,,1
vnwoodknot,vnwoodknot:train:img_4490,external_test,,1
vnwoodknot,vnwoodknot:train:img_4491,external_test,,1
vnwoodknot,vnwoodknot:train:img_4492,external_test,,1
vnwoodknot,vnwoodknot:train:img_4493,external_test,,1
vnwoodknot,vnwoodknot:train:img_4495,external_test,,1
vnwoodknot,vnwoodknot:train:img_4497,external_test,,1
vnwoodknot,vnwoodknot:train:img_4498,external_test,,1
vnwoodknot,vnwoodknot:train:img_4499,external_test,,1
vnwoodknot,vnwoodknot:train:img_4500,external_test,,1
vnwoodknot,vnwoodknot:train:img_4501,external_test,,1
vnwoodknot,vnwoodknot:train:img_4502,external_test,,1
vnwoodknot,vnwoodknot:train:img_4503,external_test,,1
vnwoodknot,vnwoodknot:train:img_4504,external_test,,1
vnwoodknot,vnwoodknot:train:img_4505,external_test,,1
vnwoodknot,vnwoodknot:train:img_4507,external_test,,1
vnwoodknot,vnwoodknot:train:img_4510,external_test,,1
vnwoodknot,vnwoodknot:train:img_4511,external_test,,1
vnwoodknot,vnwoodknot:train:img_4512,external_test,,1
vnwoodknot,vnwoodknot:train:img_4513,external_test,,1
vnwoodknot,vnwoodknot:train:img_4514,external_test,,1
vnwoodknot,vnwoodknot:train:img_4516,external_test,,1
vnwoodknot,vnwoodknot:train:img_4518,external_test,,1
vnwoodknot,vnwoodknot:train:img_4519,external_test,,1
vnwoodknot,vnwoodknot:train:img_4521,external_test,,1
vnwoodknot,vnwoodknot:train:img_4522,external_test,,1
vnwoodknot,vnwoodknot:train:img_4523,external_test,,1
vnwoodknot,vnwoodknot:train:img_4524,external_test,,1
vnwoodknot,vnwoodknot:train:img_4525,external_test,,1
vnwoodknot,vnwoodknot:train:img_4526,external_test,,1
vnwoodknot,vnwoodknot:train:img_4527,external_test,,1
vnwoodknot,vnwoodknot:train:img_4529,external_test,,1
vnwoodknot,vnwoodknot:train:img_4531,external_test,,1
vnwoodknot,vnwoodknot:train:img_4532,external_test,,1
vnwoodknot,vnwoodknot:train:img_4535,external_test,,1
vnwoodknot,vnwoodknot:train:img_4537,external_test,,1
vnwoodknot,vnwoodknot:train:img_4539,external_test,,1
vnwoodknot,vnwoodknot:train:img_4541,external_test,,1
vnwoodknot,vnwoodknot:train:img_4543,external_test,,1
vnwoodknot,vnwoodknot:train:img_4545,external_test,,1
vnwoodknot,vnwoodknot:train:img_4547,external_test,,1
vnwoodknot,vnwoodknot:train:img_4548,external_test,,1
vnwoodknot,vnwoodknot:train:img_4550,external_test,,1
vnwoodknot,vnwoodknot:train:img_4551,external_test,,1
vnwoodknot,vnwoodknot:train:img_4553,external_test,,1
vnwoodknot,vnwoodknot:train:img_4554,external_test,,1
vnwoodknot,vnwoodknot:train:img_4555,external_test,,1
vnwoodknot,vnwoodknot:train:img_4556,external_test,,1
vnwoodknot,vnwoodknot:train:img_4558,external_test,,1
vnwoodknot,vnwoodknot:train:img_4559,external_test,,1
vnwoodknot,vnwoodknot:train:img_4561,external_test,,1
vnwoodknot,vnwoodknot:train:img_4563,external_test,,1
vnwoodknot,vnwoodknot:train:img_4565,external_test,,1
vnwoodknot,vnwoodknot:train:img_4566,external_test,,1
vnwoodknot,vnwoodknot:train:img_4567,external_test,,1
vnwoodknot,vnwoodknot:train:img_4568,external_test,,1
vnwoodknot,vnwoodknot:train:img_4569,external_test,,1
vnwoodknot,vnwoodknot:train:img_4572,external_test,,1
vnwoodknot,vnwoodknot:train:img_4573,external_test,,1
vnwoodknot,vnwoodknot:train:img_4574,external_test,,1
vnwoodknot,vnwoodknot:train:img_4576,external_test,,1
vnwoodknot,vnwoodknot:train:img_4578,external_test,,1
vnwoodknot,vnwoodknot:train:img_4580,external_test,,1
vnwoodknot,vnwoodknot:train:img_4582,external_test,,1
vnwoodknot,vnwoodknot:train:img_4583,external_test,,1
vnwoodknot,vnwoodknot:train:img_4584,external_test,,1
vnwoodknot,vnwoodknot:train:img_4587,external_test,,1
vnwoodknot,vnwoodknot:train:img_4588,external_test,,1
vnwoodknot,vnwoodknot:train:img_4589,external_test,,1
vnwoodknot,vnwoodknot:train:img_4592,external_test,,1
vnwoodknot,vnwoodknot:train:img_4595,external_test,,1
vnwoodknot,vnwoodknot:train:img_4596,external_test,,1
vnwoodknot,vnwoodknot:train:img_4599,external_test,,1
vnwoodknot,vnwoodknot:train:img_4601,external_test,,1
vnwoodknot,vnwoodknot:train:img_4603,external_test,,1
vnwoodknot,vnwoodknot:train:img_4604,external_test,,1
vnwoodknot,vnwoodknot:train:img_4605,external_test,,1
vnwoodknot,vnwoodknot:train:img_4607,external_test,,1
vnwoodknot,vnwoodknot:train:img_4608,external_test,,1
vnwoodknot,vnwoodknot:train:img_4611,external_test,,1
vnwoodknot,vnwoodknot:train:img_4612,external_test,,1
vnwoodknot,vnwoodknot:train:img_4615,external_test,,1
vnwoodknot,vnwoodknot:train:img_4616,external_test,,1
vnwoodknot,vnwoodknot:train:img_4618,external_test,,1
vnwoodknot,vnwoodknot:train:img_4619,external_test,,1
vnwoodknot,vnwoodknot:train:img_4621,external_test,,1
vnwoodknot,vnwoodknot:train:img_4624,external_test,,1
vnwoodknot,vnwoodknot:train:img_4625,external_test,,1
vnwoodknot,vnwoodknot:train:img_4626,external_test,,1
vnwoodknot,vnwoodknot:train:img_4627,external_test,,1
vnwoodknot,vnwoodknot:train:img_4629,external_test,,1
vnwoodknot,vnwoodknot:train:img_4630,external_test,,1
vnwoodknot,vnwoodknot:train:img_4631,external_test,,1
vnwoodknot,vnwoodknot:train:img_4632,external_test,,1
vnwoodknot,vnwoodknot:train:img_4633,external_test,,1
vnwoodknot,vnwoodknot:train:img_4639,external_test,,1
vnwoodknot,vnwoodknot:train:img_4640,external_test,,1
vnwoodknot,vnwoodknot:train:img_4642,external_test,,1
vnwoodknot,vnwoodknot:train:img_4643,external_test,,1
vnwoodknot,vnwoodknot:train:img_4644,external_test,,1
vnwoodknot,vnwoodknot:train:img_4646,external_test,,1
vnwoodknot,vnwoodknot:train:img_4647,external_test,,1
vnwoodknot,vnwoodknot:train:img_4649,external_test,,1
vnwoodknot,vnwoodknot:train:img_4651,external_test,,1
vnwoodknot,vnwoodknot:train:img_4652,external_test,,1
vnwoodknot,vnwoodknot:train:img_4653,external_test,,1
vnwoodknot,vnwoodknot:train:img_4655,external_test,,1
vnwoodknot,vnwoodknot:train:img_4656,external_test,,1
vnwoodknot,vnwoodknot:train:img_4657,external_test,,1
vnwoodknot,vnwoodknot:train:img_4658,external_test,,1
vnwoodknot,vnwoodknot:train:img_4661,external_test,,1
vnwoodknot,vnwoodknot:train:img_4662,external_test,,1
vnwoodknot,vnwoodknot:train:img_4664,external_test,,1
vnwoodknot,vnwoodknot:train:img_4665,external_test,,1
vnwoodknot,vnwoodknot:train:img_4666,external_test,,1
vnwoodknot,vnwoodknot:train:img_4667,external_test,,1
vnwoodknot,vnwoodknot:train:img_4668,external_test,,1
vnwoodknot,vnwoodknot:train:img_4669,external_test,,1
vnwoodknot,vnwoodknot:train:img_4674,external_test,,1
vnwoodknot,vnwoodknot:train:img_4675,external_test,,1
vnwoodknot,vnwoodknot:train:img_4676,external_test,,1
vnwoodknot,vnwoodknot:train:img_4677,external_test,,1
vnwoodknot,vnwoodknot:train:img_4678,external_test,,1
vnwoodknot,vnwoodknot:train:img_4679,external_test,,1
vnwoodknot,vnwoodknot:train:img_4681,external_test,,1
vnwoodknot,vnwoodknot:train:img_4682,external_test,,1
vnwoodknot,vnwoodknot:train:img_4683,external_test,,1
vnwoodknot,vnwoodknot:train:img_4684,external_test,,1
vnwoodknot,vnwoodknot:train:img_4685,external_test,,1
vnwoodknot,vnwoodknot:train:img_4686,external_test,,1
vnwoodknot,vnwoodknot:train:img_4687,external_test,,1
vnwoodknot,vnwoodknot:train:img_4688,external_test,,1
vnwoodknot,vnwoodknot:train:img_4689,external_test,,1
vnwoodknot,vnwoodknot:train:img_4690,external_test,,1
vnwoodknot,vnwoodknot:train:img_4691,external_test,,1
vnwoodknot,vnwoodknot:train:img_4692,external_test,,1
vnwoodknot,vnwoodknot:train:img_4694,external_test,,1
vnwoodknot,vnwoodknot:train:img_4695,external_test,,1
vnwoodknot,vnwoodknot:train:img_4696,external_test,,1
vnwoodknot,vnwoodknot:train:img_4697,external_test,,1
vnwoodknot,vnwoodknot:train:img_4698,external_test,,1
vnwoodknot,vnwoodknot:train:img_4699,external_test,,1
vnwoodknot,vnwoodknot:train:img_4700,external_test,,1
vnwoodknot,vnwoodknot:train:img_4701,external_test,,1
vnwoodknot,vnwoodknot:train:img_4702,external_test,,1
vnwoodknot,vnwoodknot:train:img_4703,external_test,,1
vnwoodknot,vnwoodknot:train:img_4705,external_test,,1
vnwoodknot,vnwoodknot:train:img_4706,external_test,,1
vnwoodknot,vnwoodknot:train:img_4707,external_test,,1
vnwoodknot,vnwoodknot:train:img_4708,external_test,,1
vnwoodknot,vnwoodknot:train:img_4709,external_test,,1
vnwoodknot,vnwoodknot:train:img_4710,external_test,,1
vnwoodknot,vnwoodknot:train:img_4712,external_test,,1
vnwoodknot,vnwoodknot:train:img_4713,external_test,,1
vnwoodknot,vnwoodknot:train:img_4715,external_test,,1
vnwoodknot,vnwoodknot:train:img_4716,external_test,,1
vnwoodknot,vnwoodknot:train:img_4717,external_test,,1
vnwoodknot,vnwoodknot:train:img_4718,external_test,,1
vnwoodknot,vnwoodknot:train:img_4719,external_test,,1
vnwoodknot,vnwoodknot:train:img_4721,external_test,,1
vnwoodknot,vnwoodknot:train:img_4722,external_test,,1
vnwoodknot,vnwoodknot:train:img_4723,external_test,,1
vnwoodknot,vnwoodknot:train:img_4724,external_test,,1
vnwoodknot,vnwoodknot:train:img_4725,external_test,,1
vnwoodknot,vnwoodknot:train:img_4726,external_test,,1
vnwoodknot,vnwoodknot:train:img_4728,external_test,,1
vnwoodknot,vnwoodknot:train:img_4729,external_test,,1
vnwoodknot,vnwoodknot:train:img_4730,external_test,,1
vnwoodknot,vnwoodknot:train:img_4731,external_test,,1
vnwoodknot,vnwoodknot:train:img_4732,external_test,,1
vnwoodknot,vnwoodknot:train:img_4733,external_test,,1
vnwoodknot,vnwoodknot:train:img_4734,external_test,,1
vnwoodknot,vnwoodknot:train:img_4735,external_test,,1
vnwoodknot,vnwoodknot:train:img_4736,external_test,,1
vnwoodknot,vnwoodknot:train:img_4737,external_test,,1
vnwoodknot,vnwoodknot:train:img_4738,external_test,,1
vnwoodknot,vnwoodknot:train:img_4739,external_test,,1
vnwoodknot,vnwoodknot:train:img_4743,external_test,,1
vnwoodknot,vnwoodknot:train:img_4746,external_test,,1
vnwoodknot,vnwoodknot:train:img_4747,external_test,,1
vnwoodknot,vnwoodknot:train:img_4749,external_test,,1
vnwoodknot,vnwoodknot:train:img_4751,external_test,,1
vnwoodknot,vnwoodknot:train:img_4754,external_test,,1
vnwoodknot,vnwoodknot:train:img_4756,external_test,,1
vnwoodknot,vnwoodknot:train:img_4757,external_test,,1
vnwoodknot,vnwoodknot:train:img_4759,external_test,,1
vnwoodknot,vnwoodknot:train:img_4760,external_test,,1
vnwoodknot,vnwoodknot:train:img_4763,external_test,,1
vnwoodknot,vnwoodknot:train:img_4766,external_test,,1
vnwoodknot,vnwoodknot:train:img_4767,external_test,,1
vnwoodknot,vnwoodknot:train:img_4768,external_test,,1
vnwoodknot,vnwoodknot:train:img_4770,external_test,,1
vnwoodknot,vnwoodknot:train:img_4771,external_test,,1
vnwoodknot,vnwoodknot:train:img_4773,external_test,,1
vnwoodknot,vnwoodknot:train:img_4774,external_test,,1
vnwoodknot,vnwoodknot:train:img_4775,external_test,,1
vnwoodknot,vnwoodknot:train:img_4777,external_test,,1
vnwoodknot,vnwoodknot:train:img_4778,external_test,,1
vnwoodknot,vnwoodknot:train:img_4779,external_test,,1
vnwoodknot,vnwoodknot:train:img_4780,external_test,,1
vnwoodknot,vnwoodknot:train:img_4781,external_test,,1
vnwoodknot,vnwoodknot:train:img_4783,external_test,,1
vnwoodknot,vnwoodknot:train:img_4786,external_test,,1
vnwoodknot,vnwoodknot:train:img_4787,external_test,,1
vnwoodknot,vnwoodknot:train:img_4788,external_test,,1
vnwoodknot,vnwoodknot:train:img_4789,external_test,,1
vnwoodknot,vnwoodknot:train:img_4790,external_test,,1
vnwoodknot,vnwoodknot:train:img_4792,external_test,,1
vnwoodknot,vnwoodknot:train:img_4793,external_test,,1
vnwoodknot,vnwoodknot:train:img_4795,external_test,,1
vnwoodknot,vnwoodknot:train:img_4796,external_test,,1
vnwoodknot,vnwoodknot:train:img_4797,external_test,,1
vnwoodknot,vnwoodknot:train:img_4798,external_test,,1
vnwoodknot,vnwoodknot:train:img_4799,external_test,,1
vnwoodknot,vnwoodknot:train:img_4802,external_test,,1
vnwoodknot,vnwoodknot:train:img_4803,external_test,,1
vnwoodknot,vnwoodknot:train:img_4805,external_test,,1
vnwoodknot,vnwoodknot:train:img_4806,external_test,,1
vnwoodknot,vnwoodknot:train:img_4807,external_test,,1
vnwoodknot,vnwoodknot:train:img_4808,external_test,,1
vnwoodknot,vnwoodknot:train:img_4809,external_test,,1
vnwoodknot,vnwoodknot:train:img_4810,external_test,,1
vnwoodknot,vnwoodknot:train:img_4811,external_test,,1
vnwoodknot,vnwoodknot:train:img_4812,external_test,,1
vnwoodknot,vnwoodknot:train:img_4813,external_test,,1
vnwoodknot,vnwoodknot:train:img_4814,external_test,,1
vnwoodknot,vnwoodknot:train:img_4815,external_test,,1
vnwoodknot,vnwoodknot:train:img_4816,external_test,,1
vnwoodknot,vnwoodknot:train:img_4818,external_test,,1
vnwoodknot,vnwoodknot:train:img_4820,external_test,,1
vnwoodknot,vnwoodknot:train:img_4824,external_test,,1
vnwoodknot,vnwoodknot:train:img_4826,external_test,,1
vnwoodknot,vnwoodknot:train:img_4827,external_test,,1
vnwoodknot,vnwoodknot:train:img_4828,external_test,,1
vnwoodknot,vnwoodknot:train:img_4831,external_test,,1
vnwoodknot,vnwoodknot:train:img_4833,external_test,,1
vnwoodknot,vnwoodknot:train:img_4836,external_test,,1
vnwoodknot,vnwoodknot:train:img_4838,external_test,,1
vnwoodknot,vnwoodknot:train:img_4839,external_test,,1
vnwoodknot,vnwoodknot:train:img_4841,external_test,,1
vnwoodknot,vnwoodknot:train:img_4842,external_test,,1
vnwoodknot,vnwoodknot:train:img_4843,external_test,,1
vnwoodknot,vnwoodknot:train:img_4844,external_test,,1
vnwoodknot,vnwoodknot:train:img_4848,external_test,,1
vnwoodknot,vnwoodknot:train:img_4849,external_test,,1
vnwoodknot,vnwoodknot:train:img_4850,external_test,,1
vnwoodknot,vnwoodknot:train:img_4852,external_test,,1
vnwoodknot,vnwoodknot:train:img_4853,external_test,,1
vnwoodknot,vnwoodknot:train:img_4854,external_test,,1
vnwoodknot,vnwoodknot:train:img_4855,external_test,,1
vnwoodknot,vnwoodknot:train:img_4857,external_test,,1
vnwoodknot,vnwoodknot:train:img_4859,external_test,,1
vnwoodknot,vnwoodknot:train:img_4861,external_test,,1
vnwoodknot,vnwoodknot:train:img_4862,external_test,,1
vnwoodknot,vnwoodknot:train:img_4863,external_test,,1
vnwoodknot,vnwoodknot:train:img_4864,external_test,,1
vnwoodknot,vnwoodknot:train:img_4865,external_test,,1
vnwoodknot,vnwoodknot:train:img_4866,external_test,,1
vnwoodknot,vnwoodknot:train:img_4868,external_test,,1
vnwoodknot,vnwoodknot:train:img_4869,external_test,,1
vnwoodknot,vnwoodknot:train:img_4870,external_test,,1
vnwoodknot,vnwoodknot:train:img_4872,external_test,,1
vnwoodknot,vnwoodknot:train:img_4873,external_test,,1
vnwoodknot,vnwoodknot:train:img_4877,external_test,,1
vnwoodknot,vnwoodknot:train:img_4878,external_test,,1
vnwoodknot,vnwoodknot:train:img_4879,external_test,,1
vnwoodknot,vnwoodknot:train:img_4880,external_test,,1
vnwoodknot,vnwoodknot:train:img_4881,external_test,,1
vnwoodknot,vnwoodknot:train:img_4882,external_test,,1
vnwoodknot,vnwoodknot:train:img_4883,external_test,,1
vnwoodknot,vnwoodknot:train:img_4886,external_test,,1
vnwoodknot,vnwoodknot:train:img_4887,external_test,,1
vnwoodknot,vnwoodknot:train:img_4888,external_test,,1
vnwoodknot,vnwoodknot:train:img_4889,external_test,,1
vnwoodknot,vnwoodknot:train:img_4891,external_test,,1
vnwoodknot,vnwoodknot:train:img_4892,external_test,,1
vnwoodknot,vnwoodknot:train:img_4895,external_test,,1
vnwoodknot,vnwoodknot:train:img_4896,external_test,,1
vnwoodknot,vnwoodknot:train:img_4897,external_test,,1
vnwoodknot,vnwoodknot:train:img_4898,external_test,,1
vnwoodknot,vnwoodknot:train:img_4899,external_test,,1
vnwoodknot,vnwoodknot:train:img_4901,external_test,,1
vnwoodknot,vnwoodknot:train:img_4902,external_test,,1
vnwoodknot,vnwoodknot:train:img_4904,external_test,,1
vnwoodknot,vnwoodknot:train:img_4905,external_test,,1
vnwoodknot,vnwoodknot:train:img_4906,external_test,,1
vnwoodknot,vnwoodknot:train:img_4908,external_test,,1
vnwoodknot,vnwoodknot:train:img_4910,external_test,,1
vnwoodknot,vnwoodknot:train:img_4912,external_test,,1
vnwoodknot,vnwoodknot:train:img_4913,external_test,,1
vnwoodknot,vnwoodknot:train:img_4914,external_test,,1
vnwoodknot,vnwoodknot:train:img_4918,external_test,,1
vnwoodknot,vnwoodknot:train:img_4923,external_test,,1
vnwoodknot,vnwoodknot:train:img_4926,external_test,,1
vnwoodknot,vnwoodknot:train:img_4927,external_test,,1
vnwoodknot,vnwoodknot:train:img_4929,external_test,,1
vnwoodknot,vnwoodknot:train:img_4934,external_test,,1
vnwoodknot,vnwoodknot:train:img_4935,external_test,,1
vnwoodknot,vnwoodknot:train:img_4938,external_test,,1
vnwoodknot,vnwoodknot:train:img_4939,external_test,,1
vnwoodknot,vnwoodknot:train:img_4942,external_test,,1
vnwoodknot,vnwoodknot:train:img_4943,external_test,,1
vnwoodknot,vnwoodknot:train:img_4944,external_test,,1
vnwoodknot,vnwoodknot:train:img_4946,external_test,,1
vnwoodknot,vnwoodknot:train:img_4947,external_test,,1
vnwoodknot,vnwoodknot:train:img_4949,external_test,,1
vnwoodknot,vnwoodknot:train:img_4950,external_test,,1
vnwoodknot,vnwoodknot:train:img_4953,external_test,,1
vnwoodknot,vnwoodknot:train:img_4955,external_test,,1
vnwoodknot,vnwoodknot:train:img_4956,external_test,,1
vnwoodknot,vnwoodknot:train:img_4959,external_test,,1
vnwoodknot,vnwoodknot:train:img_4960,external_test,,1
vnwoodknot,vnwoodknot:train:img_4961,external_test,,1
vnwoodknot,vnwoodknot:train:img_4964,external_test,,1
vnwoodknot,vnwoodknot:train:img_4967,external_test,,1
vnwoodknot,vnwoodknot:train:img_4968,external_test,,1
vnwoodknot,vnwoodknot:train:img_4969,external_test,,1
vnwoodknot,vnwoodknot:train:img_4970,external_test,,1
vnwoodknot,vnwoodknot:train:img_4971,external_test,,1
vnwoodknot,vnwoodknot:train:img_4972,external_test,,1
vnwoodknot,vnwoodknot:train:img_4975,external_test,,1
vnwoodknot,vnwoodknot:train:img_4977,external_test,,1
vnwoodknot,vnwoodknot:train:img_4978,external_test,,1
vnwoodknot,vnwoodknot:train:img_4979,external_test,,1
vnwoodknot,vnwoodknot:train:img_4980,external_test,,1
vnwoodknot,vnwoodknot:train:img_4981,external_test,,1
vnwoodknot,vnwoodknot:train:img_4983,external_test,,1
vnwoodknot,vnwoodknot:train:img_4984,external_test,,1
vnwoodknot,vnwoodknot:train:img_4985,external_test,,1
vnwoodknot,vnwoodknot:train:img_4986,external_test,,1
vnwoodknot,vnwoodknot:train:img_4988,external_test,,1
vnwoodknot,vnwoodknot:train:img_4989,external_test,,1
vnwoodknot,vnwoodknot:train:img_4990,external_test,,1
vnwoodknot,vnwoodknot:train:img_4991,external_test,,1
vnwoodknot,vnwoodknot:train:img_4992,external_test,,1
vnwoodknot,vnwoodknot:train:img_4993,external_test,,1
vnwoodknot,vnwoodknot:train:img_4995,external_test,,1
vnwoodknot,vnwoodknot:train:img_4996,external_test,,1
vnwoodknot,vnwoodknot:train:img_4998,external_test,,1
vnwoodknot,vnwoodknot:train:img_4999,external_test,,1
vnwoodknot,vnwoodknot:train:img_5002,external_test,,1
vnwoodknot,vnwoodknot:train:img_5003,external_test,,1
vnwoodknot,vnwoodknot:train:img_5004,external_test,,1
vnwoodknot,vnwoodknot:train:img_5007,external_test,,1
vnwoodknot,vnwoodknot:train:img_5008,external_test,,1
vnwoodknot,vnwoodknot:train:img_5010,external_test,,1
vnwoodknot,vnwoodknot:train:img_5012,external_test,,1
vnwoodknot,vnwoodknot:train:img_5014,external_test,,1
vnwoodknot,vnwoodknot:train:img_5016,external_test,,1
vnwoodknot,vnwoodknot:train:img_5017,external_test,,1
vnwoodknot,vnwoodknot:train:img_5018,external_test,,1
vnwoodknot,vnwoodknot:train:img_5019,external_test,,1
vnwoodknot,vnwoodknot:train:img_5024,external_test,,1
vnwoodknot,vnwoodknot:train:img_5025,external_test,,1
vnwoodknot,vnwoodknot:train:img_5026,external_test,,1
vnwoodknot,vnwoodknot:train:img_5027,external_test,,1
vnwoodknot,vnwoodknot:train:img_5028,external_test,,1
vnwoodknot,vnwoodknot:train:img_5029,external_test,,1
vnwoodknot,vnwoodknot:train:img_5030,external_test,,1
vnwoodknot,vnwoodknot:train:img_5031,external_test,,1
vnwoodknot,vnwoodknot:train:img_5032,external_test,,1
vnwoodknot,vnwoodknot:train:img_5033,external_test,,1
vnwoodknot,vnwoodknot:train:img_5034,external_test,,1
vnwoodknot,vnwoodknot:train:img_5035,external_test,,1
vnwoodknot,vnwoodknot:train:img_5038,external_test,,1
vnwoodknot,vnwoodknot:train:img_5040,external_test,,1
vnwoodknot,vnwoodknot:train:img_5042,external_test,,1
vnwoodknot,vnwoodknot:train:img_5043,external_test,,1
vnwoodknot,vnwoodknot:train:img_5044,external_test,,1
vnwoodknot,vnwoodknot:train:img_5046,external_test,,1
vnwoodknot,vnwoodknot:train:img_5047,external_test,,1
vnwoodknot,vnwoodknot:train:img_5048,external_test,,1
vnwoodknot,vnwoodknot:train:img_5051,external_test,,1
vnwoodknot,vnwoodknot:train:img_5052,external_test,,1
vnwoodknot,vnwoodknot:train:img_5054,external_test,,1
vnwoodknot,vnwoodknot:train:img_5057,external_test,,1
vnwoodknot,vnwoodknot:train:img_5058,external_test,,1
vnwoodknot,vnwoodknot:train:img_5059,external_test,,1
vnwoodknot,vnwoodknot:train:img_5060,external_test,,1
vnwoodknot,vnwoodknot:train:img_5061,external_test,,1
vnwoodknot,vnwoodknot:train:z6578627388506,external_test,,1
vnwoodknot,vnwoodknot:train:z6578627400530,external_test,,1
vnwoodknot,vnwoodknot:train:z6578627402837,external_test,,1
vnwoodknot,vnwoodknot:train:z6578627408793,external_test,,1
vnwoodknot,vnwoodknot:train:z6578627429350,external_test,,1
vnwoodknot,vnwoodknot:train:z6578627433207,external_test,,1
vnwoodknot,vnwoodknot:train:z6578627434339,external_test,,1
vnwoodknot,vnwoodknot:train:z6578627444958,external_test,,1
vnwoodknot,vnwoodknot:train:z6578630467007,external_test,,1
vnwoodknot,vnwoodknot:train:z6578630469732,external_test,,1
vnwoodknot,vnwoodknot:train:z6578630480095,external_test,,1
vnwoodknot,vnwoodknot:train:z6578630487714,external_test,,1
vnwoodknot,vnwoodknot:train:z6578630496090,external_test,,1
vnwoodknot,vnwoodknot:train:z6578630507876,external_test,,1
vnwoodknot,vnwoodknot:validation:img_3472,external_test,,1
vnwoodknot,vnwoodknot:validation:img_3481,external_test,,1
vnwoodknot,vnwoodknot:validation:img_3496,external_test,,1
vnwoodknot,vnwoodknot:validation:img_3498,external_test,,1
vnwoodknot,vnwoodknot:validation:img_3499,external_test,,1
vnwoodknot,vnwoodknot:validation:img_3502,external_test,,1
vnwoodknot,vnwoodknot:validation:img_3508,external_test,,1
vnwoodknot,vnwoodknot:validation:img_3515,external_test,,1
vnwoodknot,vnwoodknot:validation:img_3516,external_test,,1
vnwoodknot,vnwoodknot:validation:img_3529,external_test,,1
vnwoodknot,vnwoodknot:validation:img_3544,external_test,,1
vnwoodknot,vnwoodknot:validation:img_3547,external_test,,1
vnwoodknot,vnwoodknot:validation:img_3551,external_test,,1
vnwoodknot,vnwoodknot:validation:img_3560,external_test,,1
vnwoodknot,vnwoodknot:validation:img_3564,external_test,,1
vnwoodknot,vnwoodknot:validation:img_3566,external_test,,1
vnwoodknot,vnwoodknot:validation:img_3583,external_test,,1
vnwoodknot,vnwoodknot:validation:img_3589,external_test,,1
vnwoodknot,vnwoodknot:validation:img_3592,external_test,,1
vnwoodknot,vnwoodknot:validation:img_3596,external_test,,1
vnwoodknot,vnwoodknot:validation:img_3597,external_test,,1
vnwoodknot,vnwoodknot:validation:img_3623,external_test,,1
vnwoodknot,vnwoodknot:validation:img_3642,external_test,,1
vnwoodknot,vnwoodknot:validation:img_3662,external_test,,1
vnwoodknot,vnwoodknot:validation:img_3668,external_test,,1
vnwoodknot,vnwoodknot:validation:img_3674,external_test,,1
vnwoodknot,vnwoodknot:validation:img_3690,external_test,,1
vnwoodknot,vnwoodknot:validation:img_3694,external_test,,1
vnwoodknot,vnwoodknot:validation:img_3700,external_test,,1
vnwoodknot,vnwoodknot:validation:img_3709,external_test,,1
vnwoodknot,vnwoodknot:validation:img_3712,external_test,,1
vnwoodknot,vnwoodknot:validation:img_3716,external_test,,1
vnwoodknot,vnwoodknot:validation:img_3719,external_test,,1
vnwoodknot,vnwoodknot:validation:img_3720,external_test,,1
vnwoodknot,vnwoodknot:validation:img_3726,external_test,,1
vnwoodknot,vnwoodknot:validation:img_3737,external_test,,1
vnwoodknot,vnwoodknot:validation:img_3747,external_test,,1
vnwoodknot,vnwoodknot:validation:img_3755,external_test,,1
vnwoodknot,vnwoodknot:validation:img_3778,external_test,,1
vnwoodknot,vnwoodknot:validation:img_3782,external_test,,1
vnwoodknot,vnwoodknot:validation:img_3784,external_test,,1
vnwoodknot,vnwoodknot:validation:img_3786,external_test,,1
vnwoodknot,vnwoodknot:validation:img_3809,external_test,,1
vnwoodknot,vnwoodknot:validation:img_3827,external_test,,1
vnwoodknot,vnwoodknot:validation:img_3835,external_test,,1
vnwoodknot,vnwoodknot:validation:img_3869,external_test,,1
vnwoodknot,vnwoodknot:validation:img_3882,external_test,,1
vnwoodknot,vnwoodknot:validation:img_3883,external_test,,1
vnwoodknot,vnwoodknot:validation:img_3892,external_test,,1
vnwoodknot,vnwoodknot:validation:img_3905,external_test,,1
vnwoodknot,vnwoodknot:validation:img_3909,external_test,,1
vnwoodknot,vnwoodknot:validation:img_3916,external_test,,1
vnwoodknot,vnwoodknot:validation:img_3918,external_test,,1
vnwoodknot,vnwoodknot:validation:img_3937,external_test,,1
vnwoodknot,vnwoodknot:validation:img_3938,external_test,,1
vnwoodknot,vnwoodknot:validation:img_3945,external_test,,1
vnwoodknot,vnwoodknot:validation:img_3946,external_test,,1
vnwoodknot,vnwoodknot:validation:img_3948,external_test,,1
vnwoodknot,vnwoodknot:validation:img_3965,external_test,,1
vnwoodknot,vnwoodknot:validation:img_3968,external_test,,1
vnwoodknot,vnwoodknot:validation:img_3985,external_test,,1
vnwoodknot,vnwoodknot:validation:img_3990,external_test,,1
vnwoodknot,vnwoodknot:validation:img_3995,external_test,,1
vnwoodknot,vnwoodknot:validation:img_4004,external_test,,1
vnwoodknot,vnwoodknot:validation:img_4008,external_test,,1
vnwoodknot,vnwoodknot:validation:img_4020,external_test,,1
vnwoodknot,vnwoodknot:validation:img_4021,external_test,,1
vnwoodknot,vnwoodknot:validation:img_4035,external_test,,1
vnwoodknot,vnwoodknot:validation:img_4048,external_test,,1
vnwoodknot,vnwoodknot:validation:img_4057,external_test,,1
vnwoodknot,vnwoodknot:validation:img_4060,external_test,,1
vnwoodknot,vnwoodknot:validation:img_4062,external_test,,1
vnwoodknot,vnwoodknot:validation:img_4063,external_test,,1
vnwoodknot,vnwoodknot:validation:img_4067,external_test,,1
vnwoodknot,vnwoodknot:validation:img_4087,external_test,,1
vnwoodknot,vnwoodknot:validation:img_4090,external_test,,1
vnwoodknot,vnwoodknot:validation:img_4102,external_test,,1
vnwoodknot,vnwoodknot:validation:img_4110,external_test,,1
vnwoodknot,vnwoodknot:validation:img_4116,external_test,,1
vnwoodknot,vnwoodknot:validation:img_4123,external_test,,1
vnwoodknot,vnwoodknot:validation:img_4126,external_test,,1
vnwoodknot,vnwoodknot:validation:img_4127,external_test,,1
vnwoodknot,vnwoodknot:validation:img_4128,external_test,,1
vnwoodknot,vnwoodknot:validation:img_4130,external_test,,1
vnwoodknot,vnwoodknot:validation:img_4138,external_test,,1
vnwoodknot,vnwoodknot:validation:img_4153,external_test,,1
vnwoodknot,vnwoodknot:validation:img_4154,external_test,,1
vnwoodknot,vnwoodknot:validation:img_4164,external_test,,1
vnwoodknot,vnwoodknot:validation:img_4169,external_test,,1
vnwoodknot,vnwoodknot:validation:img_4177,external_test,,1
vnwoodknot,vnwoodknot:validation:img_4178,external_test,,1
vnwoodknot,vnwoodknot:validation:img_4179,external_test,,1
vnwoodknot,vnwoodknot:validation:img_4190,external_test,,1
vnwoodknot,vnwoodknot:validation:img_4196,external_test,,1
vnwoodknot,vnwoodknot:validation:img_4204,external_test,,1
vnwoodknot,vnwoodknot:validation:img_4217,external_test,,1
vnwoodknot,vnwoodknot:validation:img_4225,external_test,,1
vnwoodknot,vnwoodknot:validation:img_4244,external_test,,1
vnwoodknot,vnwoodknot:validation:img_4251,external_test,,1
vnwoodknot,vnwoodknot:validation:img_4252,external_test,,1
vnwoodknot,vnwoodknot:validation:img_4253,external_test,,1
vnwoodknot,vnwoodknot:validation:img_4256,external_test,,1
vnwoodknot,vnwoodknot:validation:img_4261,external_test,,1
vnwoodknot,vnwoodknot:validation:img_4285,external_test,,1
vnwoodknot,vnwoodknot:validation:img_4287,external_test,,1
vnwoodknot,vnwoodknot:validation:img_4301,external_test,,1
vnwoodknot,vnwoodknot:validation:img_4302,external_test,,1
vnwoodknot,vnwoodknot:validation:img_4303,external_test,,1
vnwoodknot,vnwoodknot:validation:img_4308,external_test,,1
vnwoodknot,vnwoodknot:validation:img_4315,external_test,,1
vnwoodknot,vnwoodknot:validation:img_4324,external_test,,1
vnwoodknot,vnwoodknot:validation:img_4360,external_test,,1
vnwoodknot,vnwoodknot:validation:img_4383,external_test,,1
vnwoodknot,vnwoodknot:validation:img_4384,external_test,,1
vnwoodknot,vnwoodknot:validation:img_4387,external_test,,1
vnwoodknot,vnwoodknot:validation:img_4389,external_test,,1
vnwoodknot,vnwoodknot:validation:img_4394,external_test,,1
vnwoodknot,vnwoodknot:validation:img_4395,external_test,,1
vnwoodknot,vnwoodknot:validation:img_4396,external_test,,1
vnwoodknot,vnwoodknot:validation:img_4399,external_test,,1
vnwoodknot,vnwoodknot:validation:img_4402,external_test,,1
vnwoodknot,vnwoodknot:validation:img_4404,external_test,,1
vnwoodknot,vnwoodknot:validation:img_4412,external_test,,1
vnwoodknot,vnwoodknot:validation:img_4428,external_test,,1
vnwoodknot,vnwoodknot:validation:img_4436,external_test,,1
vnwoodknot,vnwoodknot:validation:img_4446,external_test,,1
vnwoodknot,vnwoodknot:validation:img_4468,external_test,,1
vnwoodknot,vnwoodknot:validation:img_4469,external_test,,1
vnwoodknot,vnwoodknot:validation:img_4471,external_test,,1
vnwoodknot,vnwoodknot:validation:img_4480,external_test,,1
vnwoodknot,vnwoodknot:validation:img_4489,external_test,,1
vnwoodknot,vnwoodknot:validation:img_4494,external_test,,1
vnwoodknot,vnwoodknot:validation:img_4506,external_test,,1
vnwoodknot,vnwoodknot:validation:img_4509,external_test,,1
vnwoodknot,vnwoodknot:validation:img_4515,external_test,,1
vnwoodknot,vnwoodknot:validation:img_4517,external_test,,1
vnwoodknot,vnwoodknot:validation:img_4528,external_test,,1
vnwoodknot,vnwoodknot:validation:img_4534,external_test,,1
vnwoodknot,vnwoodknot:validation:img_4540,external_test,,1
vnwoodknot,vnwoodknot:validation:img_4542,external_test,,1
vnwoodknot,vnwoodknot:validation:img_4544,external_test,,1
vnwoodknot,vnwoodknot:validation:img_4560,external_test,,1
vnwoodknot,vnwoodknot:validation:img_4570,external_test,,1
vnwoodknot,vnwoodknot:validation:img_4571,external_test,,1
vnwoodknot,vnwoodknot:validation:img_4577,external_test,,1
vnwoodknot,vnwoodknot:validation:img_4585,external_test,,1
vnwoodknot,vnwoodknot:validation:img_4591,external_test,,1
vnwoodknot,vnwoodknot:validation:img_4593,external_test,,1
vnwoodknot,vnwoodknot:validation:img_4594,external_test,,1
vnwoodknot,vnwoodknot:validation:img_4597,external_test,,1
vnwoodknot,vnwoodknot:validation:img_4602,external_test,,1
vnwoodknot,vnwoodknot:validation:img_4609,external_test,,1
vnwoodknot,vnwoodknot:validation:img_4613,external_test,,1
vnwoodknot,vnwoodknot:validation:img_4614,external_test,,1
vnwoodknot,vnwoodknot:validation:img_4617,external_test,,1
vnwoodknot,vnwoodknot:validation:img_4622,external_test,,1
vnwoodknot,vnwoodknot:validation:img_4623,external_test,,1
vnwoodknot,vnwoodknot:validation:img_4628,external_test,,1
vnwoodknot,vnwoodknot:validation:img_4634,external_test,,1
vnwoodknot,vnwoodknot:validation:img_4635,external_test,,1
vnwoodknot,vnwoodknot:validation:img_4637,external_test,,1
vnwoodknot,vnwoodknot:validation:img_4641,external_test,,1
vnwoodknot,vnwoodknot:validation:img_4645,external_test,,1
vnwoodknot,vnwoodknot:validation:img_4648,external_test,,1
vnwoodknot,vnwoodknot:validation:img_4660,external_test,,1
vnwoodknot,vnwoodknot:validation:img_4671,external_test,,1
vnwoodknot,vnwoodknot:validation:img_4673,external_test,,1
vnwoodknot,vnwoodknot:validation:img_4711,external_test,,1
vnwoodknot,vnwoodknot:validation:img_4714,external_test,,1
vnwoodknot,vnwoodknot:validation:img_4720,external_test,,1
vnwoodknot,vnwoodknot:validation:img_4727,external_test,,1
vnwoodknot,vnwoodknot:validation:img_4741,external_test,,1
vnwoodknot,vnwoodknot:validation:img_4742,external_test,,1
vnwoodknot,vnwoodknot:validation:img_4745,external_test,,1
vnwoodknot,vnwoodknot:validation:img_4748,external_test,,1
vnwoodknot,vnwoodknot:validation:img_4750,external_test,,1
vnwoodknot,vnwoodknot:validation:img_4752,external_test,,1
vnwoodknot,vnwoodknot:validation:img_4753,external_test,,1
vnwoodknot,vnwoodknot:validation:img_4755,external_test,,1
vnwoodknot,vnwoodknot:validation:img_4764,external_test,,1
vnwoodknot,vnwoodknot:validation:img_4769,external_test,,1
vnwoodknot,vnwoodknot:validation:img_4772,external_test,,1
vnwoodknot,vnwoodknot:validation:img_4794,external_test,,1
vnwoodknot,vnwoodknot:validation:img_4822,external_test,,1
vnwoodknot,vnwoodknot:validation:img_4823,external_test,,1
vnwoodknot,vnwoodknot:validation:img_4834,external_test,,1
vnwoodknot,vnwoodknot:validation:img_4837,external_test,,1
vnwoodknot,vnwoodknot:validation:img_4840,external_test,,1
vnwoodknot,vnwoodknot:validation:img_4845,external_test,,1
vnwoodknot,vnwoodknot:validation:img_4847,external_test,,1
vnwoodknot,vnwoodknot:validation:img_4860,external_test,,1
vnwoodknot,vnwoodknot:validation:img_4867,external_test,,1
vnwoodknot,vnwoodknot:validation:img_4884,external_test,,1
vnwoodknot,vnwoodknot:validation:img_4890,external_test,,1
vnwoodknot,vnwoodknot:validation:img_4893,external_test,,1
vnwoodknot,vnwoodknot:validation:img_4894,external_test,,1
vnwoodknot,vnwoodknot:validation:img_4907,external_test,,1
vnwoodknot,vnwoodknot:validation:img_4919,external_test,,1
vnwoodknot,vnwoodknot:validation:img_4920,external_test,,1
vnwoodknot,vnwoodknot:validation:img_4921,external_test,,1
vnwoodknot,vnwoodknot:validation:img_4924,external_test,,1
vnwoodknot,vnwoodknot:validation:img_4925,external_test,,1
vnwoodknot,vnwoodknot:validation:img_4930,external_test,,1
vnwoodknot,vnwoodknot:validation:img_4936,external_test,,1
vnwoodknot,vnwoodknot:validation:img_4940,external_test,,1
vnwoodknot,vnwoodknot:validation:img_4941,external_test,,1
vnwoodknot,vnwoodknot:validation:img_4945,external_test,,1
vnwoodknot,vnwoodknot:validation:img_4948,external_test,,1
vnwoodknot,vnwoodknot:validation:img_4951,external_test,,1
vnwoodknot,vnwoodknot:validation:img_4954,external_test,,1
vnwoodknot,vnwoodknot:validation:img_4962,external_test,,1
vnwoodknot,vnwoodknot:validation:img_4973,external_test,,1
vnwoodknot,vnwoodknot:validation:img_4974,external_test,,1
vnwoodknot,vnwoodknot:validation:img_4987,external_test,,1
vnwoodknot,vnwoodknot:validation:img_5006,external_test,,1
vnwoodknot,vnwoodknot:validation:img_5009,external_test,,1
vnwoodknot,vnwoodknot:validation:img_5011,external_test,,1
vnwoodknot,vnwoodknot:validation:img_5015,external_test,,1
vnwoodknot,vnwoodknot:validation:img_5023,external_test,,1
vnwoodknot,vnwoodknot:validation:img_5036,external_test,,1
vnwoodknot,vnwoodknot:validation:img_5041,external_test,,1
vnwoodknot,vnwoodknot:validation:img_5045,external_test,,1
vnwoodknot,vnwoodknot:validation:img_5055,external_test,,1
vnwoodknot,vnwoodknot:validation:img_5056,external_test,,1
vnwoodknot,vnwoodknot:validation:z6578627421804,external_test,,1
vnwoodknot,vnwoodknot:validation:z6578627457087,external_test,,1
vsb,vsb:Images1,train,,1404
vsb,vsb:Images10,train,,1543
vsb,vsb:Images2,val,,2000
vsb,vsb:Images3,train,,1421
vsb,vsb:Images4,train,,1402
vsb,vsb:Images5,train,,1428
vsb,vsb:Images6,train,,1424
vsb,vsb:Images7,test,,2000
vsb,vsb:Images8,train,,1378
vsb,vsb:Images9,test,,2000
wvtec_wood,wvtec_wood:test:color:000,external_anomaly_test,,1
wvtec_wood,wvtec_wood:test:color:001,external_anomaly_test,,1
wvtec_wood,wvtec_wood:test:color:002,external_anomaly_test,,1
wvtec_wood,wvtec_wood:test:color:003,external_anomaly_test,,1
wvtec_wood,wvtec_wood:test:color:004,external_anomaly_test,,1
wvtec_wood,wvtec_wood:test:color:005,external_anomaly_test,,1
wvtec_wood,wvtec_wood:test:color:006,external_anomaly_test,,1
wvtec_wood,wvtec_wood:test:color:007,external_anomaly_test,,1
wvtec_wood,wvtec_wood:test:combined:000,external_anomaly_test,,1
wvtec_wood,wvtec_wood:test:combined:001,external_anomaly_test,,1
wvtec_wood,wvtec_wood:test:combined:002,external_anomaly_test,,1
wvtec_wood,wvtec_wood:test:combined:003,external_anomaly_test,,1
wvtec_wood,wvtec_wood:test:combined:004,external_anomaly_test,,1
wvtec_wood,wvtec_wood:test:combined:005,external_anomaly_test,,1
wvtec_wood,wvtec_wood:test:combined:006,external_anomaly_test,,1
wvtec_wood,wvtec_wood:test:combined:007,external_anomaly_test,,1
wvtec_wood,wvtec_wood:test:combined:008,external_anomaly_test,,1
wvtec_wood,wvtec_wood:test:combined:009,external_anomaly_test,,1
wvtec_wood,wvtec_wood:test:combined:010,external_anomaly_test,,1
wvtec_wood,wvtec_wood:test:good:000,external_anomaly_test,,1
wvtec_wood,wvtec_wood:test:good:001,external_anomaly_test,,1
wvtec_wood,wvtec_wood:test:good:002,external_anomaly_test,,1
wvtec_wood,wvtec_wood:test:good:003,external_anomaly_test,,1
wvtec_wood,wvtec_wood:test:good:004,external_anomaly_test,,1
wvtec_wood,wvtec_wood:test:good:005,external_anomaly_test,,1
wvtec_wood,wvtec_wood:test:good:006,external_anomaly_test,,1
wvtec_wood,wvtec_wood:test:good:007,external_anomaly_test,,1
wvtec_wood,wvtec_wood:test:good:008,external_anomaly_test,,1
wvtec_wood,wvtec_wood:test:good:009,external_anomaly_test,,1
wvtec_wood,wvtec_wood:test:good:010,external_anomaly_test,,1
wvtec_wood,wvtec_wood:test:good:011,external_anomaly_test,,1
wvtec_wood,wvtec_wood:test:good:012,external_anomaly_test,,1
wvtec_wood,wvtec_wood:test:good:013,external_anomaly_test,,1
wvtec_wood,wvtec_wood:test:good:014,external_anomaly_test,,1
wvtec_wood,wvtec_wood:test:good:015,external_anomaly_test,,1
wvtec_wood,wvtec_wood:test:good:016,external_anomaly_test,,1
wvtec_wood,wvtec_wood:test:good:017,external_anomaly_test,,1
wvtec_wood,wvtec_wood:test:good:018,external_anomaly_test,,1
wvtec_wood,wvtec_wood:test:hole:000,external_anomaly_test,,1
wvtec_wood,wvtec_wood:test:hole:001,external_anomaly_test,,1
wvtec_wood,wvtec_wood:test:hole:002,external_anomaly_test,,1
wvtec_wood,wvtec_wood:test:hole:003,external_anomaly_test,,1
wvtec_wood,wvtec_wood:test:hole:004,external_anomaly_test,,1
wvtec_wood,wvtec_wood:test:hole:005,external_anomaly_test,,1
wvtec_wood,wvtec_wood:test:hole:006,external_anomaly_test,,1
wvtec_wood,wvtec_wood:test:hole:007,external_anomaly_test,,1
wvtec_wood,wvtec_wood:test:hole:008,external_anomaly_test,,1
wvtec_wood,wvtec_wood:test:hole:009,external_anomaly_test,,1
wvtec_wood,wvtec_wood:test:liquid:000,external_anomaly_test,,1
wvtec_wood,wvtec_wood:test:liquid:001,external_anomaly_test,,1
wvtec_wood,wvtec_wood:test:liquid:002,external_anomaly_test,,1
wvtec_wood,wvtec_wood:test:liquid:003,external_anomaly_test,,1
wvtec_wood,wvtec_wood:test:liquid:004,external_anomaly_test,,1
wvtec_wood,wvtec_wood:test:liquid:005,external_anomaly_test,,1
wvtec_wood,wvtec_wood:test:liquid:006,external_anomaly_test,,1
wvtec_wood,wvtec_wood:test:liquid:007,external_anomaly_test,,1
wvtec_wood,wvtec_wood:test:liquid:008,external_anomaly_test,,1
wvtec_wood,wvtec_wood:test:liquid:009,external_anomaly_test,,1
wvtec_wood,wvtec_wood:test:scratch:000,external_anomaly_test,,1
wvtec_wood,wvtec_wood:test:scratch:001,external_anomaly_test,,1
wvtec_wood,wvtec_wood:test:scratch:002,external_anomaly_test,,1
wvtec_wood,wvtec_wood:test:scratch:003,external_anomaly_test,,1
wvtec_wood,wvtec_wood:test:scratch:004,external_anomaly_test,,1
wvtec_wood,wvtec_wood:test:scratch:005,external_anomaly_test,,1
wvtec_wood,wvtec_wood:test:scratch:006,external_anomaly_test,,1
wvtec_wood,wvtec_wood:test:scratch:007,external_anomaly_test,,1
wvtec_wood,wvtec_wood:test:scratch:008,external_anomaly_test,,1
wvtec_wood,wvtec_wood:test:scratch:009,external_anomaly_test,,1
wvtec_wood,wvtec_wood:test:scratch:010,external_anomaly_test,,1
wvtec_wood,wvtec_wood:test:scratch:011,external_anomaly_test,,1
wvtec_wood,wvtec_wood:test:scratch:012,external_anomaly_test,,1
wvtec_wood,wvtec_wood:test:scratch:013,external_anomaly_test,,1
wvtec_wood,wvtec_wood:test:scratch:014,external_anomaly_test,,1
wvtec_wood,wvtec_wood:test:scratch:015,external_anomaly_test,,1
wvtec_wood,wvtec_wood:test:scratch:016,external_anomaly_test,,1
wvtec_wood,wvtec_wood:test:scratch:017,external_anomaly_test,,1
wvtec_wood,wvtec_wood:test:scratch:018,external_anomaly_test,,1
wvtec_wood,wvtec_wood:test:scratch:019,external_anomaly_test,,1
wvtec_wood,wvtec_wood:test:scratch:020,external_anomaly_test,,1
wvtec_wood,wvtec_wood:train:good:000,aux_train_reference,,1
wvtec_wood,wvtec_wood:train:good:001,aux_train_reference,,1
wvtec_wood,wvtec_wood:train:good:002,aux_train_reference,,1
wvtec_wood,wvtec_wood:train:good:003,aux_train_reference,,1
wvtec_wood,wvtec_wood:train:good:004,aux_train_reference,,1
wvtec_wood,wvtec_wood:train:good:005,aux_train_reference,,1
wvtec_wood,wvtec_wood:train:good:006,aux_train_reference,,1
wvtec_wood,wvtec_wood:train:good:007,aux_train_reference,,1
wvtec_wood,wvtec_wood:train:good:008,aux_train_reference,,1
wvtec_wood,wvtec_wood:train:good:009,aux_train_reference,,1
wvtec_wood,wvtec_wood:train:good:010,aux_train_reference,,1
wvtec_wood,wvtec_wood:train:good:011,aux_train_reference,,1
wvtec_wood,wvtec_wood:train:good:012,aux_train_reference,,1
wvtec_wood,wvtec_wood:train:good:013,aux_train_reference,,1
wvtec_wood,wvtec_wood:train:good:014,aux_train_reference,,1
wvtec_wood,wvtec_wood:train:good:015,aux_train_reference,,1
wvtec_wood,wvtec_wood:train:good:016,aux_train_reference,,1
wvtec_wood,wvtec_wood:train:good:017,aux_train_reference,,1
wvtec_wood,wvtec_wood:train:good:018,aux_train_reference,,1
wvtec_wood,wvtec_wood:train:good:019,aux_train_reference,,1
wvtec_wood,wvtec_wood:train:good:020,aux_train_reference,,1
wvtec_wood,wvtec_wood:train:good:021,aux_train_reference,,1
wvtec_wood,wvtec_wood:train:good:022,aux_train_reference,,1
wvtec_wood,wvtec_wood:train:good:023,aux_train_reference,,1
wvtec_wood,wvtec_wood:train:good:024,aux_train_reference,,1
wvtec_wood,wvtec_wood:train:good:025,aux_train_reference,,1
wvtec_wood,wvtec_wood:train:good:026,aux_train_reference,,1
wvtec_wood,wvtec_wood:train:good:027,aux_train_reference,,1
wvtec_wood,wvtec_wood:train:good:028,aux_train_reference,,1
wvtec_wood,wvtec_wood:train:good:029,aux_train_reference,,1
wvtec_wood,wvtec_wood:train:good:030,aux_train_reference,,1
wvtec_wood,wvtec_wood:train:good:031,aux_train_reference,,1
wvtec_wood,wvtec_wood:train:good:032,aux_train_reference,,1
wvtec_wood,wvtec_wood:train:good:033,aux_train_reference,,1
wvtec_wood,wvtec_wood:train:good:034,aux_train_reference,,1
wvtec_wood,wvtec_wood:train:good:035,aux_train_reference,,1
wvtec_wood,wvtec_wood:train:good:036,aux_train_reference,,1
wvtec_wood,wvtec_wood:train:good:037,aux_train_reference,,1
wvtec_wood,wvtec_wood:train:good:038,aux_train_reference,,1
wvtec_wood,wvtec_wood:train:good:039,aux_train_reference,,1
wvtec_wood,wvtec_wood:train:good:040,aux_train_reference,,1
wvtec_wood,wvtec_wood:train:good:041,aux_train_reference,,1
wvtec_wood,wvtec_wood:train:good:042,aux_train_reference,,1
wvtec_wood,wvtec_wood:train:good:043,aux_train_reference,,1
wvtec_wood,wvtec_wood:train:good:044,aux_train_reference,,1
wvtec_wood,wvtec_wood:train:good:045,aux_train_reference,,1
wvtec_wood,wvtec_wood:train:good:046,aux_train_reference,,1
wvtec_wood,wvtec_wood:train:good:047,aux_train_reference,,1
wvtec_wood,wvtec_wood:train:good:048,aux_train_reference,,1
wvtec_wood,wvtec_wood:train:good:049,aux_train_reference,,1
wvtec_wood,wvtec_wood:train:good:050,aux_train_reference,,1
wvtec_wood,wvtec_wood:train:good:051,aux_train_reference,,1
wvtec_wood,wvtec_wood:train:good:052,aux_train_reference,,1
wvtec_wood,wvtec_wood:train:good:053,aux_train_reference,,1
wvtec_wood,wvtec_wood:train:good:054,aux_train_reference,,1
wvtec_wood,wvtec_wood:train:good:055,aux_train_reference,,1
wvtec_wood,wvtec_wood:train:good:056,aux_train_reference,,1
wvtec_wood,wvtec_wood:train:good:057,aux_train_reference,,1
wvtec_wood,wvtec_wood:train:good:058,aux_train_reference,,1
wvtec_wood,wvtec_wood:train:good:059,aux_train_reference,,1
wvtec_wood,wvtec_wood:train:good:060,aux_train_reference,,1
wvtec_wood,wvtec_wood:train:good:061,aux_train_reference,,1
wvtec_wood,wvtec_wood:train:good:062,aux_train_reference,,1
wvtec_wood,wvtec_wood:train:good:063,aux_train_reference,,1
wvtec_wood,wvtec_wood:train:good:064,aux_train_reference,,1
wvtec_wood,wvtec_wood:train:good:065,aux_train_reference,,1
wvtec_wood,wvtec_wood:train:good:066,aux_train_reference,,1
wvtec_wood,wvtec_wood:train:good:067,aux_train_reference,,1
wvtec_wood,wvtec_wood:train:good:068,aux_train_reference,,1
wvtec_wood,wvtec_wood:train:good:069,aux_train_reference,,1
wvtec_wood,wvtec_wood:train:good:070,aux_train_reference,,1
wvtec_wood,wvtec_wood:train:good:071,aux_train_reference,,1
wvtec_wood,wvtec_wood:train:good:072,aux_train_reference,,1
wvtec_wood,wvtec_wood:train:good:073,aux_train_reference,,1
wvtec_wood,wvtec_wood:train:good:074,aux_train_reference,,1
wvtec_wood,wvtec_wood:train:good:075,aux_train_reference,,1
wvtec_wood,wvtec_wood:train:good:076,aux_train_reference,,1
wvtec_wood,wvtec_wood:train:good:077,aux_train_reference,,1
wvtec_wood,wvtec_wood:train:good:078,aux_train_reference,,1
wvtec_wood,wvtec_wood:train:good:079,aux_train_reference,,1
wvtec_wood,wvtec_wood:train:good:080,aux_train_reference,,1
wvtec_wood,wvtec_wood:train:good:081,aux_train_reference,,1
wvtec_wood,wvtec_wood:train:good:082,aux_train_reference,,1
wvtec_wood,wvtec_wood:train:good:083,aux_train_reference,,1
wvtec_wood,wvtec_wood:train:good:084,aux_train_reference,,1
wvtec_wood,wvtec_wood:train:good:085,aux_train_reference,,1
wvtec_wood,wvtec_wood:train:good:086,aux_train_reference,,1
wvtec_wood,wvtec_wood:train:good:087,aux_train_reference,,1
wvtec_wood,wvtec_wood:train:good:088,aux_train_reference,,1
wvtec_wood,wvtec_wood:train:good:089,aux_train_reference,,1
wvtec_wood,wvtec_wood:train:good:090,aux_train_reference,,1
wvtec_wood,wvtec_wood:train:good:091,aux_train_reference,,1
wvtec_wood,wvtec_wood:train:good:092,aux_train_reference,,1
wvtec_wood,wvtec_wood:train:good:093,aux_train_reference,,1
wvtec_wood,wvtec_wood:train:good:094,aux_train_reference,,1
wvtec_wood,wvtec_wood:train:good:095,aux_train_reference,,1
wvtec_wood,wvtec_wood:train:good:096,aux_train_reference,,1
wvtec_wood,wvtec_wood:train:good:097,aux_train_reference,,1
wvtec_wood,wvtec_wood:train:good:098,aux_train_reference,,1
wvtec_wood,wvtec_wood:train:good:099,aux_train_reference,,1
wvtec_wood,wvtec_wood:train:good:100,aux_train_reference,,1
wvtec_wood,wvtec_wood:train:good:101,aux_train_reference,,1
wvtec_wood,wvtec_wood:train:good:102,aux_train_reference,,1
wvtec_wood,wvtec_wood:train:good:103,aux_train_reference,,1
wvtec_wood,wvtec_wood:train:good:104,aux_train_reference,,1
wvtec_wood,wvtec_wood:train:good:105,aux_train_reference,,1
wvtec_wood,wvtec_wood:train:good:106,aux_train_reference,,1
wvtec_wood,wvtec_wood:train:good:107,aux_train_reference,,1
wvtec_wood,wvtec_wood:train:good:108,aux_train_reference,,1
wvtec_wood,wvtec_wood:train:good:109,aux_train_reference,,1
wvtec_wood,wvtec_wood:train:good:110,aux_train_reference,,1
wvtec_wood,wvtec_wood:train:good:111,aux_train_reference,,1
wvtec_wood,wvtec_wood:train:good:112,aux_train_reference,,1
wvtec_wood,wvtec_wood:train:good:113,aux_train_reference,,1
wvtec_wood,wvtec_wood:train:good:114,aux_train_reference,,1
wvtec_wood,wvtec_wood:train:good:115,aux_train_reference,,1
wvtec_wood,wvtec_wood:train:good:116,aux_train_reference,,1
wvtec_wood,wvtec_wood:train:good:117,aux_train_reference,,1
wvtec_wood,wvtec_wood:train:good:118,aux_train_reference,,1
wvtec_wood,wvtec_wood:train:good:119,aux_train_reference,,1
wvtec_wood,wvtec_wood:train:good:120,aux_train_reference,,1
wvtec_wood,wvtec_wood:train:good:121,aux_train_reference,,1
wvtec_wood,wvtec_wood:train:good:122,aux_train_reference,,1
wvtec_wood,wvtec_wood:train:good:123,aux_train_reference,,1
wvtec_wood,wvtec_wood:train:good:124,aux_train_reference,,1
wvtec_wood,wvtec_wood:train:good:125,aux_train_reference,,1
wvtec_wood,wvtec_wood:train:good:126,aux_train_reference,,1
wvtec_wood,wvtec_wood:train:good:127,aux_train_reference,,1
wvtec_wood,wvtec_wood:train:good:128,aux_train_reference,,1
wvtec_wood,wvtec_wood:train:good:129,aux_train_reference,,1
wvtec_wood,wvtec_wood:train:good:130,aux_train_reference,,1
wvtec_wood,wvtec_wood:train:good:131,aux_train_reference,,1
wvtec_wood,wvtec_wood:train:good:132,aux_train_reference,,1
wvtec_wood,wvtec_wood:train:good:133,aux_train_reference,,1
wvtec_wood,wvtec_wood:train:good:134,aux_train_reference,,1
wvtec_wood,wvtec_wood:train:good:135,aux_train_reference,,1
wvtec_wood,wvtec_wood:train:good:136,aux_train_reference,,1
wvtec_wood,wvtec_wood:train:good:137,aux_train_reference,,1
wvtec_wood,wvtec_wood:train:good:138,aux_train_reference,,1
wvtec_wood,wvtec_wood:train:good:139,aux_train_reference,,1
wvtec_wood,wvtec_wood:train:good:140,aux_train_reference,,1
wvtec_wood,wvtec_wood:train:good:141,aux_train_reference,,1
wvtec_wood,wvtec_wood:train:good:142,aux_train_reference,,1
wvtec_wood,wvtec_wood:train:good:143,aux_train_reference,,1
wvtec_wood,wvtec_wood:train:good:144,aux_train_reference,,1
wvtec_wood,wvtec_wood:train:good:145,aux_train_reference,,1
wvtec_wood,wvtec_wood:train:good:146,aux_train_reference,,1
wvtec_wood,wvtec_wood:train:good:147,aux_train_reference,,1
wvtec_wood,wvtec_wood:train:good:148,aux_train_reference,,1
wvtec_wood,wvtec_wood:train:good:149,aux_train_reference,,1
wvtec_wood,wvtec_wood:train:good:150,aux_train_reference,,1
wvtec_wood,wvtec_wood:train:good:151,aux_train_reference,,1
wvtec_wood,wvtec_wood:train:good:152,aux_train_reference,,1
wvtec_wood,wvtec_wood:train:good:153,aux_train_reference,,1
wvtec_wood,wvtec_wood:train:good:154,aux_train_reference,,1
wvtec_wood,wvtec_wood:train:good:155,aux_train_reference,,1
wvtec_wood,wvtec_wood:train:good:156,aux_train_reference,,1
wvtec_wood,wvtec_wood:train:good:157,aux_train_reference,,1
wvtec_wood,wvtec_wood:train:good:158,aux_train_reference,,1
wvtec_wood,wvtec_wood:train:good:159,aux_train_reference,,1
wvtec_wood,wvtec_wood:train:good:160,aux_train_reference,,1
wvtec_wood,wvtec_wood:train:good:161,aux_train_reference,,1
wvtec_wood,wvtec_wood:train:good:162,aux_train_reference,,1
wvtec_wood,wvtec_wood:train:good:163,aux_train_reference,,1
wvtec_wood,wvtec_wood:train:good:164,aux_train_reference,,1
wvtec_wood,wvtec_wood:train:good:165,aux_train_reference,,1
wvtec_wood,wvtec_wood:train:good:166,aux_train_reference,,1
wvtec_wood,wvtec_wood:train:good:167,aux_train_reference,,1
wvtec_wood,wvtec_wood:train:good:168,aux_train_reference,,1
wvtec_wood,wvtec_wood:train:good:169,aux_train_reference,,1
wvtec_wood,wvtec_wood:train:good:170,aux_train_reference,,1
wvtec_wood,wvtec_wood:train:good:171,aux_train_reference,,1
wvtec_wood,wvtec_wood:train:good:172,aux_train_reference,,1
wvtec_wood,wvtec_wood:train:good:173,aux_train_reference,,1
wvtec_wood,wvtec_wood:train:good:174,aux_train_reference,,1
wvtec_wood,wvtec_wood:train:good:175,aux_train_reference,,1
wvtec_wood,wvtec_wood:train:good:176,aux_train_reference,,1
wvtec_wood,wvtec_wood:train:good:177,aux_train_reference,,1
wvtec_wood,wvtec_wood:train:good:178,aux_train_reference,,1
wvtec_wood,wvtec_wood:train:good:179,aux_train_reference,,1
wvtec_wood,wvtec_wood:train:good:180,aux_train_reference,,1
wvtec_wood,wvtec_wood:train:good:181,aux_train_reference,,1
wvtec_wood,wvtec_wood:train:good:182,aux_train_reference,,1
wvtec_wood,wvtec_wood:train:good:183,aux_train_reference,,1
wvtec_wood,wvtec_wood:train:good:184,aux_train_reference,,1
wvtec_wood,wvtec_wood:train:good:185,aux_train_reference,,1
wvtec_wood,wvtec_wood:train:good:186,aux_train_reference,,1
wvtec_wood,wvtec_wood:train:good:187,aux_train_reference,,1
wvtec_wood,wvtec_wood:train:good:188,aux_train_reference,,1
wvtec_wood,wvtec_wood:train:good:189,aux_train_reference,,1
wvtec_wood,wvtec_wood:train:good:190,aux_train_reference,,1
wvtec_wood,wvtec_wood:train:good:191,aux_train_reference,,1
wvtec_wood,wvtec_wood:train:good:192,aux_train_reference,,1
wvtec_wood,wvtec_wood:train:good:193,aux_train_reference,,1
wvtec_wood,wvtec_wood:train:good:194,aux_train_reference,,1
wvtec_wood,wvtec_wood:train:good:195,aux_train_reference,,1
wvtec_wood,wvtec_wood:train:good:196,aux_train_reference,,1
wvtec_wood,wvtec_wood:train:good:197,aux_train_reference,,1
wvtec_wood,wvtec_wood:train:good:198,aux_train_reference,,1
wvtec_wood,wvtec_wood:train:good:199,aux_train_reference,,1
wvtec_wood,wvtec_wood:train:good:200,aux_train_reference,,1
wvtec_wood,wvtec_wood:train:good:201,aux_train_reference,,1
wvtec_wood,wvtec_wood:train:good:202,aux_train_reference,,1
wvtec_wood,wvtec_wood:train:good:203,aux_train_reference,,1
wvtec_wood,wvtec_wood:train:good:204,aux_train_reference,,1
wvtec_wood,wvtec_wood:train:good:205,aux_train_reference,,1
wvtec_wood,wvtec_wood:train:good:206,aux_train_reference,,1
wvtec_wood,wvtec_wood:train:good:207,aux_train_reference,,1
wvtec_wood,wvtec_wood:train:good:208,aux_train_reference,,1
wvtec_wood,wvtec_wood:train:good:209,aux_train_reference,,1
wvtec_wood,wvtec_wood:train:good:210,aux_train_reference,,1
wvtec_wood,wvtec_wood:train:good:211,aux_train_reference,,1
wvtec_wood,wvtec_wood:train:good:212,aux_train_reference,,1
wvtec_wood,wvtec_wood:train:good:213,aux_train_reference,,1
wvtec_wood,wvtec_wood:train:good:214,aux_train_reference,,1
wvtec_wood,wvtec_wood:train:good:215,aux_train_reference,,1
wvtec_wood,wvtec_wood:train:good:216,aux_train_reference,,1
wvtec_wood,wvtec_wood:train:good:217,aux_train_reference,,1
wvtec_wood,wvtec_wood:train:good:218,aux_train_reference,,1
wvtec_wood,wvtec_wood:train:good:219,aux_train_reference,,1
wvtec_wood,wvtec_wood:train:good:220,aux_train_reference,,1
wvtec_wood,wvtec_wood:train:good:221,aux_train_reference,,1
wvtec_wood,wvtec_wood:train:good:222,aux_train_reference,,1
wvtec_wood,wvtec_wood:train:good:223,aux_train_reference,,1
wvtec_wood,wvtec_wood:train:good:224,aux_train_reference,,1
wvtec_wood,wvtec_wood:train:good:225,aux_train_reference,,1
wvtec_wood,wvtec_wood:train:good:226,aux_train_reference,,1
wvtec_wood,wvtec_wood:train:good:227,aux_train_reference,,1
wvtec_wood,wvtec_wood:train:good:228,aux_train_reference,,1
wvtec_wood,wvtec_wood:train:good:229,aux_train_reference,,1
wvtec_wood,wvtec_wood:train:good:230,aux_train_reference,,1
wvtec_wood,wvtec_wood:train:good:231,aux_train_reference,,1
wvtec_wood,wvtec_wood:train:good:232,aux_train_reference,,1
wvtec_wood,wvtec_wood:train:good:233,aux_train_reference,,1
wvtec_wood,wvtec_wood:train:good:234,aux_train_reference,,1
wvtec_wood,wvtec_wood:train:good:235,aux_train_reference,,1
wvtec_wood,wvtec_wood:train:good:236,aux_train_reference,,1
wvtec_wood,wvtec_wood:train:good:237,aux_train_reference,,1
wvtec_wood,wvtec_wood:train:good:238,aux_train_reference,,1
wvtec_wood,wvtec_wood:train:good:239,aux_train_reference,,1
wvtec_wood,wvtec_wood:train:good:240,aux_train_reference,,1
wvtec_wood,wvtec_wood:train:good:241,aux_train_reference,,1
wvtec_wood,wvtec_wood:train:good:242,aux_train_reference,,1
wvtec_wood,wvtec_wood:train:good:243,aux_train_reference,,1
wvtec_wood,wvtec_wood:train:good:244,aux_train_reference,,1
wvtec_wood,wvtec_wood:train:good:245,aux_train_reference,,1
wvtec_wood,wvtec_wood:train:good:246,aux_train_reference,,1
