crop_path,source_image,source_dataset,source_class,group_id,true_class,predicted_class,confidence,probability_crack,probability_knot,probability_normal,correct
wood-multitask-final/data_processed/classification_crops/external_test/knot/oulu_000001_0000001.jpg,OULU-DET/I2GF-Net-Data/Oulu-Wood/JPEGImages/st1012.jpg,oulu,dry_knot,oulu:st1012,knot,knot,0.9999910593032837,8.97615791473072e-06,0.9999910593032837,5.247993151158425e-10,True
wood-multitask-final/data_processed/classification_crops/external_test/knot/oulu_000001_0000002.jpg,OULU-DET/I2GF-Net-Data/Oulu-Wood/JPEGImages/st1012.jpg,oulu,dry_knot,oulu:st1012,knot,knot,0.9999908208847046,9.154774488706607e-06,0.9999908208847046,1.0863198118826745e-09,True
wood-multitask-final/data_processed/classification_crops/external_test/knot/oulu_000002_0000003.jpg,OULU-DET/I2GF-Net-Data/Oulu-Wood/JPEGImages/st1013.jpg,oulu,dry_knot,oulu:st1013,knot,knot,0.9997774958610535,0.0002225559437647462,0.9997774958610535,4.325598013110721e-08,True
wood-multitask-final/data_processed/classification_crops/external_test/knot/oulu_000002_0000004.jpg,OULU-DET/I2GF-Net-Data/Oulu-Wood/JPEGImages/st1013.jpg,oulu,encased_knot,oulu:st1013,knot,knot,0.9999992847442627,7.048451493574248e-07,0.9999992847442627,2.0734793437782173e-08,True
wood-multitask-final/data_processed/classification_crops/external_test/knot/oulu_000002_0000005.jpg,OULU-DET/I2GF-Net-Data/Oulu-Wood/JPEGImages/st1013.jpg,oulu,sound_knot,oulu:st1013,knot,crack,0.9946913123130798,0.9946913123130798,0.0053086611442267895,5.129462826714004e-11,False
wood-multitask-final/data_processed/classification_crops/external_test/knot/oulu_000003_0000006.jpg,OULU-DET/I2GF-Net-Data/Oulu-Wood/JPEGImages/st1014.jpg,oulu,dry_knot,oulu:st1014,knot,knot,0.9999884366989136,1.1528694813023321e-05,0.9999884366989136,1.15366294295427e-08,True
wood-multitask-final/data_processed/classification_crops/external_test/knot/oulu_000003_0000007.jpg,OULU-DET/I2GF-Net-Data/Oulu-Wood/JPEGImages/st1014.jpg,oulu,dry_knot,oulu:st1014,knot,knot,0.9999371767044067,6.277229840634391e-05,0.9999371767044067,1.6097423838346003e-08,True
wood-multitask-final/data_processed/classification_crops/external_test/knot/oulu_000004_0000008.jpg,OULU-DET/I2GF-Net-Data/Oulu-Wood/JPEGImages/st1015.jpg,oulu,dry_knot,oulu:st1015,knot,knot,0.999896764755249,0.0001032355212373659,0.999896764755249,8.861866240827965e-10,True
wood-multitask-final/data_processed/classification_crops/external_test/knot/oulu_000004_0000009.jpg,OULU-DET/I2GF-Net-Data/Oulu-Wood/JPEGImages/st1015.jpg,oulu,dry_knot,oulu:st1015,knot,knot,0.999998927116394,3.23126471357682e-07,0.999998927116394,7.518563620578789e-07,True
wood-multitask-final/data_processed/classification_crops/external_test/knot/oulu_000005_0000010.jpg,OULU-DET/I2GF-Net-Data/Oulu-Wood/JPEGImages/st1016.jpg,oulu,sound_knot,oulu:st1016,knot,knot,0.9999542236328125,1.6741815898058121e-06,0.9999542236328125,4.41284391854424e-05,True
wood-multitask-final/data_processed/classification_crops/external_test/knot/oulu_000005_0000011.jpg,OULU-DET/I2GF-Net-Data/Oulu-Wood/JPEGImages/st1016.jpg,oulu,dry_knot,oulu:st1016,knot,knot,0.999943733215332,5.626340862363577e-05,0.999943733215332,3.191954034420519e-09,True
wood-multitask-final/data_processed/classification_crops/external_test/knot/oulu_000005_0000012.jpg,OULU-DET/I2GF-Net-Data/Oulu-Wood/JPEGImages/st1016.jpg,oulu,dry_knot,oulu:st1016,knot,knot,0.9999995231628418,4.576614855977823e-07,0.9999995231628418,1.5763676586288966e-08,True
wood-multitask-final/data_processed/classification_crops/external_test/knot/oulu_000005_0000013.jpg,OULU-DET/I2GF-Net-Data/Oulu-Wood/JPEGImages/st1016.jpg,oulu,sound_knot,oulu:st1016,knot,knot,0.9996331930160522,0.00036683655343949795,0.9996331930160522,2.7399648772075125e-08,True
wood-multitask-final/data_processed/classification_crops/external_test/knot/oulu_000005_0000014.jpg,OULU-DET/I2GF-Net-Data/Oulu-Wood/JPEGImages/st1016.jpg,oulu,dry_knot,oulu:st1016,knot,knot,0.9999960660934448,3.8936200326133985e-06,0.9999960660934448,2.124720399621083e-09,True
wood-multitask-final/data_processed/classification_crops/external_test/knot/oulu_000006_0000015.jpg,OULU-DET/I2GF-Net-Data/Oulu-Wood/JPEGImages/st1017.jpg,oulu,dry_knot,oulu:st1017,knot,knot,0.9999819993972778,1.803671329980716e-05,0.9999819993972778,9.801073730386634e-09,True
wood-multitask-final/data_processed/classification_crops/external_test/knot/oulu_000006_0000016.jpg,OULU-DET/I2GF-Net-Data/Oulu-Wood/JPEGImages/st1017.jpg,oulu,dry_knot,oulu:st1017,knot,knot,0.9999964237213135,3.6307362734078197e-06,0.9999964237213135,1.8294533887797115e-08,True
wood-multitask-final/data_processed/classification_crops/external_test/knot/oulu_000006_0000017.jpg,OULU-DET/I2GF-Net-Data/Oulu-Wood/JPEGImages/st1017.jpg,oulu,dry_knot,oulu:st1017,knot,knot,0.9993430972099304,0.0006568816024810076,0.9993430972099304,2.1301589658850872e-10,True
wood-multitask-final/data_processed/classification_crops/external_test/knot/oulu_000007_0000018.jpg,OULU-DET/I2GF-Net-Data/Oulu-Wood/JPEGImages/st1018.jpg,oulu,edge_knot,oulu:st1018,knot,knot,0.9470742344856262,0.05292569473385811,0.9470742344856262,3.5450256063995766e-08,True
wood-multitask-final/data_processed/classification_crops/external_test/normal/oulu_000008_normal.jpg,OULU-DET/I2GF-Net-Data/Oulu-Wood/JPEGImages/st1019.jpg,oulu,verified_negative,oulu:st1019,normal,knot,0.9995318651199341,0.0004600883403327316,0.9995318651199341,8.079365215962753e-06,False
wood-multitask-final/data_processed/classification_crops/external_test/normal/oulu_000009_normal.jpg,OULU-DET/I2GF-Net-Data/Oulu-Wood/JPEGImages/st1020.jpg,oulu,verified_negative,oulu:st1020,normal,knot,0.9992502331733704,6.340006802929565e-05,0.9992502331733704,0.0006863616872578859,False
wood-multitask-final/data_processed/classification_crops/external_test/normal/oulu_000010_normal.jpg,OULU-DET/I2GF-Net-Data/Oulu-Wood/JPEGImages/st1021.jpg,oulu,verified_negative,oulu:st1021,normal,knot,0.9998835325241089,0.00011650778469629586,0.9998835325241089,4.9693177572862623e-08,False
wood-multitask-final/data_processed/classification_crops/external_test/normal/oulu_000011_normal.jpg,OULU-DET/I2GF-Net-Data/Oulu-Wood/JPEGImages/st1022.jpg,oulu,verified_negative,oulu:st1022,normal,knot,0.9999998807907104,8.932880035672497e-08,0.9999998807907104,8.354875125071715e-10,False
wood-multitask-final/data_processed/classification_crops/external_test/normal/oulu_000012_normal.jpg,OULU-DET/I2GF-Net-Data/Oulu-Wood/JPEGImages/st1023.jpg,oulu,verified_negative,oulu:st1023,normal,knot,0.9999574422836304,4.2501913412706926e-05,0.9999574422836304,2.855295444526007e-10,False
wood-multitask-final/data_processed/classification_crops/external_test/knot/oulu_000013_0000019.jpg,OULU-DET/I2GF-Net-Data/Oulu-Wood/JPEGImages/st1024.jpg,oulu,moustache_knot,oulu:st1024,knot,knot,0.9306951761245728,0.06930430233478546,0.9306951761245728,5.302378554006282e-07,True
wood-multitask-final/data_processed/classification_crops/external_test/knot/oulu_000013_0000020.jpg,OULU-DET/I2GF-Net-Data/Oulu-Wood/JPEGImages/st1024.jpg,oulu,leaf_knot,oulu:st1024,knot,crack,0.9800596833229065,0.9800596833229065,0.0003427836636546999,0.019597500562667847,False
wood-multitask-final/data_processed/classification_crops/external_test/knot/oulu_000014_0000021.jpg,OULU-DET/I2GF-Net-Data/Oulu-Wood/JPEGImages/st1025.jpg,oulu,horn_knot,oulu:st1025,knot,crack,0.9977422952651978,0.9977422952651978,0.001965713920071721,0.0002919654652941972,False
wood-multitask-final/data_processed/classification_crops/external_test/knot/oulu_000014_0000022.jpg,OULU-DET/I2GF-Net-Data/Oulu-Wood/JPEGImages/st1025.jpg,oulu,small_knot,oulu:st1025,knot,knot,1.0,2.725435166439638e-08,1.0,2.2498899965306407e-10,True
wood-multitask-final/data_processed/classification_crops/external_test/knot/oulu_000014_0000023.jpg,OULU-DET/I2GF-Net-Data/Oulu-Wood/JPEGImages/st1025.jpg,oulu,small_knot,oulu:st1025,knot,knot,0.9999994039535522,6.360098723234842e-07,0.9999994039535522,1.2074463651146061e-09,True
wood-multitask-final/data_processed/classification_crops/external_test/knot/oulu_000015_0000024.jpg,OULU-DET/I2GF-Net-Data/Oulu-Wood/JPEGImages/st1026.jpg,oulu,dry_knot,oulu:st1026,knot,knot,0.9752452373504639,0.024753529578447342,0.9752452373504639,1.2725951137326774e-06,True
wood-multitask-final/data_processed/classification_crops/external_test/knot/oulu_000015_0000025.jpg,OULU-DET/I2GF-Net-Data/Oulu-Wood/JPEGImages/st1026.jpg,oulu,sound_knot,oulu:st1026,knot,knot,0.9980013966560364,9.54403294599615e-05,0.9980013966560364,0.0019031609408557415,True
wood-multitask-final/data_processed/classification_crops/external_test/crack/oulu_000015_0000026.jpg,OULU-DET/I2GF-Net-Data/Oulu-Wood/JPEGImages/st1026.jpg,oulu,split,oulu:st1026,crack,knot,0.9999696016311646,3.0432758649112657e-05,0.9999696016311646,2.0775900111402734e-08,False
wood-multitask-final/data_processed/classification_crops/external_test/knot/oulu_000015_0000027.jpg,OULU-DET/I2GF-Net-Data/Oulu-Wood/JPEGImages/st1026.jpg,oulu,dry_knot,oulu:st1026,knot,knot,0.9990178346633911,0.0009817713871598244,0.9990178346633911,3.5566861811275885e-07,True
wood-multitask-final/data_processed/classification_crops/external_test/knot/oulu_000016_0000028.jpg,OULU-DET/I2GF-Net-Data/Oulu-Wood/JPEGImages/st1027.jpg,oulu,dry_knot,oulu:st1027,knot,knot,0.9998065829277039,0.00019174518820364028,0.9998065829277039,1.6222594467762974e-06,True
wood-multitask-final/data_processed/classification_crops/external_test/knot/oulu_000016_0000029.jpg,OULU-DET/I2GF-Net-Data/Oulu-Wood/JPEGImages/st1027.jpg,oulu,sound_knot,oulu:st1027,knot,knot,0.9895461201667786,0.0006889534997753799,0.9895461201667786,0.009764965623617172,True
wood-multitask-final/data_processed/classification_crops/external_test/crack/oulu_000016_0000030.jpg,OULU-DET/I2GF-Net-Data/Oulu-Wood/JPEGImages/st1027.jpg,oulu,split,oulu:st1027,crack,knot,0.9987884163856506,0.0012116048019379377,0.9987884163856506,2.653279018716148e-08,False
wood-multitask-final/data_processed/classification_crops/external_test/knot/oulu_000017_0000031.jpg,OULU-DET/I2GF-Net-Data/Oulu-Wood/JPEGImages/st1028.jpg,oulu,edge_knot,oulu:st1028,knot,crack,0.9999994039535522,0.9999994039535522,6.122563718236051e-07,1.987536579761695e-09,False
wood-multitask-final/data_processed/classification_crops/external_test/crack/oulu_000017_0000032.jpg,OULU-DET/I2GF-Net-Data/Oulu-Wood/JPEGImages/st1028.jpg,oulu,split,oulu:st1028,crack,knot,0.9999998807907104,6.093693372122289e-08,0.9999998807907104,4.0257980976621255e-11,False
wood-multitask-final/data_processed/classification_crops/external_test/normal/oulu_000018_normal.jpg,OULU-DET/I2GF-Net-Data/Oulu-Wood/JPEGImages/st1029.jpg,oulu,verified_negative,oulu:st1029,normal,knot,0.999996542930603,3.50650816471898e-06,0.999996542930603,5.904562949687886e-10,False
wood-multitask-final/data_processed/classification_crops/external_test/crack/oulu_000019_0000033.jpg,OULU-DET/I2GF-Net-Data/Oulu-Wood/JPEGImages/st1030.jpg,oulu,split,oulu:st1030,crack,knot,0.9999969005584717,2.890384394049761e-06,0.9999969005584717,2.2219806794510077e-07,False
wood-multitask-final/data_processed/classification_crops/external_test/crack/oulu_000019_0000034.jpg,OULU-DET/I2GF-Net-Data/Oulu-Wood/JPEGImages/st1030.jpg,oulu,split,oulu:st1030,crack,knot,0.9993960857391357,0.0005997319822199643,0.9993960857391357,4.209360213280888e-06,False
wood-multitask-final/data_processed/classification_crops/external_test/crack/oulu_000019_0000035.jpg,OULU-DET/I2GF-Net-Data/Oulu-Wood/JPEGImages/st1030.jpg,oulu,split,oulu:st1030,crack,knot,1.0,2.8962897857809367e-08,1.0,3.491110733833125e-10,False
wood-multitask-final/data_processed/classification_crops/external_test/knot/oulu_000020_0000036.jpg,OULU-DET/I2GF-Net-Data/Oulu-Wood/JPEGImages/st1031.jpg,oulu,edge_knot,oulu:st1031,knot,knot,0.5268139839172363,0.47318604588508606,0.5268139839172363,9.860874783385043e-09,True
wood-multitask-final/data_processed/classification_crops/external_test/knot/oulu_000020_0000037.jpg,OULU-DET/I2GF-Net-Data/Oulu-Wood/JPEGImages/st1031.jpg,oulu,dry_knot,oulu:st1031,knot,knot,0.9999961853027344,3.430803644732805e-06,0.9999961853027344,3.93258233089e-07,True
wood-multitask-final/data_processed/classification_crops/external_test/knot/oulu_000021_0000038.jpg,OULU-DET/I2GF-Net-Data/Oulu-Wood/JPEGImages/st1032.jpg,oulu,horn_knot,oulu:st1032,knot,crack,0.9998412132263184,0.9998412132263184,0.00015876922407187521,2.1823044704660788e-08,False
wood-multitask-final/data_processed/classification_crops/external_test/normal/oulu_000022_normal.jpg,OULU-DET/I2GF-Net-Data/Oulu-Wood/JPEGImages/st1033.jpg,oulu,verified_negative,oulu:st1033,normal,crack,0.99764084815979,0.99764084815979,0.002352743409574032,6.476383532572072e-06,False
wood-multitask-final/data_processed/classification_crops/external_test/knot/oulu_000024_0000039.jpg,OULU-DET/I2GF-Net-Data/Oulu-Wood/JPEGImages/st1035.jpg,oulu,dry_knot,oulu:st1035,knot,knot,0.9998900890350342,3.3496653486508876e-05,0.9998900890350342,7.64400974730961e-05,True
wood-multitask-final/data_processed/classification_crops/external_test/knot/oulu_000024_0000040.jpg,OULU-DET/I2GF-Net-Data/Oulu-Wood/JPEGImages/st1035.jpg,oulu,sound_knot,oulu:st1035,knot,knot,0.9999849796295166,2.6788916329678614e-06,0.9999849796295166,1.2418650840118062e-05,True
wood-multitask-final/data_processed/classification_crops/external_test/crack/oulu_000024_0000041.jpg,OULU-DET/I2GF-Net-Data/Oulu-Wood/JPEGImages/st1035.jpg,oulu,split,oulu:st1035,crack,knot,0.9999996423721313,2.0601802930286794e-07,0.9999996423721313,9.280895341134965e-08,False
wood-multitask-final/data_processed/classification_crops/external_test/knot/oulu_000024_0000042.jpg,OULU-DET/I2GF-Net-Data/Oulu-Wood/JPEGImages/st1035.jpg,oulu,sound_knot,oulu:st1035,knot,knot,0.9999594688415527,3.5904489777749404e-05,0.9999594688415527,4.621785592462402e-06,True
wood-multitask-final/data_processed/classification_crops/external_test/knot/oulu_000025_0000043.jpg,OULU-DET/I2GF-Net-Data/Oulu-Wood/JPEGImages/st1036.jpg,oulu,sound_knot,oulu:st1036,knot,knot,0.9945544004440308,2.3533229978056625e-06,0.9945544004440308,0.005443184170871973,True
wood-multitask-final/data_processed/classification_crops/external_test/crack/oulu_000025_0000044.jpg,OULU-DET/I2GF-Net-Data/Oulu-Wood/JPEGImages/st1036.jpg,oulu,split,oulu:st1036,crack,knot,0.9999994039535522,3.827823036317568e-07,0.9999994039535522,2.8808958063564205e-07,False
wood-multitask-final/data_processed/classification_crops/external_test/crack/oulu_000026_0000045.jpg,OULU-DET/I2GF-Net-Data/Oulu-Wood/JPEGImages/st1037.jpg,oulu,split,oulu:st1037,crack,knot,0.9075002074241638,0.09249918162822723,0.9075002074241638,6.972252890591335e-07,False
wood-multitask-final/data_processed/classification_crops/external_test/knot/oulu_000026_0000046.jpg,OULU-DET/I2GF-Net-Data/Oulu-Wood/JPEGImages/st1037.jpg,oulu,sound_knot,oulu:st1037,knot,knot,0.9999847412109375,8.479571079078596e-06,0.9999847412109375,6.7605546973936725e-06,True
wood-multitask-final/data_processed/classification_crops/external_test/knot/oulu_000026_0000047.jpg,OULU-DET/I2GF-Net-Data/Oulu-Wood/JPEGImages/st1037.jpg,oulu,small_knot,oulu:st1037,knot,knot,0.9999992847442627,3.6165621963846206e-07,0.9999992847442627,3.515811499710253e-07,True
wood-multitask-final/data_processed/classification_crops/external_test/knot/oulu_000027_0000048.jpg,OULU-DET/I2GF-Net-Data/Oulu-Wood/JPEGImages/st1038.jpg,oulu,small_knot,oulu:st1038,knot,crack,0.9981340765953064,0.9981340765953064,0.00186593655962497,5.795409308007038e-08,False
wood-multitask-final/data_processed/classification_crops/external_test/normal/oulu_000028_normal.jpg,OULU-DET/I2GF-Net-Data/Oulu-Wood/JPEGImages/st1039.jpg,oulu,verified_negative,oulu:st1039,normal,knot,0.9886388778686523,0.01136084832251072,0.9886388778686523,1.9373088377960812e-07,False
wood-multitask-final/data_processed/classification_crops/external_test/knot/oulu_000029_0000049.jpg,OULU-DET/I2GF-Net-Data/Oulu-Wood/JPEGImages/st1040.jpg,oulu,sound_knot,oulu:st1040,knot,crack,0.9999715089797974,0.9999715089797974,2.8483693313319236e-05,3.279315707871433e-09,False
wood-multitask-final/data_processed/classification_crops/external_test/normal/oulu_000030_normal.jpg,OULU-DET/I2GF-Net-Data/Oulu-Wood/JPEGImages/st1041.jpg,oulu,verified_negative,oulu:st1041,normal,knot,0.9995893836021423,0.00041052003507502377,0.9995893836021423,1.166369543170731e-07,False
wood-multitask-final/data_processed/classification_crops/external_test/normal/oulu_000031_normal.jpg,OULU-DET/I2GF-Net-Data/Oulu-Wood/JPEGImages/st1042.jpg,oulu,verified_negative,oulu:st1042,normal,knot,0.9391530752182007,0.060819949954748154,0.9391530752182007,2.6960533432429656e-05,False
wood-multitask-final/data_processed/classification_crops/external_test/knot/oulu_000032_0000050.jpg,OULU-DET/I2GF-Net-Data/Oulu-Wood/JPEGImages/st1043.jpg,oulu,small_knot,oulu:st1043,knot,knot,0.735602080821991,0.2643979787826538,0.735602080821991,2.2817253864104714e-08,True
wood-multitask-final/data_processed/classification_crops/external_test/knot/oulu_000032_0000051.jpg,OULU-DET/I2GF-Net-Data/Oulu-Wood/JPEGImages/st1043.jpg,oulu,small_knot,oulu:st1043,knot,knot,0.991083025932312,0.008915897458791733,0.991083025932312,1.0896039839281002e-06,True
wood-multitask-final/data_processed/classification_crops/external_test/knot/oulu_000032_0000052.jpg,OULU-DET/I2GF-Net-Data/Oulu-Wood/JPEGImages/st1043.jpg,oulu,edge_knot,oulu:st1043,knot,knot,0.9998339414596558,0.0001656459062360227,0.9998339414596558,4.119546304082178e-07,True
wood-multitask-final/data_processed/classification_crops/external_test/knot/oulu_000033_0000053.jpg,OULU-DET/I2GF-Net-Data/Oulu-Wood/JPEGImages/st1044.jpg,oulu,knot_hole,oulu:st1044,knot,knot,0.5408779382705688,0.45912209153175354,0.5408779382705688,3.333572029529108e-10,True
wood-multitask-final/data_processed/classification_crops/external_test/knot/oulu_000033_0000054.jpg,OULU-DET/I2GF-Net-Data/Oulu-Wood/JPEGImages/st1044.jpg,oulu,small_knot,oulu:st1044,knot,crack,0.9305340647697449,0.9305340647697449,0.06946307420730591,2.861092752937111e-06,False
wood-multitask-final/data_processed/classification_crops/external_test/knot/oulu_000033_0000055.jpg,OULU-DET/I2GF-Net-Data/Oulu-Wood/JPEGImages/st1044.jpg,oulu,sound_knot,oulu:st1044,knot,knot,0.9999958276748657,3.4472175229893764e-06,0.9999958276748657,6.795266926928889e-07,True
wood-multitask-final/data_processed/classification_crops/external_test/knot/oulu_000033_0000056.jpg,OULU-DET/I2GF-Net-Data/Oulu-Wood/JPEGImages/st1044.jpg,oulu,edge_knot,oulu:st1044,knot,crack,0.9998419284820557,0.9998419284820557,0.00015801828703843057,5.999924000557946e-14,False
wood-multitask-final/data_processed/classification_crops/external_test/knot/oulu_000034_0000057.jpg,OULU-DET/I2GF-Net-Data/Oulu-Wood/JPEGImages/st1045.jpg,oulu,sound_knot,oulu:st1045,knot,knot,0.999991774559021,2.325999275853974e-06,0.999991774559021,5.78835488340701e-06,True
wood-multitask-final/data_processed/classification_crops/external_test/knot/oulu_000034_0000058.jpg,OULU-DET/I2GF-Net-Data/Oulu-Wood/JPEGImages/st1045.jpg,oulu,sound_knot,oulu:st1045,knot,knot,0.9911439418792725,0.008855710737407207,0.9911439418792725,4.0102656839735573e-07,True
wood-multitask-final/data_processed/classification_crops/external_test/knot/oulu_000035_0000059.jpg,OULU-DET/I2GF-Net-Data/Oulu-Wood/JPEGImages/st1046.jpg,oulu,sound_knot,oulu:st1046,knot,knot,0.999970555305481,5.154298037268745e-07,0.999970555305481,2.897355443565175e-05,True
wood-multitask-final/data_processed/classification_crops/external_test/knot/oulu_000036_0000060.jpg,OULU-DET/I2GF-Net-Data/Oulu-Wood/JPEGImages/st1047.jpg,oulu,sound_knot,oulu:st1047,knot,crack,0.9999970197677612,0.9999970197677612,2.9656941933353664e-06,2.58503496386453e-10,False
wood-multitask-final/data_processed/classification_crops/external_test/knot/oulu_000037_0000061.jpg,OULU-DET/I2GF-Net-Data/Oulu-Wood/JPEGImages/st1048.jpg,oulu,sound_knot,oulu:st1048,knot,knot,0.9999958276748657,3.1538888833892997e-06,0.9999958276748657,1.0715616554080043e-06,True
wood-multitask-final/data_processed/classification_crops/external_test/normal/oulu_000038_normal.jpg,OULU-DET/I2GF-Net-Data/Oulu-Wood/JPEGImages/st1049.jpg,oulu,verified_negative,oulu:st1049,normal,crack,0.6029525995254517,0.6029525995254517,0.26440510153770447,0.13264228403568268,False
wood-multitask-final/data_processed/classification_crops/external_test/knot/oulu_000039_0000062.jpg,OULU-DET/I2GF-Net-Data/Oulu-Wood/JPEGImages/st1050.jpg,oulu,dry_knot,oulu:st1050,knot,knot,0.9745295643806458,0.025470511987805367,0.9745295643806458,6.521275963677908e-09,True
wood-multitask-final/data_processed/classification_crops/external_test/knot/oulu_000039_0000063.jpg,OULU-DET/I2GF-Net-Data/Oulu-Wood/JPEGImages/st1050.jpg,oulu,sound_knot,oulu:st1050,knot,knot,0.9999959468841553,6.474974725279026e-07,0.9999959468841553,3.5055732041655574e-06,True
wood-multitask-final/data_processed/classification_crops/external_test/knot/oulu_000039_0000064.jpg,OULU-DET/I2GF-Net-Data/Oulu-Wood/JPEGImages/st1050.jpg,oulu,dry_knot,oulu:st1050,knot,knot,0.9998204112052917,0.00017959867545869201,0.9998204112052917,3.524795033627015e-08,True
wood-multitask-final/data_processed/classification_crops/external_test/knot/oulu_000040_0000065.jpg,OULU-DET/I2GF-Net-Data/Oulu-Wood/JPEGImages/st1051.jpg,oulu,edge_knot,oulu:st1051,knot,knot,0.999358594417572,0.00064096599817276,0.999358594417572,4.240881992245704e-07,True
wood-multitask-final/data_processed/classification_crops/external_test/knot/oulu_000040_0000066.jpg,OULU-DET/I2GF-Net-Data/Oulu-Wood/JPEGImages/st1051.jpg,oulu,sound_knot,oulu:st1051,knot,knot,0.9999897480010986,8.59133342601126e-06,0.9999897480010986,1.6495642967129243e-06,True
wood-multitask-final/data_processed/classification_crops/external_test/knot/oulu_000041_0000067.jpg,OULU-DET/I2GF-Net-Data/Oulu-Wood/JPEGImages/st1052.jpg,oulu,knot_hole,oulu:st1052,knot,knot,0.6764041781425476,0.32359579205513,0.6764041781425476,7.651942723896354e-08,True
wood-multitask-final/data_processed/classification_crops/external_test/normal/oulu_000042_normal.jpg,OULU-DET/I2GF-Net-Data/Oulu-Wood/JPEGImages/st1053.jpg,oulu,verified_negative,oulu:st1053,normal,knot,0.9997501969337463,0.00020280350872781128,0.9997501969337463,4.690992500400171e-05,False
wood-multitask-final/data_processed/classification_crops/external_test/normal/oulu_000043_normal.jpg,OULU-DET/I2GF-Net-Data/Oulu-Wood/JPEGImages/st1054.jpg,oulu,verified_negative,oulu:st1054,normal,knot,0.9997212290763855,0.00026665840414352715,0.9997212290763855,1.2089400115655735e-05,False
wood-multitask-final/data_processed/classification_crops/external_test/normal/oulu_000044_normal.jpg,OULU-DET/I2GF-Net-Data/Oulu-Wood/JPEGImages/st1055.jpg,oulu,verified_negative,oulu:st1055,normal,knot,0.9969403743743896,0.0030573185067623854,0.9969403743743896,2.3584759674122324e-06,False
wood-multitask-final/data_processed/classification_crops/external_test/normal/oulu_000045_normal.jpg,OULU-DET/I2GF-Net-Data/Oulu-Wood/JPEGImages/st1056.jpg,oulu,verified_negative,oulu:st1056,normal,knot,0.9957067370414734,0.00427214615046978,0.9957067370414734,2.113120717694983e-05,False
wood-multitask-final/data_processed/classification_crops/external_test/normal/oulu_000046_normal.jpg,OULU-DET/I2GF-Net-Data/Oulu-Wood/JPEGImages/st1057.jpg,oulu,verified_negative,oulu:st1057,normal,knot,0.9995026588439941,0.00048510549822822213,0.9995026588439941,1.23228437587386e-05,False
wood-multitask-final/data_processed/classification_crops/external_test/knot/oulu_000047_0000068.jpg,OULU-DET/I2GF-Net-Data/Oulu-Wood/JPEGImages/st1058.jpg,oulu,dry_knot,oulu:st1058,knot,knot,0.9978546500205994,0.0021043578162789345,0.9978546500205994,4.097495548194274e-05,True
wood-multitask-final/data_processed/classification_crops/external_test/knot/oulu_000047_0000069.jpg,OULU-DET/I2GF-Net-Data/Oulu-Wood/JPEGImages/st1058.jpg,oulu,leaf_knot,oulu:st1058,knot,knot,0.9200537204742432,0.00022346207697410136,0.9200537204742432,0.07972294092178345,True
wood-multitask-final/data_processed/classification_crops/external_test/knot/oulu_000047_0000070.jpg,OULU-DET/I2GF-Net-Data/Oulu-Wood/JPEGImages/st1058.jpg,oulu,small_knot,oulu:st1058,knot,knot,0.9999971389770508,8.02064334948227e-08,0.9999971389770508,2.7600822249951307e-06,True
wood-multitask-final/data_processed/classification_crops/external_test/knot/oulu_000047_0000071.jpg,OULU-DET/I2GF-Net-Data/Oulu-Wood/JPEGImages/st1058.jpg,oulu,encased_knot,oulu:st1058,knot,knot,0.9996578693389893,0.00034218039945699275,0.9996578693389893,8.470369294855118e-09,True
wood-multitask-final/data_processed/classification_crops/external_test/knot/oulu_000047_0000072.jpg,OULU-DET/I2GF-Net-Data/Oulu-Wood/JPEGImages/st1058.jpg,oulu,horn_knot,oulu:st1058,knot,crack,0.8978146314620972,0.8978146314620972,0.10218534618616104,1.6994228246858256e-08,False
wood-multitask-final/data_processed/classification_crops/external_test/knot/oulu_000047_0000073.jpg,OULU-DET/I2GF-Net-Data/Oulu-Wood/JPEGImages/st1058.jpg,oulu,sound_knot,oulu:st1058,knot,knot,0.9952730536460876,0.0006688525900244713,0.9952730536460876,0.0040581682696938515,True
wood-multitask-final/data_processed/classification_crops/external_test/knot/oulu_000047_0000074.jpg,OULU-DET/I2GF-Net-Data/Oulu-Wood/JPEGImages/st1058.jpg,oulu,small_knot,oulu:st1058,knot,knot,0.9999996423721313,1.8251888889153633e-07,0.9999996423721313,1.0797244698323993e-07,True
wood-multitask-final/data_processed/classification_crops/external_test/knot/oulu_000047_0000075.jpg,OULU-DET/I2GF-Net-Data/Oulu-Wood/JPEGImages/st1058.jpg,oulu,sound_knot,oulu:st1058,knot,knot,0.9998216032981873,0.00010953968740068376,0.9998216032981873,6.893982936162502e-05,True
wood-multitask-final/data_processed/classification_crops/external_test/knot/oulu_000047_0000076.jpg,OULU-DET/I2GF-Net-Data/Oulu-Wood/JPEGImages/st1058.jpg,oulu,sound_knot,oulu:st1058,knot,knot,0.9992421865463257,0.00011367537808837369,0.9992421865463257,0.00064417056273669,True
wood-multitask-final/data_processed/classification_crops/external_test/knot/oulu_000047_0000077.jpg,OULU-DET/I2GF-Net-Data/Oulu-Wood/JPEGImages/st1058.jpg,oulu,small_knot,oulu:st1058,knot,knot,0.9876708984375,0.012328984215855598,0.9876708984375,1.3396544318311499e-07,True
wood-multitask-final/data_processed/classification_crops/external_test/knot/oulu_000047_0000078.jpg,OULU-DET/I2GF-Net-Data/Oulu-Wood/JPEGImages/st1058.jpg,oulu,sound_knot,oulu:st1058,knot,knot,0.9979307651519775,0.0002547481271903962,0.9979307651519775,0.0018145949579775333,True
wood-multitask-final/data_processed/classification_crops/external_test/knot/oulu_000047_0000079.jpg,OULU-DET/I2GF-Net-Data/Oulu-Wood/JPEGImages/st1058.jpg,oulu,dry_knot,oulu:st1058,knot,knot,0.9999929666519165,6.968944944674149e-06,0.9999929666519165,1.0054400689796239e-07,True
wood-multitask-final/data_processed/classification_crops/external_test/knot/oulu_000048_0000080.jpg,OULU-DET/I2GF-Net-Data/Oulu-Wood/JPEGImages/st1059.jpg,oulu,small_knot,oulu:st1059,knot,knot,0.9999986886978149,1.3265615734781022e-06,0.9999986886978149,5.862451857296946e-09,True
wood-multitask-final/data_processed/classification_crops/external_test/knot/oulu_000048_0000081.jpg,OULU-DET/I2GF-Net-Data/Oulu-Wood/JPEGImages/st1059.jpg,oulu,dry_knot,oulu:st1059,knot,knot,0.9935961961746216,0.006403726525604725,0.9935961961746216,2.4583902913377642e-08,True
wood-multitask-final/data_processed/classification_crops/external_test/knot/oulu_000048_0000082.jpg,OULU-DET/I2GF-Net-Data/Oulu-Wood/JPEGImages/st1059.jpg,oulu,dry_knot,oulu:st1059,knot,knot,0.9998114705085754,0.00018853518122341484,0.9998114705085754,2.0889089069608957e-10,True
wood-multitask-final/data_processed/classification_crops/external_test/knot/oulu_000048_0000083.jpg,OULU-DET/I2GF-Net-Data/Oulu-Wood/JPEGImages/st1059.jpg,oulu,dry_knot,oulu:st1059,knot,knot,0.9999947547912598,5.213478743826272e-06,0.9999947547912598,1.2428372220263384e-10,True
wood-multitask-final/data_processed/classification_crops/external_test/knot/oulu_000048_0000084.jpg,OULU-DET/I2GF-Net-Data/Oulu-Wood/JPEGImages/st1059.jpg,oulu,small_knot,oulu:st1059,knot,knot,0.9999998807907104,7.164981496998735e-08,0.9999998807907104,2.535497645173024e-10,True
wood-multitask-final/data_processed/classification_crops/external_test/knot/oulu_000048_0000085.jpg,OULU-DET/I2GF-Net-Data/Oulu-Wood/JPEGImages/st1059.jpg,oulu,dry_knot,oulu:st1059,knot,knot,0.9841499924659729,0.015850001946091652,0.9841499924659729,1.4425162397913027e-08,True
wood-multitask-final/data_processed/classification_crops/external_test/knot/oulu_000048_0000086.jpg,OULU-DET/I2GF-Net-Data/Oulu-Wood/JPEGImages/st1059.jpg,oulu,small_knot,oulu:st1059,knot,knot,0.9998061060905457,0.00019346251792740077,0.9998061060905457,4.6881550019861606e-07,True
wood-multitask-final/data_processed/classification_crops/external_test/knot/oulu_000048_0000087.jpg,OULU-DET/I2GF-Net-Data/Oulu-Wood/JPEGImages/st1059.jpg,oulu,edge_knot,oulu:st1059,knot,crack,0.9535130262374878,0.9535130262374878,0.046486977487802505,1.9794670347295096e-09,False
wood-multitask-final/data_processed/classification_crops/external_test/knot/oulu_000049_0000088.jpg,OULU-DET/I2GF-Net-Data/Oulu-Wood/JPEGImages/st1060.jpg,oulu,dry_knot,oulu:st1060,knot,knot,0.9998551607131958,0.00014484580606222153,0.9998551607131958,4.151781585193248e-09,True
wood-multitask-final/data_processed/classification_crops/external_test/knot/oulu_000049_0000089.jpg,OULU-DET/I2GF-Net-Data/Oulu-Wood/JPEGImages/st1060.jpg,oulu,small_knot,oulu:st1060,knot,knot,0.9999994039535522,5.986361202303669e-07,0.9999994039535522,2.156310907608372e-09,True
wood-multitask-final/data_processed/classification_crops/external_test/knot/oulu_000049_0000090.jpg,OULU-DET/I2GF-Net-Data/Oulu-Wood/JPEGImages/st1060.jpg,oulu,sound_knot,oulu:st1060,knot,knot,0.9989390969276428,0.001060689683072269,0.9989390969276428,2.1461589483351418e-07,True
wood-multitask-final/data_processed/classification_crops/external_test/knot/oulu_000049_0000091.jpg,OULU-DET/I2GF-Net-Data/Oulu-Wood/JPEGImages/st1060.jpg,oulu,small_knot,oulu:st1060,knot,knot,0.9999997615814209,2.7347618924977724e-07,0.9999997615814209,2.888154992941594e-10,True
wood-multitask-final/data_processed/classification_crops/external_test/knot/oulu_000049_0000092.jpg,OULU-DET/I2GF-Net-Data/Oulu-Wood/JPEGImages/st1060.jpg,oulu,small_knot,oulu:st1060,knot,knot,0.9997647404670715,0.00023522887204308063,0.9997647404670715,3.4261776749033857e-10,True
wood-multitask-final/data_processed/classification_crops/external_test/knot/oulu_000049_0000093.jpg,OULU-DET/I2GF-Net-Data/Oulu-Wood/JPEGImages/st1060.jpg,oulu,dry_knot,oulu:st1060,knot,knot,0.998976469039917,0.0010235742665827274,0.998976469039917,3.332163434066615e-10,True
wood-multitask-final/data_processed/classification_crops/external_test/knot/oulu_000050_0000094.jpg,OULU-DET/I2GF-Net-Data/Oulu-Wood/JPEGImages/st1061.jpg,oulu,dry_knot,oulu:st1061,knot,crack,0.996187150478363,0.996187150478363,0.0038128108717501163,3.138300730398669e-10,False
wood-multitask-final/data_processed/classification_crops/external_test/knot/oulu_000050_0000095.jpg,OULU-DET/I2GF-Net-Data/Oulu-Wood/JPEGImages/st1061.jpg,oulu,dry_knot,oulu:st1061,knot,crack,0.7101185321807861,0.7101185321807861,0.2898814380168915,8.178078303444636e-08,False
wood-multitask-final/data_processed/classification_crops/external_test/knot/oulu_000050_0000096.jpg,OULU-DET/I2GF-Net-Data/Oulu-Wood/JPEGImages/st1061.jpg,oulu,leaf_knot,oulu:st1061,knot,knot,0.8915649652481079,0.00015134878049138933,0.8915649652481079,0.10828367620706558,True
wood-multitask-final/data_processed/classification_crops/external_test/knot/oulu_000050_0000097.jpg,OULU-DET/I2GF-Net-Data/Oulu-Wood/JPEGImages/st1061.jpg,oulu,encased_knot,oulu:st1061,knot,knot,0.9997593760490417,0.00024058665439952165,0.9997593760490417,1.3048614411204085e-09,True
wood-multitask-final/data_processed/classification_crops/external_test/knot/oulu_000050_0000098.jpg,OULU-DET/I2GF-Net-Data/Oulu-Wood/JPEGImages/st1061.jpg,oulu,leaf_knot,oulu:st1061,knot,normal,0.9997640252113342,0.00022769271163269877,8.32943078421522e-06,0.9997640252113342,False
wood-multitask-final/data_processed/classification_crops/external_test/knot/oulu_000050_0000099.jpg,OULU-DET/I2GF-Net-Data/Oulu-Wood/JPEGImages/st1061.jpg,oulu,dry_knot,oulu:st1061,knot,knot,0.9979482293128967,0.00205120793543756,0.9979482293128967,6.177431259857258e-07,True
wood-multitask-final/data_processed/classification_crops/external_test/crack/oulu_000050_0000100.jpg,OULU-DET/I2GF-Net-Data/Oulu-Wood/JPEGImages/st1061.jpg,oulu,split,oulu:st1061,crack,knot,0.999884843826294,9.353358473163098e-05,0.999884843826294,2.161400334443897e-05,False
wood-multitask-final/data_processed/classification_crops/external_test/crack/oulu_000050_0000101.jpg,OULU-DET/I2GF-Net-Data/Oulu-Wood/JPEGImages/st1061.jpg,oulu,split,oulu:st1061,crack,knot,0.9999760389328003,2.1216977984295227e-05,0.9999760389328003,2.724135583775933e-06,False
wood-multitask-final/data_processed/classification_crops/external_test/knot/oulu_000051_0000102.jpg,OULU-DET/I2GF-Net-Data/Oulu-Wood/JPEGImages/st1062.jpg,oulu,dry_knot,oulu:st1062,knot,knot,0.5523732304573059,0.4476267397403717,0.5523732304573059,5.256855064098009e-13,True
wood-multitask-final/data_processed/classification_crops/external_test/knot/oulu_000051_0000103.jpg,OULU-DET/I2GF-Net-Data/Oulu-Wood/JPEGImages/st1062.jpg,oulu,dry_knot,oulu:st1062,knot,crack,0.9302873015403748,0.9302873015403748,0.06971261650323868,1.4408095694307121e-07,False
wood-multitask-final/data_processed/classification_crops/external_test/knot/oulu_000051_0000104.jpg,OULU-DET/I2GF-Net-Data/Oulu-Wood/JPEGImages/st1062.jpg,oulu,dry_knot,oulu:st1062,knot,knot,0.9991125464439392,0.0008874894701875746,0.9991125464439392,5.6287042582425784e-08,True
wood-multitask-final/data_processed/classification_crops/external_test/knot/oulu_000051_0000105.jpg,OULU-DET/I2GF-Net-Data/Oulu-Wood/JPEGImages/st1062.jpg,oulu,dry_knot,oulu:st1062,knot,knot,0.7575805187225342,0.2424195110797882,0.7575805187225342,7.158698966946986e-09,True
wood-multitask-final/data_processed/classification_crops/external_test/knot/oulu_000051_0000106.jpg,OULU-DET/I2GF-Net-Data/Oulu-Wood/JPEGImages/st1062.jpg,oulu,edge_knot,oulu:st1062,knot,knot,0.9999486207962036,5.1326518587302417e-05,0.9999486207962036,1.1514934783463104e-08,True
wood-multitask-final/data_processed/classification_crops/external_test/normal/oulu_000052_normal.jpg,OULU-DET/I2GF-Net-Data/Oulu-Wood/JPEGImages/st1063.jpg,oulu,verified_negative,oulu:st1063,normal,knot,0.9682602882385254,0.031739793717861176,0.9682602882385254,2.340945493006785e-10,False
wood-multitask-final/data_processed/classification_crops/external_test/knot/oulu_000053_0000107.jpg,OULU-DET/I2GF-Net-Data/Oulu-Wood/JPEGImages/st1064.jpg,oulu,dry_knot,oulu:st1064,knot,knot,0.9996534585952759,0.0003465937916189432,0.9996534585952759,2.7202533559034237e-08,True
wood-multitask-final/data_processed/classification_crops/external_test/knot/oulu_000053_0000108.jpg,OULU-DET/I2GF-Net-Data/Oulu-Wood/JPEGImages/st1064.jpg,oulu,sound_knot,oulu:st1064,knot,knot,0.9999986886978149,1.278243189517525e-06,0.9999986886978149,5.35805733115069e-10,True
wood-multitask-final/data_processed/classification_crops/external_test/knot/oulu_000053_0000109.jpg,OULU-DET/I2GF-Net-Data/Oulu-Wood/JPEGImages/st1064.jpg,oulu,sound_knot,oulu:st1064,knot,knot,0.9994543194770813,0.00046244560508057475,0.9994543194770813,8.333496953127906e-05,True
wood-multitask-final/data_processed/classification_crops/external_test/knot/oulu_000054_0000110.jpg,OULU-DET/I2GF-Net-Data/Oulu-Wood/JPEGImages/st1065.jpg,oulu,dry_knot,oulu:st1065,knot,knot,0.9999656677246094,3.4349206543993205e-05,0.9999656677246094,2.22270060135088e-08,True
wood-multitask-final/data_processed/classification_crops/external_test/knot/oulu_000054_0000111.jpg,OULU-DET/I2GF-Net-Data/Oulu-Wood/JPEGImages/st1065.jpg,oulu,sound_knot,oulu:st1065,knot,knot,0.9999748468399048,2.5204884877894074e-05,0.9999748468399048,3.1626940649731594e-11,True
wood-multitask-final/data_processed/classification_crops/external_test/knot/oulu_000054_0000112.jpg,OULU-DET/I2GF-Net-Data/Oulu-Wood/JPEGImages/st1065.jpg,oulu,small_knot,oulu:st1065,knot,knot,0.9999899864196777,1.006360980682075e-05,0.9999899864196777,2.2208308081417272e-08,True
wood-multitask-final/data_processed/classification_crops/external_test/knot/oulu_000054_0000113.jpg,OULU-DET/I2GF-Net-Data/Oulu-Wood/JPEGImages/st1065.jpg,oulu,edge_knot,oulu:st1065,knot,knot,0.9999884366989136,1.1579989404708613e-05,0.9999884366989136,8.389611672043884e-09,True
wood-multitask-final/data_processed/classification_crops/external_test/knot/oulu_000055_0000114.jpg,OULU-DET/I2GF-Net-Data/Oulu-Wood/JPEGImages/st1066.jpg,oulu,horn_knot,oulu:st1066,knot,crack,0.9870598316192627,0.9870598316192627,0.01294010505080223,5.168854144699253e-08,False
wood-multitask-final/data_processed/classification_crops/external_test/knot/oulu_000056_0000115.jpg,OULU-DET/I2GF-Net-Data/Oulu-Wood/JPEGImages/st1067.jpg,oulu,leaf_knot,oulu:st1067,knot,knot,0.5862870216369629,0.41368335485458374,0.5862870216369629,2.9623755835928023e-05,True
wood-multitask-final/data_processed/classification_crops/external_test/knot/oulu_000056_0000116.jpg,OULU-DET/I2GF-Net-Data/Oulu-Wood/JPEGImages/st1067.jpg,oulu,decayed_knot,oulu:st1067,knot,crack,0.9851505160331726,0.9851505160331726,0.014849431812763214,3.919518576367409e-08,False
wood-multitask-final/data_processed/classification_crops/external_test/knot/oulu_000056_0000117.jpg,OULU-DET/I2GF-Net-Data/Oulu-Wood/JPEGImages/st1067.jpg,oulu,small_knot,oulu:st1067,knot,crack,0.9919044971466064,0.9919044971466064,0.00809512473642826,3.91437055213828e-07,False
wood-multitask-final/data_processed/classification_crops/external_test/knot/oulu_000057_0000118.jpg,OULU-DET/I2GF-Net-Data/Oulu-Wood/JPEGImages/st1068.jpg,oulu,small_knot,oulu:st1068,knot,knot,0.9999889135360718,1.1037564036087133e-05,0.9999889135360718,6.106410488371239e-09,True
wood-multitask-final/data_processed/classification_crops/external_test/knot/oulu_000057_0000119.jpg,OULU-DET/I2GF-Net-Data/Oulu-Wood/JPEGImages/st1068.jpg,oulu,small_knot,oulu:st1068,knot,knot,0.9999997615814209,2.2703909507981734e-07,0.9999997615814209,6.311214217902261e-09,True
wood-multitask-final/data_processed/classification_crops/external_test/knot/oulu_000058_0000120.jpg,OULU-DET/I2GF-Net-Data/Oulu-Wood/JPEGImages/st1069.jpg,oulu,small_knot,oulu:st1069,knot,knot,0.9999997615814209,2.289629748020161e-07,0.9999997615814209,1.2120245918012529e-09,True
wood-multitask-final/data_processed/classification_crops/external_test/normal/oulu_000059_normal.jpg,OULU-DET/I2GF-Net-Data/Oulu-Wood/JPEGImages/st1070.jpg,oulu,verified_negative,oulu:st1070,normal,knot,0.9903892874717712,6.310010940069333e-05,0.9903892874717712,0.009547692723572254,False
wood-multitask-final/data_processed/classification_crops/external_test/normal/oulu_000060_normal.jpg,OULU-DET/I2GF-Net-Data/Oulu-Wood/JPEGImages/st1071.jpg,oulu,verified_negative,oulu:st1071,normal,knot,0.9999955892562866,4.428851298143854e-06,0.9999955892562866,8.065833001502654e-10,False
wood-multitask-final/data_processed/classification_crops/external_test/knot/oulu_000061_0000121.jpg,OULU-DET/I2GF-Net-Data/Oulu-Wood/JPEGImages/st1072.jpg,oulu,edge_knot,oulu:st1072,knot,crack,0.9875988364219666,0.9875988364219666,0.012401235289871693,9.571288206444706e-10,False
wood-multitask-final/data_processed/classification_crops/external_test/knot/oulu_000062_0000122.jpg,OULU-DET/I2GF-Net-Data/Oulu-Wood/JPEGImages/st1073.jpg,oulu,dry_knot,oulu:st1073,knot,crack,0.9998782873153687,0.9998782873153687,0.00012172247807029635,1.0861887778101931e-10,False
wood-multitask-final/data_processed/classification_crops/external_test/knot/oulu_000064_0000123.jpg,OULU-DET/I2GF-Net-Data/Oulu-Wood/JPEGImages/st1075.jpg,oulu,horn_knot,oulu:st1075,knot,crack,0.5767388939857483,0.5767388939857483,0.40520304441452026,0.018058089539408684,False
wood-multitask-final/data_processed/classification_crops/external_test/knot/oulu_000064_0000124.jpg,OULU-DET/I2GF-Net-Data/Oulu-Wood/JPEGImages/st1075.jpg,oulu,small_knot,oulu:st1075,knot,knot,0.9999880790710449,8.180455552064814e-06,0.9999880790710449,3.6422613902686862e-06,True
wood-multitask-final/data_processed/classification_crops/external_test/knot/oulu_000065_0000125.jpg,OULU-DET/I2GF-Net-Data/Oulu-Wood/JPEGImages/st1076.jpg,oulu,edge_knot,oulu:st1076,knot,crack,0.9998286962509155,0.9998286962509155,0.0001712876110104844,7.18017312273389e-11,False
wood-multitask-final/data_processed/classification_crops/external_test/knot/oulu_000066_0000126.jpg,OULU-DET/I2GF-Net-Data/Oulu-Wood/JPEGImages/st1077.jpg,oulu,decayed_knot,oulu:st1077,knot,knot,0.9859195947647095,0.014080410823225975,0.9859195947647095,4.357454130854421e-08,True
wood-multitask-final/data_processed/classification_crops/external_test/knot/oulu_000066_0000127.jpg,OULU-DET/I2GF-Net-Data/Oulu-Wood/JPEGImages/st1077.jpg,oulu,decayed_knot,oulu:st1077,knot,knot,0.9945236444473267,0.005476369988173246,0.9945236444473267,1.7132840285372097e-11,True
wood-multitask-final/data_processed/classification_crops/external_test/knot/oulu_000067_0000128.jpg,OULU-DET/I2GF-Net-Data/Oulu-Wood/JPEGImages/st1078.jpg,oulu,encased_knot,oulu:st1078,knot,knot,0.9997699856758118,0.00023006343690212816,0.9997699856758118,3.3377155261860025e-08,True
wood-multitask-final/data_processed/classification_crops/external_test/knot/oulu_000068_0000129.jpg,OULU-DET/I2GF-Net-Data/Oulu-Wood/JPEGImages/st1079.jpg,oulu,sound_knot,oulu:st1079,knot,knot,0.9996354579925537,0.00036450038896873593,0.9996354579925537,3.089494171604201e-08,True
wood-multitask-final/data_processed/classification_crops/external_test/knot/oulu_000068_0000130.jpg,OULU-DET/I2GF-Net-Data/Oulu-Wood/JPEGImages/st1079.jpg,oulu,small_knot,oulu:st1079,knot,knot,0.9999723434448242,2.7649841285892762e-05,0.9999723434448242,3.189101605016731e-08,True
wood-multitask-final/data_processed/classification_crops/external_test/normal/oulu_000069_normal.jpg,OULU-DET/I2GF-Net-Data/Oulu-Wood/JPEGImages/st1080.jpg,oulu,verified_negative,oulu:st1080,normal,knot,0.8434081077575684,0.1565886288881302,0.8434081077575684,3.214227490389021e-06,False
wood-multitask-final/data_processed/classification_crops/external_test/knot/oulu_000070_0000131.jpg,OULU-DET/I2GF-Net-Data/Oulu-Wood/JPEGImages/st1081.jpg,oulu,encased_knot,oulu:st1081,knot,crack,0.9998663663864136,0.9998663663864136,0.00013355721603147686,6.266275692778933e-11,False
wood-multitask-final/data_processed/classification_crops/external_test/knot/oulu_000070_0000132.jpg,OULU-DET/I2GF-Net-Data/Oulu-Wood/JPEGImages/st1081.jpg,oulu,encased_knot,oulu:st1081,knot,crack,0.868238627910614,0.868238627910614,0.13176123797893524,1.0957547402767887e-07,False
wood-multitask-final/data_processed/classification_crops/external_test/knot/oulu_000071_0000133.jpg,OULU-DET/I2GF-Net-Data/Oulu-Wood/JPEGImages/st1082.jpg,oulu,encased_knot,oulu:st1082,knot,knot,0.7000337839126587,0.2999661862850189,0.7000337839126587,8.577776711149454e-09,True
wood-multitask-final/data_processed/classification_crops/external_test/knot/oulu_000072_0000134.jpg,OULU-DET/I2GF-Net-Data/Oulu-Wood/JPEGImages/st1083.jpg,oulu,encased_knot,oulu:st1083,knot,knot,0.9999986886978149,1.3032790775469039e-06,0.9999986886978149,3.617268973243881e-08,True
wood-multitask-final/data_processed/classification_crops/external_test/knot/oulu_000072_0000135.jpg,OULU-DET/I2GF-Net-Data/Oulu-Wood/JPEGImages/st1083.jpg,oulu,encased_knot,oulu:st1083,knot,knot,0.9999983310699463,1.6390140444855206e-06,0.9999983310699463,5.6764399403164134e-08,True
wood-multitask-final/data_processed/classification_crops/external_test/knot/oulu_000073_0000136.jpg,OULU-DET/I2GF-Net-Data/Oulu-Wood/JPEGImages/st1084.jpg,oulu,small_knot,oulu:st1084,knot,knot,0.9999988079071045,1.2017538892905577e-06,0.9999988079071045,2.6508040207318118e-09,True
wood-multitask-final/data_processed/classification_crops/external_test/knot/oulu_000073_0000137.jpg,OULU-DET/I2GF-Net-Data/Oulu-Wood/JPEGImages/st1084.jpg,oulu,encased_knot,oulu:st1084,knot,knot,0.9999388456344604,6.114420830272138e-05,0.9999388456344604,1.1979772729375782e-09,True
wood-multitask-final/data_processed/classification_crops/external_test/knot/oulu_000074_0000138.jpg,OULU-DET/I2GF-Net-Data/Oulu-Wood/JPEGImages/st1085.jpg,oulu,dry_knot,oulu:st1085,knot,knot,0.9999872446060181,1.2808723113266751e-05,0.9999872446060181,3.804700554610463e-08,True
wood-multitask-final/data_processed/classification_crops/external_test/knot/oulu_000075_0000139.jpg,OULU-DET/I2GF-Net-Data/Oulu-Wood/JPEGImages/st1086.jpg,oulu,sound_knot,oulu:st1086,knot,knot,0.9996834993362427,9.626636199300265e-08,0.9996834993362427,0.0003164408262819052,True
wood-multitask-final/data_processed/classification_crops/external_test/crack/oulu_000075_0000140.jpg,OULU-DET/I2GF-Net-Data/Oulu-Wood/JPEGImages/st1086.jpg,oulu,split,oulu:st1086,crack,knot,0.9844915270805359,0.015508340671658516,0.9844915270805359,1.0311246967376064e-07,False
wood-multitask-final/data_processed/classification_crops/external_test/knot/oulu_000075_0000141.jpg,OULU-DET/I2GF-Net-Data/Oulu-Wood/JPEGImages/st1086.jpg,oulu,small_knot,oulu:st1086,knot,knot,0.9999973773956299,2.661468670339673e-06,0.9999973773956299,1.7932253015828792e-08,True
wood-multitask-final/data_processed/classification_crops/external_test/knot/oulu_000075_0000142.jpg,OULU-DET/I2GF-Net-Data/Oulu-Wood/JPEGImages/st1086.jpg,oulu,small_knot,oulu:st1086,knot,knot,0.9999998807907104,1.786870029718557e-07,0.9999998807907104,4.595586844402533e-08,True
wood-multitask-final/data_processed/classification_crops/external_test/knot/oulu_000076_0000143.jpg,OULU-DET/I2GF-Net-Data/Oulu-Wood/JPEGImages/st1087.jpg,oulu,small_knot,oulu:st1087,knot,knot,1.0,1.059521270718733e-08,1.0,2.2352071304965193e-09,True
wood-multitask-final/data_processed/classification_crops/external_test/knot/oulu_000076_0000144.jpg,OULU-DET/I2GF-Net-Data/Oulu-Wood/JPEGImages/st1087.jpg,oulu,small_knot,oulu:st1087,knot,knot,0.9999945163726807,5.079436505184276e-06,0.9999945163726807,4.0758422414910456e-07,True
wood-multitask-final/data_processed/classification_crops/external_test/knot/oulu_000076_0000145.jpg,OULU-DET/I2GF-Net-Data/Oulu-Wood/JPEGImages/st1087.jpg,oulu,small_knot,oulu:st1087,knot,knot,0.9999997615814209,2.632870916841057e-07,0.9999997615814209,5.408730885392288e-08,True
wood-multitask-final/data_processed/classification_crops/external_test/crack/oulu_000077_0000146.jpg,OULU-DET/I2GF-Net-Data/Oulu-Wood/JPEGImages/st1088.jpg,oulu,split,oulu:st1088,crack,crack,0.9954439401626587,0.9954439401626587,0.004556052852421999,2.869904669466905e-08,True
wood-multitask-final/data_processed/classification_crops/external_test/knot/oulu_000077_0000147.jpg,OULU-DET/I2GF-Net-Data/Oulu-Wood/JPEGImages/st1088.jpg,oulu,sound_knot,oulu:st1088,knot,knot,0.9999622106552124,1.326756091657444e-06,0.9999622106552124,3.65128435078077e-05,True
wood-multitask-final/data_processed/classification_crops/external_test/knot/oulu_000077_0000148.jpg,OULU-DET/I2GF-Net-Data/Oulu-Wood/JPEGImages/st1088.jpg,oulu,sound_knot,oulu:st1088,knot,knot,0.9996941089630127,0.0003058555885218084,0.9996941089630127,1.1350687145750271e-07,True
wood-multitask-final/data_processed/classification_crops/external_test/crack/oulu_000078_0000149.jpg,OULU-DET/I2GF-Net-Data/Oulu-Wood/JPEGImages/st1089.jpg,oulu,split,oulu:st1089,crack,knot,0.9999712705612183,2.8758246116922237e-05,0.9999712705612183,1.3831502783390182e-11,False
wood-multitask-final/data_processed/classification_crops/external_test/knot/oulu_000078_0000150.jpg,OULU-DET/I2GF-Net-Data/Oulu-Wood/JPEGImages/st1089.jpg,oulu,sound_knot,oulu:st1089,knot,knot,0.9999827146530151,1.2237883311172482e-05,0.9999827146530151,5.00789201396401e-06,True
wood-multitask-final/data_processed/classification_crops/external_test/knot/oulu_000078_0000151.jpg,OULU-DET/I2GF-Net-Data/Oulu-Wood/JPEGImages/st1089.jpg,oulu,sound_knot,oulu:st1089,knot,knot,0.9996771812438965,0.0002592757227830589,0.9996771812438965,6.352188938762993e-05,True
wood-multitask-final/data_processed/classification_crops/external_test/knot/oulu_000079_0000152.jpg,OULU-DET/I2GF-Net-Data/Oulu-Wood/JPEGImages/st1090.jpg,oulu,sound_knot,oulu:st1090,knot,knot,0.9998924732208252,3.5210712212574435e-06,0.9998924732208252,0.00010389325325377285,True
wood-multitask-final/data_processed/classification_crops/external_test/crack/oulu_000079_0000153.jpg,OULU-DET/I2GF-Net-Data/Oulu-Wood/JPEGImages/st1090.jpg,oulu,split,oulu:st1090,crack,crack,0.8309252262115479,0.8309252262115479,0.0486876405775547,0.12038716673851013,True
wood-multitask-final/data_processed/classification_crops/external_test/crack/oulu_000079_0000154.jpg,OULU-DET/I2GF-Net-Data/Oulu-Wood/JPEGImages/st1090.jpg,oulu,split,oulu:st1090,crack,knot,0.9999945163726807,4.048915343446424e-06,0.9999945163726807,1.4004731383465696e-06,False
wood-multitask-final/data_processed/classification_crops/external_test/knot/oulu_000080_0000155.jpg,OULU-DET/I2GF-Net-Data/Oulu-Wood/JPEGImages/st1091.jpg,oulu,sound_knot,oulu:st1091,knot,knot,0.9999946355819702,4.599281510309083e-06,0.9999946355819702,6.579956561836298e-07,True
wood-multitask-final/data_processed/classification_crops/external_test/knot/oulu_000080_0000156.jpg,OULU-DET/I2GF-Net-Data/Oulu-Wood/JPEGImages/st1091.jpg,oulu,knot_hole,oulu:st1091,knot,knot,0.9999988079071045,1.1386206324459636e-06,0.9999988079071045,7.105321220279848e-09,True
wood-multitask-final/data_processed/classification_crops/external_test/knot/oulu_000080_0000157.jpg,OULU-DET/I2GF-Net-Data/Oulu-Wood/JPEGImages/st1091.jpg,oulu,small_knot,oulu:st1091,knot,knot,0.9999933242797852,6.660733106400585e-06,0.9999933242797852,5.129658475766519e-08,True
wood-multitask-final/data_processed/classification_crops/external_test/crack/oulu_000080_0000158.jpg,OULU-DET/I2GF-Net-Data/Oulu-Wood/JPEGImages/st1091.jpg,oulu,split,oulu:st1091,crack,knot,0.999472439289093,0.0005274637951515615,0.999472439289093,8.052109023992671e-08,False
wood-multitask-final/data_processed/classification_crops/external_test/crack/oulu_000080_0000159.jpg,OULU-DET/I2GF-Net-Data/Oulu-Wood/JPEGImages/st1091.jpg,oulu,split,oulu:st1091,crack,knot,0.6425564885139465,0.35744354128837585,0.6425564885139465,4.905643669061988e-10,False
wood-multitask-final/data_processed/classification_crops/external_test/knot/oulu_000080_0000160.jpg,OULU-DET/I2GF-Net-Data/Oulu-Wood/JPEGImages/st1091.jpg,oulu,sound_knot,oulu:st1091,knot,knot,0.9340229034423828,0.06594231724739075,0.9340229034423828,3.4893360862042755e-05,True
wood-multitask-final/data_processed/classification_crops/external_test/knot/oulu_000081_0000161.jpg,OULU-DET/I2GF-Net-Data/Oulu-Wood/JPEGImages/st1092.jpg,oulu,horn_knot,oulu:st1092,knot,crack,0.9999903440475464,0.9999903440475464,9.627543477108702e-06,6.543846546450474e-14,False
wood-multitask-final/data_processed/classification_crops/external_test/knot/oulu_000081_0000162.jpg,OULU-DET/I2GF-Net-Data/Oulu-Wood/JPEGImages/st1092.jpg,oulu,leaf_knot,oulu:st1092,knot,crack,0.9990379810333252,0.9990379810333252,0.0009479818399995565,1.401607551088091e-05,False
wood-multitask-final/data_processed/classification_crops/external_test/knot/oulu_000082_0000163.jpg,OULU-DET/I2GF-Net-Data/Oulu-Wood/JPEGImages/st1093.jpg,oulu,leaf_knot,oulu:st1093,knot,crack,0.9765219688415527,0.9765219688415527,0.0012388494797050953,0.022239157930016518,False
wood-multitask-final/data_processed/classification_crops/external_test/knot/oulu_000083_0000164.jpg,OULU-DET/I2GF-Net-Data/Oulu-Wood/JPEGImages/st1094.jpg,oulu,leaf_knot,oulu:st1094,knot,knot,0.5283984541893005,0.47160157561302185,0.5283984541893005,6.708867350546655e-10,True
wood-multitask-final/data_processed/classification_crops/external_test/knot/oulu_000084_0000165.jpg,OULU-DET/I2GF-Net-Data/Oulu-Wood/JPEGImages/st1095.jpg,oulu,small_knot,oulu:st1095,knot,knot,1.0,1.7194219381622133e-08,1.0,6.474601670775071e-12,True
wood-multitask-final/data_processed/classification_crops/external_test/knot/oulu_000084_0000166.jpg,OULU-DET/I2GF-Net-Data/Oulu-Wood/JPEGImages/st1095.jpg,oulu,small_knot,oulu:st1095,knot,knot,0.9988828301429749,3.9075348468031734e-05,0.9988828301429749,0.0010781700257211924,True
wood-multitask-final/data_processed/classification_crops/external_test/knot/oulu_000084_0000167.jpg,OULU-DET/I2GF-Net-Data/Oulu-Wood/JPEGImages/st1095.jpg,oulu,small_knot,oulu:st1095,knot,knot,0.9999978542327881,7.885211630309641e-07,0.9999978542327881,1.3343154705580673e-06,True
wood-multitask-final/data_processed/classification_crops/external_test/crack/oulu_000084_0000168.jpg,OULU-DET/I2GF-Net-Data/Oulu-Wood/JPEGImages/st1095.jpg,oulu,split,oulu:st1095,crack,knot,0.9999945163726807,5.2490881898847874e-06,0.9999945163726807,2.1464113331148837e-07,False
wood-multitask-final/data_processed/classification_crops/external_test/knot/oulu_000084_0000169.jpg,OULU-DET/I2GF-Net-Data/Oulu-Wood/JPEGImages/st1095.jpg,oulu,sound_knot,oulu:st1095,knot,knot,0.9999966621398926,7.199998890428105e-07,0.9999966621398926,2.597281309135724e-06,True
wood-multitask-final/data_processed/classification_crops/external_test/knot/oulu_000085_0000170.jpg,OULU-DET/I2GF-Net-Data/Oulu-Wood/JPEGImages/st1096.jpg,oulu,edge_knot,oulu:st1096,knot,knot,0.999971866607666,2.8080748961656354e-05,0.999971866607666,6.0176278023071905e-12,True
wood-multitask-final/data_processed/classification_crops/external_test/knot/oulu_000085_0000171.jpg,OULU-DET/I2GF-Net-Data/Oulu-Wood/JPEGImages/st1096.jpg,oulu,encased_knot,oulu:st1096,knot,knot,0.9919283390045166,0.008071710355579853,0.9919283390045166,2.7410103076164205e-09,True
wood-multitask-final/data_processed/classification_crops/external_test/knot/oulu_000086_0000172.jpg,OULU-DET/I2GF-Net-Data/Oulu-Wood/JPEGImages/st1097.jpg,oulu,edge_knot,oulu:st1097,knot,knot,0.9997640252113342,0.00023592336219735444,0.9997640252113342,8.722922828496849e-09,True
wood-multitask-final/data_processed/classification_crops/external_test/knot/oulu_000086_0000173.jpg,OULU-DET/I2GF-Net-Data/Oulu-Wood/JPEGImages/st1097.jpg,oulu,edge_knot,oulu:st1097,knot,knot,0.9991148114204407,0.0008712380658835173,0.9991148114204407,1.3904027582611889e-05,True
wood-multitask-final/data_processed/classification_crops/external_test/knot/oulu_000087_0000174.jpg,OULU-DET/I2GF-Net-Data/Oulu-Wood/JPEGImages/st1098.jpg,oulu,edge_knot,oulu:st1098,knot,knot,0.8647496104240417,0.09546580165624619,0.8647496104240417,0.039784569293260574,True
wood-multitask-final/data_processed/classification_crops/external_test/knot/oulu_000088_0000175.jpg,OULU-DET/I2GF-Net-Data/Oulu-Wood/JPEGImages/st1099.jpg,oulu,edge_knot,oulu:st1099,knot,knot,0.9999978542327881,2.194125045207329e-06,0.9999978542327881,2.5547108872814306e-10,True
wood-multitask-final/data_processed/classification_crops/external_test/knot/oulu_000088_0000176.jpg,OULU-DET/I2GF-Net-Data/Oulu-Wood/JPEGImages/st1099.jpg,oulu,small_knot,oulu:st1099,knot,knot,0.9999985694885254,3.9652047689742176e-07,0.9999985694885254,1.1081668844781234e-06,True
wood-multitask-final/data_processed/classification_crops/external_test/knot/oulu_000088_0000177.jpg,OULU-DET/I2GF-Net-Data/Oulu-Wood/JPEGImages/st1099.jpg,oulu,small_knot,oulu:st1099,knot,knot,0.9999340772628784,4.475285550142871e-06,0.9999340772628784,6.134208524599671e-05,True
wood-multitask-final/data_processed/classification_crops/external_test/knot/oulu_000089_0000178.jpg,OULU-DET/I2GF-Net-Data/Oulu-Wood/JPEGImages/st1100.jpg,oulu,small_knot,oulu:st1100,knot,knot,0.9996747970581055,0.00032521222601644695,0.9996747970581055,2.6038504685743646e-09,True
wood-multitask-final/data_processed/classification_crops/external_test/knot/oulu_000090_0000179.jpg,OULU-DET/I2GF-Net-Data/Oulu-Wood/JPEGImages/st1101.jpg,oulu,edge_knot,oulu:st1101,knot,crack,0.6544438004493713,0.6544438004493713,0.34546253085136414,9.361420961795375e-05,False
wood-multitask-final/data_processed/classification_crops/external_test/knot/oulu_000091_0000180.jpg,OULU-DET/I2GF-Net-Data/Oulu-Wood/JPEGImages/st1102.jpg,oulu,decayed_knot,oulu:st1102,knot,crack,0.9998706579208374,0.9998706579208374,0.00012933598191011697,2.097408774437426e-10,False
wood-multitask-final/data_processed/classification_crops/external_test/knot/oulu_000091_0000181.jpg,OULU-DET/I2GF-Net-Data/Oulu-Wood/JPEGImages/st1102.jpg,oulu,decayed_knot,oulu:st1102,knot,crack,0.9524661898612976,0.9524661898612976,0.047533512115478516,2.1031490859968471e-07,False
wood-multitask-final/data_processed/classification_crops/external_test/knot/oulu_000092_0000182.jpg,OULU-DET/I2GF-Net-Data/Oulu-Wood/JPEGImages/st1103.jpg,oulu,encased_knot,oulu:st1103,knot,knot,0.6977548599243164,0.3022448718547821,0.6977548599243164,2.2992246329067711e-07,True
wood-multitask-final/data_processed/classification_crops/external_test/knot/oulu_000092_0000183.jpg,OULU-DET/I2GF-Net-Data/Oulu-Wood/JPEGImages/st1103.jpg,oulu,decayed_knot,oulu:st1103,knot,knot,0.8401922583580017,0.1598077267408371,0.8401922583580017,1.2102965740723448e-08,True
wood-multitask-final/data_processed/classification_crops/external_test/knot/oulu_000097_0000184.jpg,OULU-DET/I2GF-Net-Data/Oulu-Wood/JPEGImages/st1108.jpg,oulu,dry_knot,oulu:st1108,knot,knot,0.9999974966049194,2.5517081212456105e-06,0.9999974966049194,1.836789942366579e-09,True
wood-multitask-final/data_processed/classification_crops/external_test/knot/oulu_000097_0000185.jpg,OULU-DET/I2GF-Net-Data/Oulu-Wood/JPEGImages/st1108.jpg,oulu,small_knot,oulu:st1108,knot,knot,1.0,1.9996228672880534e-08,1.0,2.3302311191741865e-09,True
wood-multitask-final/data_processed/classification_crops/external_test/knot/oulu_000097_0000186.jpg,OULU-DET/I2GF-Net-Data/Oulu-Wood/JPEGImages/st1108.jpg,oulu,dry_knot,oulu:st1108,knot,knot,0.9999991655349731,8.476180255456711e-07,0.9999991655349731,3.237414247792003e-08,True
wood-multitask-final/data_processed/classification_crops/external_test/knot/oulu_000097_0000187.jpg,OULU-DET/I2GF-Net-Data/Oulu-Wood/JPEGImages/st1108.jpg,oulu,dry_knot,oulu:st1108,knot,knot,0.9999961853027344,3.8292405406537e-06,0.9999961853027344,3.3908480467914615e-09,True
wood-multitask-final/data_processed/classification_crops/external_test/knot/oulu_000097_0000188.jpg,OULU-DET/I2GF-Net-Data/Oulu-Wood/JPEGImages/st1108.jpg,oulu,dry_knot,oulu:st1108,knot,knot,0.9999949932098389,4.993869424652075e-06,0.9999949932098389,1.4219990462915888e-10,True
wood-multitask-final/data_processed/classification_crops/external_test/knot/oulu_000098_0000189.jpg,OULU-DET/I2GF-Net-Data/Oulu-Wood/JPEGImages/st1109.jpg,oulu,small_knot,oulu:st1109,knot,knot,0.9999997615814209,2.150842419723631e-07,0.9999997615814209,1.266618276929421e-08,True
wood-multitask-final/data_processed/classification_crops/external_test/knot/oulu_000098_0000190.jpg,OULU-DET/I2GF-Net-Data/Oulu-Wood/JPEGImages/st1109.jpg,oulu,dry_knot,oulu:st1109,knot,knot,0.9956804513931274,0.004319473635405302,0.9956804513931274,2.575548840866304e-08,True
wood-multitask-final/data_processed/classification_crops/external_test/knot/oulu_000099_0000191.jpg,OULU-DET/I2GF-Net-Data/Oulu-Wood/JPEGImages/st1110.jpg,oulu,edge_knot,oulu:st1110,knot,knot,0.999998927116394,1.1271533821854973e-06,0.999998927116394,1.2735552168408049e-08,True
wood-multitask-final/data_processed/classification_crops/external_test/knot/oulu_000099_0000192.jpg,OULU-DET/I2GF-Net-Data/Oulu-Wood/JPEGImages/st1110.jpg,oulu,dry_knot,oulu:st1110,knot,knot,0.9999663829803467,3.363365613040514e-05,0.9999663829803467,4.703353678747746e-11,True
wood-multitask-final/data_processed/classification_crops/external_test/knot/oulu_000100_0000193.jpg,OULU-DET/I2GF-Net-Data/Oulu-Wood/JPEGImages/st1111.jpg,oulu,dry_knot,oulu:st1111,knot,knot,0.9999982118606567,1.8432849628879922e-06,0.9999982118606567,5.664050339859728e-10,True
wood-multitask-final/data_processed/classification_crops/external_test/knot/oulu_000100_0000194.jpg,OULU-DET/I2GF-Net-Data/Oulu-Wood/JPEGImages/st1111.jpg,oulu,dry_knot,oulu:st1111,knot,knot,0.9999829530715942,1.7009770090226084e-05,0.9999829530715942,7.194284723510691e-09,True
wood-multitask-final/data_processed/classification_crops/external_test/knot/oulu_000100_0000195.jpg,OULU-DET/I2GF-Net-Data/Oulu-Wood/JPEGImages/st1111.jpg,oulu,edge_knot,oulu:st1111,knot,knot,0.9998741149902344,0.00012589209654834121,0.9998741149902344,1.3569434464955066e-08,True
wood-multitask-final/data_processed/classification_crops/external_test/knot/oulu_000100_0000196.jpg,OULU-DET/I2GF-Net-Data/Oulu-Wood/JPEGImages/st1111.jpg,oulu,edge_knot,oulu:st1111,knot,knot,0.9999946355819702,5.403305294748861e-06,0.9999946355819702,8.041124988089621e-10,True
wood-multitask-final/data_processed/classification_crops/external_test/knot/oulu_000101_0000197.jpg,OULU-DET/I2GF-Net-Data/Oulu-Wood/JPEGImages/st1112.jpg,oulu,encased_knot,oulu:st1112,knot,knot,0.9999762773513794,2.3677266653976403e-05,0.9999762773513794,4.5413894866896953e-10,True
wood-multitask-final/data_processed/classification_crops/external_test/knot/oulu_000101_0000198.jpg,OULU-DET/I2GF-Net-Data/Oulu-Wood/JPEGImages/st1112.jpg,oulu,encased_knot,oulu:st1112,knot,knot,0.999937891960144,6.210779974935576e-05,0.999937891960144,4.79354600457782e-09,True
wood-multitask-final/data_processed/classification_crops/external_test/knot/oulu_000101_0000199.jpg,OULU-DET/I2GF-Net-Data/Oulu-Wood/JPEGImages/st1112.jpg,oulu,encased_knot,oulu:st1112,knot,knot,0.9999561309814453,4.385581996757537e-05,0.9999561309814453,3.0789282234877646e-09,True
wood-multitask-final/data_processed/classification_crops/external_test/knot/oulu_000101_0000200.jpg,OULU-DET/I2GF-Net-Data/Oulu-Wood/JPEGImages/st1112.jpg,oulu,encased_knot,oulu:st1112,knot,knot,0.9999582767486572,4.1761133616091684e-05,0.9999582767486572,2.301437040941323e-09,True
wood-multitask-final/data_processed/classification_crops/external_test/crack/oulu_000102_0000201.jpg,OULU-DET/I2GF-Net-Data/Oulu-Wood/JPEGImages/st1113.jpg,oulu,split,oulu:st1113,crack,knot,0.9905371069908142,1.9461016563582234e-05,0.9905371069908142,0.009443378075957298,False
wood-multitask-final/data_processed/classification_crops/external_test/knot/oulu_000102_0000202.jpg,OULU-DET/I2GF-Net-Data/Oulu-Wood/JPEGImages/st1113.jpg,oulu,encased_knot,oulu:st1113,knot,crack,0.8448821902275085,0.8448821902275085,0.1551176905632019,9.293281522104735e-08,False
wood-multitask-final/data_processed/classification_crops/external_test/knot/oulu_000102_0000203.jpg,OULU-DET/I2GF-Net-Data/Oulu-Wood/JPEGImages/st1113.jpg,oulu,sound_knot,oulu:st1113,knot,knot,0.9999803304672241,1.6886031062313123e-07,0.9999803304672241,1.952541606442537e-05,True
wood-multitask-final/data_processed/classification_crops/external_test/knot/oulu_000102_0000204.jpg,OULU-DET/I2GF-Net-Data/Oulu-Wood/JPEGImages/st1113.jpg,oulu,dry_knot,oulu:st1113,knot,knot,0.9999970197677612,2.971313733723946e-06,0.9999970197677612,2.7172983863010813e-08,True
wood-multitask-final/data_processed/classification_crops/external_test/knot/oulu_000102_0000205.jpg,OULU-DET/I2GF-Net-Data/Oulu-Wood/JPEGImages/st1113.jpg,oulu,encased_knot,oulu:st1113,knot,knot,0.9986924529075623,0.001307567348703742,0.9986924529075623,1.2323596365604317e-08,True
wood-multitask-final/data_processed/classification_crops/external_test/knot/oulu_000103_0000206.jpg,OULU-DET/I2GF-Net-Data/Oulu-Wood/JPEGImages/st1114.jpg,oulu,encased_knot,oulu:st1114,knot,knot,0.9998248219490051,0.0001751717209117487,0.9998248219490051,4.410168674695569e-09,True
wood-multitask-final/data_processed/classification_crops/external_test/knot/oulu_000103_0000207.jpg,OULU-DET/I2GF-Net-Data/Oulu-Wood/JPEGImages/st1114.jpg,oulu,knot_hole,oulu:st1114,knot,knot,0.9999077320098877,9.158619650406763e-05,0.9999077320098877,7.272275865943811e-07,True
wood-multitask-final/data_processed/classification_crops/external_test/knot/oulu_000104_0000208.jpg,OULU-DET/I2GF-Net-Data/Oulu-Wood/JPEGImages/st1115.jpg,oulu,dry_knot,oulu:st1115,knot,crack,0.9999834299087524,0.9999834299087524,1.6592848623986356e-05,9.590854450685846e-14,False
wood-multitask-final/data_processed/classification_crops/external_test/knot/oulu_000104_0000209.jpg,OULU-DET/I2GF-Net-Data/Oulu-Wood/JPEGImages/st1115.jpg,oulu,dry_knot,oulu:st1115,knot,crack,0.9999951124191284,0.9999951124191284,4.922034804621944e-06,3.976109196122783e-14,False
wood-multitask-final/data_processed/classification_crops/external_test/knot/oulu_000105_0000210.jpg,OULU-DET/I2GF-Net-Data/Oulu-Wood/JPEGImages/st1116.jpg,oulu,dry_knot,oulu:st1116,knot,crack,0.9999963045120239,0.9999963045120239,3.6407807328942e-06,2.0101252273482285e-14,False
wood-multitask-final/data_processed/classification_crops/external_test/knot/oulu_000106_0000211.jpg,OULU-DET/I2GF-Net-Data/Oulu-Wood/JPEGImages/st1117.jpg,oulu,small_knot,oulu:st1117,knot,crack,0.9999798536300659,0.9999798536300659,2.014250094362069e-05,1.4828906874132797e-13,False
wood-multitask-final/data_processed/classification_crops/external_test/knot/oulu_000107_0000212.jpg,OULU-DET/I2GF-Net-Data/Oulu-Wood/JPEGImages/st1118.jpg,oulu,encased_knot,oulu:st1118,knot,crack,0.9999996423721313,0.9999996423721313,3.1967877589522686e-07,4.876303164638493e-17,False
wood-multitask-final/data_processed/classification_crops/external_test/normal/oulu_000110_normal.jpg,OULU-DET/I2GF-Net-Data/Oulu-Wood/JPEGImages/st1121.jpg,oulu,verified_negative,oulu:st1121,normal,knot,0.9732770919799805,0.026722870767116547,0.9732770919799805,5.87605686330761e-10,False
wood-multitask-final/data_processed/classification_crops/external_test/knot/oulu_000111_0000213.jpg,OULU-DET/I2GF-Net-Data/Oulu-Wood/JPEGImages/st1122.jpg,oulu,dry_knot,oulu:st1122,knot,crack,0.9682493209838867,0.9682493209838867,0.03175035119056702,3.4795789360941853e-07,False
wood-multitask-final/data_processed/classification_crops/external_test/knot/oulu_000111_0000214.jpg,OULU-DET/I2GF-Net-Data/Oulu-Wood/JPEGImages/st1122.jpg,oulu,sound_knot,oulu:st1122,knot,knot,0.9771103858947754,2.91833930532448e-06,0.9771103858947754,0.0228867344558239,True
wood-multitask-final/data_processed/classification_crops/external_test/knot/oulu_000112_0000215.jpg,OULU-DET/I2GF-Net-Data/Oulu-Wood/JPEGImages/st1123.jpg,oulu,small_knot,oulu:st1123,knot,knot,0.9999830722808838,1.695413993729744e-05,0.9999830722808838,2.1429924501603637e-08,True
wood-multitask-final/data_processed/classification_crops/external_test/knot/oulu_000112_0000216.jpg,OULU-DET/I2GF-Net-Data/Oulu-Wood/JPEGImages/st1123.jpg,oulu,sound_knot,oulu:st1123,knot,knot,0.9998238682746887,4.081804036104586e-06,0.9998238682746887,0.00017216394189745188,True
wood-multitask-final/data_processed/classification_crops/external_test/knot/oulu_000113_0000217.jpg,OULU-DET/I2GF-Net-Data/Oulu-Wood/JPEGImages/st1124.jpg,oulu,small_knot,oulu:st1124,knot,knot,1.0,4.724511448728208e-09,1.0,7.86097964500243e-10,True
wood-multitask-final/data_processed/classification_crops/external_test/knot/oulu_000114_0000218.jpg,OULU-DET/I2GF-Net-Data/Oulu-Wood/JPEGImages/st1125.jpg,oulu,dry_knot,oulu:st1125,knot,knot,0.996723473072052,0.0032765797805041075,0.996723473072052,2.3060396259211302e-08,True
wood-multitask-final/data_processed/classification_crops/external_test/crack/oulu_000115_0000219.jpg,OULU-DET/I2GF-Net-Data/Oulu-Wood/JPEGImages/st1126.jpg,oulu,split,oulu:st1126,crack,crack,0.8749977946281433,0.8749977946281433,0.1250022053718567,1.97103933174958e-09,True
wood-multitask-final/data_processed/classification_crops/external_test/crack/oulu_000115_0000220.jpg,OULU-DET/I2GF-Net-Data/Oulu-Wood/JPEGImages/st1126.jpg,oulu,split,oulu:st1126,crack,knot,0.906970739364624,0.09302853047847748,0.906970739364624,7.882242130108352e-07,False
wood-multitask-final/data_processed/classification_crops/external_test/knot/oulu_000115_0000221.jpg,OULU-DET/I2GF-Net-Data/Oulu-Wood/JPEGImages/st1126.jpg,oulu,small_knot,oulu:st1126,knot,knot,0.9999995231628418,4.5287600869414746e-07,0.9999995231628418,8.079926949733363e-09,True
wood-multitask-final/data_processed/classification_crops/external_test/knot/oulu_000115_0000222.jpg,OULU-DET/I2GF-Net-Data/Oulu-Wood/JPEGImages/st1126.jpg,oulu,sound_knot,oulu:st1126,knot,knot,0.9999898672103882,9.997327651944943e-06,0.9999898672103882,1.0130599292779152e-07,True
wood-multitask-final/data_processed/classification_crops/external_test/knot/oulu_000115_0000223.jpg,OULU-DET/I2GF-Net-Data/Oulu-Wood/JPEGImages/st1126.jpg,oulu,sound_knot,oulu:st1126,knot,knot,0.999908447265625,9.160312038147822e-05,0.999908447265625,1.2180277231266246e-08,True
wood-multitask-final/data_processed/classification_crops/external_test/crack/oulu_000115_0000224.jpg,OULU-DET/I2GF-Net-Data/Oulu-Wood/JPEGImages/st1126.jpg,oulu,split,oulu:st1126,crack,knot,0.883169412612915,0.035964809358119965,0.883169412612915,0.08086571842432022,False
wood-multitask-final/data_processed/classification_crops/external_test/knot/oulu_000115_0000225.jpg,OULU-DET/I2GF-Net-Data/Oulu-Wood/JPEGImages/st1126.jpg,oulu,sound_knot,oulu:st1126,knot,knot,0.9868530035018921,0.012203405611217022,0.9868530035018921,0.0009436056134290993,True
wood-multitask-final/data_processed/classification_crops/external_test/knot/oulu_000115_0000226.jpg,OULU-DET/I2GF-Net-Data/Oulu-Wood/JPEGImages/st1126.jpg,oulu,small_knot,oulu:st1126,knot,knot,0.9999997615814209,2.580555644726701e-07,0.9999997615814209,2.3220062317363954e-08,True
wood-multitask-final/data_processed/classification_crops/external_test/knot/oulu_000115_0000227.jpg,OULU-DET/I2GF-Net-Data/Oulu-Wood/JPEGImages/st1126.jpg,oulu,knot_hole,oulu:st1126,knot,knot,0.9999066591262817,9.315337229054421e-05,0.9999066591262817,6.856750900396946e-08,True
wood-multitask-final/data_processed/classification_crops/external_test/knot/oulu_000115_0000228.jpg,OULU-DET/I2GF-Net-Data/Oulu-Wood/JPEGImages/st1126.jpg,oulu,dry_knot,oulu:st1126,knot,knot,0.9999532699584961,4.660225022234954e-05,0.9999532699584961,1.09823410809895e-07,True
wood-multitask-final/data_processed/classification_crops/external_test/crack/oulu_000116_0000229.jpg,OULU-DET/I2GF-Net-Data/Oulu-Wood/JPEGImages/st1127.jpg,oulu,split,oulu:st1127,crack,knot,0.9914783835411072,0.0017555519007146358,0.9914783835411072,0.006766116246581078,False
wood-multitask-final/data_processed/classification_crops/external_test/knot/oulu_000116_0000230.jpg,OULU-DET/I2GF-Net-Data/Oulu-Wood/JPEGImages/st1127.jpg,oulu,sound_knot,oulu:st1127,knot,knot,0.9997321963310242,2.881601540138945e-05,0.9997321963310242,0.00023897303617559373,True
wood-multitask-final/data_processed/classification_crops/external_test/knot/oulu_000116_0000231.jpg,OULU-DET/I2GF-Net-Data/Oulu-Wood/JPEGImages/st1127.jpg,oulu,dry_knot,oulu:st1127,knot,knot,0.9999765157699585,2.3524469725089148e-05,0.9999765157699585,9.332148387386496e-10,True
wood-multitask-final/data_processed/classification_crops/external_test/crack/oulu_000116_0000232.jpg,OULU-DET/I2GF-Net-Data/Oulu-Wood/JPEGImages/st1127.jpg,oulu,split,oulu:st1127,crack,knot,0.6040859222412109,0.32487398386001587,0.6040859222412109,0.07104010134935379,False
wood-multitask-final/data_processed/classification_crops/external_test/knot/oulu_000116_0000233.jpg,OULU-DET/I2GF-Net-Data/Oulu-Wood/JPEGImages/st1127.jpg,oulu,dry_knot,oulu:st1127,knot,knot,0.9999979734420776,2.073771383948042e-06,0.9999979734420776,8.746507518253566e-09,True
wood-multitask-final/data_processed/classification_crops/external_test/crack/oulu_000116_0000234.jpg,OULU-DET/I2GF-Net-Data/Oulu-Wood/JPEGImages/st1127.jpg,oulu,split,oulu:st1127,crack,knot,0.9998598098754883,1.988456460821908e-06,0.9998598098754883,0.00013818765000905842,False
wood-multitask-final/data_processed/classification_crops/external_test/knot/oulu_000116_0000235.jpg,OULU-DET/I2GF-Net-Data/Oulu-Wood/JPEGImages/st1127.jpg,oulu,encased_knot,oulu:st1127,knot,knot,0.9986892342567444,0.001310486695729196,0.9986892342567444,2.0614854179257236e-07,True
wood-multitask-final/data_processed/classification_crops/external_test/crack/oulu_000116_0000236.jpg,OULU-DET/I2GF-Net-Data/Oulu-Wood/JPEGImages/st1127.jpg,oulu,split,oulu:st1127,crack,crack,0.9801986813545227,0.9801986813545227,0.019646354019641876,0.00015496817650273442,True
wood-multitask-final/data_processed/classification_crops/external_test/crack/oulu_000116_0000237.jpg,OULU-DET/I2GF-Net-Data/Oulu-Wood/JPEGImages/st1127.jpg,oulu,split,oulu:st1127,crack,crack,0.9936329126358032,0.9936329126358032,0.006367071997374296,3.1677533859908458e-12,True
wood-multitask-final/data_processed/classification_crops/external_test/knot/oulu_000116_0000238.jpg,OULU-DET/I2GF-Net-Data/Oulu-Wood/JPEGImages/st1127.jpg,oulu,small_knot,oulu:st1127,knot,knot,0.9999767541885376,2.3243046598508954e-05,0.9999767541885376,2.9178662264151e-10,True
wood-multitask-final/data_processed/classification_crops/external_test/knot/oulu_000116_0000239.jpg,OULU-DET/I2GF-Net-Data/Oulu-Wood/JPEGImages/st1127.jpg,oulu,small_knot,oulu:st1127,knot,knot,1.0,4.7093898558614455e-08,1.0,7.185435024759101e-10,True
wood-multitask-final/data_processed/classification_crops/external_test/knot/oulu_000116_0000240.jpg,OULU-DET/I2GF-Net-Data/Oulu-Wood/JPEGImages/st1127.jpg,oulu,encased_knot,oulu:st1127,knot,knot,0.8712238669395447,0.1287759691476822,0.8712238669395447,7.860322170927247e-08,True
wood-multitask-final/data_processed/classification_crops/external_test/knot/oulu_000116_0000241.jpg,OULU-DET/I2GF-Net-Data/Oulu-Wood/JPEGImages/st1127.jpg,oulu,encased_knot,oulu:st1127,knot,knot,0.6609779000282288,0.33902212977409363,0.6609779000282288,3.85275100711624e-09,True
wood-multitask-final/data_processed/classification_crops/external_test/knot/oulu_000117_0000242.jpg,OULU-DET/I2GF-Net-Data/Oulu-Wood/JPEGImages/st1128.jpg,oulu,dry_knot,oulu:st1128,knot,knot,0.9999970197677612,3.0077869723754702e-06,0.9999970197677612,8.901384518367195e-09,True
wood-multitask-final/data_processed/classification_crops/external_test/crack/oulu_000117_0000243.jpg,OULU-DET/I2GF-Net-Data/Oulu-Wood/JPEGImages/st1128.jpg,oulu,split,oulu:st1128,crack,knot,0.9975699782371521,0.0024296080227941275,0.9975699782371521,3.4689821859501535e-07,False
wood-multitask-final/data_processed/classification_crops/external_test/knot/oulu_000117_0000244.jpg,OULU-DET/I2GF-Net-Data/Oulu-Wood/JPEGImages/st1128.jpg,oulu,small_knot,oulu:st1128,knot,knot,0.999996542930603,3.411987790968851e-06,0.999996542930603,2.8571369270480318e-08,True
wood-multitask-final/data_processed/classification_crops/external_test/knot/oulu_000117_0000245.jpg,OULU-DET/I2GF-Net-Data/Oulu-Wood/JPEGImages/st1128.jpg,oulu,sound_knot,oulu:st1128,knot,knot,0.9777871370315552,5.1472612540237606e-05,0.9777871370315552,0.02216130681335926,True
wood-multitask-final/data_processed/classification_crops/external_test/knot/oulu_000118_0000246.jpg,OULU-DET/I2GF-Net-Data/Oulu-Wood/JPEGImages/st1129.jpg,oulu,sound_knot,oulu:st1129,knot,crack,0.9999990463256836,0.9999990463256836,9.299332077716826e-07,4.0180578590905125e-13,False
wood-multitask-final/data_processed/classification_crops/external_test/normal/oulu_000119_normal.jpg,OULU-DET/I2GF-Net-Data/Oulu-Wood/JPEGImages/st1130.jpg,oulu,verified_negative,oulu:st1130,normal,crack,0.9993796348571777,0.9993796348571777,0.0006203227094374597,3.3083583872439704e-08,False
wood-multitask-final/data_processed/classification_crops/external_test/normal/oulu_000120_normal.jpg,OULU-DET/I2GF-Net-Data/Oulu-Wood/JPEGImages/st1131.jpg,oulu,verified_negative,oulu:st1131,normal,knot,0.8464071154594421,0.15325629711151123,0.8464071154594421,0.0003366045712027699,False
wood-multitask-final/data_processed/classification_crops/external_test/knot/oulu_000121_0000247.jpg,OULU-DET/I2GF-Net-Data/Oulu-Wood/JPEGImages/st1132.jpg,oulu,sound_knot,oulu:st1132,knot,crack,0.9999750852584839,0.9999750852584839,2.2327909391606227e-05,2.6664090455597034e-06,False
wood-multitask-final/data_processed/classification_crops/external_test/knot/oulu_000122_0000248.jpg,OULU-DET/I2GF-Net-Data/Oulu-Wood/JPEGImages/st1133.jpg,oulu,edge_knot,oulu:st1133,knot,crack,0.770338773727417,0.770338773727417,0.22966121137142181,8.152233055280789e-11,False
wood-multitask-final/data_processed/classification_crops/external_test/normal/oulu_000123_normal.jpg,OULU-DET/I2GF-Net-Data/Oulu-Wood/JPEGImages/st1134.jpg,oulu,verified_negative,oulu:st1134,normal,crack,0.9810948371887207,0.9810948371887207,0.018905123695731163,1.0104651337883297e-08,False
wood-multitask-final/data_processed/classification_crops/external_test/normal/oulu_000125_normal.jpg,OULU-DET/I2GF-Net-Data/Oulu-Wood/JPEGImages/st1136.jpg,oulu,verified_negative,oulu:st1136,normal,knot,0.9990851879119873,0.00013288366608321667,0.9990851879119873,0.0007818554295226932,False
wood-multitask-final/data_processed/classification_crops/external_test/knot/oulu_000126_0000249.jpg,OULU-DET/I2GF-Net-Data/Oulu-Wood/JPEGImages/st1137.jpg,oulu,sound_knot,oulu:st1137,knot,crack,0.9626405835151672,0.9626405835151672,0.03735774755477905,1.60339038757229e-06,False
wood-multitask-final/data_processed/classification_crops/external_test/knot/oulu_000126_0000250.jpg,OULU-DET/I2GF-Net-Data/Oulu-Wood/JPEGImages/st1137.jpg,oulu,sound_knot,oulu:st1137,knot,knot,0.5977187752723694,0.40191322565078735,0.5977187752723694,0.00036804229603148997,True
wood-multitask-final/data_processed/classification_crops/external_test/knot/oulu_000127_0000251.jpg,OULU-DET/I2GF-Net-Data/Oulu-Wood/JPEGImages/st1138.jpg,oulu,sound_knot,oulu:st1138,knot,knot,0.999998927116394,1.4649775437192147e-07,0.999998927116394,9.188632930090535e-07,True
wood-multitask-final/data_processed/classification_crops/external_test/knot/oulu_000127_0000252.jpg,OULU-DET/I2GF-Net-Data/Oulu-Wood/JPEGImages/st1138.jpg,oulu,small_knot,oulu:st1138,knot,knot,0.9999982118606567,1.7905558706843294e-06,0.9999982118606567,5.03243835492384e-10,True
wood-multitask-final/data_processed/classification_crops/external_test/knot/oulu_000128_0000253.jpg,OULU-DET/I2GF-Net-Data/Oulu-Wood/JPEGImages/st1139.jpg,oulu,dry_knot,oulu:st1139,knot,knot,0.9999988079071045,1.220286549141747e-06,0.9999988079071045,4.1150869378725474e-08,True
wood-multitask-final/data_processed/classification_crops/external_test/knot/oulu_000128_0000254.jpg,OULU-DET/I2GF-Net-Data/Oulu-Wood/JPEGImages/st1139.jpg,oulu,edge_knot,oulu:st1139,knot,knot,0.903616189956665,0.09638381004333496,0.903616189956665,3.5928144903607517e-09,True
wood-multitask-final/data_processed/classification_crops/external_test/knot/oulu_000129_0000255.jpg,OULU-DET/I2GF-Net-Data/Oulu-Wood/JPEGImages/st1140.jpg,oulu,dry_knot,oulu:st1140,knot,knot,0.9354103803634644,0.06458918750286102,0.9354103803634644,4.343072532719816e-07,True
wood-multitask-final/data_processed/classification_crops/external_test/knot/oulu_000130_0000256.jpg,OULU-DET/I2GF-Net-Data/Oulu-Wood/JPEGImages/st1141.jpg,oulu,encased_knot,oulu:st1141,knot,knot,0.9980352520942688,0.0019647455774247646,0.9980352520942688,1.4172172768667224e-08,True
wood-multitask-final/data_processed/classification_crops/external_test/knot/oulu_000130_0000257.jpg,OULU-DET/I2GF-Net-Data/Oulu-Wood/JPEGImages/st1141.jpg,oulu,dry_knot,oulu:st1141,knot,knot,0.9999217987060547,7.818204903742298e-05,0.9999217987060547,3.356462840997665e-08,True
wood-multitask-final/data_processed/classification_crops/external_test/knot/oulu_000130_0000258.jpg,OULU-DET/I2GF-Net-Data/Oulu-Wood/JPEGImages/st1141.jpg,oulu,small_knot,oulu:st1141,knot,knot,0.9999938011169434,6.164558271848364e-06,0.9999938011169434,3.348628041521806e-08,True
wood-multitask-final/data_processed/classification_crops/external_test/knot/oulu_000131_0000259.jpg,OULU-DET/I2GF-Net-Data/Oulu-Wood/JPEGImages/st1142.jpg,oulu,dry_knot,oulu:st1142,knot,knot,0.9885321855545044,0.011467819102108479,0.9885321855545044,4.730959801690915e-08,True
wood-multitask-final/data_processed/classification_crops/external_test/knot/oulu_000131_0000260.jpg,OULU-DET/I2GF-Net-Data/Oulu-Wood/JPEGImages/st1142.jpg,oulu,dry_knot,oulu:st1142,knot,knot,0.6843512058258057,0.3156487047672272,0.6843512058258057,1.0846082432180992e-07,True
wood-multitask-final/data_processed/classification_crops/external_test/knot/oulu_000131_0000261.jpg,OULU-DET/I2GF-Net-Data/Oulu-Wood/JPEGImages/st1142.jpg,oulu,edge_knot,oulu:st1142,knot,crack,0.9998767375946045,0.9998767375946045,0.00012324252747930586,6.64853588849823e-11,False
wood-multitask-final/data_processed/classification_crops/external_test/knot/oulu_000132_0000262.jpg,OULU-DET/I2GF-Net-Data/Oulu-Wood/JPEGImages/st1143.jpg,oulu,dry_knot,oulu:st1143,knot,crack,0.9000667929649353,0.9000667929649353,0.0999331921339035,5.079293430299003e-09,False
wood-multitask-final/data_processed/classification_crops/external_test/knot/oulu_000132_0000263.jpg,OULU-DET/I2GF-Net-Data/Oulu-Wood/JPEGImages/st1143.jpg,oulu,dry_knot,oulu:st1143,knot,knot,0.9997338652610779,0.00026608281768858433,0.9997338652610779,1.1126169319197743e-08,True
wood-multitask-final/data_processed/classification_crops/external_test/knot/oulu_000133_0000264.jpg,OULU-DET/I2GF-Net-Data/Oulu-Wood/JPEGImages/st1144.jpg,oulu,dry_knot,oulu:st1144,knot,knot,0.9999691247940063,3.083540650550276e-05,0.9999691247940063,5.057418039910999e-09,True
wood-multitask-final/data_processed/classification_crops/external_test/knot/oulu_000134_0000265.jpg,OULU-DET/I2GF-Net-Data/Oulu-Wood/JPEGImages/st1145.jpg,oulu,encased_knot,oulu:st1145,knot,knot,0.9983593821525574,0.0016104974783957005,0.9983593821525574,3.00749707093928e-05,True
wood-multitask-final/data_processed/classification_crops/external_test/knot/oulu_000134_0000266.jpg,OULU-DET/I2GF-Net-Data/Oulu-Wood/JPEGImages/st1145.jpg,oulu,dry_knot,oulu:st1145,knot,knot,0.9998705387115479,0.00012940741726197302,0.9998705387115479,4.557979771391274e-09,True
wood-multitask-final/data_processed/classification_crops/external_test/knot/oulu_000134_0000267.jpg,OULU-DET/I2GF-Net-Data/Oulu-Wood/JPEGImages/st1145.jpg,oulu,dry_knot,oulu:st1145,knot,knot,0.9999996423721313,3.104256620645174e-07,0.9999996423721313,6.451200462720408e-09,True
wood-multitask-final/data_processed/classification_crops/external_test/knot/oulu_000135_0000268.jpg,OULU-DET/I2GF-Net-Data/Oulu-Wood/JPEGImages/st1146.jpg,oulu,edge_knot,oulu:st1146,knot,knot,0.9931402802467346,0.006859751883894205,0.9931402802467346,5.439926908934467e-08,True
wood-multitask-final/data_processed/classification_crops/external_test/knot/oulu_000135_0000269.jpg,OULU-DET/I2GF-Net-Data/Oulu-Wood/JPEGImages/st1146.jpg,oulu,sound_knot,oulu:st1146,knot,knot,0.9999988079071045,1.153397761299857e-06,0.9999988079071045,2.7847681494108656e-08,True
wood-multitask-final/data_processed/classification_crops/external_test/normal/oulu_000137_normal.jpg,OULU-DET/I2GF-Net-Data/Oulu-Wood/JPEGImages/st1148.jpg,oulu,verified_negative,oulu:st1148,normal,knot,0.9997460246086121,0.0002539551060181111,0.9997460246086121,2.3448720742891282e-09,False
wood-multitask-final/data_processed/classification_crops/external_test/crack/oulu_000138_0000270.jpg,OULU-DET/I2GF-Net-Data/Oulu-Wood/JPEGImages/st1149.jpg,oulu,split,oulu:st1149,crack,knot,0.9472770094871521,0.05046325549483299,0.9472770094871521,0.002259671688079834,False
wood-multitask-final/data_processed/classification_crops/external_test/knot/oulu_000139_0000271.jpg,OULU-DET/I2GF-Net-Data/Oulu-Wood/JPEGImages/st1150.jpg,oulu,small_knot,oulu:st1150,knot,knot,0.915890097618103,0.08410985767841339,0.915890097618103,6.581084566192885e-09,True
wood-multitask-final/data_processed/classification_crops/external_test/knot/oulu_000140_0000272.jpg,OULU-DET/I2GF-Net-Data/Oulu-Wood/JPEGImages/st1151.jpg,oulu,edge_knot,oulu:st1151,knot,crack,0.9811525344848633,0.9811525344848633,0.018847430124878883,1.2943961180678087e-10,False
wood-multitask-final/data_processed/classification_crops/external_test/knot/oulu_000140_0000273.jpg,OULU-DET/I2GF-Net-Data/Oulu-Wood/JPEGImages/st1151.jpg,oulu,dry_knot,oulu:st1151,knot,crack,0.9519788026809692,0.9519788026809692,0.04801994562149048,1.261859779333463e-06,False
wood-multitask-final/data_processed/classification_crops/external_test/knot/oulu_000140_0000274.jpg,OULU-DET/I2GF-Net-Data/Oulu-Wood/JPEGImages/st1151.jpg,oulu,sound_knot,oulu:st1151,knot,crack,0.9999827146530151,0.9999827146530151,1.7235270206583664e-05,6.6638610185520974e-09,False
wood-multitask-final/data_processed/classification_crops/external_test/knot/oulu_000140_0000275.jpg,OULU-DET/I2GF-Net-Data/Oulu-Wood/JPEGImages/st1151.jpg,oulu,small_knot,oulu:st1151,knot,crack,0.9999603033065796,0.9999603033065796,3.971252226619981e-05,1.891212297877587e-09,False
wood-multitask-final/data_processed/classification_crops/external_test/knot/oulu_000141_0000276.jpg,OULU-DET/I2GF-Net-Data/Oulu-Wood/JPEGImages/st1152.jpg,oulu,dry_knot,oulu:st1152,knot,crack,0.9996359348297119,0.9996359348297119,0.00036407896550372243,7.03925751022183e-10,False
wood-multitask-final/data_processed/classification_crops/external_test/knot/oulu_000141_0000277.jpg,OULU-DET/I2GF-Net-Data/Oulu-Wood/JPEGImages/st1152.jpg,oulu,sound_knot,oulu:st1152,knot,crack,0.9997536540031433,0.9997536540031433,0.0002463627024553716,3.48812498884854e-08,False
wood-multitask-final/data_processed/classification_crops/external_test/normal/oulu_000143_normal.jpg,OULU-DET/I2GF-Net-Data/Oulu-Wood/JPEGImages/st1154.jpg,oulu,verified_negative,oulu:st1154,normal,knot,0.979498565196991,0.020500291138887405,0.979498565196991,1.1393162822059821e-06,False
wood-multitask-final/data_processed/classification_crops/external_test/crack/oulu_000144_0000278.jpg,OULU-DET/I2GF-Net-Data/Oulu-Wood/JPEGImages/st1155.jpg,oulu,split,oulu:st1155,crack,crack,0.9995929598808289,0.9995929598808289,0.00040694608469493687,1.2622696488051588e-07,True
wood-multitask-final/data_processed/classification_crops/external_test/knot/oulu_000144_0000279.jpg,OULU-DET/I2GF-Net-Data/Oulu-Wood/JPEGImages/st1155.jpg,oulu,edge_knot,oulu:st1155,knot,knot,0.9985896944999695,0.0014102240093052387,0.9985896944999695,1.3104447305067879e-08,True
wood-multitask-final/data_processed/classification_crops/external_test/knot/oulu_000145_0000280.jpg,OULU-DET/I2GF-Net-Data/Oulu-Wood/JPEGImages/st1156.jpg,oulu,small_knot,oulu:st1156,knot,knot,1.0,4.40136318502482e-08,1.0,2.817562572143828e-10,True
wood-multitask-final/data_processed/classification_crops/external_test/knot/oulu_000145_0000281.jpg,OULU-DET/I2GF-Net-Data/Oulu-Wood/JPEGImages/st1156.jpg,oulu,sound_knot,oulu:st1156,knot,knot,0.9999998807907104,8.731344536272445e-08,0.9999998807907104,2.332742332633586e-10,True
wood-multitask-final/data_processed/classification_crops/external_test/knot/oulu_000145_0000282.jpg,OULU-DET/I2GF-Net-Data/Oulu-Wood/JPEGImages/st1156.jpg,oulu,dry_knot,oulu:st1156,knot,knot,0.9999957084655762,4.23234814661555e-06,0.9999957084655762,6.037175204198775e-09,True
wood-multitask-final/data_processed/classification_crops/external_test/knot/oulu_000146_0000283.jpg,OULU-DET/I2GF-Net-Data/Oulu-Wood/JPEGImages/st1157.jpg,oulu,sound_knot,oulu:st1157,knot,knot,0.9999923706054688,1.014698440826578e-07,0.9999923706054688,7.511251169489697e-06,True
wood-multitask-final/data_processed/classification_crops/external_test/knot/oulu_000146_0000284.jpg,OULU-DET/I2GF-Net-Data/Oulu-Wood/JPEGImages/st1157.jpg,oulu,edge_knot,oulu:st1157,knot,knot,0.9993904829025269,0.0006085028871893883,0.9993904829025269,9.339154303233954e-07,True
wood-multitask-final/data_processed/classification_crops/external_test/crack/oulu_000147_0000285.jpg,OULU-DET/I2GF-Net-Data/Oulu-Wood/JPEGImages/st1158.jpg,oulu,split,oulu:st1158,crack,crack,0.978080689907074,0.978080689907074,0.021821968257427216,9.730184683576226e-05,True
wood-multitask-final/data_processed/classification_crops/external_test/knot/oulu_000147_0000286.jpg,OULU-DET/I2GF-Net-Data/Oulu-Wood/JPEGImages/st1158.jpg,oulu,sound_knot,oulu:st1158,knot,knot,0.9999866485595703,1.1036160685762297e-05,0.9999866485595703,2.2993733637122205e-06,True
wood-multitask-final/data_processed/classification_crops/external_test/knot/oulu_000148_0000287.jpg,OULU-DET/I2GF-Net-Data/Oulu-Wood/JPEGImages/st1159.jpg,oulu,sound_knot,oulu:st1159,knot,knot,0.9999994039535522,5.952397259534337e-07,0.9999994039535522,1.8360543085904624e-09,True
wood-multitask-final/data_processed/classification_crops/external_test/knot/oulu_000148_0000288.jpg,OULU-DET/I2GF-Net-Data/Oulu-Wood/JPEGImages/st1159.jpg,oulu,dry_knot,oulu:st1159,knot,knot,0.9999988079071045,1.243684323526395e-06,0.9999988079071045,9.44924583023976e-10,True
wood-multitask-final/data_processed/classification_crops/external_test/knot/oulu_000149_0000289.jpg,OULU-DET/I2GF-Net-Data/Oulu-Wood/JPEGImages/st1160.jpg,oulu,dry_knot,oulu:st1160,knot,crack,0.9911640882492065,0.9911640882492065,0.00883563607931137,2.980566478072433e-07,False
wood-multitask-final/data_processed/classification_crops/external_test/knot/oulu_000149_0000290.jpg,OULU-DET/I2GF-Net-Data/Oulu-Wood/JPEGImages/st1160.jpg,oulu,small_knot,oulu:st1160,knot,knot,0.997006356716156,0.0029933988116681576,0.997006356716156,1.8323214590054704e-07,True
wood-multitask-final/data_processed/classification_crops/external_test/knot/oulu_000149_0000291.jpg,OULU-DET/I2GF-Net-Data/Oulu-Wood/JPEGImages/st1160.jpg,oulu,small_knot,oulu:st1160,knot,knot,0.9999231100082397,7.685122545808554e-05,0.9999231100082397,1.785818781741e-08,True
wood-multitask-final/data_processed/classification_crops/external_test/knot/oulu_000150_0000292.jpg,OULU-DET/I2GF-Net-Data/Oulu-Wood/JPEGImages/st1161.jpg,oulu,sound_knot,oulu:st1161,knot,knot,0.9999994039535522,6.97976432206815e-08,0.9999994039535522,4.1796275240812975e-07,True
wood-multitask-final/data_processed/classification_crops/external_test/knot/oulu_000151_0000293.jpg,OULU-DET/I2GF-Net-Data/Oulu-Wood/JPEGImages/st1162.jpg,oulu,dry_knot,oulu:st1162,knot,knot,0.9292625188827515,0.07073725014925003,0.9292625188827515,2.4160937073247624e-07,True
wood-multitask-final/data_processed/classification_crops/external_test/knot/oulu_000152_0000294.jpg,OULU-DET/I2GF-Net-Data/Oulu-Wood/JPEGImages/st1163.jpg,oulu,sound_knot,oulu:st1163,knot,knot,0.9999982118606567,1.7677521100267768e-06,0.9999982118606567,4.2467136474044764e-09,True
wood-multitask-final/data_processed/classification_crops/external_test/knot/oulu_000152_0000295.jpg,OULU-DET/I2GF-Net-Data/Oulu-Wood/JPEGImages/st1163.jpg,oulu,knot_hole,oulu:st1163,knot,knot,0.9999352693557739,6.467103230534121e-05,0.9999352693557739,1.3479728444565353e-10,True
wood-multitask-final/data_processed/classification_crops/external_test/knot/oulu_000153_0000296.jpg,OULU-DET/I2GF-Net-Data/Oulu-Wood/JPEGImages/st1164.jpg,oulu,small_knot,oulu:st1164,knot,knot,0.9999990463256836,9.779440688362229e-07,0.9999990463256836,2.441820357024227e-10,True
wood-multitask-final/data_processed/classification_crops/external_test/knot/oulu_000153_0000297.jpg,OULU-DET/I2GF-Net-Data/Oulu-Wood/JPEGImages/st1164.jpg,oulu,small_knot,oulu:st1164,knot,knot,0.9997984766960144,0.00020152096112724394,0.9997984766960144,4.9522803635682067e-08,True
wood-multitask-final/data_processed/classification_crops/external_test/knot/oulu_000153_0000298.jpg,OULU-DET/I2GF-Net-Data/Oulu-Wood/JPEGImages/st1164.jpg,oulu,dry_knot,oulu:st1164,knot,knot,0.9995792508125305,0.00042071734787896276,0.9995792508125305,1.243222857993942e-08,True
wood-multitask-final/data_processed/classification_crops/external_test/knot/oulu_000154_0000299.jpg,OULU-DET/I2GF-Net-Data/Oulu-Wood/JPEGImages/st1165.jpg,oulu,sound_knot,oulu:st1165,knot,knot,0.999998927116394,1.1140258493469446e-06,0.999998927116394,5.341166744998738e-12,True
wood-multitask-final/data_processed/classification_crops/external_test/knot/oulu_000154_0000300.jpg,OULU-DET/I2GF-Net-Data/Oulu-Wood/JPEGImages/st1165.jpg,oulu,sound_knot,oulu:st1165,knot,knot,0.9999995231628418,2.2472160310371692e-07,0.9999995231628418,2.7833615945382917e-07,True
wood-multitask-final/data_processed/classification_crops/external_test/knot/oulu_000154_0000301.jpg,OULU-DET/I2GF-Net-Data/Oulu-Wood/JPEGImages/st1165.jpg,oulu,edge_knot,oulu:st1165,knot,knot,0.9794151782989502,0.02058480679988861,0.9794151782989502,1.5621465232484866e-10,True
wood-multitask-final/data_processed/classification_crops/external_test/knot/oulu_000155_0000302.jpg,OULU-DET/I2GF-Net-Data/Oulu-Wood/JPEGImages/st1166.jpg,oulu,dry_knot,oulu:st1166,knot,crack,0.9999773502349854,0.9999773502349854,2.2664245989290066e-05,1.8769293411158294e-11,False
wood-multitask-final/data_processed/classification_crops/external_test/knot/oulu_000155_0000303.jpg,OULU-DET/I2GF-Net-Data/Oulu-Wood/JPEGImages/st1166.jpg,oulu,small_knot,oulu:st1166,knot,crack,0.9999854564666748,0.9999854564666748,1.4524462130793836e-05,1.4496768369065549e-11,False
wood-multitask-final/data_processed/classification_crops/external_test/knot/oulu_000156_0000304.jpg,OULU-DET/I2GF-Net-Data/Oulu-Wood/JPEGImages/st1167.jpg,oulu,sound_knot,oulu:st1167,knot,crack,0.9999945163726807,0.9999945163726807,5.426160441857064e-06,1.737833661696886e-11,False
wood-multitask-final/data_processed/classification_crops/external_test/knot/oulu_000156_0000305.jpg,OULU-DET/I2GF-Net-Data/Oulu-Wood/JPEGImages/st1167.jpg,oulu,small_knot,oulu:st1167,knot,crack,0.9997705817222595,0.9997705817222595,0.00022947236720938236,3.4111369284772763e-09,False
wood-multitask-final/data_processed/classification_crops/external_test/knot/oulu_000156_0000306.jpg,OULU-DET/I2GF-Net-Data/Oulu-Wood/JPEGImages/st1167.jpg,oulu,small_knot,oulu:st1167,knot,crack,0.9999724626541138,0.9999724626541138,2.755502464424353e-05,1.0943766726168036e-10,False
wood-multitask-final/data_processed/classification_crops/external_test/knot/oulu_000156_0000307.jpg,OULU-DET/I2GF-Net-Data/Oulu-Wood/JPEGImages/st1167.jpg,oulu,small_knot,oulu:st1167,knot,crack,0.9088354110717773,0.9088354110717773,0.0911644920706749,8.098722048544005e-08,False
wood-multitask-final/data_processed/classification_crops/external_test/knot/oulu_000157_0000308.jpg,OULU-DET/I2GF-Net-Data/Oulu-Wood/JPEGImages/st1168.jpg,oulu,leaf_knot,oulu:st1168,knot,knot,0.9968029260635376,0.0015218574553728104,0.9968029260635376,0.0016752952942624688,True
wood-multitask-final/data_processed/classification_crops/external_test/knot/oulu_000157_0000309.jpg,OULU-DET/I2GF-Net-Data/Oulu-Wood/JPEGImages/st1168.jpg,oulu,leaf_knot,oulu:st1168,knot,knot,0.4978628158569336,0.4957346022129059,0.4978628158569336,0.0064026606269180775,True
wood-multitask-final/data_processed/classification_crops/external_test/knot/oulu_000157_0000310.jpg,OULU-DET/I2GF-Net-Data/Oulu-Wood/JPEGImages/st1168.jpg,oulu,small_knot,oulu:st1168,knot,knot,0.9974246025085449,0.0025707948952913284,0.9974246025085449,4.594251549860928e-06,True
wood-multitask-final/data_processed/classification_crops/external_test/knot/oulu_000157_0000311.jpg,OULU-DET/I2GF-Net-Data/Oulu-Wood/JPEGImages/st1168.jpg,oulu,small_knot,oulu:st1168,knot,knot,0.9997968077659607,0.0002005489805014804,0.9997968077659607,2.6666430130717345e-06,True
wood-multitask-final/data_processed/classification_crops/external_test/knot/oulu_000157_0000312.jpg,OULU-DET/I2GF-Net-Data/Oulu-Wood/JPEGImages/st1168.jpg,oulu,small_knot,oulu:st1168,knot,knot,0.9847285151481628,0.015269629657268524,0.9847285151481628,1.89418403806485e-06,True
wood-multitask-final/data_processed/classification_crops/external_test/knot/oulu_000157_0000313.jpg,OULU-DET/I2GF-Net-Data/Oulu-Wood/JPEGImages/st1168.jpg,oulu,small_knot,oulu:st1168,knot,knot,0.998437225818634,0.0015627980465069413,0.998437225818634,2.8643384553106443e-08,True
wood-multitask-final/data_processed/classification_crops/external_test/knot/oulu_000157_0000314.jpg,OULU-DET/I2GF-Net-Data/Oulu-Wood/JPEGImages/st1168.jpg,oulu,small_knot,oulu:st1168,knot,knot,0.8943451642990112,0.10565183311700821,0.8943451642990112,2.937672888947418e-06,True
wood-multitask-final/data_processed/classification_crops/external_test/knot/oulu_000157_0000315.jpg,OULU-DET/I2GF-Net-Data/Oulu-Wood/JPEGImages/st1168.jpg,oulu,leaf_knot,oulu:st1168,knot,knot,0.7555050849914551,0.21723654866218567,0.7555050849914551,0.02725832723081112,True
wood-multitask-final/data_processed/classification_crops/external_test/knot/oulu_000158_0000316.jpg,OULU-DET/I2GF-Net-Data/Oulu-Wood/JPEGImages/st1169.jpg,oulu,leaf_knot,oulu:st1169,knot,crack,0.9996596574783325,0.9996596574783325,0.0003400972636882216,2.760905033483141e-07,False
wood-multitask-final/data_processed/classification_crops/external_test/knot/oulu_000158_0000317.jpg,OULU-DET/I2GF-Net-Data/Oulu-Wood/JPEGImages/st1169.jpg,oulu,sound_knot,oulu:st1169,knot,crack,0.7265087962150574,0.7265087962150574,0.2720687985420227,0.0014223516918718815,False
wood-multitask-final/data_processed/classification_crops/external_test/knot/oulu_000158_0000318.jpg,OULU-DET/I2GF-Net-Data/Oulu-Wood/JPEGImages/st1169.jpg,oulu,leaf_knot,oulu:st1169,knot,knot,0.9474923014640808,0.03996308892965317,0.9474923014640808,0.012544591911137104,True
wood-multitask-final/data_processed/classification_crops/external_test/knot/oulu_000158_0000319.jpg,OULU-DET/I2GF-Net-Data/Oulu-Wood/JPEGImages/st1169.jpg,oulu,knot_hole,oulu:st1169,knot,knot,1.0,2.5742648901427856e-08,1.0,3.4860536679559573e-10,True
wood-multitask-final/data_processed/classification_crops/external_test/knot/oulu_000158_0000320.jpg,OULU-DET/I2GF-Net-Data/Oulu-Wood/JPEGImages/st1169.jpg,oulu,small_knot,oulu:st1169,knot,crack,0.7766324877738953,0.7766324877738953,0.2233230322599411,4.443725629244e-05,False
wood-multitask-final/data_processed/classification_crops/external_test/knot/oulu_000158_0000321.jpg,OULU-DET/I2GF-Net-Data/Oulu-Wood/JPEGImages/st1169.jpg,oulu,sound_knot,oulu:st1169,knot,knot,0.7105697989463806,0.28935953974723816,0.7105697989463806,7.070128049235791e-05,True
wood-multitask-final/data_processed/classification_crops/external_test/knot/oulu_000159_0000322.jpg,OULU-DET/I2GF-Net-Data/Oulu-Wood/JPEGImages/st1170.jpg,oulu,dry_knot,oulu:st1170,knot,crack,0.9965883493423462,0.9965883493423462,0.0034114939626306295,1.2151330963661167e-07,False
wood-multitask-final/data_processed/classification_crops/external_test/knot/oulu_000159_0000323.jpg,OULU-DET/I2GF-Net-Data/Oulu-Wood/JPEGImages/st1170.jpg,oulu,dry_knot,oulu:st1170,knot,crack,0.9970868229866028,0.9970868229866028,0.002913114381954074,1.3822602795698913e-07,False
wood-multitask-final/data_processed/classification_crops/external_test/knot/oulu_000160_0000324.jpg,OULU-DET/I2GF-Net-Data/Oulu-Wood/JPEGImages/st1171.jpg,oulu,dry_knot,oulu:st1171,knot,crack,0.7624862790107727,0.7624862790107727,0.23751330375671387,4.5598915221489733e-07,False
wood-multitask-final/data_processed/classification_crops/external_test/knot/oulu_000160_0000325.jpg,OULU-DET/I2GF-Net-Data/Oulu-Wood/JPEGImages/st1171.jpg,oulu,dry_knot,oulu:st1171,knot,knot,0.9277336001396179,0.07226469367742538,0.9277336001396179,1.6624011323074228e-06,True
wood-multitask-final/data_processed/classification_crops/external_test/knot/oulu_000160_0000326.jpg,OULU-DET/I2GF-Net-Data/Oulu-Wood/JPEGImages/st1171.jpg,oulu,dry_knot,oulu:st1171,knot,crack,0.8369621634483337,0.8369621634483337,0.16303759813308716,2.8853827416241984e-07,False
wood-multitask-final/data_processed/classification_crops/external_test/crack/oulu_000160_0000327.jpg,OULU-DET/I2GF-Net-Data/Oulu-Wood/JPEGImages/st1171.jpg,oulu,split,oulu:st1171,crack,crack,0.9995763897895813,0.9995763897895813,0.0004235730739310384,1.0527223624073878e-12,True
wood-multitask-final/data_processed/classification_crops/external_test/knot/oulu_000161_0000328.jpg,OULU-DET/I2GF-Net-Data/Oulu-Wood/JPEGImages/st1172.jpg,oulu,dry_knot,oulu:st1172,knot,crack,0.9999674558639526,0.9999674558639526,3.2513169571757317e-05,1.062289752690182e-11,False
wood-multitask-final/data_processed/classification_crops/external_test/knot/oulu_000162_0000329.jpg,OULU-DET/I2GF-Net-Data/Oulu-Wood/JPEGImages/st1173.jpg,oulu,small_knot,oulu:st1173,knot,knot,0.7999780774116516,0.20000123977661133,0.7999780774116516,2.068491630780045e-05,True
wood-multitask-final/data_processed/classification_crops/external_test/knot/oulu_000162_0000330.jpg,OULU-DET/I2GF-Net-Data/Oulu-Wood/JPEGImages/st1173.jpg,oulu,sound_knot,oulu:st1173,knot,crack,0.9996986389160156,0.9996986389160156,0.0003006379120051861,7.330143603212491e-07,False
wood-multitask-final/data_processed/classification_crops/external_test/knot/oulu_000163_0000331.jpg,OULU-DET/I2GF-Net-Data/Oulu-Wood/JPEGImages/st1174.jpg,oulu,sound_knot,oulu:st1174,knot,crack,0.9999988079071045,0.9999988079071045,1.181332208943786e-06,2.1707773356638427e-09,False
wood-multitask-final/data_processed/classification_crops/external_test/knot/oulu_000165_0000332.jpg,OULU-DET/I2GF-Net-Data/Oulu-Wood/JPEGImages/st1176.jpg,oulu,sound_knot,oulu:st1176,knot,knot,0.9999961853027344,8.068015944218132e-08,0.9999961853027344,3.7052345760457683e-06,True
wood-multitask-final/data_processed/classification_crops/external_test/knot/oulu_000165_0000333.jpg,OULU-DET/I2GF-Net-Data/Oulu-Wood/JPEGImages/st1176.jpg,oulu,dry_knot,oulu:st1176,knot,knot,0.9999990463256836,9.788697070689523e-07,0.9999990463256836,1.1885810113909656e-09,True
wood-multitask-final/data_processed/classification_crops/external_test/knot/oulu_000165_0000334.jpg,OULU-DET/I2GF-Net-Data/Oulu-Wood/JPEGImages/st1176.jpg,oulu,edge_knot,oulu:st1176,knot,knot,0.9998596906661987,0.00013970497820992023,0.9998596906661987,5.815826966681925e-07,True
wood-multitask-final/data_processed/classification_crops/external_test/knot/oulu_000167_0000335.jpg,OULU-DET/I2GF-Net-Data/Oulu-Wood/JPEGImages/st1178.jpg,oulu,dry_knot,oulu:st1178,knot,knot,0.9994102716445923,0.0005897951778024435,0.9994102716445923,5.3090545293343894e-08,True
wood-multitask-final/data_processed/classification_crops/external_test/knot/oulu_000167_0000336.jpg,OULU-DET/I2GF-Net-Data/Oulu-Wood/JPEGImages/st1178.jpg,oulu,small_knot,oulu:st1178,knot,knot,0.9999943971633911,5.57036992177018e-06,0.9999943971633911,6.950310327269449e-10,True
wood-multitask-final/data_processed/classification_crops/external_test/knot/oulu_000167_0000337.jpg,OULU-DET/I2GF-Net-Data/Oulu-Wood/JPEGImages/st1178.jpg,oulu,small_knot,oulu:st1178,knot,knot,0.9999998807907104,8.590438227429331e-08,0.9999998807907104,4.480830373410072e-09,True
wood-multitask-final/data_processed/classification_crops/external_test/knot/oulu_000167_0000338.jpg,OULU-DET/I2GF-Net-Data/Oulu-Wood/JPEGImages/st1178.jpg,oulu,small_knot,oulu:st1178,knot,knot,0.9999992847442627,7.575865765829803e-07,0.9999992847442627,6.303355171155545e-09,True
wood-multitask-final/data_processed/classification_crops/external_test/knot/oulu_000168_0000339.jpg,OULU-DET/I2GF-Net-Data/Oulu-Wood/JPEGImages/st1179.jpg,oulu,dry_knot,oulu:st1179,knot,knot,0.9999966621398926,3.287472736701602e-06,0.9999966621398926,6.9770269561786336e-09,True
wood-multitask-final/data_processed/classification_crops/external_test/knot/oulu_000169_0000340.jpg,OULU-DET/I2GF-Net-Data/Oulu-Wood/JPEGImages/st1180.jpg,oulu,sound_knot,oulu:st1180,knot,crack,0.8583618402481079,0.8583618402481079,0.14163632690906525,1.7925282236319617e-06,False
wood-multitask-final/data_processed/classification_crops/external_test/knot/oulu_000170_0000341.jpg,OULU-DET/I2GF-Net-Data/Oulu-Wood/JPEGImages/st1181.jpg,oulu,edge_knot,oulu:st1181,knot,knot,0.9998494386672974,0.00015052748494781554,0.9998494386672974,1.8491858044811238e-09,True
wood-multitask-final/data_processed/classification_crops/external_test/knot/oulu_000170_0000342.jpg,OULU-DET/I2GF-Net-Data/Oulu-Wood/JPEGImages/st1181.jpg,oulu,dry_knot,oulu:st1181,knot,knot,0.9999995231628418,4.900784347228182e-07,0.9999995231628418,2.2359746054689822e-08,True
wood-multitask-final/data_processed/classification_crops/external_test/knot/oulu_000170_0000343.jpg,OULU-DET/I2GF-Net-Data/Oulu-Wood/JPEGImages/st1181.jpg,oulu,edge_knot,oulu:st1181,knot,knot,0.9999980926513672,1.299422251577198e-06,0.9999980926513672,6.014266773490817e-07,True
wood-multitask-final/data_processed/classification_crops/external_test/knot/oulu_000171_0000344.jpg,OULU-DET/I2GF-Net-Data/Oulu-Wood/JPEGImages/st1182.jpg,oulu,sound_knot,oulu:st1182,knot,crack,0.9998772144317627,0.9998772144317627,0.00012278494250494987,2.0843994974484303e-08,False
wood-multitask-final/data_processed/classification_crops/external_test/knot/oulu_000172_0000345.jpg,OULU-DET/I2GF-Net-Data/Oulu-Wood/JPEGImages/st1183.jpg,oulu,small_knot,oulu:st1183,knot,knot,0.8023949265480042,0.19757162034511566,0.8023949265480042,3.348808240843937e-05,True
wood-multitask-final/data_processed/classification_crops/external_test/knot/oulu_000172_0000346.jpg,OULU-DET/I2GF-Net-Data/Oulu-Wood/JPEGImages/st1183.jpg,oulu,sound_knot,oulu:st1183,knot,crack,0.5706897377967834,0.5706897377967834,0.4291037619113922,0.00020648963982239366,False
wood-multitask-final/data_processed/classification_crops/external_test/knot/oulu_000172_0000347.jpg,OULU-DET/I2GF-Net-Data/Oulu-Wood/JPEGImages/st1183.jpg,oulu,small_knot,oulu:st1183,knot,knot,0.9779337048530579,0.021942654624581337,0.9779337048530579,0.00012358820822555572,True
wood-multitask-final/data_processed/classification_crops/external_test/knot/oulu_000173_0000348.jpg,OULU-DET/I2GF-Net-Data/Oulu-Wood/JPEGImages/st1184.jpg,oulu,small_knot,oulu:st1184,knot,crack,0.9792444109916687,0.9792444109916687,0.020728744566440582,2.6905114282271825e-05,False
wood-multitask-final/data_processed/classification_crops/external_test/knot/oulu_000173_0000349.jpg,OULU-DET/I2GF-Net-Data/Oulu-Wood/JPEGImages/st1184.jpg,oulu,small_knot,oulu:st1184,knot,knot,0.9861025810241699,0.013894920237362385,0.9861025810241699,2.499574748071609e-06,True
wood-multitask-final/data_processed/classification_crops/external_test/knot/oulu_000173_0000350.jpg,OULU-DET/I2GF-Net-Data/Oulu-Wood/JPEGImages/st1184.jpg,oulu,dry_knot,oulu:st1184,knot,crack,0.8817989230155945,0.8817989230155945,0.11818791925907135,1.3117361049808096e-05,False
wood-multitask-final/data_processed/classification_crops/external_test/knot/oulu_000173_0000351.jpg,OULU-DET/I2GF-Net-Data/Oulu-Wood/JPEGImages/st1184.jpg,oulu,dry_knot,oulu:st1184,knot,crack,0.9995627999305725,0.9995627999305725,0.000437093258369714,1.6429117977168062e-07,False
wood-multitask-final/data_processed/classification_crops/external_test/knot/oulu_000174_0000352.jpg,OULU-DET/I2GF-Net-Data/Oulu-Wood/JPEGImages/st1185.jpg,oulu,sound_knot,oulu:st1185,knot,crack,0.9999955892562866,0.9999955892562866,4.444871137820883e-06,9.354887975376869e-10,False
wood-multitask-final/data_processed/classification_crops/external_test/knot/oulu_000175_0000353.jpg,OULU-DET/I2GF-Net-Data/Oulu-Wood/JPEGImages/st1186.jpg,oulu,dry_knot,oulu:st1186,knot,knot,0.9398979544639587,0.06010137125849724,0.9398979544639587,6.711998139508069e-07,True
wood-multitask-final/data_processed/classification_crops/external_test/knot/oulu_000176_0000354.jpg,OULU-DET/I2GF-Net-Data/Oulu-Wood/JPEGImages/st1187.jpg,oulu,dry_knot,oulu:st1187,knot,knot,0.9999970197677612,2.9954978799651144e-06,0.9999970197677612,2.3450583697126604e-09,True
wood-multitask-final/data_processed/classification_crops/external_test/knot/oulu_000176_0000355.jpg,OULU-DET/I2GF-Net-Data/Oulu-Wood/JPEGImages/st1187.jpg,oulu,sound_knot,oulu:st1187,knot,knot,0.9999998807907104,7.347328079276849e-08,0.9999998807907104,3.303818552069515e-09,True
wood-multitask-final/data_processed/classification_crops/external_test/knot/oulu_000176_0000356.jpg,OULU-DET/I2GF-Net-Data/Oulu-Wood/JPEGImages/st1187.jpg,oulu,sound_knot,oulu:st1187,knot,knot,0.9970808625221252,0.0029189272318035364,0.9970808625221252,2.944631205537007e-07,True
wood-multitask-final/data_processed/classification_crops/external_test/knot/oulu_000177_0000357.jpg,OULU-DET/I2GF-Net-Data/Oulu-Wood/JPEGImages/st1188.jpg,oulu,dry_knot,oulu:st1188,knot,knot,0.9999617338180542,3.824949817499146e-05,0.9999617338180542,8.7956921746013e-09,True
wood-multitask-final/data_processed/classification_crops/external_test/crack/oulu_000177_0000358.jpg,OULU-DET/I2GF-Net-Data/Oulu-Wood/JPEGImages/st1188.jpg,oulu,split,oulu:st1188,crack,knot,0.9992196559906006,0.0007798010483384132,0.9992196559906006,5.261134674583445e-07,False
wood-multitask-final/data_processed/classification_crops/external_test/knot/oulu_000178_0000359.jpg,OULU-DET/I2GF-Net-Data/Oulu-Wood/JPEGImages/st1189.jpg,oulu,leaf_knot,oulu:st1189,knot,crack,0.8101339340209961,0.8101339340209961,0.18742044270038605,0.0024455771781504154,False
wood-multitask-final/data_processed/classification_crops/external_test/knot/oulu_000179_0000360.jpg,OULU-DET/I2GF-Net-Data/Oulu-Wood/JPEGImages/st1190.jpg,oulu,leaf_knot,oulu:st1190,knot,normal,0.8890132308006287,0.04425773024559021,0.06672902405261993,0.8890132308006287,False
wood-multitask-final/data_processed/classification_crops/external_test/crack/oulu_000180_0000361.jpg,OULU-DET/I2GF-Net-Data/Oulu-Wood/JPEGImages/st1191.jpg,oulu,split,oulu:st1191,crack,crack,0.8358290791511536,0.8358290791511536,0.16417096555233002,1.241242553184918e-09,True
wood-multitask-final/data_processed/classification_crops/external_test/crack/oulu_000180_0000362.jpg,OULU-DET/I2GF-Net-Data/Oulu-Wood/JPEGImages/st1191.jpg,oulu,split,oulu:st1191,crack,crack,0.9991036057472229,0.9991036057472229,0.0008962168940342963,1.7164781240808225e-07,True
wood-multitask-final/data_processed/classification_crops/external_test/knot/oulu_000180_0000363.jpg,OULU-DET/I2GF-Net-Data/Oulu-Wood/JPEGImages/st1191.jpg,oulu,small_knot,oulu:st1191,knot,crack,0.9999830722808838,0.9999830722808838,1.696460458333604e-05,4.4530967802103305e-10,False
wood-multitask-final/data_processed/classification_crops/external_test/crack/oulu_000180_0000364.jpg,OULU-DET/I2GF-Net-Data/Oulu-Wood/JPEGImages/st1191.jpg,oulu,split,oulu:st1191,crack,crack,0.9992572665214539,0.9992572665214539,0.0007427134551107883,1.7777363581217287e-08,True
wood-multitask-final/data_processed/classification_crops/external_test/knot/oulu_000180_0000365.jpg,OULU-DET/I2GF-Net-Data/Oulu-Wood/JPEGImages/st1191.jpg,oulu,small_knot,oulu:st1191,knot,crack,0.9870714545249939,0.9870714545249939,0.012927182950079441,1.3842611679137917e-06,False
wood-multitask-final/data_processed/classification_crops/external_test/knot/oulu_000181_0000366.jpg,OULU-DET/I2GF-Net-Data/Oulu-Wood/JPEGImages/st1192.jpg,oulu,dry_knot,oulu:st1192,knot,crack,0.9999057054519653,0.9999057054519653,9.433506784262136e-05,1.0273273343130995e-09,False
wood-multitask-final/data_processed/classification_crops/external_test/crack/oulu_000181_0000367.jpg,OULU-DET/I2GF-Net-Data/Oulu-Wood/JPEGImages/st1192.jpg,oulu,split,oulu:st1192,crack,crack,0.9358387589454651,0.9358387589454651,0.06415078788995743,1.0458784345246386e-05,True
wood-multitask-final/data_processed/classification_crops/external_test/knot/oulu_000181_0000368.jpg,OULU-DET/I2GF-Net-Data/Oulu-Wood/JPEGImages/st1192.jpg,oulu,small_knot,oulu:st1192,knot,crack,0.993871808052063,0.993871808052063,0.006128163076937199,2.5441726947406096e-08,False
wood-multitask-final/data_processed/classification_crops/external_test/crack/oulu_000181_0000369.jpg,OULU-DET/I2GF-Net-Data/Oulu-Wood/JPEGImages/st1192.jpg,oulu,split,oulu:st1192,crack,crack,0.9999908208847046,0.9999908208847046,9.206843060383108e-06,2.6333654701282683e-10,True
wood-multitask-final/data_processed/classification_crops/external_test/normal/oulu_000182_normal.jpg,OULU-DET/I2GF-Net-Data/Oulu-Wood/JPEGImages/st1193.jpg,oulu,verified_negative,oulu:st1193,normal,knot,0.8582620620727539,0.1417379528284073,0.8582620620727539,5.458899998700417e-09,False
wood-multitask-final/data_processed/classification_crops/external_test/knot/oulu_000183_0000370.jpg,OULU-DET/I2GF-Net-Data/Oulu-Wood/JPEGImages/st1194.jpg,oulu,dry_knot,oulu:st1194,knot,crack,0.999985933303833,0.999985933303833,1.402526868332643e-05,3.404334106282825e-11,False
wood-multitask-final/data_processed/classification_crops/external_test/knot/oulu_000184_0000371.jpg,OULU-DET/I2GF-Net-Data/Oulu-Wood/JPEGImages/st1195.jpg,oulu,knot_hole,oulu:st1195,knot,knot,0.9999979734420776,2.0485169898165623e-06,0.9999979734420776,9.204015327668458e-09,True
wood-multitask-final/data_processed/classification_crops/external_test/knot/oulu_000185_0000372.jpg,OULU-DET/I2GF-Net-Data/Oulu-Wood/JPEGImages/st1196.jpg,oulu,dry_knot,oulu:st1196,knot,crack,0.9936816692352295,0.9936816692352295,0.006315212696790695,3.0543599223165074e-06,False
wood-multitask-final/data_processed/classification_crops/external_test/knot/oulu_000186_0000373.jpg,OULU-DET/I2GF-Net-Data/Oulu-Wood/JPEGImages/st1197.jpg,oulu,dry_knot,oulu:st1197,knot,knot,0.9999988079071045,1.1529028824952547e-06,0.9999988079071045,3.1867277705543984e-09,True
wood-multitask-final/data_processed/classification_crops/external_test/knot/oulu_000186_0000374.jpg,OULU-DET/I2GF-Net-Data/Oulu-Wood/JPEGImages/st1197.jpg,oulu,small_knot,oulu:st1197,knot,knot,1.0,4.5385487368321265e-08,1.0,1.8482617658577283e-09,True
wood-multitask-final/data_processed/classification_crops/external_test/knot/oulu_000186_0000375.jpg,OULU-DET/I2GF-Net-Data/Oulu-Wood/JPEGImages/st1197.jpg,oulu,dry_knot,oulu:st1197,knot,knot,0.999991774559021,8.275430445792153e-06,0.999991774559021,2.417411160138272e-08,True
wood-multitask-final/data_processed/classification_crops/external_test/knot/oulu_000187_0000376.jpg,OULU-DET/I2GF-Net-Data/Oulu-Wood/JPEGImages/st1198.jpg,oulu,knot_hole,oulu:st1198,knot,knot,0.9999998807907104,8.365599768467291e-08,0.9999998807907104,2.030393353447124e-10,True
wood-multitask-final/data_processed/classification_crops/external_test/knot/oulu_000188_0000377.jpg,OULU-DET/I2GF-Net-Data/Oulu-Wood/JPEGImages/st1199.jpg,oulu,encased_knot,oulu:st1199,knot,crack,0.9859766960144043,0.9859766960144043,0.014022216200828552,1.0154669780604308e-06,False
wood-multitask-final/data_processed/classification_crops/external_test/knot/oulu_000188_0000378.jpg,OULU-DET/I2GF-Net-Data/Oulu-Wood/JPEGImages/st1199.jpg,oulu,sound_knot,oulu:st1199,knot,knot,0.5016158223152161,0.4983745813369751,0.5016158223152161,9.586697160557378e-06,True
wood-multitask-final/data_processed/classification_crops/external_test/knot/oulu_000188_0000379.jpg,OULU-DET/I2GF-Net-Data/Oulu-Wood/JPEGImages/st1199.jpg,oulu,encased_knot,oulu:st1199,knot,crack,0.9297947287559509,0.9297947287559509,0.07018883526325226,1.639135916775558e-05,False
wood-multitask-final/data_processed/classification_crops/external_test/knot/oulu_000189_0000380.jpg,OULU-DET/I2GF-Net-Data/Oulu-Wood/JPEGImages/st1200.jpg,oulu,leaf_knot,oulu:st1200,knot,crack,0.9893803596496582,0.9893803596496582,0.010619675740599632,3.843612983445155e-09,False
wood-multitask-final/data_processed/classification_crops/external_test/knot/oulu_000189_0000381.jpg,OULU-DET/I2GF-Net-Data/Oulu-Wood/JPEGImages/st1200.jpg,oulu,small_knot,oulu:st1200,knot,knot,0.9998527765274048,0.00014356606698129326,0.9998527765274048,3.742757598956814e-06,True
wood-multitask-final/data_processed/classification_crops/external_test/knot/oulu_000189_0000382.jpg,OULU-DET/I2GF-Net-Data/Oulu-Wood/JPEGImages/st1200.jpg,oulu,sound_knot,oulu:st1200,knot,knot,0.9999862909317017,2.7900938448510715e-07,0.9999862909317017,1.3464929907058831e-05,True
wood-multitask-final/data_processed/classification_crops/external_test/knot/oulu_000189_0000383.jpg,OULU-DET/I2GF-Net-Data/Oulu-Wood/JPEGImages/st1200.jpg,oulu,small_knot,oulu:st1200,knot,knot,0.9999998807907104,3.041300544737169e-08,0.9999998807907104,9.075213824871753e-08,True
wood-multitask-final/data_processed/classification_crops/external_test/knot/oulu_000190_0000384.jpg,OULU-DET/I2GF-Net-Data/Oulu-Wood/JPEGImages/st1201.jpg,oulu,dry_knot,oulu:st1201,knot,knot,0.9991135001182556,0.0008865462732501328,0.9991135001182556,3.663356196170753e-08,True
wood-multitask-final/data_processed/classification_crops/external_test/knot/oulu_000191_0000385.jpg,OULU-DET/I2GF-Net-Data/Oulu-Wood/JPEGImages/st1202.jpg,oulu,sound_knot,oulu:st1202,knot,crack,0.999994158744812,0.999994158744812,5.827678251080215e-06,2.6128500404953847e-11,False
wood-multitask-final/data_processed/classification_crops/external_test/knot/oulu_000192_0000386.jpg,OULU-DET/I2GF-Net-Data/Oulu-Wood/JPEGImages/st1203.jpg,oulu,encased_knot,oulu:st1203,knot,crack,0.797080397605896,0.797080397605896,0.2029188722372055,7.368047931777255e-07,False
wood-multitask-final/data_processed/classification_crops/external_test/knot/oulu_000192_0000387.jpg,OULU-DET/I2GF-Net-Data/Oulu-Wood/JPEGImages/st1203.jpg,oulu,sound_knot,oulu:st1203,knot,crack,0.9999381303787231,0.9999381303787231,5.873927511856891e-05,3.070871798627195e-06,False
wood-multitask-final/data_processed/classification_crops/external_test/knot/oulu_000193_0000388.jpg,OULU-DET/I2GF-Net-Data/Oulu-Wood/JPEGImages/st1204.jpg,oulu,sound_knot,oulu:st1204,knot,crack,0.9893314838409424,0.9893314838409424,0.010666942223906517,1.5224494518406573e-06,False
wood-multitask-final/data_processed/classification_crops/external_test/knot/oulu_000193_0000389.jpg,OULU-DET/I2GF-Net-Data/Oulu-Wood/JPEGImages/st1204.jpg,oulu,dry_knot,oulu:st1204,knot,crack,0.9999382495880127,0.9999382495880127,6.178862531669438e-05,1.6223190568709356e-09,False
wood-multitask-final/data_processed/classification_crops/external_test/knot/oulu_000194_0000390.jpg,OULU-DET/I2GF-Net-Data/Oulu-Wood/JPEGImages/st1205.jpg,oulu,knot_hole,oulu:st1205,knot,knot,0.99989914894104,0.00010081191430799663,0.99989914894104,3.900379574872659e-09,True
wood-multitask-final/data_processed/classification_crops/external_test/knot/oulu_000194_0000391.jpg,OULU-DET/I2GF-Net-Data/Oulu-Wood/JPEGImages/st1205.jpg,oulu,small_knot,oulu:st1205,knot,knot,0.9892048835754395,0.010793753899633884,0.9892048835754395,1.3266403584566433e-06,True
wood-multitask-final/data_processed/classification_crops/external_test/knot/oulu_000194_0000392.jpg,OULU-DET/I2GF-Net-Data/Oulu-Wood/JPEGImages/st1205.jpg,oulu,sound_knot,oulu:st1205,knot,knot,0.8689203262329102,0.13107939064502716,0.8689203262329102,2.904941425185825e-07,True
wood-multitask-final/data_processed/classification_crops/external_test/knot/oulu_000195_0000393.jpg,OULU-DET/I2GF-Net-Data/Oulu-Wood/JPEGImages/st1206.jpg,oulu,sound_knot,oulu:st1206,knot,knot,0.9981649518013,0.0018347632139921188,0.9981649518013,3.51581064705897e-07,True
wood-multitask-final/data_processed/classification_crops/external_test/knot/oulu_000195_0000394.jpg,OULU-DET/I2GF-Net-Data/Oulu-Wood/JPEGImages/st1206.jpg,oulu,small_knot,oulu:st1206,knot,knot,1.0,1.1273771249875608e-08,1.0,2.6463956026567814e-10,True
wood-multitask-final/data_processed/classification_crops/external_test/knot/oulu_000196_0000395.jpg,OULU-DET/I2GF-Net-Data/Oulu-Wood/JPEGImages/st1207.jpg,oulu,small_knot,oulu:st1207,knot,knot,1.0,2.0570544378983868e-08,1.0,2.677023602792872e-10,True
wood-multitask-final/data_processed/classification_crops/external_test/knot/oulu_000196_0000396.jpg,OULU-DET/I2GF-Net-Data/Oulu-Wood/JPEGImages/st1207.jpg,oulu,dry_knot,oulu:st1207,knot,knot,0.9999864101409912,1.3637521988130175e-05,0.9999864101409912,1.6110103473465642e-08,True
wood-multitask-final/data_processed/classification_crops/external_test/knot/oulu_000197_0000397.jpg,OULU-DET/I2GF-Net-Data/Oulu-Wood/JPEGImages/st1208.jpg,oulu,dry_knot,oulu:st1208,knot,knot,0.9723898768424988,0.027610108256340027,0.9723898768424988,2.812860344647561e-08,True
wood-multitask-final/data_processed/classification_crops/external_test/knot/oulu_000198_0000398.jpg,OULU-DET/I2GF-Net-Data/Oulu-Wood/JPEGImages/st1209.jpg,oulu,sound_knot,oulu:st1209,knot,knot,0.9999897480010986,1.0302544069418218e-05,0.9999897480010986,1.132178906182446e-09,True
wood-multitask-final/data_processed/classification_crops/external_test/knot/oulu_000198_0000399.jpg,OULU-DET/I2GF-Net-Data/Oulu-Wood/JPEGImages/st1209.jpg,oulu,knot_hole,oulu:st1209,knot,knot,0.9761609435081482,0.023839006200432777,0.9761609435081482,1.8545477376008535e-09,True
wood-multitask-final/data_processed/classification_crops/external_test/knot/oulu_000199_0000400.jpg,OULU-DET/I2GF-Net-Data/Oulu-Wood/JPEGImages/st1210.jpg,oulu,encased_knot,oulu:st1210,knot,crack,0.9999995231628418,0.9999995231628418,4.5464810227713315e-07,1.7917750074446237e-13,False
wood-multitask-final/data_processed/classification_crops/external_test/crack/oulu_000199_0000401.jpg,OULU-DET/I2GF-Net-Data/Oulu-Wood/JPEGImages/st1210.jpg,oulu,split,oulu:st1210,crack,crack,0.9999979734420776,0.9999979734420776,2.0320383100624895e-06,4.9264342605326306e-12,True
wood-multitask-final/data_processed/classification_crops/external_test/crack/oulu_000199_0000402.jpg,OULU-DET/I2GF-Net-Data/Oulu-Wood/JPEGImages/st1210.jpg,oulu,split,oulu:st1210,crack,crack,0.9999994039535522,0.9999994039535522,5.499783242157719e-07,9.27605648542995e-13,True
wood-multitask-final/data_processed/classification_crops/external_test/knot/oulu_000199_0000403.jpg,OULU-DET/I2GF-Net-Data/Oulu-Wood/JPEGImages/st1210.jpg,oulu,small_knot,oulu:st1210,knot,crack,0.9786216616630554,0.9786216616630554,0.021363191306591034,1.5168530808296055e-05,False
wood-multitask-final/data_processed/classification_crops/external_test/knot/oulu_000199_0000404.jpg,OULU-DET/I2GF-Net-Data/Oulu-Wood/JPEGImages/st1210.jpg,oulu,small_knot,oulu:st1210,knot,knot,0.9548317193984985,0.04516042768955231,0.9548317193984985,7.798873411957175e-06,True
wood-multitask-final/data_processed/classification_crops/external_test/knot/oulu_000199_0000405.jpg,OULU-DET/I2GF-Net-Data/Oulu-Wood/JPEGImages/st1210.jpg,oulu,small_knot,oulu:st1210,knot,crack,0.9968460202217102,0.9968460202217102,0.003153448458760977,5.329368946149771e-07,False
wood-multitask-final/data_processed/classification_crops/external_test/knot/oulu_000199_0000406.jpg,OULU-DET/I2GF-Net-Data/Oulu-Wood/JPEGImages/st1210.jpg,oulu,dry_knot,oulu:st1210,knot,crack,0.7818524241447449,0.7818524241447449,0.21814751625061035,8.105888582576881e-08,False
wood-multitask-final/data_processed/classification_crops/external_test/crack/oulu_000199_0000407.jpg,OULU-DET/I2GF-Net-Data/Oulu-Wood/JPEGImages/st1210.jpg,oulu,split,oulu:st1210,crack,crack,0.9999984502792358,0.9999984502792358,1.4941865629225504e-06,2.0329712913103037e-10,True
wood-multitask-final/data_processed/classification_crops/external_test/knot/oulu_000200_0000408.jpg,OULU-DET/I2GF-Net-Data/Oulu-Wood/JPEGImages/st1211.jpg,oulu,encased_knot,oulu:st1211,knot,crack,0.999723494052887,0.999723494052887,0.0002765212266240269,2.358766515442312e-08,False
wood-multitask-final/data_processed/classification_crops/external_test/knot/oulu_000200_0000409.jpg,OULU-DET/I2GF-Net-Data/Oulu-Wood/JPEGImages/st1211.jpg,oulu,dry_knot,oulu:st1211,knot,knot,0.9963791966438293,0.0036178380250930786,0.9963791966438293,2.985958644785569e-06,True
wood-multitask-final/data_processed/classification_crops/external_test/knot/oulu_000200_0000410.jpg,OULU-DET/I2GF-Net-Data/Oulu-Wood/JPEGImages/st1211.jpg,oulu,small_knot,oulu:st1211,knot,crack,0.5583716034889221,0.5583716034889221,0.44157320261001587,5.512950519914739e-05,False
wood-multitask-final/data_processed/classification_crops/external_test/knot/oulu_000200_0000411.jpg,OULU-DET/I2GF-Net-Data/Oulu-Wood/JPEGImages/st1211.jpg,oulu,small_knot,oulu:st1211,knot,crack,0.9004036784172058,0.9004036784172058,0.0995926484465599,3.635477469288162e-06,False
wood-multitask-final/data_processed/classification_crops/external_test/knot/oulu_000200_0000412.jpg,OULU-DET/I2GF-Net-Data/Oulu-Wood/JPEGImages/st1211.jpg,oulu,edge_knot,oulu:st1211,knot,knot,0.9362706542015076,0.06372914463281631,0.9362706542015076,5.712839268312564e-08,True
wood-multitask-final/data_processed/classification_crops/external_test/knot/oulu_000201_0000413.jpg,OULU-DET/I2GF-Net-Data/Oulu-Wood/JPEGImages/st1212.jpg,oulu,small_knot,oulu:st1212,knot,knot,0.9992691874504089,0.0007291052024811506,0.9992691874504089,1.6153344404301606e-06,True
wood-multitask-final/data_processed/classification_crops/external_test/knot/oulu_000201_0000414.jpg,OULU-DET/I2GF-Net-Data/Oulu-Wood/JPEGImages/st1212.jpg,oulu,small_knot,oulu:st1212,knot,knot,0.9243912100791931,0.07559836655855179,0.9243912100791931,1.0481663593964186e-05,True
wood-multitask-final/data_processed/classification_crops/external_test/knot/oulu_000201_0000415.jpg,OULU-DET/I2GF-Net-Data/Oulu-Wood/JPEGImages/st1212.jpg,oulu,encased_knot,oulu:st1212,knot,crack,0.953570544719696,0.953570544719696,0.04642930254340172,6.857748502397953e-08,False
wood-multitask-final/data_processed/classification_crops/external_test/knot/oulu_000201_0000416.jpg,OULU-DET/I2GF-Net-Data/Oulu-Wood/JPEGImages/st1212.jpg,oulu,sound_knot,oulu:st1212,knot,knot,0.7390925288200378,0.2608609199523926,0.7390925288200378,4.6513705456163734e-05,True
wood-multitask-final/data_processed/classification_crops/external_test/knot/oulu_000201_0000417.jpg,OULU-DET/I2GF-Net-Data/Oulu-Wood/JPEGImages/st1212.jpg,oulu,small_knot,oulu:st1212,knot,crack,0.9737970232963562,0.9737970232963562,0.026201505213975906,1.5449234069819795e-06,False
wood-multitask-final/data_processed/classification_crops/external_test/knot/oulu_000201_0000418.jpg,OULU-DET/I2GF-Net-Data/Oulu-Wood/JPEGImages/st1212.jpg,oulu,small_knot,oulu:st1212,knot,crack,0.9571666121482849,0.9571666121482849,0.04283317178487778,1.9993409239305038e-07,False
wood-multitask-final/data_processed/classification_crops/external_test/knot/oulu_000201_0000419.jpg,OULU-DET/I2GF-Net-Data/Oulu-Wood/JPEGImages/st1212.jpg,oulu,small_knot,oulu:st1212,knot,crack,0.6265746355056763,0.6265746355056763,0.3732903301715851,0.00013505207607522607,False
wood-multitask-final/data_processed/classification_crops/external_test/knot/oulu_000201_0000420.jpg,OULU-DET/I2GF-Net-Data/Oulu-Wood/JPEGImages/st1212.jpg,oulu,dry_knot,oulu:st1212,knot,crack,0.9132541418075562,0.9132541418075562,0.08673470467329025,1.1260325663897675e-05,False
wood-multitask-final/data_processed/classification_crops/external_test/knot/oulu_000201_0000421.jpg,OULU-DET/I2GF-Net-Data/Oulu-Wood/JPEGImages/st1212.jpg,oulu,small_knot,oulu:st1212,knot,crack,0.6217091679573059,0.6217091679573059,0.3780079185962677,0.0002828703436534852,False
wood-multitask-final/data_processed/classification_crops/external_test/knot/oulu_000202_0000422.jpg,OULU-DET/I2GF-Net-Data/Oulu-Wood/JPEGImages/st1213.jpg,oulu,knot_hole,oulu:st1213,knot,knot,0.9887873530387878,0.011211151257157326,0.9887873530387878,1.571318080095807e-06,True
wood-multitask-final/data_processed/classification_crops/external_test/knot/oulu_000202_0000423.jpg,OULU-DET/I2GF-Net-Data/Oulu-Wood/JPEGImages/st1213.jpg,oulu,dry_knot,oulu:st1213,knot,crack,0.9950507283210754,0.9950507283210754,0.004945279099047184,4.028363946417812e-06,False
wood-multitask-final/data_processed/classification_crops/external_test/knot/oulu_000202_0000424.jpg,OULU-DET/I2GF-Net-Data/Oulu-Wood/JPEGImages/st1213.jpg,oulu,dry_knot,oulu:st1213,knot,knot,0.9120795130729675,0.087849922478199,0.9120795130729675,7.05223937984556e-05,True
wood-multitask-final/data_processed/classification_crops/external_test/knot/oulu_000202_0000425.jpg,OULU-DET/I2GF-Net-Data/Oulu-Wood/JPEGImages/st1213.jpg,oulu,dry_knot,oulu:st1213,knot,crack,0.8994848132133484,0.8994848132133484,0.10049096494913101,2.4182605557143688e-05,False
wood-multitask-final/data_processed/classification_crops/external_test/knot/oulu_000203_0000426.jpg,OULU-DET/I2GF-Net-Data/Oulu-Wood/JPEGImages/st1214.jpg,oulu,horn_knot,oulu:st1214,knot,knot,0.6070045232772827,0.39299359917640686,0.6070045232772827,1.8665891730051953e-06,True
wood-multitask-final/data_processed/classification_crops/external_test/knot/oulu_000203_0000427.jpg,OULU-DET/I2GF-Net-Data/Oulu-Wood/JPEGImages/st1214.jpg,oulu,dry_knot,oulu:st1214,knot,knot,0.8611838817596436,0.13880473375320435,0.8611838817596436,1.1445528798503801e-05,True
wood-multitask-final/data_processed/classification_crops/external_test/crack/oulu_000203_0000428.jpg,OULU-DET/I2GF-Net-Data/Oulu-Wood/JPEGImages/st1214.jpg,oulu,split,oulu:st1214,crack,knot,0.9246152639389038,0.07538368552923203,0.9246152639389038,1.1094164165115217e-06,False
wood-multitask-final/data_processed/classification_crops/external_test/knot/oulu_000203_0000429.jpg,OULU-DET/I2GF-Net-Data/Oulu-Wood/JPEGImages/st1214.jpg,oulu,leaf_knot,oulu:st1214,knot,crack,0.9999908208847046,0.9999908208847046,9.206280992657412e-06,3.1079363083108547e-08,False
wood-multitask-final/data_processed/classification_crops/external_test/knot/oulu_000203_0000430.jpg,OULU-DET/I2GF-Net-Data/Oulu-Wood/JPEGImages/st1214.jpg,oulu,dry_knot,oulu:st1214,knot,knot,0.9840438961982727,0.0159501563757658,0.9840438961982727,5.940018581895856e-06,True
wood-multitask-final/data_processed/classification_crops/external_test/knot/oulu_000203_0000431.jpg,OULU-DET/I2GF-Net-Data/Oulu-Wood/JPEGImages/st1214.jpg,oulu,small_knot,oulu:st1214,knot,crack,0.7639224529266357,0.7639224529266357,0.23599012196063995,8.740514749661088e-05,False
wood-multitask-final/data_processed/classification_crops/external_test/knot/oulu_000203_0000432.jpg,OULU-DET/I2GF-Net-Data/Oulu-Wood/JPEGImages/st1214.jpg,oulu,dry_knot,oulu:st1214,knot,crack,0.9996408224105835,0.9996408224105835,0.00035911178565584123,6.169799782185237e-09,False
wood-multitask-final/data_processed/classification_crops/external_test/crack/oulu_000203_0000433.jpg,OULU-DET/I2GF-Net-Data/Oulu-Wood/JPEGImages/st1214.jpg,oulu,split,oulu:st1214,crack,crack,0.9996103644371033,0.9996103644371033,0.00038971498725004494,9.825983342953704e-14,True
wood-multitask-final/data_processed/classification_crops/external_test/knot/oulu_000204_0000434.jpg,OULU-DET/I2GF-Net-Data/Oulu-Wood/JPEGImages/st1215.jpg,oulu,dry_knot,oulu:st1215,knot,knot,0.5621164441108704,0.43768322467803955,0.5621164441108704,0.00020037955255247653,True
wood-multitask-final/data_processed/classification_crops/external_test/knot/oulu_000204_0000435.jpg,OULU-DET/I2GF-Net-Data/Oulu-Wood/JPEGImages/st1215.jpg,oulu,encased_knot,oulu:st1215,knot,crack,0.9993801116943359,0.9993801116943359,0.0006197579787112772,8.211527102730543e-08,False
wood-multitask-final/data_processed/classification_crops/external_test/knot/oulu_000204_0000436.jpg,OULU-DET/I2GF-Net-Data/Oulu-Wood/JPEGImages/st1215.jpg,oulu,small_knot,oulu:st1215,knot,crack,0.9845823049545288,0.9845823049545288,0.015416791662573814,7.805766131241398e-07,False
wood-multitask-final/data_processed/classification_crops/external_test/knot/oulu_000205_0000437.jpg,OULU-DET/I2GF-Net-Data/Oulu-Wood/JPEGImages/st1216.jpg,oulu,sound_knot,oulu:st1216,knot,crack,0.9999719858169556,0.9999719858169556,2.7999780286336318e-05,5.209658926474958e-09,False
wood-multitask-final/data_processed/classification_crops/external_test/knot/oulu_000206_0000438.jpg,OULU-DET/I2GF-Net-Data/Oulu-Wood/JPEGImages/st1217.jpg,oulu,sound_knot,oulu:st1217,knot,knot,0.9992628693580627,4.565212657325901e-05,0.9992628693580627,0.0006914608529768884,True
wood-multitask-final/data_processed/classification_crops/external_test/knot/oulu_000206_0000439.jpg,OULU-DET/I2GF-Net-Data/Oulu-Wood/JPEGImages/st1217.jpg,oulu,small_knot,oulu:st1217,knot,knot,0.9999994039535522,6.163784291857155e-07,0.9999994039535522,4.520213536807205e-08,True
wood-multitask-final/data_processed/classification_crops/external_test/knot/oulu_000207_0000440.jpg,OULU-DET/I2GF-Net-Data/Oulu-Wood/JPEGImages/st1218.jpg,oulu,encased_knot,oulu:st1218,knot,knot,0.9997844099998474,0.00021556884166784585,0.9997844099998474,3.659842917613787e-08,True
wood-multitask-final/data_processed/classification_crops/external_test/knot/oulu_000208_0000441.jpg,OULU-DET/I2GF-Net-Data/Oulu-Wood/JPEGImages/st1219.jpg,oulu,dry_knot,oulu:st1219,knot,knot,0.9999953508377075,3.7886879908910487e-06,0.9999953508377075,8.633932679913414e-07,True
wood-multitask-final/data_processed/classification_crops/external_test/knot/oulu_000209_0000442.jpg,OULU-DET/I2GF-Net-Data/Oulu-Wood/JPEGImages/st1220.jpg,oulu,small_knot,oulu:st1220,knot,knot,0.9999897480010986,1.0083781489811372e-05,0.9999897480010986,1.1582753955963199e-07,True
wood-multitask-final/data_processed/classification_crops/external_test/knot/oulu_000209_0000443.jpg,OULU-DET/I2GF-Net-Data/Oulu-Wood/JPEGImages/st1220.jpg,oulu,sound_knot,oulu:st1220,knot,knot,0.9854333996772766,0.002610269468277693,0.9854333996772766,0.011956362053751945,True
wood-multitask-final/data_processed/classification_crops/external_test/knot/oulu_000209_0000444.jpg,OULU-DET/I2GF-Net-Data/Oulu-Wood/JPEGImages/st1220.jpg,oulu,small_knot,oulu:st1220,knot,knot,0.9999750852584839,2.4775583369773813e-05,0.9999750852584839,1.1065045413261032e-07,True
wood-multitask-final/data_processed/classification_crops/external_test/knot/oulu_000210_0000445.jpg,OULU-DET/I2GF-Net-Data/Oulu-Wood/JPEGImages/st1221.jpg,oulu,sound_knot,oulu:st1221,knot,knot,0.9999979734420776,1.4198948292687419e-06,0.9999979734420776,6.512374284284306e-07,True
wood-multitask-final/data_processed/classification_crops/external_test/knot/oulu_000210_0000446.jpg,OULU-DET/I2GF-Net-Data/Oulu-Wood/JPEGImages/st1221.jpg,oulu,small_knot,oulu:st1221,knot,knot,0.9999998807907104,9.122244648551714e-08,0.9999998807907104,2.068513138553385e-10,True
wood-multitask-final/data_processed/classification_crops/external_test/knot/oulu_000210_0000447.jpg,OULU-DET/I2GF-Net-Data/Oulu-Wood/JPEGImages/st1221.jpg,oulu,knot_hole,oulu:st1221,knot,knot,0.5391814112663269,0.46081653237342834,0.5391814112663269,2.0162947294011246e-06,True
wood-multitask-final/data_processed/classification_crops/external_test/knot/oulu_000211_0000448.jpg,OULU-DET/I2GF-Net-Data/Oulu-Wood/JPEGImages/st1222.jpg,oulu,edge_knot,oulu:st1222,knot,knot,0.9992997646331787,0.0007001386256888509,0.9992997646331787,7.938823642916759e-08,True
wood-multitask-final/data_processed/classification_crops/external_test/normal/oulu_000212_normal.jpg,OULU-DET/I2GF-Net-Data/Oulu-Wood/JPEGImages/st1223.jpg,oulu,verified_negative,oulu:st1223,normal,knot,0.9999998807907104,6.304708932702852e-08,0.9999998807907104,1.1944756295179104e-08,False
wood-multitask-final/data_processed/classification_crops/external_test/normal/oulu_000213_normal.jpg,OULU-DET/I2GF-Net-Data/Oulu-Wood/JPEGImages/st1224.jpg,oulu,verified_negative,oulu:st1224,normal,knot,0.6281607151031494,0.37181398272514343,0.6281607151031494,2.52985701081343e-05,False
wood-multitask-final/data_processed/classification_crops/external_test/knot/oulu_000214_0000449.jpg,OULU-DET/I2GF-Net-Data/Oulu-Wood/JPEGImages/st1225.jpg,oulu,knot_hole,oulu:st1225,knot,knot,0.9999996423721313,3.293948793725576e-07,0.9999996423721313,1.627300783013652e-08,True
wood-multitask-final/data_processed/classification_crops/external_test/knot/oulu_000215_0000450.jpg,OULU-DET/I2GF-Net-Data/Oulu-Wood/JPEGImages/st1226.jpg,oulu,small_knot,oulu:st1226,knot,knot,0.9293051362037659,0.07069484144449234,0.9293051362037659,1.570768226599739e-08,True
wood-multitask-final/data_processed/classification_crops/external_test/knot/oulu_000216_0000451.jpg,OULU-DET/I2GF-Net-Data/Oulu-Wood/JPEGImages/st1227.jpg,oulu,horn_knot,oulu:st1227,knot,knot,0.9644749760627747,0.03552494943141937,0.9644749760627747,1.1539471245214372e-07,True
wood-multitask-final/data_processed/classification_crops/external_test/knot/oulu_000216_0000452.jpg,OULU-DET/I2GF-Net-Data/Oulu-Wood/JPEGImages/st1227.jpg,oulu,small_knot,oulu:st1227,knot,crack,0.9998610019683838,0.9998610019683838,0.00013894833682570606,1.2985874875415249e-10,False
wood-multitask-final/data_processed/classification_crops/external_test/knot/oulu_000216_0000453.jpg,OULU-DET/I2GF-Net-Data/Oulu-Wood/JPEGImages/st1227.jpg,oulu,small_knot,oulu:st1227,knot,crack,0.9997908473014832,0.9997908473014832,0.00020913458138238639,6.007989661327429e-10,False
wood-multitask-final/data_processed/classification_crops/external_test/knot/oulu_000217_0000454.jpg,OULU-DET/I2GF-Net-Data/Oulu-Wood/JPEGImages/st1228.jpg,oulu,leaf_knot,oulu:st1228,knot,crack,0.9989650249481201,0.9989650249481201,0.0010349872754886746,6.087640169738506e-09,False
wood-multitask-final/data_processed/classification_crops/external_test/knot/oulu_000217_0000455.jpg,OULU-DET/I2GF-Net-Data/Oulu-Wood/JPEGImages/st1228.jpg,oulu,small_knot,oulu:st1228,knot,crack,0.9986826777458191,0.9986826777458191,0.0013172788312658668,5.020990676181392e-13,False
wood-multitask-final/data_processed/classification_crops/external_test/knot/oulu_000217_0000456.jpg,OULU-DET/I2GF-Net-Data/Oulu-Wood/JPEGImages/st1228.jpg,oulu,small_knot,oulu:st1228,knot,crack,0.9999817609786987,0.9999817609786987,1.8296894268132746e-05,1.2456190245924148e-10,False
wood-multitask-final/data_processed/classification_crops/external_test/knot/oulu_000217_0000457.jpg,OULU-DET/I2GF-Net-Data/Oulu-Wood/JPEGImages/st1228.jpg,oulu,small_knot,oulu:st1228,knot,crack,0.9999161958694458,0.9999161958694458,8.379707287531346e-05,1.206574007373007e-10,False
wood-multitask-final/data_processed/classification_crops/external_test/knot/oulu_000218_0000458.jpg,OULU-DET/I2GF-Net-Data/Oulu-Wood/JPEGImages/st1229.jpg,oulu,small_knot,oulu:st1229,knot,crack,0.6842502355575562,0.6842502355575562,0.3157332241535187,1.657433676882647e-05,False
wood-multitask-final/data_processed/classification_crops/external_test/crack/oulu_000218_0000459.jpg,OULU-DET/I2GF-Net-Data/Oulu-Wood/JPEGImages/st1229.jpg,oulu,split,oulu:st1229,crack,crack,0.9999290704727173,0.9999290704727173,7.095218461472541e-05,1.790678716417915e-09,True
wood-multitask-final/data_processed/classification_crops/external_test/knot/oulu_000218_0000460.jpg,OULU-DET/I2GF-Net-Data/Oulu-Wood/JPEGImages/st1229.jpg,oulu,sound_knot,oulu:st1229,knot,knot,0.7066601514816284,0.2933398485183716,0.7066601514816284,3.018917782426911e-09,True
wood-multitask-final/data_processed/classification_crops/external_test/knot/oulu_000219_0000461.jpg,OULU-DET/I2GF-Net-Data/Oulu-Wood/JPEGImages/st1230.jpg,oulu,sound_knot,oulu:st1230,knot,crack,0.9915114045143127,0.9915114045143127,0.008401512168347836,8.705625805305317e-05,False
wood-multitask-final/data_processed/classification_crops/external_test/crack/oulu_000220_0000462.jpg,OULU-DET/I2GF-Net-Data/Oulu-Wood/JPEGImages/st1231.jpg,oulu,split,oulu:st1231,crack,knot,0.983744204044342,0.01616828888654709,0.983744204044342,8.75141195137985e-05,False
wood-multitask-final/data_processed/classification_crops/external_test/knot/oulu_000220_0000463.jpg,OULU-DET/I2GF-Net-Data/Oulu-Wood/JPEGImages/st1231.jpg,oulu,small_knot,oulu:st1231,knot,crack,0.986179530620575,0.986179530620575,0.013816078193485737,4.3645054574881215e-06,False
wood-multitask-final/data_processed/classification_crops/external_test/crack/oulu_000221_0000464.jpg,OULU-DET/I2GF-Net-Data/Oulu-Wood/JPEGImages/st1232.jpg,oulu,split,oulu:st1232,crack,crack,0.8999922275543213,0.8999922275543213,0.10000761598348618,1.4459513408837665e-07,True
wood-multitask-final/data_processed/classification_crops/external_test/crack/oulu_000221_0000465.jpg,OULU-DET/I2GF-Net-Data/Oulu-Wood/JPEGImages/st1232.jpg,oulu,split,oulu:st1232,crack,knot,0.9843361377716064,0.01566265895962715,0.9843361377716064,1.1984218417637749e-06,False
wood-multitask-final/data_processed/classification_crops/external_test/knot/oulu_000222_0000466.jpg,OULU-DET/I2GF-Net-Data/Oulu-Wood/JPEGImages/st1233.jpg,oulu,edge_knot,oulu:st1233,knot,crack,0.716108500957489,0.716108500957489,0.2838915288448334,4.494868033333432e-09,False
wood-multitask-final/data_processed/classification_crops/external_test/knot/oulu_000223_0000467.jpg,OULU-DET/I2GF-Net-Data/Oulu-Wood/JPEGImages/st1234.jpg,oulu,small_knot,oulu:st1234,knot,crack,0.999994158744812,0.999994158744812,5.803137355542276e-06,1.469520712798003e-13,False
wood-multitask-final/data_processed/classification_crops/external_test/crack/oulu_000224_0000468.jpg,OULU-DET/I2GF-Net-Data/Oulu-Wood/JPEGImages/st1235.jpg,oulu,split,oulu:st1235,crack,knot,0.9565461277961731,0.043453872203826904,0.9565461277961731,9.06195829486478e-09,False
wood-multitask-final/data_processed/classification_crops/external_test/knot/oulu_000224_0000469.jpg,OULU-DET/I2GF-Net-Data/Oulu-Wood/JPEGImages/st1235.jpg,oulu,small_knot,oulu:st1235,knot,crack,0.9999988079071045,0.9999988079071045,1.2055120350851212e-06,4.129665512141558e-15,False
wood-multitask-final/data_processed/classification_crops/external_test/knot/oulu_000225_0000470.jpg,OULU-DET/I2GF-Net-Data/Oulu-Wood/JPEGImages/st1236.jpg,oulu,edge_knot,oulu:st1236,knot,crack,0.9611431956291199,0.9611431956291199,0.038856782019138336,3.088313604848736e-08,False
wood-multitask-final/data_processed/classification_crops/external_test/knot/oulu_000227_0000471.jpg,OULU-DET/I2GF-Net-Data/Oulu-Wood/JPEGImages/st1238.jpg,oulu,knot_hole,oulu:st1238,knot,knot,0.999993085861206,6.972316441533621e-06,0.999993085861206,1.821914397126534e-09,True
wood-multitask-final/data_processed/classification_crops/external_test/knot/oulu_000228_0000472.jpg,OULU-DET/I2GF-Net-Data/Oulu-Wood/JPEGImages/st1239.jpg,oulu,small_knot,oulu:st1239,knot,knot,1.0,2.8434685717115826e-08,1.0,1.8623751429913682e-08,True
wood-multitask-final/data_processed/classification_crops/external_test/normal/oulu_000229_normal.jpg,OULU-DET/I2GF-Net-Data/Oulu-Wood/JPEGImages/st1240.jpg,oulu,verified_negative,oulu:st1240,normal,knot,0.9675223231315613,0.03247454762458801,0.9675223231315613,3.0570486160286237e-06,False
wood-multitask-final/data_processed/classification_crops/external_test/knot/oulu_000230_0000473.jpg,OULU-DET/I2GF-Net-Data/Oulu-Wood/JPEGImages/st1241.jpg,oulu,knot_hole,oulu:st1241,knot,knot,0.9999996423721313,3.977392850629258e-07,0.9999996423721313,1.7298149579403344e-09,True
wood-multitask-final/data_processed/classification_crops/external_test/knot/oulu_000231_0000474.jpg,OULU-DET/I2GF-Net-Data/Oulu-Wood/JPEGImages/st1242.jpg,oulu,dry_knot,oulu:st1242,knot,knot,0.9999997615814209,1.3453032465804426e-07,0.9999997615814209,9.636277553681794e-08,True
wood-multitask-final/data_processed/classification_crops/external_test/normal/oulu_000232_normal.jpg,OULU-DET/I2GF-Net-Data/Oulu-Wood/JPEGImages/st1243.jpg,oulu,verified_negative,oulu:st1243,normal,knot,0.9860503077507019,0.01394674088805914,0.9860503077507019,2.9316681775526376e-06,False
wood-multitask-final/data_processed/classification_crops/external_test/knot/oulu_000234_0000475.jpg,OULU-DET/I2GF-Net-Data/Oulu-Wood/JPEGImages/st1245.jpg,oulu,dry_knot,oulu:st1245,knot,knot,0.9991681575775146,0.0008316084276884794,0.9991681575775146,2.1332451183297962e-07,True
wood-multitask-final/data_processed/classification_crops/external_test/knot/oulu_000236_0000476.jpg,OULU-DET/I2GF-Net-Data/Oulu-Wood/JPEGImages/st1247.jpg,oulu,horn_knot,oulu:st1247,knot,crack,0.9999997615814209,0.9999997615814209,2.955897286938125e-07,1.6977848434854975e-13,False
wood-multitask-final/data_processed/classification_crops/external_test/knot/oulu_000237_0000477.jpg,OULU-DET/I2GF-Net-Data/Oulu-Wood/JPEGImages/st1248.jpg,oulu,horn_knot,oulu:st1248,knot,knot,0.543241560459137,0.45675820112228394,0.543241560459137,2.5188472818626906e-07,True
wood-multitask-final/data_processed/classification_crops/external_test/knot/oulu_000237_0000478.jpg,OULU-DET/I2GF-Net-Data/Oulu-Wood/JPEGImages/st1248.jpg,oulu,small_knot,oulu:st1248,knot,crack,0.9998180270195007,0.9998180270195007,0.0001815467549022287,5.184078872844111e-07,False
wood-multitask-final/data_processed/classification_crops/external_test/knot/oulu_000238_0000479.jpg,OULU-DET/I2GF-Net-Data/Oulu-Wood/JPEGImages/st1249.jpg,oulu,small_knot,oulu:st1249,knot,knot,0.99986732006073,0.00012860409333370626,0.99986732006073,4.032890046801185e-06,True
wood-multitask-final/data_processed/classification_crops/external_test/knot/oulu_000238_0000480.jpg,OULU-DET/I2GF-Net-Data/Oulu-Wood/JPEGImages/st1249.jpg,oulu,small_knot,oulu:st1249,knot,knot,0.9999783039093018,1.8062655726680532e-05,0.9999783039093018,3.5918674257118255e-06,True
wood-multitask-final/data_processed/classification_crops/external_test/knot/oulu_000238_0000481.jpg,OULU-DET/I2GF-Net-Data/Oulu-Wood/JPEGImages/st1249.jpg,oulu,sound_knot,oulu:st1249,knot,knot,0.5014171004295349,0.4985369145870209,0.5014171004295349,4.604545028996654e-05,True
wood-multitask-final/data_processed/classification_crops/external_test/knot/oulu_000239_0000482.jpg,OULU-DET/I2GF-Net-Data/Oulu-Wood/JPEGImages/st1250.jpg,oulu,small_knot,oulu:st1250,knot,knot,0.9999685287475586,3.1475487048737705e-05,0.9999685287475586,1.7198859225686647e-08,True
wood-multitask-final/data_processed/classification_crops/external_test/knot/oulu_000239_0000483.jpg,OULU-DET/I2GF-Net-Data/Oulu-Wood/JPEGImages/st1250.jpg,oulu,small_knot,oulu:st1250,knot,knot,0.9759973883628845,0.0240023136138916,0.9759973883628845,2.1940479655313538e-07,True
wood-multitask-final/data_processed/classification_crops/external_test/knot/oulu_000240_0000484.jpg,OULU-DET/I2GF-Net-Data/Oulu-Wood/JPEGImages/st1251.jpg,oulu,small_knot,oulu:st1251,knot,crack,0.8467707633972168,0.8467707633972168,0.15267062187194824,0.0005585713079199195,False
wood-multitask-final/data_processed/classification_crops/external_test/knot/oulu_000240_0000485.jpg,OULU-DET/I2GF-Net-Data/Oulu-Wood/JPEGImages/st1251.jpg,oulu,small_knot,oulu:st1251,knot,knot,0.9999878406524658,1.2208070074848365e-05,0.9999878406524658,3.5264728914796706e-09,True
wood-multitask-final/data_processed/classification_crops/external_test/knot/oulu_000242_0000486.jpg,OULU-DET/I2GF-Net-Data/Oulu-Wood/JPEGImages/st1253.jpg,oulu,edge_knot,oulu:st1253,knot,knot,0.9999862909317017,1.3703239346796181e-05,0.9999862909317017,5.020566740121524e-10,True
wood-multitask-final/data_processed/classification_crops/external_test/knot/oulu_000242_0000487.jpg,OULU-DET/I2GF-Net-Data/Oulu-Wood/JPEGImages/st1253.jpg,oulu,edge_knot,oulu:st1253,knot,knot,0.8143637776374817,0.18563437461853027,0.8143637776374817,1.87063267276244e-06,True
wood-multitask-final/data_processed/classification_crops/external_test/knot/oulu_000243_0000488.jpg,OULU-DET/I2GF-Net-Data/Oulu-Wood/JPEGImages/st1254.jpg,oulu,sound_knot,oulu:st1254,knot,knot,0.9999445676803589,2.107550790242385e-05,0.9999445676803589,3.427698175073601e-05,True
wood-multitask-final/data_processed/classification_crops/external_test/knot/oulu_000246_0000489.jpg,OULU-DET/I2GF-Net-Data/Oulu-Wood/JPEGImages/st1257.jpg,oulu,small_knot,oulu:st1257,knot,crack,0.9999889135360718,0.9999889135360718,1.1076876035076566e-05,4.1957333874603764e-13,False
wood-multitask-final/data_processed/classification_crops/external_test/knot/oulu_000247_0000490.jpg,OULU-DET/I2GF-Net-Data/Oulu-Wood/JPEGImages/st1258.jpg,oulu,dry_knot,oulu:st1258,knot,crack,0.998708963394165,0.998708963394165,0.00129108433611691,1.059795029512145e-09,False
wood-multitask-final/data_processed/classification_crops/external_test/knot/oulu_000247_0000491.jpg,OULU-DET/I2GF-Net-Data/Oulu-Wood/JPEGImages/st1258.jpg,oulu,small_knot,oulu:st1258,knot,knot,0.9074011445045471,0.09259874373674393,0.9074011445045471,1.405177556534909e-07,True
wood-multitask-final/data_processed/classification_crops/external_test/knot/oulu_000247_0000492.jpg,OULU-DET/I2GF-Net-Data/Oulu-Wood/JPEGImages/st1258.jpg,oulu,small_knot,oulu:st1258,knot,knot,0.9526946544647217,0.047302667051553726,0.9526946544647217,2.6141933631151915e-06,True
wood-multitask-final/data_processed/classification_crops/external_test/normal/oulu_000248_normal.jpg,OULU-DET/I2GF-Net-Data/Oulu-Wood/JPEGImages/st1259.jpg,oulu,verified_negative,oulu:st1259,normal,crack,0.999656081199646,0.999656081199646,0.0003439555293880403,4.9652506106667715e-08,False
wood-multitask-final/data_processed/classification_crops/external_test/knot/oulu_000249_0000493.jpg,OULU-DET/I2GF-Net-Data/Oulu-Wood/JPEGImages/st1260.jpg,oulu,dry_knot,oulu:st1260,knot,knot,0.9996050000190735,0.0003942963376175612,0.9996050000190735,6.73000727147155e-07,True
wood-multitask-final/data_processed/classification_crops/external_test/knot/oulu_000250_0000494.jpg,OULU-DET/I2GF-Net-Data/Oulu-Wood/JPEGImages/st1261.jpg,oulu,sound_knot,oulu:st1261,knot,crack,0.9986483454704285,0.9986483454704285,0.001336695277132094,1.5023651940282434e-05,False
wood-multitask-final/data_processed/classification_crops/external_test/normal/oulu_000252_normal.jpg,OULU-DET/I2GF-Net-Data/Oulu-Wood/JPEGImages/st1263.jpg,oulu,verified_negative,oulu:st1263,normal,knot,0.9999986886978149,1.323156539001502e-06,0.9999986886978149,7.615393871063247e-10,False
wood-multitask-final/data_processed/classification_crops/external_test/knot/oulu_000253_0000495.jpg,OULU-DET/I2GF-Net-Data/Oulu-Wood/JPEGImages/st1264.jpg,oulu,horn_knot,oulu:st1264,knot,knot,0.999232292175293,0.0007671077619306743,0.999232292175293,6.329839834506856e-07,True
wood-multitask-final/data_processed/classification_crops/external_test/knot/oulu_000253_0000496.jpg,OULU-DET/I2GF-Net-Data/Oulu-Wood/JPEGImages/st1264.jpg,oulu,small_knot,oulu:st1264,knot,knot,0.9999996423721313,3.603487641612446e-07,0.9999996423721313,1.2246968772444689e-08,True
wood-multitask-final/data_processed/classification_crops/external_test/knot/oulu_000253_0000497.jpg,OULU-DET/I2GF-Net-Data/Oulu-Wood/JPEGImages/st1264.jpg,oulu,small_knot,oulu:st1264,knot,knot,0.9929948449134827,0.006973779760301113,0.9929948449134827,3.1342064175987616e-05,True
wood-multitask-final/data_processed/classification_crops/external_test/knot/oulu_000253_0000498.jpg,OULU-DET/I2GF-Net-Data/Oulu-Wood/JPEGImages/st1264.jpg,oulu,leaf_knot,oulu:st1264,knot,knot,0.9519248008728027,0.04269912466406822,0.9519248008728027,0.005376062355935574,True
wood-multitask-final/data_processed/classification_crops/external_test/knot/oulu_000254_0000499.jpg,OULU-DET/I2GF-Net-Data/Oulu-Wood/JPEGImages/st1265.jpg,oulu,horn_knot,oulu:st1265,knot,crack,0.9994816184043884,0.9994816184043884,0.0005182750173844397,1.4118469948698475e-07,False
wood-multitask-final/data_processed/classification_crops/external_test/knot/oulu_000254_0000500.jpg,OULU-DET/I2GF-Net-Data/Oulu-Wood/JPEGImages/st1265.jpg,oulu,leaf_knot,oulu:st1265,knot,knot,0.9996418952941895,0.00035615512751974165,0.9996418952941895,1.9076721855526557e-06,True
wood-multitask-final/data_processed/classification_crops/external_test/knot/oulu_000255_0000501.jpg,OULU-DET/I2GF-Net-Data/Oulu-Wood/JPEGImages/st1266.jpg,oulu,horn_knot,oulu:st1266,knot,crack,0.9999940395355225,0.9999940395355225,5.987953500152798e-06,2.4303790091551036e-09,False
wood-multitask-final/data_processed/classification_crops/external_test/knot/oulu_000256_0000502.jpg,OULU-DET/I2GF-Net-Data/Oulu-Wood/JPEGImages/st1267.jpg,oulu,small_knot,oulu:st1267,knot,knot,0.9999990463256836,8.964795483734633e-07,0.9999990463256836,1.0594611854486402e-09,True
wood-multitask-final/data_processed/classification_crops/external_test/crack/oulu_000256_0000503.jpg,OULU-DET/I2GF-Net-Data/Oulu-Wood/JPEGImages/st1267.jpg,oulu,split,oulu:st1267,crack,knot,0.8484097123146057,0.00043820220162160695,0.8484097123146057,0.15115205943584442,False
wood-multitask-final/data_processed/classification_crops/external_test/knot/oulu_000256_0000504.jpg,OULU-DET/I2GF-Net-Data/Oulu-Wood/JPEGImages/st1267.jpg,oulu,sound_knot,oulu:st1267,knot,knot,0.9999676942825317,3.658325567812426e-06,0.9999676942825317,2.8581380320247263e-05,True
wood-multitask-final/data_processed/classification_crops/external_test/crack/oulu_000256_0000505.jpg,OULU-DET/I2GF-Net-Data/Oulu-Wood/JPEGImages/st1267.jpg,oulu,split,oulu:st1267,crack,knot,0.999778687953949,0.00022131105652078986,0.999778687953949,3.1215081630620034e-09,False
wood-multitask-final/data_processed/classification_crops/external_test/crack/oulu_000256_0000506.jpg,OULU-DET/I2GF-Net-Data/Oulu-Wood/JPEGImages/st1267.jpg,oulu,split,oulu:st1267,crack,knot,0.9523319005966187,0.04625222086906433,0.9523319005966187,0.0014158538542687893,False
wood-multitask-final/data_processed/classification_crops/external_test/crack/oulu_000257_0000507.jpg,OULU-DET/I2GF-Net-Data/Oulu-Wood/JPEGImages/st1268.jpg,oulu,split,oulu:st1268,crack,knot,0.9999996423721313,3.908882604264363e-07,0.9999996423721313,8.071552107247193e-12,False
wood-multitask-final/data_processed/classification_crops/external_test/knot/oulu_000257_0000508.jpg,OULU-DET/I2GF-Net-Data/Oulu-Wood/JPEGImages/st1268.jpg,oulu,dry_knot,oulu:st1268,knot,knot,0.9999961853027344,2.3942741336213658e-06,0.9999961853027344,1.4591167882826994e-06,True
wood-multitask-final/data_processed/classification_crops/external_test/crack/oulu_000257_0000509.jpg,OULU-DET/I2GF-Net-Data/Oulu-Wood/JPEGImages/st1268.jpg,oulu,split,oulu:st1268,crack,knot,0.8690987229347229,0.002988334745168686,0.8690987229347229,0.12791289389133453,False
wood-multitask-final/data_processed/classification_crops/external_test/knot/oulu_000257_0000510.jpg,OULU-DET/I2GF-Net-Data/Oulu-Wood/JPEGImages/st1268.jpg,oulu,dry_knot,oulu:st1268,knot,knot,0.9999662637710571,3.1075211154529825e-05,0.9999662637710571,2.59647913480876e-06,True
wood-multitask-final/data_processed/classification_crops/external_test/crack/oulu_000258_0000511.jpg,OULU-DET/I2GF-Net-Data/Oulu-Wood/JPEGImages/st1269.jpg,oulu,split,oulu:st1269,crack,knot,0.9999901056289673,1.7588337186680292e-06,0.9999901056289673,8.079369763436262e-06,False
wood-multitask-final/data_processed/classification_crops/external_test/crack/oulu_000258_0000512.jpg,OULU-DET/I2GF-Net-Data/Oulu-Wood/JPEGImages/st1269.jpg,oulu,split,oulu:st1269,crack,knot,0.9987190961837769,0.001214057789184153,0.9987190961837769,6.687494897050783e-05,False
wood-multitask-final/data_processed/classification_crops/external_test/knot/oulu_000258_0000513.jpg,OULU-DET/I2GF-Net-Data/Oulu-Wood/JPEGImages/st1269.jpg,oulu,sound_knot,oulu:st1269,knot,crack,0.9080782532691956,0.9080782532691956,0.09144605696201324,0.0004756607813760638,False
wood-multitask-final/data_processed/classification_crops/external_test/knot/oulu_000259_0000514.jpg,OULU-DET/I2GF-Net-Data/Oulu-Wood/JPEGImages/st1270.jpg,oulu,sound_knot,oulu:st1270,knot,knot,0.997707724571228,0.0022901189513504505,0.997707724571228,2.177193209718098e-06,True
wood-multitask-final/data_processed/classification_crops/external_test/knot/oulu_000260_0000515.jpg,OULU-DET/I2GF-Net-Data/Oulu-Wood/JPEGImages/st1271.jpg,oulu,small_knot,oulu:st1271,knot,knot,0.9997764229774475,0.00018277311755809933,0.9997764229774475,4.0715003706282005e-05,True
wood-multitask-final/data_processed/classification_crops/external_test/knot/oulu_000260_0000516.jpg,OULU-DET/I2GF-Net-Data/Oulu-Wood/JPEGImages/st1271.jpg,oulu,sound_knot,oulu:st1271,knot,knot,0.9992634654045105,1.5216775182125275e-06,0.9992634654045105,0.0007349358056671917,True
wood-multitask-final/data_processed/classification_crops/external_test/knot/oulu_000261_0000517.jpg,OULU-DET/I2GF-Net-Data/Oulu-Wood/JPEGImages/st1272.jpg,oulu,sound_knot,oulu:st1272,knot,knot,0.9999666213989258,8.09982850569213e-07,0.9999666213989258,3.255220508435741e-05,True
wood-multitask-final/data_processed/classification_crops/external_test/crack/oulu_000262_0000518.jpg,OULU-DET/I2GF-Net-Data/Oulu-Wood/JPEGImages/st1273.jpg,oulu,split,oulu:st1273,crack,knot,0.995559811592102,0.004440132062882185,0.995559811592102,2.155543832316198e-08,False
wood-multitask-final/data_processed/classification_crops/external_test/knot/oulu_000262_0000519.jpg,OULU-DET/I2GF-Net-Data/Oulu-Wood/JPEGImages/st1273.jpg,oulu,edge_knot,oulu:st1273,knot,knot,0.80500727891922,0.19497978687286377,0.80500727891922,1.2932066965731792e-05,True
wood-multitask-final/data_processed/classification_crops/external_test/knot/oulu_000263_0000520.jpg,OULU-DET/I2GF-Net-Data/Oulu-Wood/JPEGImages/st1274.jpg,oulu,small_knot,oulu:st1274,knot,knot,0.9999970197677612,3.0276414690888487e-06,0.9999970197677612,4.803567765776506e-09,True
wood-multitask-final/data_processed/classification_crops/external_test/knot/oulu_000264_0000521.jpg,OULU-DET/I2GF-Net-Data/Oulu-Wood/JPEGImages/st1275.jpg,oulu,edge_knot,oulu:st1275,knot,knot,0.9844632148742676,0.015536774881184101,0.9844632148742676,6.504198069023914e-09,True
wood-multitask-final/data_processed/classification_crops/external_test/knot/oulu_000265_0000522.jpg,OULU-DET/I2GF-Net-Data/Oulu-Wood/JPEGImages/st1276.jpg,oulu,dry_knot,oulu:st1276,knot,knot,0.9999955892562866,4.39862878920394e-06,0.9999955892562866,2.354058059594877e-09,True
wood-multitask-final/data_processed/classification_crops/external_test/knot/oulu_000265_0000523.jpg,OULU-DET/I2GF-Net-Data/Oulu-Wood/JPEGImages/st1276.jpg,oulu,sound_knot,oulu:st1276,knot,knot,0.9998080134391785,0.00015285312838386744,0.9998080134391785,3.921709139831364e-05,True
wood-multitask-final/data_processed/classification_crops/external_test/crack/oulu_000266_0000524.jpg,OULU-DET/I2GF-Net-Data/Oulu-Wood/JPEGImages/st1277.jpg,oulu,split,oulu:st1277,crack,knot,0.9989773035049438,0.00044603904825635254,0.9989773035049438,0.0005767315742559731,False
wood-multitask-final/data_processed/classification_crops/external_test/knot/oulu_000266_0000525.jpg,OULU-DET/I2GF-Net-Data/Oulu-Wood/JPEGImages/st1277.jpg,oulu,small_knot,oulu:st1277,knot,knot,1.0,5.072183739684988e-08,1.0,2.2663469712025375e-10,True
wood-multitask-final/data_processed/classification_crops/external_test/knot/oulu_000267_0000526.jpg,OULU-DET/I2GF-Net-Data/Oulu-Wood/JPEGImages/st1278.jpg,oulu,small_knot,oulu:st1278,knot,knot,1.0,1.2749776789888756e-09,1.0,4.8588005147065516e-11,True
wood-multitask-final/data_processed/classification_crops/external_test/knot/oulu_000267_0000527.jpg,OULU-DET/I2GF-Net-Data/Oulu-Wood/JPEGImages/st1278.jpg,oulu,small_knot,oulu:st1278,knot,knot,0.9999983310699463,3.4676577342906967e-07,0.9999983310699463,1.261450961465016e-06,True
wood-multitask-final/data_processed/classification_crops/external_test/knot/oulu_000267_0000528.jpg,OULU-DET/I2GF-Net-Data/Oulu-Wood/JPEGImages/st1278.jpg,oulu,small_knot,oulu:st1278,knot,knot,0.9999988079071045,1.0440222695251578e-06,0.9999988079071045,1.7375961647303484e-07,True
wood-multitask-final/data_processed/classification_crops/external_test/crack/oulu_000267_0000529.jpg,OULU-DET/I2GF-Net-Data/Oulu-Wood/JPEGImages/st1278.jpg,oulu,split,oulu:st1278,crack,knot,0.9999995231628418,4.818381285076612e-07,0.9999995231628418,1.2612365596353925e-09,False
wood-multitask-final/data_processed/classification_crops/external_test/knot/oulu_000268_0000530.jpg,OULU-DET/I2GF-Net-Data/Oulu-Wood/JPEGImages/st1279.jpg,oulu,sound_knot,oulu:st1279,knot,knot,0.9999790191650391,3.5823015878122533e-06,0.9999790191650391,1.74085762409959e-05,True
wood-multitask-final/data_processed/classification_crops/external_test/knot/oulu_000268_0000531.jpg,OULU-DET/I2GF-Net-Data/Oulu-Wood/JPEGImages/st1279.jpg,oulu,sound_knot,oulu:st1279,knot,knot,0.9999998807907104,7.224755460555343e-09,0.9999998807907104,1.03497988845902e-07,True
wood-multitask-final/data_processed/classification_crops/external_test/knot/oulu_000268_0000532.jpg,OULU-DET/I2GF-Net-Data/Oulu-Wood/JPEGImages/st1279.jpg,oulu,dry_knot,oulu:st1279,knot,knot,1.0,3.098837098036711e-08,1.0,1.1666500654428091e-08,True
wood-multitask-final/data_processed/classification_crops/external_test/normal/oulu_000269_normal.jpg,OULU-DET/I2GF-Net-Data/Oulu-Wood/JPEGImages/st1280.jpg,oulu,verified_negative,oulu:st1280,normal,knot,0.9999951124191284,4.251245172781637e-06,0.9999951124191284,5.855921472175396e-07,False
wood-multitask-final/data_processed/classification_crops/external_test/knot/oulu_000270_0000533.jpg,OULU-DET/I2GF-Net-Data/Oulu-Wood/JPEGImages/st1281.jpg,oulu,encased_knot,oulu:st1281,knot,knot,0.9999995231628418,4.771396220348834e-07,0.9999995231628418,8.975701293323368e-10,True
wood-multitask-final/data_processed/classification_crops/external_test/knot/oulu_000271_0000534.jpg,OULU-DET/I2GF-Net-Data/Oulu-Wood/JPEGImages/st1282.jpg,oulu,sound_knot,oulu:st1282,knot,knot,0.9999850988388062,1.4825636753812432e-05,0.9999850988388062,7.243044564120282e-08,True
wood-multitask-final/data_processed/classification_crops/external_test/knot/oulu_000271_0000535.jpg,OULU-DET/I2GF-Net-Data/Oulu-Wood/JPEGImages/st1282.jpg,oulu,sound_knot,oulu:st1282,knot,knot,0.9921271800994873,1.048933768288407e-06,0.9921271800994873,0.007871770299971104,True
wood-multitask-final/data_processed/classification_crops/external_test/knot/oulu_000271_0000536.jpg,OULU-DET/I2GF-Net-Data/Oulu-Wood/JPEGImages/st1282.jpg,oulu,small_knot,oulu:st1282,knot,knot,0.9132910966873169,0.0867006927728653,0.9132910966873169,8.178582902473863e-06,True
wood-multitask-final/data_processed/classification_crops/external_test/knot/oulu_000272_0000537.jpg,OULU-DET/I2GF-Net-Data/Oulu-Wood/JPEGImages/st1283.jpg,oulu,sound_knot,oulu:st1283,knot,knot,0.9999897480010986,9.150513506028801e-06,0.9999897480010986,1.0283495157636935e-06,True
wood-multitask-final/data_processed/classification_crops/external_test/knot/oulu_000272_0000538.jpg,OULU-DET/I2GF-Net-Data/Oulu-Wood/JPEGImages/st1283.jpg,oulu,small_knot,oulu:st1283,knot,knot,1.0,4.5490827771388354e-10,1.0,4.595048230804366e-10,True
wood-multitask-final/data_processed/classification_crops/external_test/knot/oulu_000273_0000539.jpg,OULU-DET/I2GF-Net-Data/Oulu-Wood/JPEGImages/st1284.jpg,oulu,dry_knot,oulu:st1284,knot,crack,0.9101909399032593,0.9101909399032593,0.08980285376310349,6.228715392353479e-06,False
wood-multitask-final/data_processed/classification_crops/external_test/knot/oulu_000273_0000540.jpg,OULU-DET/I2GF-Net-Data/Oulu-Wood/JPEGImages/st1284.jpg,oulu,sound_knot,oulu:st1284,knot,crack,0.9999428987503052,0.9999428987503052,5.7100514823105186e-05,2.4915713936479733e-09,False
wood-multitask-final/data_processed/classification_crops/external_test/knot/oulu_000274_0000541.jpg,OULU-DET/I2GF-Net-Data/Oulu-Wood/JPEGImages/st1285.jpg,oulu,encased_knot,oulu:st1285,knot,knot,0.5587121248245239,0.44128596782684326,0.5587121248245239,1.8998390487467987e-06,True
wood-multitask-final/data_processed/classification_crops/external_test/knot/oulu_000274_0000542.jpg,OULU-DET/I2GF-Net-Data/Oulu-Wood/JPEGImages/st1285.jpg,oulu,sound_knot,oulu:st1285,knot,crack,0.999987006187439,0.999987006187439,1.3008964742766693e-05,1.0888943080544777e-09,False
wood-multitask-final/data_processed/classification_crops/external_test/knot/oulu_000274_0000543.jpg,OULU-DET/I2GF-Net-Data/Oulu-Wood/JPEGImages/st1285.jpg,oulu,sound_knot,oulu:st1285,knot,crack,0.999842643737793,0.999842643737793,0.0001572956534801051,1.3168233390097213e-14,False
wood-multitask-final/data_processed/classification_crops/external_test/crack/oulu_000275_0000544.jpg,OULU-DET/I2GF-Net-Data/Oulu-Wood/JPEGImages/st1286.jpg,oulu,split,oulu:st1286,crack,knot,0.5305942296981812,0.46940577030181885,0.5305942296981812,6.365237936734047e-08,False
wood-multitask-final/data_processed/classification_crops/external_test/knot/oulu_000277_0000545.jpg,OULU-DET/I2GF-Net-Data/Oulu-Wood/JPEGImages/st1288.jpg,oulu,small_knot,oulu:st1288,knot,knot,1.0,4.015428345383043e-08,1.0,3.428914485681389e-09,True
wood-multitask-final/data_processed/classification_crops/external_test/knot/oulu_000277_0000546.jpg,OULU-DET/I2GF-Net-Data/Oulu-Wood/JPEGImages/st1288.jpg,oulu,dry_knot,oulu:st1288,knot,knot,0.9853824377059937,0.014617538079619408,0.9853824377059937,1.219572709487693e-08,True
wood-multitask-final/data_processed/classification_crops/external_test/knot/oulu_000278_0000547.jpg,OULU-DET/I2GF-Net-Data/Oulu-Wood/JPEGImages/st1289.jpg,oulu,dry_knot,oulu:st1289,knot,knot,0.9999867677688599,1.3247650713310577e-05,0.9999867677688599,6.689944154203431e-09,True
wood-multitask-final/data_processed/classification_crops/external_test/knot/oulu_000279_0000548.jpg,OULU-DET/I2GF-Net-Data/Oulu-Wood/JPEGImages/st1290.jpg,oulu,dry_knot,oulu:st1290,knot,knot,0.9999310970306396,6.891457451274619e-05,0.9999310970306396,2.5170979967015228e-08,True
wood-multitask-final/data_processed/classification_crops/external_test/knot/oulu_000280_0000549.jpg,OULU-DET/I2GF-Net-Data/Oulu-Wood/JPEGImages/st1291.jpg,oulu,dry_knot,oulu:st1291,knot,knot,0.9999932050704956,6.796593879698776e-06,0.9999932050704956,7.43185513130129e-09,True
wood-multitask-final/data_processed/classification_crops/external_test/knot/oulu_000281_0000550.jpg,OULU-DET/I2GF-Net-Data/Oulu-Wood/JPEGImages/st1292.jpg,oulu,encased_knot,oulu:st1292,knot,crack,0.997169554233551,0.997169554233551,0.0028304210864007473,6.503383387368444e-10,False
wood-multitask-final/data_processed/classification_crops/external_test/knot/oulu_000281_0000551.jpg,OULU-DET/I2GF-Net-Data/Oulu-Wood/JPEGImages/st1292.jpg,oulu,encased_knot,oulu:st1292,knot,crack,0.9999510049819946,0.9999510049819946,4.894391167908907e-05,3.392735745122444e-11,False
wood-multitask-final/data_processed/classification_crops/external_test/knot/oulu_000282_0000552.jpg,OULU-DET/I2GF-Net-Data/Oulu-Wood/JPEGImages/st1293.jpg,oulu,encased_knot,oulu:st1293,knot,crack,0.9999953508377075,0.9999953508377075,4.620157596946228e-06,3.173886934521031e-13,False
wood-multitask-final/data_processed/classification_crops/external_test/knot/oulu_000283_0000553.jpg,OULU-DET/I2GF-Net-Data/Oulu-Wood/JPEGImages/st1294.jpg,oulu,encased_knot,oulu:st1294,knot,knot,0.9958141446113586,0.004185165278613567,0.9958141446113586,6.580001468137198e-07,True
wood-multitask-final/data_processed/classification_crops/external_test/crack/oulu_000283_0000554.jpg,OULU-DET/I2GF-Net-Data/Oulu-Wood/JPEGImages/st1294.jpg,oulu,split,oulu:st1294,crack,normal,0.8579106330871582,2.923272768384777e-05,0.14206010103225708,0.8579106330871582,False
wood-multitask-final/data_processed/classification_crops/external_test/knot/oulu_000285_0000555.jpg,OULU-DET/I2GF-Net-Data/Oulu-Wood/JPEGImages/st1296.jpg,oulu,small_knot,oulu:st1296,knot,knot,0.9999996423721313,2.1687557705263316e-07,0.9999996423721313,1.4458260011451785e-07,True
wood-multitask-final/data_processed/classification_crops/external_test/knot/oulu_000285_0000556.jpg,OULU-DET/I2GF-Net-Data/Oulu-Wood/JPEGImages/st1296.jpg,oulu,encased_knot,oulu:st1296,knot,crack,0.9814385771751404,0.9814385771751404,0.018525084480643272,3.628812555689365e-05,False
wood-multitask-final/data_processed/classification_crops/external_test/knot/oulu_000285_0000557.jpg,OULU-DET/I2GF-Net-Data/Oulu-Wood/JPEGImages/st1296.jpg,oulu,small_knot,oulu:st1296,knot,knot,0.9999983310699463,1.5644712902940228e-06,0.9999983310699463,1.0661754146212843e-07,True
wood-multitask-final/data_processed/classification_crops/external_test/knot/oulu_000285_0000558.jpg,OULU-DET/I2GF-Net-Data/Oulu-Wood/JPEGImages/st1296.jpg,oulu,small_knot,oulu:st1296,knot,knot,0.994584858417511,0.005400331225246191,0.994584858417511,1.4850385923637077e-05,True
wood-multitask-final/data_processed/classification_crops/external_test/knot/oulu_000285_0000559.jpg,OULU-DET/I2GF-Net-Data/Oulu-Wood/JPEGImages/st1296.jpg,oulu,small_knot,oulu:st1296,knot,knot,0.9999995231628418,4.3760499579548195e-07,0.9999995231628418,2.4844422075176453e-09,True
wood-multitask-final/data_processed/classification_crops/external_test/knot/oulu_000286_0000560.jpg,OULU-DET/I2GF-Net-Data/Oulu-Wood/JPEGImages/st1297.jpg,oulu,small_knot,oulu:st1297,knot,knot,0.6070011258125305,0.3928068280220032,0.6070011258125305,0.00019204731506761163,True
wood-multitask-final/data_processed/classification_crops/external_test/knot/oulu_000286_0000561.jpg,OULU-DET/I2GF-Net-Data/Oulu-Wood/JPEGImages/st1297.jpg,oulu,small_knot,oulu:st1297,knot,knot,0.9999953508377075,4.703789272753056e-06,0.9999953508377075,6.671626362475536e-09,True
wood-multitask-final/data_processed/classification_crops/external_test/knot/oulu_000287_0000562.jpg,OULU-DET/I2GF-Net-Data/Oulu-Wood/JPEGImages/st1298.jpg,oulu,small_knot,oulu:st1298,knot,knot,1.0,1.2432741947066006e-08,1.0,5.793471258286331e-10,True
wood-multitask-final/data_processed/classification_crops/external_test/normal/oulu_000289_normal.jpg,OULU-DET/I2GF-Net-Data/Oulu-Wood/JPEGImages/st1300.jpg,oulu,verified_negative,oulu:st1300,normal,knot,0.9999922513961792,6.899181698827306e-06,0.9999922513961792,8.00008137957775e-07,False
wood-multitask-final/data_processed/classification_crops/external_test/normal/oulu_000290_normal.jpg,OULU-DET/I2GF-Net-Data/Oulu-Wood/JPEGImages/st1301.jpg,oulu,verified_negative,oulu:st1301,normal,knot,0.9999955892562866,3.923363237845479e-06,0.9999955892562866,4.4394676024239743e-07,False
wood-multitask-final/data_processed/classification_crops/external_test/normal/oulu_000291_normal.jpg,OULU-DET/I2GF-Net-Data/Oulu-Wood/JPEGImages/st1302.jpg,oulu,verified_negative,oulu:st1302,normal,knot,0.9963108897209167,0.0036890548653900623,0.9963108897209167,3.0419116114899225e-08,False
wood-multitask-final/data_processed/classification_crops/external_test/normal/oulu_000292_normal.jpg,OULU-DET/I2GF-Net-Data/Oulu-Wood/JPEGImages/st1303.jpg,oulu,verified_negative,oulu:st1303,normal,knot,0.999782383441925,0.00021708784333895892,0.999782383441925,6.212342782419e-07,False
wood-multitask-final/data_processed/classification_crops/external_test/normal/oulu_000293_normal.jpg,OULU-DET/I2GF-Net-Data/Oulu-Wood/JPEGImages/st1304.jpg,oulu,verified_negative,oulu:st1304,normal,crack,0.8114023208618164,0.8114023208618164,0.18859750032424927,1.8299002135790943e-07,False
wood-multitask-final/data_processed/classification_crops/external_test/crack/oulu_000294_0000563.jpg,OULU-DET/I2GF-Net-Data/Oulu-Wood/JPEGImages/st1305.jpg,oulu,split,oulu:st1305,crack,crack,0.573613703250885,0.573613703250885,0.42638611793518066,1.7562764753620286e-07,True
wood-multitask-final/data_processed/classification_crops/external_test/knot/oulu_000294_0000564.jpg,OULU-DET/I2GF-Net-Data/Oulu-Wood/JPEGImages/st1305.jpg,oulu,dry_knot,oulu:st1305,knot,crack,0.9999840259552002,0.9999840259552002,1.5989018720574677e-05,6.917522110683194e-09,False
wood-multitask-final/data_processed/classification_crops/external_test/knot/oulu_000295_0000565.jpg,OULU-DET/I2GF-Net-Data/Oulu-Wood/JPEGImages/st1306.jpg,oulu,dry_knot,oulu:st1306,knot,knot,0.9947383999824524,0.005261600948870182,0.9947383999824524,1.0270721989905085e-12,True
wood-multitask-final/data_processed/classification_crops/external_test/crack/oulu_000296_0000566.jpg,OULU-DET/I2GF-Net-Data/Oulu-Wood/JPEGImages/st1307.jpg,oulu,split,oulu:st1307,crack,knot,0.9998399019241333,0.00016003074415493757,0.9998399019241333,5.6270248904866094e-08,False
wood-multitask-final/data_processed/classification_crops/external_test/crack/oulu_000297_0000567.jpg,OULU-DET/I2GF-Net-Data/Oulu-Wood/JPEGImages/st1308.jpg,oulu,split,oulu:st1308,crack,knot,0.9998563528060913,0.00014349279808811843,0.9998563528060913,1.6439335581708292e-07,False
wood-multitask-final/data_processed/classification_crops/external_test/crack/oulu_000300_0000568.jpg,OULU-DET/I2GF-Net-Data/Oulu-Wood/JPEGImages/st1311.jpg,oulu,split,oulu:st1311,crack,knot,0.9929539561271667,0.007045644801110029,0.9929539561271667,3.8987224115771824e-07,False
wood-multitask-final/data_processed/classification_crops/external_test/knot/oulu_000300_0000569.jpg,OULU-DET/I2GF-Net-Data/Oulu-Wood/JPEGImages/st1311.jpg,oulu,dry_knot,oulu:st1311,knot,crack,0.9999990463256836,0.9999990463256836,9.272835086449049e-07,2.070673260000334e-15,False
wood-multitask-final/data_processed/classification_crops/external_test/knot/oulu_000301_0000570.jpg,OULU-DET/I2GF-Net-Data/Oulu-Wood/JPEGImages/st1312.jpg,oulu,sound_knot,oulu:st1312,knot,crack,0.9829150438308716,0.9829150438308716,0.017084941267967224,3.0324722767594015e-13,False
wood-multitask-final/data_processed/classification_crops/external_test/knot/oulu_000301_0000571.jpg,OULU-DET/I2GF-Net-Data/Oulu-Wood/JPEGImages/st1312.jpg,oulu,dry_knot,oulu:st1312,knot,crack,0.9999995231628418,0.9999995231628418,4.948278728988953e-07,1.5875320196335856e-15,False
wood-multitask-final/data_processed/classification_crops/external_test/knot/oulu_000311_0000572.jpg,OULU-DET/I2GF-Net-Data/Oulu-Wood/JPEGImages/st1322.jpg,oulu,dry_knot,oulu:st1322,knot,crack,0.9999935626983643,0.9999935626983643,6.431587280530948e-06,2.486460744331037e-13,False
wood-multitask-final/data_processed/classification_crops/external_test/knot/oulu_000312_0000573.jpg,OULU-DET/I2GF-Net-Data/Oulu-Wood/JPEGImages/st1323.jpg,oulu,small_knot,oulu:st1323,knot,crack,0.999998927116394,0.999998927116394,1.054712356562959e-06,1.3263698407824098e-13,False
wood-multitask-final/data_processed/classification_crops/external_test/knot/oulu_000313_0000574.jpg,OULU-DET/I2GF-Net-Data/Oulu-Wood/JPEGImages/st1324.jpg,oulu,dry_knot,oulu:st1324,knot,knot,0.9999439716339111,5.607817729469389e-05,0.9999439716339111,6.319558654155344e-09,True
wood-multitask-final/data_processed/classification_crops/external_test/knot/oulu_000313_0000575.jpg,OULU-DET/I2GF-Net-Data/Oulu-Wood/JPEGImages/st1324.jpg,oulu,small_knot,oulu:st1324,knot,knot,0.9999606609344482,3.938188820029609e-05,0.9999606609344482,2.0215480844854028e-08,True
wood-multitask-final/data_processed/classification_crops/external_test/knot/oulu_000314_0000576.jpg,OULU-DET/I2GF-Net-Data/Oulu-Wood/JPEGImages/st1325.jpg,oulu,dry_knot,oulu:st1325,knot,knot,0.9999983310699463,1.7257833633266273e-06,0.9999983310699463,3.0501010606087675e-09,True
wood-multitask-final/data_processed/classification_crops/external_test/knot/oulu_000315_0000577.jpg,OULU-DET/I2GF-Net-Data/Oulu-Wood/JPEGImages/st1326.jpg,oulu,decayed_knot,oulu:st1326,knot,knot,0.9999955892562866,4.401557816891e-06,0.9999955892562866,2.331808079958364e-09,True
wood-multitask-final/data_processed/classification_crops/external_test/knot/oulu_000316_0000578.jpg,OULU-DET/I2GF-Net-Data/Oulu-Wood/JPEGImages/st1327.jpg,oulu,dry_knot,oulu:st1327,knot,knot,0.9993047714233398,0.0006948881200514734,0.9993047714233398,4.1399229644412117e-07,True
wood-multitask-final/data_processed/classification_crops/external_test/normal/oulu_000317_normal.jpg,OULU-DET/I2GF-Net-Data/Oulu-Wood/JPEGImages/st1328.jpg,oulu,verified_negative,oulu:st1328,normal,crack,0.7233560085296631,0.7233560085296631,0.2766430377960205,9.497621249465737e-07,False
wood-multitask-final/data_processed/classification_crops/external_test/knot/oulu_000322_0000579.jpg,OULU-DET/I2GF-Net-Data/Oulu-Wood/JPEGImages/st1333.jpg,oulu,edge_knot,oulu:st1333,knot,knot,0.9999799728393555,1.9985067410743795e-05,0.9999799728393555,5.2694724139712434e-09,True
wood-multitask-final/data_processed/classification_crops/external_test/knot/oulu_000322_0000580.jpg,OULU-DET/I2GF-Net-Data/Oulu-Wood/JPEGImages/st1333.jpg,oulu,encased_knot,oulu:st1333,knot,knot,0.9998366832733154,0.00016326841432601213,0.9998366832733154,6.792332030158832e-09,True
wood-multitask-final/data_processed/classification_crops/external_test/knot/oulu_000323_0000581.jpg,OULU-DET/I2GF-Net-Data/Oulu-Wood/JPEGImages/st1334.jpg,oulu,sound_knot,oulu:st1334,knot,knot,0.9999983310699463,3.2330075327990926e-07,0.9999983310699463,1.299242967434111e-06,True
wood-multitask-final/data_processed/classification_crops/external_test/knot/oulu_000324_0000582.jpg,OULU-DET/I2GF-Net-Data/Oulu-Wood/JPEGImages/st1335.jpg,oulu,sound_knot,oulu:st1335,knot,knot,0.9999620914459229,3.251206726417877e-05,0.9999620914459229,5.378668447519885e-06,True
wood-multitask-final/data_processed/classification_crops/external_test/normal/oulu_000325_normal.jpg,OULU-DET/I2GF-Net-Data/Oulu-Wood/JPEGImages/st1336.jpg,oulu,verified_negative,oulu:st1336,normal,knot,0.7910160422325134,0.20898322761058807,0.7910160422325134,7.330569928853947e-07,False
wood-multitask-final/data_processed/classification_crops/external_test/knot/oulu_000326_0000583.jpg,OULU-DET/I2GF-Net-Data/Oulu-Wood/JPEGImages/st1337.jpg,oulu,dry_knot,oulu:st1337,knot,knot,0.9993701577186584,4.680780421040254e-06,0.9993701577186584,0.0006252138991840184,True
wood-multitask-final/data_processed/classification_crops/external_test/knot/oulu_000326_0000584.jpg,OULU-DET/I2GF-Net-Data/Oulu-Wood/JPEGImages/st1337.jpg,oulu,dry_knot,oulu:st1337,knot,knot,0.9983737468719482,0.0016253089997917414,0.9983737468719482,9.89691102404322e-07,True
wood-multitask-final/data_processed/classification_crops/external_test/knot/oulu_000327_0000585.jpg,OULU-DET/I2GF-Net-Data/Oulu-Wood/JPEGImages/st1338.jpg,oulu,edge_knot,oulu:st1338,knot,crack,0.7312454581260681,0.7312454581260681,0.26875337958335876,1.221316438204667e-06,False
wood-multitask-final/data_processed/classification_crops/external_test/knot/oulu_000328_0000586.jpg,OULU-DET/I2GF-Net-Data/Oulu-Wood/JPEGImages/st1339.jpg,oulu,small_knot,oulu:st1339,knot,crack,0.9999247789382935,0.9999247789382935,7.518573693232611e-05,2.231470475066999e-08,False
wood-multitask-final/data_processed/classification_crops/external_test/knot/oulu_000329_0000587.jpg,OULU-DET/I2GF-Net-Data/Oulu-Wood/JPEGImages/st1340.jpg,oulu,small_knot,oulu:st1340,knot,knot,0.9279076457023621,0.07209230959415436,0.9279076457023621,4.751306903472141e-09,True
wood-multitask-final/data_processed/classification_crops/external_test/normal/oulu_000330_normal.jpg,OULU-DET/I2GF-Net-Data/Oulu-Wood/JPEGImages/st1341.jpg,oulu,verified_negative,oulu:st1341,normal,knot,0.9999312162399292,5.7181150623364374e-05,0.9999312162399292,1.1603779057622887e-05,False
wood-multitask-final/data_processed/classification_crops/external_test/normal/oulu_000331_normal.jpg,OULU-DET/I2GF-Net-Data/Oulu-Wood/JPEGImages/st1342.jpg,oulu,verified_negative,oulu:st1342,normal,knot,0.9997389912605286,0.00024007867614272982,0.9997389912605286,2.10099733521929e-05,False
wood-multitask-final/data_processed/classification_crops/external_test/normal/oulu_000332_normal.jpg,OULU-DET/I2GF-Net-Data/Oulu-Wood/JPEGImages/st1343.jpg,oulu,verified_negative,oulu:st1343,normal,knot,0.9997549653053284,0.00018080412701237947,0.9997549653053284,6.424894672818482e-05,False
wood-multitask-final/data_processed/classification_crops/external_test/knot/oulu_000333_0000588.jpg,OULU-DET/I2GF-Net-Data/Oulu-Wood/JPEGImages/st1344.jpg,oulu,knot_hole,oulu:st1344,knot,crack,0.999795138835907,0.999795138835907,0.00020487597794272006,6.965290122451506e-09,False
wood-multitask-final/data_processed/classification_crops/external_test/knot/oulu_000333_0000589.jpg,OULU-DET/I2GF-Net-Data/Oulu-Wood/JPEGImages/st1344.jpg,oulu,knot_hole,oulu:st1344,knot,crack,0.9999048709869385,0.9999048709869385,9.513236727798358e-05,1.3425642542141958e-10,False
wood-multitask-final/data_processed/classification_crops/external_test/crack/oulu_000333_0000590.jpg,OULU-DET/I2GF-Net-Data/Oulu-Wood/JPEGImages/st1344.jpg,oulu,split,oulu:st1344,crack,knot,0.9999969005584717,3.1537990707874997e-06,0.9999969005584717,5.815071688064499e-11,False
wood-multitask-final/data_processed/classification_crops/external_test/knot/oulu_000334_0000591.jpg,OULU-DET/I2GF-Net-Data/Oulu-Wood/JPEGImages/st1345.jpg,oulu,small_knot,oulu:st1345,knot,crack,0.9992170333862305,0.9992170333862305,0.0007830021786503494,3.65729846407703e-08,False
wood-multitask-final/data_processed/classification_crops/external_test/crack/oulu_000334_0000592.jpg,OULU-DET/I2GF-Net-Data/Oulu-Wood/JPEGImages/st1345.jpg,oulu,split,oulu:st1345,crack,crack,0.8052104711532593,0.8052104711532593,0.19478783011436462,1.6047274584707338e-06,True
wood-multitask-final/data_processed/classification_crops/external_test/crack/oulu_000334_0000593.jpg,OULU-DET/I2GF-Net-Data/Oulu-Wood/JPEGImages/st1345.jpg,oulu,split,oulu:st1345,crack,knot,0.9795597791671753,0.020440232008695602,0.9795597791671753,5.363493471577385e-08,False
wood-multitask-final/data_processed/classification_crops/external_test/knot/oulu_000334_0000594.jpg,OULU-DET/I2GF-Net-Data/Oulu-Wood/JPEGImages/st1345.jpg,oulu,sound_knot,oulu:st1345,knot,crack,0.9995691180229187,0.9995691180229187,0.00043092170380987227,6.653092743391653e-09,False
wood-multitask-final/data_processed/classification_crops/external_test/knot/oulu_000335_0000595.jpg,OULU-DET/I2GF-Net-Data/Oulu-Wood/JPEGImages/st1346.jpg,oulu,dry_knot,oulu:st1346,knot,crack,0.9999955892562866,0.9999955892562866,4.427039584697923e-06,2.058037984822847e-12,False
wood-multitask-final/data_processed/classification_crops/external_test/crack/oulu_000335_0000596.jpg,OULU-DET/I2GF-Net-Data/Oulu-Wood/JPEGImages/st1346.jpg,oulu,split,oulu:st1346,crack,knot,0.9854271411895752,0.014572810381650925,0.9854271411895752,1.0421815233030429e-07,False
wood-multitask-final/data_processed/classification_crops/external_test/crack/oulu_000335_0000597.jpg,OULU-DET/I2GF-Net-Data/Oulu-Wood/JPEGImages/st1346.jpg,oulu,split,oulu:st1346,crack,knot,0.9964320659637451,0.0035677917767316103,0.9964320659637451,9.295851555179979e-08,False
wood-multitask-final/data_processed/classification_crops/external_test/knot/oulu_000335_0000598.jpg,OULU-DET/I2GF-Net-Data/Oulu-Wood/JPEGImages/st1346.jpg,oulu,dry_knot,oulu:st1346,knot,crack,0.9997463822364807,0.9997463822364807,0.00025360158178955317,9.568326575504216e-09,False
wood-multitask-final/data_processed/classification_crops/external_test/knot/oulu_000336_0000599.jpg,OULU-DET/I2GF-Net-Data/Oulu-Wood/JPEGImages/st1347.jpg,oulu,small_knot,oulu:st1347,knot,knot,1.0,4.579976575769251e-08,1.0,2.348311589628338e-08,True
wood-multitask-final/data_processed/classification_crops/external_test/crack/oulu_000336_0000600.jpg,OULU-DET/I2GF-Net-Data/Oulu-Wood/JPEGImages/st1347.jpg,oulu,split,oulu:st1347,crack,knot,0.9901703000068665,0.009829369373619556,0.9901703000068665,3.294351529348205e-07,False
wood-multitask-final/data_processed/classification_crops/external_test/knot/oulu_000336_0000601.jpg,OULU-DET/I2GF-Net-Data/Oulu-Wood/JPEGImages/st1347.jpg,oulu,dry_knot,oulu:st1347,knot,knot,0.9926565289497375,0.007343500852584839,0.9926565289497375,1.4919850244154986e-08,True
wood-multitask-final/data_processed/classification_crops/external_test/crack/oulu_000336_0000602.jpg,OULU-DET/I2GF-Net-Data/Oulu-Wood/JPEGImages/st1347.jpg,oulu,split,oulu:st1347,crack,knot,0.999997615814209,1.9493797935865587e-06,0.999997615814209,4.6099017936285236e-07,False
wood-multitask-final/data_processed/classification_crops/external_test/knot/oulu_000336_0000603.jpg,OULU-DET/I2GF-Net-Data/Oulu-Wood/JPEGImages/st1347.jpg,oulu,dry_knot,oulu:st1347,knot,knot,0.9999668598175049,3.310850297566503e-05,0.9999668598175049,2.913799479475898e-10,True
wood-multitask-final/data_processed/classification_crops/external_test/knot/oulu_000337_0000604.jpg,OULU-DET/I2GF-Net-Data/Oulu-Wood/JPEGImages/st1348.jpg,oulu,small_knot,oulu:st1348,knot,knot,1.0,2.8988486278080927e-08,1.0,1.5203154291043575e-09,True
wood-multitask-final/data_processed/classification_crops/external_test/crack/oulu_000337_0000605.jpg,OULU-DET/I2GF-Net-Data/Oulu-Wood/JPEGImages/st1348.jpg,oulu,split,oulu:st1348,crack,knot,0.9893023371696472,0.01067577674984932,0.9893023371696472,2.1961242964607663e-05,False
wood-multitask-final/data_processed/classification_crops/external_test/crack/oulu_000337_0000606.jpg,OULU-DET/I2GF-Net-Data/Oulu-Wood/JPEGImages/st1348.jpg,oulu,split,oulu:st1348,crack,knot,0.9999985694885254,1.4078398180572549e-06,0.9999985694885254,9.858108253324449e-15,False
wood-multitask-final/data_processed/classification_crops/external_test/knot/oulu_000337_0000607.jpg,OULU-DET/I2GF-Net-Data/Oulu-Wood/JPEGImages/st1348.jpg,oulu,dry_knot,oulu:st1348,knot,knot,0.9994480013847351,0.000551987555809319,0.9994480013847351,8.064926504403047e-09,True
wood-multitask-final/data_processed/classification_crops/external_test/crack/oulu_000338_0000608.jpg,OULU-DET/I2GF-Net-Data/Oulu-Wood/JPEGImages/st1349.jpg,oulu,split,oulu:st1349,crack,knot,0.9993929862976074,0.0006070397212170064,0.9993929862976074,2.842534030378374e-08,False
wood-multitask-final/data_processed/classification_crops/external_test/knot/oulu_000338_0000609.jpg,OULU-DET/I2GF-Net-Data/Oulu-Wood/JPEGImages/st1349.jpg,oulu,knot_hole,oulu:st1349,knot,knot,0.9999996423721313,3.542025979186292e-07,0.9999996423721313,6.416276399079379e-09,True
wood-multitask-final/data_processed/classification_crops/external_test/knot/oulu_000338_0000610.jpg,OULU-DET/I2GF-Net-Data/Oulu-Wood/JPEGImages/st1349.jpg,oulu,knot_hole,oulu:st1349,knot,knot,0.9999943971633911,5.5764026001270395e-06,0.9999943971633911,4.356011995554354e-09,True
wood-multitask-final/data_processed/classification_crops/external_test/knot/oulu_000339_0000611.jpg,OULU-DET/I2GF-Net-Data/Oulu-Wood/JPEGImages/st1350.jpg,oulu,dry_knot,oulu:st1350,knot,knot,0.9999971389770508,2.699286369534093e-06,0.9999971389770508,1.2731891274597729e-07,True
wood-multitask-final/data_processed/classification_crops/external_test/knot/oulu_000339_0000612.jpg,OULU-DET/I2GF-Net-Data/Oulu-Wood/JPEGImages/st1350.jpg,oulu,dry_knot,oulu:st1350,knot,knot,0.9999990463256836,9.546051842335146e-07,0.9999990463256836,3.0922805649424845e-08,True
wood-multitask-final/data_processed/classification_crops/external_test/knot/oulu_000339_0000613.jpg,OULU-DET/I2GF-Net-Data/Oulu-Wood/JPEGImages/st1350.jpg,oulu,dry_knot,oulu:st1350,knot,knot,0.9999997615814209,2.257417293094477e-07,0.9999997615814209,1.746530808865998e-09,True
wood-multitask-final/data_processed/classification_crops/external_test/knot/oulu_000339_0000614.jpg,OULU-DET/I2GF-Net-Data/Oulu-Wood/JPEGImages/st1350.jpg,oulu,small_knot,oulu:st1350,knot,knot,0.9999645948410034,3.54426410922315e-05,0.9999645948410034,5.521643142714083e-09,True
wood-multitask-final/data_processed/classification_crops/external_test/knot/oulu_000340_0000615.jpg,OULU-DET/I2GF-Net-Data/Oulu-Wood/JPEGImages/st1351.jpg,oulu,dry_knot,oulu:st1351,knot,knot,0.999983549118042,1.6223757484112866e-05,0.999983549118042,2.186201442100355e-07,True
wood-multitask-final/data_processed/classification_crops/external_test/knot/oulu_000340_0000616.jpg,OULU-DET/I2GF-Net-Data/Oulu-Wood/JPEGImages/st1351.jpg,oulu,dry_knot,oulu:st1351,knot,knot,0.9999902248382568,9.74666909314692e-06,0.9999902248382568,1.7313864786316913e-09,True
wood-multitask-final/data_processed/classification_crops/external_test/knot/oulu_000340_0000617.jpg,OULU-DET/I2GF-Net-Data/Oulu-Wood/JPEGImages/st1351.jpg,oulu,dry_knot,oulu:st1351,knot,knot,0.9999345541000366,6.533446867251769e-05,0.9999345541000366,8.160638031995404e-08,True
wood-multitask-final/data_processed/classification_crops/external_test/knot/oulu_000341_0000618.jpg,OULU-DET/I2GF-Net-Data/Oulu-Wood/JPEGImages/st1352.jpg,oulu,dry_knot,oulu:st1352,knot,knot,0.999997615814209,2.0112540823902236e-06,0.999997615814209,3.9492036307819944e-07,True
wood-multitask-final/data_processed/classification_crops/external_test/knot/oulu_000342_0000619.jpg,OULU-DET/I2GF-Net-Data/Oulu-Wood/JPEGImages/st1353.jpg,oulu,decayed_knot,oulu:st1353,knot,knot,0.9999611377716064,3.886245031026192e-05,0.9999611377716064,3.2465092836275744e-09,True
wood-multitask-final/data_processed/classification_crops/external_test/knot/oulu_000343_0000620.jpg,OULU-DET/I2GF-Net-Data/Oulu-Wood/JPEGImages/st1354.jpg,oulu,dry_knot,oulu:st1354,knot,knot,0.9999995231628418,4.591163360601058e-07,0.9999995231628418,4.755564386726974e-09,True
wood-multitask-final/data_processed/classification_crops/external_test/knot/oulu_000343_0000621.jpg,OULU-DET/I2GF-Net-Data/Oulu-Wood/JPEGImages/st1354.jpg,oulu,dry_knot,oulu:st1354,knot,knot,0.9993317723274231,0.0006678531062789261,0.9993317723274231,4.0578922266831796e-07,True
wood-multitask-final/data_processed/classification_crops/external_test/knot/oulu_000343_0000622.jpg,OULU-DET/I2GF-Net-Data/Oulu-Wood/JPEGImages/st1354.jpg,oulu,dry_knot,oulu:st1354,knot,knot,0.999821126461029,0.0001788950467016548,0.999821126461029,2.130729015448196e-08,True
wood-multitask-final/data_processed/classification_crops/external_test/knot/oulu_000343_0000623.jpg,OULU-DET/I2GF-Net-Data/Oulu-Wood/JPEGImages/st1354.jpg,oulu,decayed_knot,oulu:st1354,knot,knot,0.9999994039535522,6.181928142723336e-07,0.9999994039535522,1.036365571138731e-08,True
wood-multitask-final/data_processed/classification_crops/external_test/knot/oulu_000344_0000624.jpg,OULU-DET/I2GF-Net-Data/Oulu-Wood/JPEGImages/st1355.jpg,oulu,dry_knot,oulu:st1355,knot,knot,0.9999982118606567,1.7524470194985042e-06,0.9999982118606567,2.5252402835462817e-08,True
wood-multitask-final/data_processed/classification_crops/external_test/knot/oulu_000344_0000625.jpg,OULU-DET/I2GF-Net-Data/Oulu-Wood/JPEGImages/st1355.jpg,oulu,small_knot,oulu:st1355,knot,knot,0.9999973773956299,2.6312845875509083e-06,0.9999973773956299,3.037160800634098e-11,True
wood-multitask-final/data_processed/classification_crops/external_test/knot/oulu_000344_0000626.jpg,OULU-DET/I2GF-Net-Data/Oulu-Wood/JPEGImages/st1355.jpg,oulu,dry_knot,oulu:st1355,knot,knot,0.9999983310699463,1.693877834441082e-06,0.9999983310699463,4.696940081316825e-08,True
wood-multitask-final/data_processed/classification_crops/external_test/knot/oulu_000344_0000627.jpg,OULU-DET/I2GF-Net-Data/Oulu-Wood/JPEGImages/st1355.jpg,oulu,dry_knot,oulu:st1355,knot,knot,0.9999874830245972,1.255547431355808e-05,0.9999874830245972,3.547711102669382e-08,True
wood-multitask-final/data_processed/classification_crops/external_test/crack/oulu_000345_0000628.jpg,OULU-DET/I2GF-Net-Data/Oulu-Wood/JPEGImages/st1356.jpg,oulu,split,oulu:st1356,crack,knot,0.9999947547912598,5.191628133616177e-06,0.9999947547912598,3.7212937176178684e-09,False
wood-multitask-final/data_processed/classification_crops/external_test/crack/oulu_000346_0000629.jpg,OULU-DET/I2GF-Net-Data/Oulu-Wood/JPEGImages/st1357.jpg,oulu,split,oulu:st1357,crack,knot,0.9999799728393555,1.7656519048614427e-05,0.9999799728393555,2.4089988528430695e-06,False
wood-multitask-final/data_processed/classification_crops/external_test/crack/oulu_000347_0000630.jpg,OULU-DET/I2GF-Net-Data/Oulu-Wood/JPEGImages/st1358.jpg,oulu,split,oulu:st1358,crack,crack,0.9999953508377075,0.9999953508377075,4.637342954083579e-06,3.7275450060587564e-14,True
wood-multitask-final/data_processed/classification_crops/external_test/crack/oulu_000348_0000631.jpg,OULU-DET/I2GF-Net-Data/Oulu-Wood/JPEGImages/st1359.jpg,oulu,split,oulu:st1359,crack,crack,0.9961133003234863,0.9961133003234863,0.0038867208641022444,2.546077237930433e-11,True
wood-multitask-final/data_processed/classification_crops/external_test/knot/oulu_000349_0000632.jpg,OULU-DET/I2GF-Net-Data/Oulu-Wood/JPEGImages/st1360.jpg,oulu,dry_knot,oulu:st1360,knot,crack,0.9999836683273315,0.9999836683273315,1.6346279153367504e-05,7.409265258620512e-13,False
wood-multitask-final/data_processed/classification_crops/external_test/knot/oulu_000350_0000633.jpg,OULU-DET/I2GF-Net-Data/Oulu-Wood/JPEGImages/st1361.jpg,oulu,small_knot,oulu:st1361,knot,crack,0.9999945163726807,0.9999945163726807,5.52647361473646e-06,5.2837163084466093e-14,False
wood-multitask-final/data_processed/classification_crops/external_test/knot/oulu_000351_0000634.jpg,OULU-DET/I2GF-Net-Data/Oulu-Wood/JPEGImages/st1362.jpg,oulu,decayed_knot,oulu:st1362,knot,crack,0.9999752044677734,0.9999752044677734,2.474540815455839e-05,2.4874823338280616e-13,False
wood-multitask-final/data_processed/classification_crops/external_test/knot/oulu_000352_0000635.jpg,OULU-DET/I2GF-Net-Data/Oulu-Wood/JPEGImages/st1363.jpg,oulu,dry_knot,oulu:st1363,knot,knot,0.9999964237213135,2.3366508230537875e-06,0.9999964237213135,1.1843525271615363e-06,True
wood-multitask-final/data_processed/classification_crops/external_test/knot/oulu_000353_0000636.jpg,OULU-DET/I2GF-Net-Data/Oulu-Wood/JPEGImages/st1364.jpg,oulu,small_knot,oulu:st1364,knot,knot,0.9999991655349731,6.145692736936326e-07,0.9999991655349731,2.351982004711317e-07,True
wood-multitask-final/data_processed/classification_crops/external_test/knot/oulu_000354_0000637.jpg,OULU-DET/I2GF-Net-Data/Oulu-Wood/JPEGImages/st1365.jpg,oulu,small_knot,oulu:st1365,knot,knot,0.9999955892562866,4.402645117806969e-06,0.9999955892562866,9.782586296580575e-09,True
wood-multitask-final/data_processed/classification_crops/external_test/knot/oulu_000354_0000638.jpg,OULU-DET/I2GF-Net-Data/Oulu-Wood/JPEGImages/st1365.jpg,oulu,dry_knot,oulu:st1365,knot,knot,0.9999241828918457,7.578267104690894e-05,0.9999241828918457,7.0904682125672025e-09,True
wood-multitask-final/data_processed/classification_crops/external_test/knot/oulu_000355_0000639.jpg,OULU-DET/I2GF-Net-Data/Oulu-Wood/JPEGImages/st1366.jpg,oulu,small_knot,oulu:st1366,knot,knot,0.9999990463256836,9.211613019033393e-07,0.9999990463256836,3.851840180146837e-09,True
wood-multitask-final/data_processed/classification_crops/external_test/knot/oulu_000356_0000640.jpg,OULU-DET/I2GF-Net-Data/Oulu-Wood/JPEGImages/st1367.jpg,oulu,knot_hole,oulu:st1367,knot,crack,0.9484388828277588,0.9484388828277588,0.05155832692980766,2.8417136945790844e-06,False
wood-multitask-final/data_processed/classification_crops/external_test/crack/oulu_000362_0000641.jpg,OULU-DET/I2GF-Net-Data/Oulu-Wood/JPEGImages/st1373.jpg,oulu,split,oulu:st1373,crack,knot,0.9988675117492676,0.001081773778423667,0.9988675117492676,5.073704960523173e-05,False
wood-multitask-final/data_processed/classification_crops/external_test/knot/oulu_000362_0000642.jpg,OULU-DET/I2GF-Net-Data/Oulu-Wood/JPEGImages/st1373.jpg,oulu,dry_knot,oulu:st1373,knot,knot,0.9999209642410278,7.900013588368893e-05,0.9999209642410278,8.597328182702313e-09,True
wood-multitask-final/data_processed/classification_crops/external_test/knot/oulu_000362_0000643.jpg,OULU-DET/I2GF-Net-Data/Oulu-Wood/JPEGImages/st1373.jpg,oulu,dry_knot,oulu:st1373,knot,knot,0.9999797344207764,2.0305958969402127e-05,0.9999797344207764,4.440601841793068e-08,True
wood-multitask-final/data_processed/classification_crops/external_test/knot/oulu_000363_0000644.jpg,OULU-DET/I2GF-Net-Data/Oulu-Wood/JPEGImages/st1374.jpg,oulu,sound_knot,oulu:st1374,knot,knot,0.9999923706054688,7.577414635306923e-06,0.9999923706054688,5.083978127373712e-09,True
wood-multitask-final/data_processed/classification_crops/external_test/knot/oulu_000363_0000645.jpg,OULU-DET/I2GF-Net-Data/Oulu-Wood/JPEGImages/st1374.jpg,oulu,small_knot,oulu:st1374,knot,knot,0.9999995231628418,4.4685091893370554e-07,0.9999995231628418,1.4180245866413088e-09,True
wood-multitask-final/data_processed/classification_crops/external_test/knot/oulu_000366_0000646.jpg,OULU-DET/I2GF-Net-Data/Oulu-Wood/JPEGImages/st1377.jpg,oulu,small_knot,oulu:st1377,knot,knot,1.0,1.949862138417302e-08,1.0,1.2219293354931438e-09,True
wood-multitask-final/data_processed/classification_crops/external_test/knot/oulu_000367_0000647.jpg,OULU-DET/I2GF-Net-Data/Oulu-Wood/JPEGImages/st1378.jpg,oulu,sound_knot,oulu:st1378,knot,knot,0.9999923706054688,1.2597399745573057e-06,0.9999923706054688,6.368287358782254e-06,True
wood-multitask-final/data_processed/classification_crops/external_test/knot/oulu_000367_0000648.jpg,OULU-DET/I2GF-Net-Data/Oulu-Wood/JPEGImages/st1378.jpg,oulu,small_knot,oulu:st1378,knot,knot,0.9999998807907104,1.1745510164473671e-07,0.9999998807907104,3.8807378643923585e-08,True
wood-multitask-final/data_processed/classification_crops/external_test/knot/oulu_000368_0000649.jpg,OULU-DET/I2GF-Net-Data/Oulu-Wood/JPEGImages/st1379.jpg,oulu,sound_knot,oulu:st1379,knot,knot,0.9997814297676086,9.886061889119446e-06,0.9997814297676086,0.0002086727909045294,True
wood-multitask-final/data_processed/classification_crops/external_test/knot/oulu_000369_0000650.jpg,OULU-DET/I2GF-Net-Data/Oulu-Wood/JPEGImages/st1380.jpg,oulu,dry_knot,oulu:st1380,knot,knot,0.9999896287918091,9.118611160374712e-06,0.9999896287918091,1.3400020861809026e-06,True
wood-multitask-final/data_processed/classification_crops/external_test/knot/oulu_000369_0000651.jpg,OULU-DET/I2GF-Net-Data/Oulu-Wood/JPEGImages/st1380.jpg,oulu,dry_knot,oulu:st1380,knot,knot,0.9999964237213135,3.552167981979437e-06,0.9999964237213135,6.5492598011474e-09,True
wood-multitask-final/data_processed/classification_crops/external_test/knot/oulu_000376_0000652.jpg,OULU-DET/I2GF-Net-Data/Oulu-Wood/JPEGImages/st1387.jpg,oulu,horn_knot,oulu:st1387,knot,crack,0.9999969005584717,0.9999969005584717,3.0432588573603425e-06,1.2774187090058842e-11,False
wood-multitask-final/data_processed/classification_crops/external_test/knot/oulu_000376_0000653.jpg,OULU-DET/I2GF-Net-Data/Oulu-Wood/JPEGImages/st1387.jpg,oulu,leaf_knot,oulu:st1387,knot,knot,0.9997566342353821,0.00023851575679145753,0.9997566342353821,4.892816832580138e-06,True
wood-multitask-final/data_processed/classification_crops/external_test/knot/oulu_000377_0000654.jpg,OULU-DET/I2GF-Net-Data/Oulu-Wood/JPEGImages/st1388.jpg,oulu,leaf_knot,oulu:st1388,knot,crack,0.6918473839759827,0.6918473839759827,0.30815261602401733,2.551013844609429e-10,False
wood-multitask-final/data_processed/classification_crops/external_test/knot/oulu_000378_0000655.jpg,OULU-DET/I2GF-Net-Data/Oulu-Wood/JPEGImages/st1389.jpg,oulu,small_knot,oulu:st1389,knot,knot,0.9999990463256836,9.455013127990242e-07,0.9999990463256836,3.7818838338754546e-11,True
wood-multitask-final/data_processed/classification_crops/external_test/knot/oulu_000378_0000656.jpg,OULU-DET/I2GF-Net-Data/Oulu-Wood/JPEGImages/st1389.jpg,oulu,small_knot,oulu:st1389,knot,knot,0.9999830722808838,7.418323093588697e-06,0.9999830722808838,9.511028110864572e-06,True
wood-multitask-final/data_processed/classification_crops/external_test/knot/oulu_000378_0000657.jpg,OULU-DET/I2GF-Net-Data/Oulu-Wood/JPEGImages/st1389.jpg,oulu,leaf_knot,oulu:st1389,knot,crack,0.9999344348907471,0.9999344348907471,6.557310553034768e-05,1.0103316100407156e-10,False
wood-multitask-final/data_processed/classification_crops/external_test/crack/oulu_000379_0000658.jpg,OULU-DET/I2GF-Net-Data/Oulu-Wood/JPEGImages/st1390.jpg,oulu,split,oulu:st1390,crack,knot,0.9957320094108582,0.0042456574738025665,0.9957320094108582,2.2293808797257952e-05,False
wood-multitask-final/data_processed/classification_crops/external_test/knot/oulu_000379_0000659.jpg,OULU-DET/I2GF-Net-Data/Oulu-Wood/JPEGImages/st1390.jpg,oulu,small_knot,oulu:st1390,knot,knot,0.9997410178184509,0.000252447061939165,0.9997410178184509,6.576716259587556e-06,True
wood-multitask-final/data_processed/classification_crops/external_test/knot/oulu_000380_0000660.jpg,OULU-DET/I2GF-Net-Data/Oulu-Wood/JPEGImages/st1391.jpg,oulu,sound_knot,oulu:st1391,knot,knot,0.9999401569366455,1.1533395081642084e-05,0.9999401569366455,4.8328674893127754e-05,True
wood-multitask-final/data_processed/classification_crops/external_test/crack/oulu_000380_0000661.jpg,OULU-DET/I2GF-Net-Data/Oulu-Wood/JPEGImages/st1391.jpg,oulu,split,oulu:st1391,crack,knot,0.9987456798553467,0.0002373526367591694,0.9987456798553467,0.0010168432490900159,False
wood-multitask-final/data_processed/classification_crops/external_test/crack/oulu_000381_0000662.jpg,OULU-DET/I2GF-Net-Data/Oulu-Wood/JPEGImages/st1392.jpg,oulu,split,oulu:st1392,crack,knot,0.9046580195426941,0.09534138441085815,0.9046580195426941,5.824550726174493e-07,False
wood-multitask-final/data_processed/classification_crops/external_test/knot/oulu_000381_0000663.jpg,OULU-DET/I2GF-Net-Data/Oulu-Wood/JPEGImages/st1392.jpg,oulu,sound_knot,oulu:st1392,knot,knot,0.7927454710006714,0.20694442093372345,0.7927454710006714,0.0003101674374192953,True
wood-multitask-final/data_processed/classification_crops/external_test/crack/oulu_000381_0000664.jpg,OULU-DET/I2GF-Net-Data/Oulu-Wood/JPEGImages/st1392.jpg,oulu,split,oulu:st1392,crack,knot,0.9840207695960999,0.005252976901829243,0.9840207695960999,0.010726231150329113,False
wood-multitask-final/data_processed/classification_crops/external_test/crack/oulu_000382_0000665.jpg,OULU-DET/I2GF-Net-Data/Oulu-Wood/JPEGImages/st1393.jpg,oulu,split,oulu:st1393,crack,knot,0.9998942613601685,0.00010562457464402542,0.9998942613601685,1.3956217514987657e-07,False
wood-multitask-final/data_processed/classification_crops/external_test/normal/oulu_000383_normal.jpg,OULU-DET/I2GF-Net-Data/Oulu-Wood/JPEGImages/st1394.jpg,oulu,verified_negative,oulu:st1394,normal,knot,1.0,3.064961262566612e-08,1.0,1.3690950283196113e-11,False
wood-multitask-final/data_processed/classification_crops/external_test/knot/oulu_000384_0000666.jpg,OULU-DET/I2GF-Net-Data/Oulu-Wood/JPEGImages/st1395.jpg,oulu,small_knot,oulu:st1395,knot,knot,0.9524555802345276,0.04752044007182121,0.9524555802345276,2.3947135559865274e-05,True
wood-multitask-final/data_processed/classification_crops/external_test/knot/oulu_000385_0000667.jpg,OULU-DET/I2GF-Net-Data/Oulu-Wood/JPEGImages/st1396.jpg,oulu,small_knot,oulu:st1396,knot,knot,0.8339724540710449,0.16514134407043457,0.8339724540710449,0.0008861733367666602,True
wood-multitask-final/data_processed/classification_crops/external_test/normal/oulu_000386_normal.jpg,OULU-DET/I2GF-Net-Data/Oulu-Wood/JPEGImages/st1397.jpg,oulu,verified_negative,oulu:st1397,normal,knot,0.9999802112579346,1.9808398064924404e-05,0.9999802112579346,2.7141139113950885e-08,False
wood-multitask-final/data_processed/classification_crops/external_test/knot/oulu_000387_0000668.jpg,OULU-DET/I2GF-Net-Data/Oulu-Wood/JPEGImages/st1398.jpg,oulu,small_knot,oulu:st1398,knot,knot,1.0,4.709558076854137e-09,1.0,6.156314347194325e-11,True
wood-multitask-final/data_processed/classification_crops/external_test/knot/oulu_000387_0000669.jpg,OULU-DET/I2GF-Net-Data/Oulu-Wood/JPEGImages/st1398.jpg,oulu,edge_knot,oulu:st1398,knot,knot,0.999067485332489,0.0009309774613939226,0.999067485332489,1.5411810636578593e-06,True
wood-multitask-final/data_processed/classification_crops/external_test/crack/oulu_000388_0000670.jpg,OULU-DET/I2GF-Net-Data/Oulu-Wood/JPEGImages/st1399.jpg,oulu,split,oulu:st1399,crack,knot,0.9835891723632812,0.016362374648451805,0.9835891723632812,4.839020039071329e-05,False
wood-multitask-final/data_processed/classification_crops/external_test/knot/oulu_000388_0000671.jpg,OULU-DET/I2GF-Net-Data/Oulu-Wood/JPEGImages/st1399.jpg,oulu,decayed_knot,oulu:st1399,knot,knot,0.7560701370239258,0.2439294308423996,0.7560701370239258,4.256245347278309e-07,True
wood-multitask-final/data_processed/classification_crops/external_test/crack/oulu_000388_0000672.jpg,OULU-DET/I2GF-Net-Data/Oulu-Wood/JPEGImages/st1399.jpg,oulu,split,oulu:st1399,crack,crack,0.9053956866264343,0.9053956866264343,0.09460429847240448,2.679583488429671e-08,True
wood-multitask-final/data_processed/classification_crops/external_test/crack/oulu_000388_0000673.jpg,OULU-DET/I2GF-Net-Data/Oulu-Wood/JPEGImages/st1399.jpg,oulu,split,oulu:st1399,crack,crack,0.8833803534507751,0.8833803534507751,0.11655645072460175,6.31522125331685e-05,True
wood-multitask-final/data_processed/classification_crops/external_test/knot/oulu_000388_0000674.jpg,OULU-DET/I2GF-Net-Data/Oulu-Wood/JPEGImages/st1399.jpg,oulu,decayed_knot,oulu:st1399,knot,crack,0.9568138718605042,0.9568138718605042,0.04318614304065704,3.21514441736781e-08,False
wood-multitask-final/data_processed/classification_crops/external_test/knot/oulu_000388_0000675.jpg,OULU-DET/I2GF-Net-Data/Oulu-Wood/JPEGImages/st1399.jpg,oulu,small_knot,oulu:st1399,knot,crack,0.9999814033508301,0.9999814033508301,1.8567163351690397e-05,5.075984077507201e-10,False
wood-multitask-final/data_processed/classification_crops/external_test/knot/oulu_000388_0000676.jpg,OULU-DET/I2GF-Net-Data/Oulu-Wood/JPEGImages/st1399.jpg,oulu,small_knot,oulu:st1399,knot,crack,0.8283743262290955,0.8283743262290955,0.1716233342885971,2.3855207018641522e-06,False
wood-multitask-final/data_processed/classification_crops/external_test/crack/oulu_000389_0000677.jpg,OULU-DET/I2GF-Net-Data/Oulu-Wood/JPEGImages/st1400.jpg,oulu,split,oulu:st1400,crack,knot,0.8892180919647217,0.11078186333179474,0.8892180919647217,4.6336753878328807e-10,False
wood-multitask-final/data_processed/classification_crops/external_test/knot/oulu_000389_0000678.jpg,OULU-DET/I2GF-Net-Data/Oulu-Wood/JPEGImages/st1400.jpg,oulu,sound_knot,oulu:st1400,knot,crack,0.9998629093170166,0.9998629093170166,0.00013711386418435723,1.4139582837913167e-09,False
wood-multitask-final/data_processed/classification_crops/external_test/crack/oulu_000390_0000679.jpg,OULU-DET/I2GF-Net-Data/Oulu-Wood/JPEGImages/st1401.jpg,oulu,split,oulu:st1401,crack,knot,0.9998853206634521,6.066576361263287e-07,0.9998853206634521,0.0001140814129030332,False
wood-multitask-final/data_processed/classification_crops/external_test/crack/oulu_000391_0000680.jpg,OULU-DET/I2GF-Net-Data/Oulu-Wood/JPEGImages/st1402.jpg,oulu,split,oulu:st1402,crack,normal,0.7073714733123779,1.5023078049125616e-05,0.29261350631713867,0.7073714733123779,False
wood-multitask-final/data_processed/classification_crops/external_test/knot/oulu_000392_0000681.jpg,OULU-DET/I2GF-Net-Data/Oulu-Wood/JPEGImages/st1403.jpg,oulu,encased_knot,oulu:st1403,knot,knot,0.999995231628418,4.745946171169635e-06,0.999995231628418,3.959030325795254e-10,True
wood-multitask-final/data_processed/classification_crops/external_test/normal/oulu_000393_normal.jpg,OULU-DET/I2GF-Net-Data/Oulu-Wood/JPEGImages/st1404.jpg,oulu,verified_negative,oulu:st1404,normal,knot,0.7640912532806396,0.23590868711471558,0.7640912532806396,3.6115692658711396e-09,False
wood-multitask-final/data_processed/classification_crops/external_test/knot/oulu_000394_0000682.jpg,OULU-DET/I2GF-Net-Data/Oulu-Wood/JPEGImages/st1405.jpg,oulu,sound_knot,oulu:st1405,knot,knot,0.9999148845672607,6.944541382836178e-05,0.9999148845672607,1.5556724974885583e-05,True
wood-multitask-final/data_processed/classification_crops/external_test/knot/oulu_000395_0000683.jpg,OULU-DET/I2GF-Net-Data/Oulu-Wood/JPEGImages/st1406.jpg,oulu,encased_knot,oulu:st1406,knot,knot,0.9999570846557617,4.294846803531982e-05,0.9999570846557617,7.0833747756182674e-09,True
wood-multitask-final/data_processed/classification_crops/external_test/knot/oulu_000395_0000684.jpg,OULU-DET/I2GF-Net-Data/Oulu-Wood/JPEGImages/st1406.jpg,oulu,small_knot,oulu:st1406,knot,knot,0.9999953508377075,2.1898279101151275e-06,0.9999953508377075,2.508845454940456e-06,True
wood-multitask-final/data_processed/classification_crops/external_test/knot/oulu_000395_0000685.jpg,OULU-DET/I2GF-Net-Data/Oulu-Wood/JPEGImages/st1406.jpg,oulu,small_knot,oulu:st1406,knot,knot,0.9999979734420776,5.223884613769769e-07,0.9999979734420776,1.5030697113616043e-06,True
wood-multitask-final/data_processed/classification_crops/external_test/knot/oulu_000395_0000686.jpg,OULU-DET/I2GF-Net-Data/Oulu-Wood/JPEGImages/st1406.jpg,oulu,small_knot,oulu:st1406,knot,knot,0.9999997615814209,1.2119426173740067e-07,0.9999997615814209,1.5876281622695387e-07,True
wood-multitask-final/data_processed/classification_crops/external_test/knot/oulu_000395_0000687.jpg,OULU-DET/I2GF-Net-Data/Oulu-Wood/JPEGImages/st1406.jpg,oulu,edge_knot,oulu:st1406,knot,knot,0.9686015844345093,0.029718732461333275,0.9686015844345093,0.0016796949785202742,True
wood-multitask-final/data_processed/classification_crops/external_test/knot/oulu_000395_0000688.jpg,OULU-DET/I2GF-Net-Data/Oulu-Wood/JPEGImages/st1406.jpg,oulu,edge_knot,oulu:st1406,knot,knot,0.9982911944389343,0.0017084416467696428,0.9982911944389343,3.563853852028842e-07,True
wood-multitask-final/data_processed/classification_crops/external_test/knot/oulu_000396_0000689.jpg,OULU-DET/I2GF-Net-Data/Oulu-Wood/JPEGImages/st1407.jpg,oulu,encased_knot,oulu:st1407,knot,knot,0.9042508602142334,0.0957491397857666,0.9042508602142334,1.50853513708471e-11,True
wood-multitask-final/data_processed/classification_crops/external_test/knot/oulu_000396_0000690.jpg,OULU-DET/I2GF-Net-Data/Oulu-Wood/JPEGImages/st1407.jpg,oulu,small_knot,oulu:st1407,knot,knot,0.9999428987503052,5.6335415138164535e-05,0.9999428987503052,6.831052132838522e-07,True
wood-multitask-final/data_processed/classification_crops/external_test/knot/oulu_000396_0000691.jpg,OULU-DET/I2GF-Net-Data/Oulu-Wood/JPEGImages/st1407.jpg,oulu,small_knot,oulu:st1407,knot,knot,0.9999992847442627,1.6514712797288666e-07,0.9999992847442627,6.104733074607793e-07,True
wood-multitask-final/data_processed/classification_crops/external_test/knot/oulu_000396_0000692.jpg,OULU-DET/I2GF-Net-Data/Oulu-Wood/JPEGImages/st1407.jpg,oulu,edge_knot,oulu:st1407,knot,knot,0.6286904811859131,0.37130308151245117,0.6286904811859131,6.469041181844659e-06,True
wood-multitask-final/data_processed/classification_crops/external_test/knot/oulu_000397_0000693.jpg,OULU-DET/I2GF-Net-Data/Oulu-Wood/JPEGImages/st1408.jpg,oulu,sound_knot,oulu:st1408,knot,knot,0.9999862909317017,6.416714768420206e-06,0.9999862909317017,7.305412054847693e-06,True
wood-multitask-final/data_processed/classification_crops/external_test/knot/oulu_000397_0000694.jpg,OULU-DET/I2GF-Net-Data/Oulu-Wood/JPEGImages/st1408.jpg,oulu,sound_knot,oulu:st1408,knot,knot,0.9999595880508423,3.9857011870481074e-05,0.9999595880508423,5.369856808101758e-07,True
wood-multitask-final/data_processed/classification_crops/external_test/knot/oulu_000397_0000695.jpg,OULU-DET/I2GF-Net-Data/Oulu-Wood/JPEGImages/st1408.jpg,oulu,sound_knot,oulu:st1408,knot,knot,0.9999953508377075,4.42103100795066e-06,0.9999953508377075,1.9754608615585312e-07,True
wood-multitask-final/data_processed/classification_crops/external_test/knot/oulu_000397_0000696.jpg,OULU-DET/I2GF-Net-Data/Oulu-Wood/JPEGImages/st1408.jpg,oulu,sound_knot,oulu:st1408,knot,knot,0.9694988131523132,0.03049040213227272,0.9694988131523132,1.0738544006017037e-05,True
wood-multitask-final/data_processed/classification_crops/external_test/knot/oulu_000397_0000697.jpg,OULU-DET/I2GF-Net-Data/Oulu-Wood/JPEGImages/st1408.jpg,oulu,sound_knot,oulu:st1408,knot,knot,0.9975948929786682,0.00034010031959041953,0.9975948929786682,0.0020649295765906572,True
wood-multitask-final/data_processed/classification_crops/external_test/knot/oulu_000398_0000698.jpg,OULU-DET/I2GF-Net-Data/Oulu-Wood/JPEGImages/st1409.jpg,oulu,sound_knot,oulu:st1409,knot,knot,0.9975196719169617,0.0024641554336994886,0.9975196719169617,1.615018663869705e-05,True
wood-multitask-final/data_processed/classification_crops/external_test/knot/oulu_000398_0000699.jpg,OULU-DET/I2GF-Net-Data/Oulu-Wood/JPEGImages/st1409.jpg,oulu,horn_knot,oulu:st1409,knot,knot,0.9884707927703857,0.01152830757200718,0.9884707927703857,9.893703918351093e-07,True
wood-multitask-final/data_processed/classification_crops/external_test/knot/oulu_000398_0000700.jpg,OULU-DET/I2GF-Net-Data/Oulu-Wood/JPEGImages/st1409.jpg,oulu,sound_knot,oulu:st1409,knot,crack,0.9994350075721741,0.9994350075721741,0.0005635627894662321,1.3913238490204094e-06,False
wood-multitask-final/data_processed/classification_crops/external_test/knot/oulu_000399_0000701.jpg,OULU-DET/I2GF-Net-Data/Oulu-Wood/JPEGImages/st1410.jpg,oulu,horn_knot,oulu:st1410,knot,crack,0.9928480386734009,0.9928480386734009,0.007151976227760315,3.0773947834461524e-09,False
wood-multitask-final/data_processed/classification_crops/external_test/crack/oulu_000399_0000702.jpg,OULU-DET/I2GF-Net-Data/Oulu-Wood/JPEGImages/st1410.jpg,oulu,split,oulu:st1410,crack,knot,0.9985523819923401,0.0007908835541456938,0.9985523819923401,0.0006567399832420051,False
wood-multitask-final/data_processed/classification_crops/external_test/knot/oulu_000400_0000703.jpg,OULU-DET/I2GF-Net-Data/Oulu-Wood/JPEGImages/st1411.jpg,oulu,horn_knot,oulu:st1411,knot,knot,0.7409196496009827,0.2585434913635254,0.7409196496009827,0.0005368588608689606,True
wood-multitask-final/data_processed/classification_crops/external_test/crack/oulu_000400_0000704.jpg,OULU-DET/I2GF-Net-Data/Oulu-Wood/JPEGImages/st1411.jpg,oulu,split,oulu:st1411,crack,knot,0.999970555305481,2.0269186279620044e-05,0.999970555305481,9.183856491290499e-06,False
wood-multitask-final/data_processed/classification_crops/external_test/knot/oulu_000400_0000705.jpg,OULU-DET/I2GF-Net-Data/Oulu-Wood/JPEGImages/st1411.jpg,oulu,horn_knot,oulu:st1411,knot,crack,0.9999988079071045,0.9999988079071045,1.1694480690493947e-06,2.4859110325792244e-08,False
wood-multitask-final/data_processed/classification_crops/external_test/knot/oulu_000401_0000706.jpg,OULU-DET/I2GF-Net-Data/Oulu-Wood/JPEGImages/st1412.jpg,oulu,dry_knot,oulu:st1412,knot,knot,0.9999996423721313,3.982623297815735e-07,0.9999996423721313,1.6139433123285585e-09,True
wood-multitask-final/data_processed/classification_crops/external_test/knot/oulu_000401_0000707.jpg,OULU-DET/I2GF-Net-Data/Oulu-Wood/JPEGImages/st1412.jpg,oulu,sound_knot,oulu:st1412,knot,knot,0.9997783303260803,1.5854710682106088e-06,0.9997783303260803,0.00022008140513207763,True
wood-multitask-final/data_processed/classification_crops/external_test/knot/oulu_000401_0000708.jpg,OULU-DET/I2GF-Net-Data/Oulu-Wood/JPEGImages/st1412.jpg,oulu,small_knot,oulu:st1412,knot,knot,0.9999867677688599,6.12999110671808e-06,0.9999867677688599,7.150737474148627e-06,True
wood-multitask-final/data_processed/classification_crops/external_test/knot/oulu_000401_0000709.jpg,OULU-DET/I2GF-Net-Data/Oulu-Wood/JPEGImages/st1412.jpg,oulu,edge_knot,oulu:st1412,knot,knot,0.9998672008514404,0.0001316243433393538,0.9998672008514404,1.1594732995945378e-06,True
wood-multitask-final/data_processed/classification_crops/external_test/knot/oulu_000402_0000710.jpg,OULU-DET/I2GF-Net-Data/Oulu-Wood/JPEGImages/st1413.jpg,oulu,small_knot,oulu:st1413,knot,knot,0.9997867941856384,0.00020907650468870997,0.9997867941856384,4.220872142468579e-06,True
wood-multitask-final/data_processed/classification_crops/external_test/knot/oulu_000402_0000711.jpg,OULU-DET/I2GF-Net-Data/Oulu-Wood/JPEGImages/st1413.jpg,oulu,small_knot,oulu:st1413,knot,knot,0.9999716281890869,1.2654754755203612e-06,0.9999716281890869,2.7087937269243412e-05,True
wood-multitask-final/data_processed/classification_crops/external_test/knot/oulu_000402_0000712.jpg,OULU-DET/I2GF-Net-Data/Oulu-Wood/JPEGImages/st1413.jpg,oulu,small_knot,oulu:st1413,knot,knot,0.9999994039535522,2.3238540336478763e-07,0.9999994039535522,3.6562911986948166e-07,True
wood-multitask-final/data_processed/classification_crops/external_test/knot/oulu_000402_0000713.jpg,OULU-DET/I2GF-Net-Data/Oulu-Wood/JPEGImages/st1413.jpg,oulu,small_knot,oulu:st1413,knot,knot,0.9999234676361084,3.321609710837947e-06,0.9999234676361084,7.31578329578042e-05,True
wood-multitask-final/data_processed/classification_crops/external_test/knot/oulu_000402_0000714.jpg,OULU-DET/I2GF-Net-Data/Oulu-Wood/JPEGImages/st1413.jpg,oulu,small_knot,oulu:st1413,knot,knot,0.9981901049613953,0.0016297234687954187,0.9981901049613953,0.0001801307371351868,True
wood-multitask-final/data_processed/classification_crops/external_test/knot/oulu_000403_0000715.jpg,OULU-DET/I2GF-Net-Data/Oulu-Wood/JPEGImages/st1414.jpg,oulu,small_knot,oulu:st1414,knot,knot,0.9999996423721313,3.61030203066548e-07,0.9999996423721313,2.2430699075925986e-08,True
wood-multitask-final/data_processed/classification_crops/external_test/knot/oulu_000403_0000716.jpg,OULU-DET/I2GF-Net-Data/Oulu-Wood/JPEGImages/st1414.jpg,oulu,small_knot,oulu:st1414,knot,knot,0.9999916553497314,2.2918056856724434e-06,0.9999916553497314,6.051177933841245e-06,True
wood-multitask-final/data_processed/classification_crops/external_test/knot/oulu_000403_0000717.jpg,OULU-DET/I2GF-Net-Data/Oulu-Wood/JPEGImages/st1414.jpg,oulu,small_knot,oulu:st1414,knot,knot,0.9996079802513123,0.00013109957217238843,0.9996079802513123,0.0002609271032270044,True
wood-multitask-final/data_processed/classification_crops/external_test/knot/oulu_000404_0000718.jpg,OULU-DET/I2GF-Net-Data/Oulu-Wood/JPEGImages/st1415.jpg,oulu,small_knot,oulu:st1415,knot,knot,0.9999473094940186,2.4949591534095816e-05,0.9999473094940186,2.7831210900330916e-05,True
wood-multitask-final/data_processed/classification_crops/external_test/knot/oulu_000404_0000719.jpg,OULU-DET/I2GF-Net-Data/Oulu-Wood/JPEGImages/st1415.jpg,oulu,small_knot,oulu:st1415,knot,knot,0.9999986886978149,2.918391146522481e-07,0.9999986886978149,1.1292469253021409e-06,True
wood-multitask-final/data_processed/classification_crops/external_test/knot/oulu_000404_0000720.jpg,OULU-DET/I2GF-Net-Data/Oulu-Wood/JPEGImages/st1415.jpg,oulu,small_knot,oulu:st1415,knot,knot,0.9999585151672363,7.491420319638564e-07,0.9999585151672363,4.0732014895183966e-05,True
wood-multitask-final/data_processed/classification_crops/external_test/knot/oulu_000405_0000721.jpg,OULU-DET/I2GF-Net-Data/Oulu-Wood/JPEGImages/st1416.jpg,oulu,small_knot,oulu:st1416,knot,knot,0.9991876482963562,0.0007514947792515159,0.9991876482963562,6.083941843826324e-05,True
wood-multitask-final/data_processed/classification_crops/external_test/knot/oulu_000405_0000722.jpg,OULU-DET/I2GF-Net-Data/Oulu-Wood/JPEGImages/st1416.jpg,oulu,small_knot,oulu:st1416,knot,knot,0.9847554564476013,0.008288724347949028,0.9847554564476013,0.006955770310014486,True
wood-multitask-final/data_processed/classification_crops/external_test/knot/oulu_000405_0000723.jpg,OULU-DET/I2GF-Net-Data/Oulu-Wood/JPEGImages/st1416.jpg,oulu,small_knot,oulu:st1416,knot,knot,0.999953031539917,2.0408540990501933e-07,0.999953031539917,4.676157550420612e-05,True
wood-multitask-final/data_processed/classification_crops/external_test/knot/oulu_000405_0000724.jpg,OULU-DET/I2GF-Net-Data/Oulu-Wood/JPEGImages/st1416.jpg,oulu,sound_knot,oulu:st1416,knot,normal,0.48105695843696594,0.1865188032388687,0.33242425322532654,0.48105695843696594,False
wood-multitask-final/data_processed/classification_crops/external_test/knot/oulu_000405_0000725.jpg,OULU-DET/I2GF-Net-Data/Oulu-Wood/JPEGImages/st1416.jpg,oulu,small_knot,oulu:st1416,knot,knot,0.9634292125701904,0.03334860876202583,0.9634292125701904,0.003222278319299221,True
wood-multitask-final/data_processed/classification_crops/external_test/knot/oulu_000406_0000726.jpg,OULU-DET/I2GF-Net-Data/Oulu-Wood/JPEGImages/st1417.jpg,oulu,sound_knot,oulu:st1417,knot,knot,0.9992040991783142,0.0007176048238761723,0.9992040991783142,7.82461283961311e-05,True
wood-multitask-final/data_processed/classification_crops/external_test/knot/oulu_000406_0000727.jpg,OULU-DET/I2GF-Net-Data/Oulu-Wood/JPEGImages/st1417.jpg,oulu,small_knot,oulu:st1417,knot,knot,0.5562219023704529,0.01298942044377327,0.5562219023704529,0.43078866600990295,True
wood-multitask-final/data_processed/classification_crops/external_test/knot/oulu_000406_0000728.jpg,OULU-DET/I2GF-Net-Data/Oulu-Wood/JPEGImages/st1417.jpg,oulu,sound_knot,oulu:st1417,knot,knot,0.9997534155845642,1.3208358723204583e-05,0.9997534155845642,0.00023335538571700454,True
wood-multitask-final/data_processed/classification_crops/external_test/knot/oulu_000406_0000729.jpg,OULU-DET/I2GF-Net-Data/Oulu-Wood/JPEGImages/st1417.jpg,oulu,small_knot,oulu:st1417,knot,knot,0.9999991655349731,3.059697633034375e-07,0.9999991655349731,4.837888809561264e-07,True
wood-multitask-final/data_processed/classification_crops/external_test/knot/oulu_000406_0000730.jpg,OULU-DET/I2GF-Net-Data/Oulu-Wood/JPEGImages/st1417.jpg,oulu,small_knot,oulu:st1417,knot,knot,0.9999662637710571,9.472560122958384e-06,0.9999662637710571,2.4346078134840354e-05,True
wood-multitask-final/data_processed/classification_crops/external_test/knot/oulu_000407_0000731.jpg,OULU-DET/I2GF-Net-Data/Oulu-Wood/JPEGImages/st1418.jpg,oulu,dry_knot,oulu:st1418,knot,knot,0.9999996423721313,3.5671249065671873e-07,0.9999996423721313,4.469350670804895e-12,True
wood-multitask-final/data_processed/classification_crops/external_test/knot/oulu_000407_0000732.jpg,OULU-DET/I2GF-Net-Data/Oulu-Wood/JPEGImages/st1418.jpg,oulu,edge_knot,oulu:st1418,knot,knot,0.8717060685157776,0.12829382717609406,0.8717060685157776,7.045881034173362e-08,True
wood-multitask-final/data_processed/classification_crops/external_test/knot/oulu_000408_0000733.jpg,OULU-DET/I2GF-Net-Data/Oulu-Wood/JPEGImages/st1419.jpg,oulu,edge_knot,oulu:st1419,knot,crack,0.7447326183319092,0.7447326183319092,0.2552618086338043,5.6214421420008875e-06,False
wood-multitask-final/data_processed/classification_crops/external_test/knot/oulu_000409_0000734.jpg,OULU-DET/I2GF-Net-Data/Oulu-Wood/JPEGImages/st1420.jpg,oulu,dry_knot,oulu:st1420,knot,crack,0.999417781829834,0.999417781829834,0.0005822942475788295,2.4893132000158857e-09,False
wood-multitask-final/data_processed/classification_crops/external_test/knot/oulu_000410_0000735.jpg,OULU-DET/I2GF-Net-Data/Oulu-Wood/JPEGImages/st1421.jpg,oulu,edge_knot,oulu:st1421,knot,crack,0.7724133133888245,0.7724133133888245,0.22753110527992249,5.557390977628529e-05,False
wood-multitask-final/data_processed/classification_crops/external_test/knot/oulu_000411_0000736.jpg,OULU-DET/I2GF-Net-Data/Oulu-Wood/JPEGImages/st1422.jpg,oulu,small_knot,oulu:st1422,knot,knot,0.9859291911125183,0.013266759924590588,0.9859291911125183,0.0008040076354518533,True
wood-multitask-final/data_processed/classification_crops/external_test/knot/oulu_000411_0000737.jpg,OULU-DET/I2GF-Net-Data/Oulu-Wood/JPEGImages/st1422.jpg,oulu,sound_knot,oulu:st1422,knot,knot,0.9968371391296387,0.0031628203578293324,0.9968371391296387,2.1672257044524912e-10,True
wood-multitask-final/data_processed/classification_crops/external_test/knot/oulu_000411_0000738.jpg,OULU-DET/I2GF-Net-Data/Oulu-Wood/JPEGImages/st1422.jpg,oulu,leaf_knot,oulu:st1422,knot,crack,0.9990707635879517,0.9990707635879517,0.0009291564347222447,3.38942420796684e-08,False
wood-multitask-final/data_processed/classification_crops/external_test/knot/oulu_000412_0000739.jpg,OULU-DET/I2GF-Net-Data/Oulu-Wood/JPEGImages/st1423.jpg,oulu,small_knot,oulu:st1423,knot,knot,0.9995952248573303,0.0002775268512777984,0.9995952248573303,0.00012723723193630576,True
wood-multitask-final/data_processed/classification_crops/external_test/knot/oulu_000412_0000740.jpg,OULU-DET/I2GF-Net-Data/Oulu-Wood/JPEGImages/st1423.jpg,oulu,small_knot,oulu:st1423,knot,knot,0.9999703168869019,1.687130179561791e-06,0.9999703168869019,2.802933522616513e-05,True
wood-multitask-final/data_processed/classification_crops/external_test/knot/oulu_000412_0000741.jpg,OULU-DET/I2GF-Net-Data/Oulu-Wood/JPEGImages/st1423.jpg,oulu,small_knot,oulu:st1423,knot,crack,0.8757325410842896,0.8757325410842896,0.09278373420238495,0.031483665108680725,False
wood-multitask-final/data_processed/classification_crops/external_test/knot/oulu_000412_0000742.jpg,OULU-DET/I2GF-Net-Data/Oulu-Wood/JPEGImages/st1423.jpg,oulu,small_knot,oulu:st1423,knot,crack,0.6411248445510864,0.6411248445510864,0.2711532711982727,0.08772190660238266,False
wood-multitask-final/data_processed/classification_crops/external_test/knot/oulu_000412_0000743.jpg,OULU-DET/I2GF-Net-Data/Oulu-Wood/JPEGImages/st1423.jpg,oulu,small_knot,oulu:st1423,knot,knot,0.8171693682670593,0.17802199721336365,0.8171693682670593,0.004808611702173948,True
wood-multitask-final/data_processed/classification_crops/external_test/knot/oulu_000413_0000744.jpg,OULU-DET/I2GF-Net-Data/Oulu-Wood/JPEGImages/st1424.jpg,oulu,small_knot,oulu:st1424,knot,crack,0.7728445529937744,0.7728445529937744,0.09733155369758606,0.12982389330863953,False
wood-multitask-final/data_processed/classification_crops/external_test/knot/oulu_000413_0000745.jpg,OULU-DET/I2GF-Net-Data/Oulu-Wood/JPEGImages/st1424.jpg,oulu,small_knot,oulu:st1424,knot,knot,0.9999923706054688,6.893710633448791e-06,0.9999923706054688,6.956626634746499e-07,True
wood-multitask-final/data_processed/classification_crops/external_test/knot/oulu_000413_0000746.jpg,OULU-DET/I2GF-Net-Data/Oulu-Wood/JPEGImages/st1424.jpg,oulu,horn_knot,oulu:st1424,knot,crack,0.9909694790840149,0.9909694790840149,0.00842075701802969,0.0006098600570112467,False
wood-multitask-final/data_processed/classification_crops/external_test/knot/oulu_000414_0000747.jpg,OULU-DET/I2GF-Net-Data/Oulu-Wood/JPEGImages/st1425.jpg,oulu,edge_knot,oulu:st1425,knot,knot,0.9999465942382812,5.334390516509302e-05,0.9999465942382812,1.943386640848588e-12,True
wood-multitask-final/data_processed/classification_crops/external_test/knot/oulu_000415_0000748.jpg,OULU-DET/I2GF-Net-Data/Oulu-Wood/JPEGImages/st1426.jpg,oulu,sound_knot,oulu:st1426,knot,knot,0.9857538938522339,0.014198320917785168,0.9857538938522339,4.781554525834508e-05,True
wood-multitask-final/data_processed/classification_crops/external_test/normal/oulu_000416_normal.jpg,OULU-DET/I2GF-Net-Data/Oulu-Wood/JPEGImages/st1427.jpg,oulu,verified_negative,oulu:st1427,normal,knot,0.9981131553649902,0.0018867680337280035,0.9981131553649902,7.438387683578185e-08,False
wood-multitask-final/data_processed/classification_crops/external_test/knot/oulu_000418_0000749.jpg,OULU-DET/I2GF-Net-Data/Oulu-Wood/JPEGImages/st1429.jpg,oulu,sound_knot,oulu:st1429,knot,crack,0.999976634979248,0.999976634979248,2.3399798010359518e-05,1.406646021884228e-09,False
wood-multitask-final/data_processed/classification_crops/external_test/knot/oulu_000419_0000750.jpg,OULU-DET/I2GF-Net-Data/Oulu-Wood/JPEGImages/st1430.jpg,oulu,sound_knot,oulu:st1430,knot,knot,0.9975997805595398,7.829950163795729e-07,0.9975997805595398,0.0023994429502636194,True
wood-multitask-final/data_processed/classification_crops/external_test/knot/oulu_000419_0000751.jpg,OULU-DET/I2GF-Net-Data/Oulu-Wood/JPEGImages/st1430.jpg,oulu,small_knot,oulu:st1430,knot,knot,0.9999996423721313,4.137874043408374e-07,0.9999996423721313,1.1641066777201559e-08,True
wood-multitask-final/data_processed/classification_crops/external_test/knot/oulu_000419_0000752.jpg,OULU-DET/I2GF-Net-Data/Oulu-Wood/JPEGImages/st1430.jpg,oulu,sound_knot,oulu:st1430,knot,knot,0.9999680519104004,1.2343869002506835e-06,0.9999680519104004,3.070230013690889e-05,True
wood-multitask-final/data_processed/classification_crops/external_test/knot/oulu_000419_0000753.jpg,OULU-DET/I2GF-Net-Data/Oulu-Wood/JPEGImages/st1430.jpg,oulu,sound_knot,oulu:st1430,knot,knot,0.9981070756912231,0.0018915488617494702,0.9981070756912231,1.3293890788190765e-06,True
wood-multitask-final/data_processed/classification_crops/external_test/knot/oulu_000420_0000754.jpg,OULU-DET/I2GF-Net-Data/Oulu-Wood/JPEGImages/st1431.jpg,oulu,horn_knot,oulu:st1431,knot,crack,0.9999662637710571,0.9999662637710571,3.372882565599866e-05,5.068557573650878e-09,False
wood-multitask-final/data_processed/classification_crops/external_test/knot/oulu_000420_0000755.jpg,OULU-DET/I2GF-Net-Data/Oulu-Wood/JPEGImages/st1431.jpg,oulu,small_knot,oulu:st1431,knot,knot,0.9962908029556274,0.00024362157273571938,0.9962908029556274,0.003465640125796199,True
wood-multitask-final/data_processed/classification_crops/external_test/knot/oulu_000420_0000756.jpg,OULU-DET/I2GF-Net-Data/Oulu-Wood/JPEGImages/st1431.jpg,oulu,small_knot,oulu:st1431,knot,knot,0.9999502897262573,2.515501546440646e-05,0.9999502897262573,2.4510020011803135e-05,True
wood-multitask-final/data_processed/classification_crops/external_test/knot/oulu_000420_0000757.jpg,OULU-DET/I2GF-Net-Data/Oulu-Wood/JPEGImages/st1431.jpg,oulu,sound_knot,oulu:st1431,knot,knot,0.9990272521972656,0.0002701201301533729,0.9990272521972656,0.0007027013343758881,True
wood-multitask-final/data_processed/classification_crops/external_test/knot/oulu_000421_0000758.jpg,OULU-DET/I2GF-Net-Data/Oulu-Wood/JPEGImages/st1432.jpg,oulu,small_knot,oulu:st1432,knot,knot,0.9999885559082031,9.416291959496448e-07,0.9999885559082031,1.0475536328158341e-05,True
wood-multitask-final/data_processed/classification_crops/external_test/knot/oulu_000421_0000759.jpg,OULU-DET/I2GF-Net-Data/Oulu-Wood/JPEGImages/st1432.jpg,oulu,small_knot,oulu:st1432,knot,knot,0.9999758005142212,7.936077963677235e-06,0.9999758005142212,1.6171266906894743e-05,True
wood-multitask-final/data_processed/classification_crops/external_test/crack/oulu_000421_0000760.jpg,OULU-DET/I2GF-Net-Data/Oulu-Wood/JPEGImages/st1432.jpg,oulu,split,oulu:st1432,crack,knot,0.4904386103153229,0.38089627027511597,0.4904386103153229,0.12866511940956116,False
wood-multitask-final/data_processed/classification_crops/external_test/knot/oulu_000421_0000761.jpg,OULU-DET/I2GF-Net-Data/Oulu-Wood/JPEGImages/st1432.jpg,oulu,small_knot,oulu:st1432,knot,knot,0.9999431371688843,4.76572968182154e-05,0.9999431371688843,9.179751941701397e-06,True
wood-multitask-final/data_processed/classification_crops/external_test/knot/oulu_000421_0000762.jpg,OULU-DET/I2GF-Net-Data/Oulu-Wood/JPEGImages/st1432.jpg,oulu,leaf_knot,oulu:st1432,knot,knot,0.9223310351371765,0.0762585774064064,0.9223310351371765,0.001410413533449173,True
wood-multitask-final/data_processed/classification_crops/external_test/knot/oulu_000421_0000763.jpg,OULU-DET/I2GF-Net-Data/Oulu-Wood/JPEGImages/st1432.jpg,oulu,horn_knot,oulu:st1432,knot,knot,0.8413524627685547,0.15853694081306458,0.8413524627685547,0.00011067513696616516,True
wood-multitask-final/data_processed/classification_crops/external_test/knot/oulu_000421_0000764.jpg,OULU-DET/I2GF-Net-Data/Oulu-Wood/JPEGImages/st1432.jpg,oulu,leaf_knot,oulu:st1432,knot,normal,0.9993348717689514,9.450625384488376e-07,0.0006642143125645816,0.9993348717689514,False
wood-multitask-final/data_processed/classification_crops/external_test/knot/oulu_000422_0000765.jpg,OULU-DET/I2GF-Net-Data/Oulu-Wood/JPEGImages/st1433.jpg,oulu,horn_knot,oulu:st1433,knot,crack,0.9995779395103455,0.9995779395103455,0.00042211718391627073,1.705093488624243e-08,False
wood-multitask-final/data_processed/classification_crops/external_test/knot/oulu_000423_0000766.jpg,OULU-DET/I2GF-Net-Data/Oulu-Wood/JPEGImages/st1434.jpg,oulu,leaf_knot,oulu:st1434,knot,knot,0.6653777956962585,0.33360645174980164,0.6653777956962585,0.0010157570941373706,True
wood-multitask-final/data_processed/classification_crops/external_test/knot/oulu_000423_0000767.jpg,OULU-DET/I2GF-Net-Data/Oulu-Wood/JPEGImages/st1434.jpg,oulu,leaf_knot,oulu:st1434,knot,crack,0.8990946412086487,0.8990946412086487,0.10086215287446976,4.320688094594516e-05,False
wood-multitask-final/data_processed/classification_crops/external_test/knot/oulu_000424_0000768.jpg,OULU-DET/I2GF-Net-Data/Oulu-Wood/JPEGImages/st1435.jpg,oulu,horn_knot,oulu:st1435,knot,knot,0.9999548196792603,4.5201271859696135e-05,0.9999548196792603,1.4474567100464242e-09,True
wood-multitask-final/data_processed/classification_crops/external_test/knot/oulu_000424_0000769.jpg,OULU-DET/I2GF-Net-Data/Oulu-Wood/JPEGImages/st1435.jpg,oulu,small_knot,oulu:st1435,knot,knot,0.9999998807907104,4.1758863034147e-08,0.9999998807907104,7.914682242926574e-08,True
wood-multitask-final/data_processed/classification_crops/external_test/knot/oulu_000425_0000770.jpg,OULU-DET/I2GF-Net-Data/Oulu-Wood/JPEGImages/st1436.jpg,oulu,horn_knot,oulu:st1436,knot,crack,0.9903454184532166,0.9903454184532166,0.00627624336630106,0.0033784126862883568,False
wood-multitask-final/data_processed/classification_crops/external_test/knot/oulu_000425_0000771.jpg,OULU-DET/I2GF-Net-Data/Oulu-Wood/JPEGImages/st1436.jpg,oulu,leaf_knot,oulu:st1436,knot,normal,0.9893998503684998,0.00019162389799021184,0.010408500209450722,0.9893998503684998,False
wood-multitask-final/data_processed/classification_crops/external_test/knot/oulu_000425_0000772.jpg,OULU-DET/I2GF-Net-Data/Oulu-Wood/JPEGImages/st1436.jpg,oulu,small_knot,oulu:st1436,knot,knot,0.9999561309814453,9.4153183454182e-06,0.9999561309814453,3.449065116001293e-05,True
wood-multitask-final/data_processed/classification_crops/external_test/knot/oulu_000425_0000773.jpg,OULU-DET/I2GF-Net-Data/Oulu-Wood/JPEGImages/st1436.jpg,oulu,small_knot,oulu:st1436,knot,normal,0.6358963251113892,0.00649825856089592,0.3576054871082306,0.6358963251113892,False
wood-multitask-final/data_processed/classification_crops/external_test/knot/oulu_000425_0000774.jpg,OULU-DET/I2GF-Net-Data/Oulu-Wood/JPEGImages/st1436.jpg,oulu,sound_knot,oulu:st1436,knot,knot,0.995681643486023,2.8814899906137725e-06,0.995681643486023,0.0043154992163181305,True
wood-multitask-final/data_processed/classification_crops/external_test/knot/oulu_000425_0000775.jpg,OULU-DET/I2GF-Net-Data/Oulu-Wood/JPEGImages/st1436.jpg,oulu,small_knot,oulu:st1436,knot,knot,0.9999631643295288,1.3067916370346211e-05,0.9999631643295288,2.369315188843757e-05,True
wood-multitask-final/data_processed/classification_crops/external_test/knot/oulu_000425_0000776.jpg,OULU-DET/I2GF-Net-Data/Oulu-Wood/JPEGImages/st1436.jpg,oulu,small_knot,oulu:st1436,knot,knot,0.9954575300216675,0.0020650813821703196,0.9954575300216675,0.002477408852428198,True
wood-multitask-final/data_processed/classification_crops/external_test/knot/oulu_000425_0000777.jpg,OULU-DET/I2GF-Net-Data/Oulu-Wood/JPEGImages/st1436.jpg,oulu,small_knot,oulu:st1436,knot,knot,0.9999998807907104,1.0316254872577701e-07,0.9999998807907104,9.843796888731049e-09,True
wood-multitask-final/data_processed/classification_crops/external_test/knot/oulu_000426_0000778.jpg,OULU-DET/I2GF-Net-Data/Oulu-Wood/JPEGImages/st1437.jpg,oulu,small_knot,oulu:st1437,knot,knot,0.6151944994926453,0.006481471471488476,0.6151944994926453,0.3783239722251892,True
wood-multitask-final/data_processed/classification_crops/external_test/knot/oulu_000426_0000779.jpg,OULU-DET/I2GF-Net-Data/Oulu-Wood/JPEGImages/st1437.jpg,oulu,sound_knot,oulu:st1437,knot,knot,0.9999915361404419,1.9339618120284285e-06,0.9999915361404419,6.514565484394552e-06,True
wood-multitask-final/data_processed/classification_crops/external_test/knot/oulu_000426_0000780.jpg,OULU-DET/I2GF-Net-Data/Oulu-Wood/JPEGImages/st1437.jpg,oulu,small_knot,oulu:st1437,knot,knot,0.9155055284500122,0.010439429432153702,0.9155055284500122,0.0740550085902214,True
wood-multitask-final/data_processed/classification_crops/external_test/knot/oulu_000426_0000781.jpg,OULU-DET/I2GF-Net-Data/Oulu-Wood/JPEGImages/st1437.jpg,oulu,small_knot,oulu:st1437,knot,knot,0.9999788999557495,4.119508957955986e-06,0.9999788999557495,1.6885411241673864e-05,True
wood-multitask-final/data_processed/classification_crops/external_test/knot/oulu_000426_0000782.jpg,OULU-DET/I2GF-Net-Data/Oulu-Wood/JPEGImages/st1437.jpg,oulu,dry_knot,oulu:st1437,knot,knot,0.9999953508377075,4.6936011699472147e-07,0.9999953508377075,4.1547309592715465e-06,True
wood-multitask-final/data_processed/classification_crops/external_test/knot/oulu_000427_0000783.jpg,OULU-DET/I2GF-Net-Data/Oulu-Wood/JPEGImages/st1438.jpg,oulu,sound_knot,oulu:st1438,knot,knot,0.9996660947799683,0.00032442042720504105,0.9996660947799683,9.563978892401792e-06,True
wood-multitask-final/data_processed/classification_crops/external_test/knot/oulu_000427_0000784.jpg,OULU-DET/I2GF-Net-Data/Oulu-Wood/JPEGImages/st1438.jpg,oulu,sound_knot,oulu:st1438,knot,normal,0.7804406881332397,2.5063463908736594e-05,0.219534233212471,0.7804406881332397,False
wood-multitask-final/data_processed/classification_crops/external_test/knot/oulu_000427_0000785.jpg,OULU-DET/I2GF-Net-Data/Oulu-Wood/JPEGImages/st1438.jpg,oulu,sound_knot,oulu:st1438,knot,knot,0.9997192025184631,2.2184020053828135e-05,0.9997192025184631,0.0002586040645837784,True
wood-multitask-final/data_processed/classification_crops/external_test/knot/oulu_000428_0000786.jpg,OULU-DET/I2GF-Net-Data/Oulu-Wood/JPEGImages/st1439.jpg,oulu,sound_knot,oulu:st1439,knot,knot,0.7617251873016357,4.187956074019894e-05,0.7617251873016357,0.23823301494121552,True
wood-multitask-final/data_processed/classification_crops/external_test/knot/oulu_000428_0000787.jpg,OULU-DET/I2GF-Net-Data/Oulu-Wood/JPEGImages/st1439.jpg,oulu,sound_knot,oulu:st1439,knot,knot,0.9999998807907104,7.426722703485211e-08,0.9999998807907104,6.8420744625541374e-09,True
wood-multitask-final/data_processed/classification_crops/external_test/knot/oulu_000429_0000788.jpg,OULU-DET/I2GF-Net-Data/Oulu-Wood/JPEGImages/st1440.jpg,oulu,horn_knot,oulu:st1440,knot,knot,0.9534624218940735,0.04653763771057129,0.9534624218940735,1.3370834217596439e-08,True
wood-multitask-final/data_processed/classification_crops/external_test/crack/oulu_000429_0000789.jpg,OULU-DET/I2GF-Net-Data/Oulu-Wood/JPEGImages/st1440.jpg,oulu,split,oulu:st1440,crack,knot,0.9821761250495911,0.017216065898537636,0.9821761250495911,0.0006077461293898523,False
wood-multitask-final/data_processed/classification_crops/external_test/crack/oulu_000430_0000790.jpg,OULU-DET/I2GF-Net-Data/Oulu-Wood/JPEGImages/st1441.jpg,oulu,split,oulu:st1441,crack,knot,0.9926135540008545,0.0012803428107872605,0.9926135540008545,0.0061061386950314045,False
wood-multitask-final/data_processed/classification_crops/external_test/crack/oulu_000430_0000791.jpg,OULU-DET/I2GF-Net-Data/Oulu-Wood/JPEGImages/st1441.jpg,oulu,split,oulu:st1441,crack,knot,0.9999306201934814,6.810017657699063e-05,0.9999306201934814,1.345445639344689e-06,False
wood-multitask-final/data_processed/classification_crops/external_test/knot/oulu_000430_0000792.jpg,OULU-DET/I2GF-Net-Data/Oulu-Wood/JPEGImages/st1441.jpg,oulu,leaf_knot,oulu:st1441,knot,knot,0.9900847673416138,0.0036766906268894672,0.9900847673416138,0.006238612346351147,True
wood-multitask-final/data_processed/classification_crops/external_test/crack/oulu_000431_0000793.jpg,OULU-DET/I2GF-Net-Data/Oulu-Wood/JPEGImages/st1442.jpg,oulu,split,oulu:st1442,crack,knot,0.6678674221038818,0.0005657626315951347,0.6678674221038818,0.33156678080558777,False
wood-multitask-final/data_processed/classification_crops/external_test/knot/oulu_000431_0000794.jpg,OULU-DET/I2GF-Net-Data/Oulu-Wood/JPEGImages/st1442.jpg,oulu,small_knot,oulu:st1442,knot,knot,0.9088278412818909,0.09116768836975098,0.9088278412818909,4.58741942566121e-06,True
wood-multitask-final/data_processed/classification_crops/external_test/knot/oulu_000431_0000795.jpg,OULU-DET/I2GF-Net-Data/Oulu-Wood/JPEGImages/st1442.jpg,oulu,leaf_knot,oulu:st1442,knot,normal,0.9993780851364136,0.000280720938462764,0.0003411875222809613,0.9993780851364136,False
wood-multitask-final/data_processed/classification_crops/external_test/knot/oulu_000432_0000796.jpg,OULU-DET/I2GF-Net-Data/Oulu-Wood/JPEGImages/st1443.jpg,oulu,dry_knot,oulu:st1443,knot,knot,0.9999853372573853,1.4581891264242586e-05,0.9999853372573853,1.351943552663215e-07,True
wood-multitask-final/data_processed/classification_crops/external_test/knot/oulu_000433_0000797.jpg,OULU-DET/I2GF-Net-Data/Oulu-Wood/JPEGImages/st1444.jpg,oulu,sound_knot,oulu:st1444,knot,knot,0.999992847442627,1.1535976227605715e-06,0.999992847442627,5.958114343229681e-06,True
wood-multitask-final/data_processed/classification_crops/external_test/knot/oulu_000433_0000798.jpg,OULU-DET/I2GF-Net-Data/Oulu-Wood/JPEGImages/st1444.jpg,oulu,edge_knot,oulu:st1444,knot,knot,0.9993917942047119,0.0002754760207608342,0.9993917942047119,0.00033272794098593295,True
wood-multitask-final/data_processed/classification_crops/external_test/knot/oulu_000434_0000799.jpg,OULU-DET/I2GF-Net-Data/Oulu-Wood/JPEGImages/st1445.jpg,oulu,dry_knot,oulu:st1445,knot,knot,0.9999998807907104,7.049917627455216e-08,0.9999998807907104,2.5881172760477966e-09,True
wood-multitask-final/data_processed/classification_crops/external_test/knot/oulu_000435_0000800.jpg,OULU-DET/I2GF-Net-Data/Oulu-Wood/JPEGImages/st1446.jpg,oulu,dry_knot,oulu:st1446,knot,knot,0.9999986886978149,1.309529693571676e-06,0.9999986886978149,2.788439257273012e-09,True
wood-multitask-final/data_processed/classification_crops/external_test/knot/oulu_000435_0000801.jpg,OULU-DET/I2GF-Net-Data/Oulu-Wood/JPEGImages/st1446.jpg,oulu,dry_knot,oulu:st1446,knot,knot,0.9999339580535889,6.60447112750262e-05,0.9999339580535889,2.2052240922221245e-08,True
wood-multitask-final/data_processed/classification_crops/external_test/knot/oulu_000435_0000802.jpg,OULU-DET/I2GF-Net-Data/Oulu-Wood/JPEGImages/st1446.jpg,oulu,sound_knot,oulu:st1446,knot,knot,0.9999924898147583,7.268334229593165e-06,0.9999924898147583,2.2769683027945575e-07,True
wood-multitask-final/data_processed/classification_crops/external_test/knot/oulu_000435_0000803.jpg,OULU-DET/I2GF-Net-Data/Oulu-Wood/JPEGImages/st1446.jpg,oulu,small_knot,oulu:st1446,knot,knot,0.9999970197677612,2.902469532273244e-06,0.9999970197677612,1.0057568289312258e-07,True
wood-multitask-final/data_processed/classification_crops/external_test/knot/oulu_000436_0000804.jpg,OULU-DET/I2GF-Net-Data/Oulu-Wood/JPEGImages/st1447.jpg,oulu,dry_knot,oulu:st1447,knot,knot,0.9999983310699463,1.7083324337363592e-06,0.9999983310699463,7.61131424553696e-09,True
wood-multitask-final/data_processed/classification_crops/external_test/knot/oulu_000436_0000805.jpg,OULU-DET/I2GF-Net-Data/Oulu-Wood/JPEGImages/st1447.jpg,oulu,sound_knot,oulu:st1447,knot,knot,0.9998050332069397,0.00019487256940919906,0.9998050332069397,1.180603703687666e-07,True
wood-multitask-final/data_processed/classification_crops/external_test/knot/oulu_000436_0000806.jpg,OULU-DET/I2GF-Net-Data/Oulu-Wood/JPEGImages/st1447.jpg,oulu,sound_knot,oulu:st1447,knot,knot,0.9999997615814209,3.57432554665138e-08,0.9999997615814209,2.902193898535188e-07,True
wood-multitask-final/data_processed/classification_crops/external_test/knot/oulu_000436_0000807.jpg,OULU-DET/I2GF-Net-Data/Oulu-Wood/JPEGImages/st1447.jpg,oulu,sound_knot,oulu:st1447,knot,knot,0.9937846660614014,0.00621362728998065,0.9937846660614014,1.7108924339481746e-06,True
wood-multitask-final/data_processed/classification_crops/external_test/crack/oulu_000437_0000808.jpg,OULU-DET/I2GF-Net-Data/Oulu-Wood/JPEGImages/st1448.jpg,oulu,split,oulu:st1448,crack,knot,0.9198875427246094,0.08009785413742065,0.9198875427246094,1.460634757677326e-05,False
wood-multitask-final/data_processed/classification_crops/external_test/knot/oulu_000437_0000809.jpg,OULU-DET/I2GF-Net-Data/Oulu-Wood/JPEGImages/st1448.jpg,oulu,sound_knot,oulu:st1448,knot,crack,0.9730736613273621,0.9730736613273621,0.02689529024064541,3.1057312298798934e-05,False
wood-multitask-final/data_processed/classification_crops/external_test/knot/oulu_000439_0000810.jpg,OULU-DET/I2GF-Net-Data/Oulu-Wood/JPEGImages/st1450.jpg,oulu,small_knot,oulu:st1450,knot,knot,0.9992783665657043,0.0007038750336505473,0.9992783665657043,1.7694277630653232e-05,True
wood-multitask-final/data_processed/classification_crops/external_test/knot/oulu_000439_0000811.jpg,OULU-DET/I2GF-Net-Data/Oulu-Wood/JPEGImages/st1450.jpg,oulu,leaf_knot,oulu:st1450,knot,knot,0.6820476651191711,0.31795161962509155,0.6820476651191711,6.901215101606795e-07,True
wood-multitask-final/data_processed/classification_crops/external_test/knot/oulu_000440_0000812.jpg,OULU-DET/I2GF-Net-Data/Oulu-Wood/JPEGImages/st1451.jpg,oulu,sound_knot,oulu:st1451,knot,knot,0.5739333629608154,0.42606571316719055,0.5739333629608154,8.767918870944413e-07,True
wood-multitask-final/data_processed/classification_crops/external_test/knot/oulu_000441_0000813.jpg,OULU-DET/I2GF-Net-Data/Oulu-Wood/JPEGImages/st1452.jpg,oulu,leaf_knot,oulu:st1452,knot,knot,0.999222993850708,0.0004105864209122956,0.999222993850708,0.0003663717652671039,True
wood-multitask-final/data_processed/classification_crops/external_test/knot/oulu_000441_0000814.jpg,OULU-DET/I2GF-Net-Data/Oulu-Wood/JPEGImages/st1452.jpg,oulu,horn_knot,oulu:st1452,knot,crack,0.998660683631897,0.998660683631897,0.001211707480251789,0.00012761313701048493,False
wood-multitask-final/data_processed/classification_crops/external_test/knot/oulu_000441_0000815.jpg,OULU-DET/I2GF-Net-Data/Oulu-Wood/JPEGImages/st1452.jpg,oulu,encased_knot,oulu:st1452,knot,knot,0.9842797517776489,0.010150152258574963,0.9842797517776489,0.005569983273744583,True
wood-multitask-final/data_processed/classification_crops/external_test/knot/oulu_000441_0000816.jpg,OULU-DET/I2GF-Net-Data/Oulu-Wood/JPEGImages/st1452.jpg,oulu,small_knot,oulu:st1452,knot,knot,0.9999828338623047,1.6057640095823444e-05,0.9999828338623047,1.0421275646876893e-06,True
wood-multitask-final/data_processed/classification_crops/external_test/knot/oulu_000441_0000817.jpg,OULU-DET/I2GF-Net-Data/Oulu-Wood/JPEGImages/st1452.jpg,oulu,small_knot,oulu:st1452,knot,knot,0.9999998807907104,1.099633095691388e-07,0.9999998807907104,5.5017714828409225e-08,True
wood-multitask-final/data_processed/classification_crops/external_test/knot/oulu_000442_0000818.jpg,OULU-DET/I2GF-Net-Data/Oulu-Wood/JPEGImages/st1453.jpg,oulu,encased_knot,oulu:st1453,knot,knot,0.9966375827789307,0.0033565505873411894,0.9966375827789307,5.864952981937677e-06,True
wood-multitask-final/data_processed/classification_crops/external_test/knot/oulu_000442_0000819.jpg,OULU-DET/I2GF-Net-Data/Oulu-Wood/JPEGImages/st1453.jpg,oulu,small_knot,oulu:st1453,knot,knot,0.9986322522163391,0.001198446610942483,0.9986322522163391,0.00016929762205109,True
wood-multitask-final/data_processed/classification_crops/external_test/knot/oulu_000442_0000820.jpg,OULU-DET/I2GF-Net-Data/Oulu-Wood/JPEGImages/st1453.jpg,oulu,sound_knot,oulu:st1453,knot,normal,0.5341628789901733,7.921594806248322e-05,0.4657578766345978,0.5341628789901733,False
wood-multitask-final/data_processed/classification_crops/external_test/knot/oulu_000442_0000821.jpg,OULU-DET/I2GF-Net-Data/Oulu-Wood/JPEGImages/st1453.jpg,oulu,small_knot,oulu:st1453,knot,knot,0.9999899864196777,6.15682029092568e-06,0.9999899864196777,3.838902102870634e-06,True
wood-multitask-final/data_processed/classification_crops/external_test/knot/oulu_000442_0000822.jpg,OULU-DET/I2GF-Net-Data/Oulu-Wood/JPEGImages/st1453.jpg,oulu,small_knot,oulu:st1453,knot,knot,0.9995835423469543,0.00024301752273458987,0.9995835423469543,0.00017345300875604153,True
wood-multitask-final/data_processed/classification_crops/external_test/knot/oulu_000442_0000823.jpg,OULU-DET/I2GF-Net-Data/Oulu-Wood/JPEGImages/st1453.jpg,oulu,small_knot,oulu:st1453,knot,knot,0.9999841451644897,7.927958904474508e-06,0.9999841451644897,7.863121027185116e-06,True
wood-multitask-final/data_processed/classification_crops/external_test/knot/oulu_000443_0000824.jpg,OULU-DET/I2GF-Net-Data/Oulu-Wood/JPEGImages/st1454.jpg,oulu,sound_knot,oulu:st1454,knot,knot,0.999834418296814,0.00016484150546602905,0.999834418296814,6.812771857767075e-07,True
wood-multitask-final/data_processed/classification_crops/external_test/knot/oulu_000443_0000825.jpg,OULU-DET/I2GF-Net-Data/Oulu-Wood/JPEGImages/st1454.jpg,oulu,small_knot,oulu:st1454,knot,knot,0.9974340796470642,0.0009916569106280804,0.9974340796470642,0.0015743282856419683,True
wood-multitask-final/data_processed/classification_crops/external_test/knot/oulu_000443_0000826.jpg,OULU-DET/I2GF-Net-Data/Oulu-Wood/JPEGImages/st1454.jpg,oulu,sound_knot,oulu:st1454,knot,knot,0.9997418522834778,2.280590479131206e-06,0.9997418522834778,0.00025587432901374996,True
wood-multitask-final/data_processed/classification_crops/external_test/knot/oulu_000443_0000827.jpg,OULU-DET/I2GF-Net-Data/Oulu-Wood/JPEGImages/st1454.jpg,oulu,small_knot,oulu:st1454,knot,knot,0.9997596144676208,7.046362043183763e-06,0.9997596144676208,0.00023339511244557798,True
wood-multitask-final/data_processed/classification_crops/external_test/knot/oulu_000443_0000828.jpg,OULU-DET/I2GF-Net-Data/Oulu-Wood/JPEGImages/st1454.jpg,oulu,small_knot,oulu:st1454,knot,knot,0.9966532588005066,0.0006894788239151239,0.9966532588005066,0.0026573590002954006,True
wood-multitask-final/data_processed/classification_crops/external_test/knot/oulu_000443_0000829.jpg,OULU-DET/I2GF-Net-Data/Oulu-Wood/JPEGImages/st1454.jpg,oulu,small_knot,oulu:st1454,knot,knot,0.9831033945083618,0.0009851460345089436,0.9831033945083618,0.01591150276362896,True
wood-multitask-final/data_processed/classification_crops/external_test/knot/oulu_000444_0000830.jpg,OULU-DET/I2GF-Net-Data/Oulu-Wood/JPEGImages/st1455.jpg,oulu,small_knot,oulu:st1455,knot,knot,0.9998774528503418,0.0001058346388163045,0.9998774528503418,1.669629455136601e-05,True
wood-multitask-final/data_processed/classification_crops/external_test/knot/oulu_000444_0000831.jpg,OULU-DET/I2GF-Net-Data/Oulu-Wood/JPEGImages/st1455.jpg,oulu,small_knot,oulu:st1455,knot,knot,0.9999959468841553,3.676227379401098e-06,0.9999959468841553,3.40753246064196e-07,True
wood-multitask-final/data_processed/classification_crops/external_test/knot/oulu_000444_0000832.jpg,OULU-DET/I2GF-Net-Data/Oulu-Wood/JPEGImages/st1455.jpg,oulu,small_knot,oulu:st1455,knot,knot,0.999981164932251,8.393676580453757e-06,0.999981164932251,1.045815042743925e-05,True
wood-multitask-final/data_processed/classification_crops/external_test/knot/oulu_000444_0000833.jpg,OULU-DET/I2GF-Net-Data/Oulu-Wood/JPEGImages/st1455.jpg,oulu,small_knot,oulu:st1455,knot,knot,0.999996542930603,3.4458262234693393e-06,0.999996542930603,6.651539735669232e-11,True
wood-multitask-final/data_processed/classification_crops/external_test/knot/oulu_000444_0000834.jpg,OULU-DET/I2GF-Net-Data/Oulu-Wood/JPEGImages/st1455.jpg,oulu,small_knot,oulu:st1455,knot,knot,0.9999697208404541,2.603490202091052e-06,0.9999697208404541,2.767242767731659e-05,True
wood-multitask-final/data_processed/classification_crops/external_test/knot/oulu_000444_0000835.jpg,OULU-DET/I2GF-Net-Data/Oulu-Wood/JPEGImages/st1455.jpg,oulu,small_knot,oulu:st1455,knot,knot,0.9998735189437866,1.187589077744633e-05,0.9998735189437866,0.0001145944042946212,True
wood-multitask-final/data_processed/classification_crops/external_test/knot/oulu_000444_0000836.jpg,OULU-DET/I2GF-Net-Data/Oulu-Wood/JPEGImages/st1455.jpg,oulu,small_knot,oulu:st1455,knot,knot,0.9999983310699463,5.117773866913922e-07,0.9999983310699463,1.1369706953701098e-06,True
wood-multitask-final/data_processed/classification_crops/external_test/knot/oulu_000444_0000837.jpg,OULU-DET/I2GF-Net-Data/Oulu-Wood/JPEGImages/st1455.jpg,oulu,small_knot,oulu:st1455,knot,knot,0.9995831847190857,4.678584446082823e-05,0.9995831847190857,0.0003699914668686688,True
wood-multitask-final/data_processed/classification_crops/external_test/knot/oulu_000444_0000838.jpg,OULU-DET/I2GF-Net-Data/Oulu-Wood/JPEGImages/st1455.jpg,oulu,small_knot,oulu:st1455,knot,knot,0.9999982118606567,1.7784677766030654e-06,0.9999982118606567,1.3772033291559183e-08,True
wood-multitask-final/data_processed/classification_crops/external_test/crack/oulu_000445_0000839.jpg,OULU-DET/I2GF-Net-Data/Oulu-Wood/JPEGImages/st1456.jpg,oulu,split,oulu:st1456,crack,knot,0.9999934434890747,5.708088337996742e-06,0.9999934434890747,8.837112659421109e-07,False
wood-multitask-final/data_processed/classification_crops/external_test/knot/oulu_000445_0000840.jpg,OULU-DET/I2GF-Net-Data/Oulu-Wood/JPEGImages/st1456.jpg,oulu,horn_knot,oulu:st1456,knot,crack,0.9993835687637329,0.9993835687637329,0.0006162615609355271,9.464990569085785e-08,False
wood-multitask-final/data_processed/classification_crops/external_test/knot/oulu_000445_0000841.jpg,OULU-DET/I2GF-Net-Data/Oulu-Wood/JPEGImages/st1456.jpg,oulu,small_knot,oulu:st1456,knot,knot,0.7299694418907166,0.2699068784713745,0.7299694418907166,0.0001236528332810849,True
wood-multitask-final/data_processed/classification_crops/external_test/knot/oulu_000445_0000842.jpg,OULU-DET/I2GF-Net-Data/Oulu-Wood/JPEGImages/st1456.jpg,oulu,leaf_knot,oulu:st1456,knot,knot,0.9405447840690613,0.049224723130464554,0.9405447840690613,0.010230433195829391,True
wood-multitask-final/data_processed/classification_crops/external_test/crack/oulu_000446_0000843.jpg,OULU-DET/I2GF-Net-Data/Oulu-Wood/JPEGImages/st1457.jpg,oulu,split,oulu:st1457,crack,knot,0.9936696887016296,0.0025393282994627953,0.9936696887016296,0.0037910607643425465,False
wood-multitask-final/data_processed/classification_crops/external_test/knot/oulu_000446_0000844.jpg,OULU-DET/I2GF-Net-Data/Oulu-Wood/JPEGImages/st1457.jpg,oulu,horn_knot,oulu:st1457,knot,crack,0.9990371465682983,0.9990371465682983,0.0009627094259485602,8.975217724582762e-08,False
wood-multitask-final/data_processed/classification_crops/external_test/knot/oulu_000447_0000845.jpg,OULU-DET/I2GF-Net-Data/Oulu-Wood/JPEGImages/st1458.jpg,oulu,horn_knot,oulu:st1458,knot,crack,0.9931516647338867,0.9931516647338867,0.006848348770290613,1.3318711467036337e-08,False
wood-multitask-final/data_processed/classification_crops/external_test/crack/oulu_000450_0000846.jpg,OULU-DET/I2GF-Net-Data/Oulu-Wood/JPEGImages/st1461.jpg,oulu,split,oulu:st1461,crack,knot,0.9999786615371704,2.1360467144404538e-05,0.9999786615371704,7.6042783181407e-11,False
wood-multitask-final/data_processed/classification_crops/external_test/knot/oulu_000450_0000847.jpg,OULU-DET/I2GF-Net-Data/Oulu-Wood/JPEGImages/st1461.jpg,oulu,horn_knot,oulu:st1461,knot,crack,0.9777372479438782,0.9777372479438782,0.022262832149863243,1.75379329114822e-11,False
wood-multitask-final/data_processed/classification_crops/external_test/crack/oulu_000450_0000848.jpg,OULU-DET/I2GF-Net-Data/Oulu-Wood/JPEGImages/st1461.jpg,oulu,split,oulu:st1461,crack,knot,0.9999998807907104,1.6258344714970008e-07,0.9999998807907104,2.7365726004702218e-11,False
wood-multitask-final/data_processed/classification_crops/external_test/knot/oulu_000451_0000849.jpg,OULU-DET/I2GF-Net-Data/Oulu-Wood/JPEGImages/st1462.jpg,oulu,sound_knot,oulu:st1462,knot,knot,0.9208747148513794,0.00500760180875659,0.9208747148513794,0.07411765307188034,True
wood-multitask-final/data_processed/classification_crops/external_test/crack/oulu_000451_0000850.jpg,OULU-DET/I2GF-Net-Data/Oulu-Wood/JPEGImages/st1462.jpg,oulu,split,oulu:st1462,crack,knot,0.9999964237213135,3.5740786188398488e-06,0.9999964237213135,7.501463450410029e-09,False
wood-multitask-final/data_processed/classification_crops/external_test/knot/oulu_000451_0000851.jpg,OULU-DET/I2GF-Net-Data/Oulu-Wood/JPEGImages/st1462.jpg,oulu,small_knot,oulu:st1462,knot,knot,0.9992613196372986,0.0007384255295619369,0.9992613196372986,2.891340784572094e-07,True
wood-multitask-final/data_processed/classification_crops/external_test/knot/oulu_000451_0000852.jpg,OULU-DET/I2GF-Net-Data/Oulu-Wood/JPEGImages/st1462.jpg,oulu,edge_knot,oulu:st1462,knot,crack,0.6073645353317261,0.6073645353317261,0.39251622557640076,0.00011921641998924315,False
wood-multitask-final/data_processed/classification_crops/external_test/crack/oulu_000451_0000853.jpg,OULU-DET/I2GF-Net-Data/Oulu-Wood/JPEGImages/st1462.jpg,oulu,split,oulu:st1462,crack,knot,0.9999943971633911,5.5484415497630835e-06,0.9999943971633911,5.233653441183428e-11,False
wood-multitask-final/data_processed/classification_crops/external_test/knot/oulu_000452_0000854.jpg,OULU-DET/I2GF-Net-Data/Oulu-Wood/JPEGImages/st1463.jpg,oulu,small_knot,oulu:st1463,knot,knot,0.9999995231628418,3.730343962615734e-07,0.9999995231628418,7.81020048634673e-08,True
wood-multitask-final/data_processed/classification_crops/external_test/knot/oulu_000452_0000855.jpg,OULU-DET/I2GF-Net-Data/Oulu-Wood/JPEGImages/st1463.jpg,oulu,encased_knot,oulu:st1463,knot,knot,0.9999117851257324,8.805384277366102e-05,0.9999117851257324,9.020608615628589e-08,True
wood-multitask-final/data_processed/classification_crops/external_test/knot/oulu_000452_0000856.jpg,OULU-DET/I2GF-Net-Data/Oulu-Wood/JPEGImages/st1463.jpg,oulu,small_knot,oulu:st1463,knot,knot,0.9950344562530518,0.004961847793310881,0.9950344562530518,3.6671426641987637e-06,True
wood-multitask-final/data_processed/classification_crops/external_test/knot/oulu_000453_0000857.jpg,OULU-DET/I2GF-Net-Data/Oulu-Wood/JPEGImages/st1464.jpg,oulu,small_knot,oulu:st1464,knot,knot,0.9994410872459412,0.0005579976132139564,0.9994410872459412,9.563061666995054e-07,True
wood-multitask-final/data_processed/classification_crops/external_test/knot/oulu_000453_0000858.jpg,OULU-DET/I2GF-Net-Data/Oulu-Wood/JPEGImages/st1464.jpg,oulu,encased_knot,oulu:st1464,knot,knot,0.999993085861206,6.840675268904306e-06,0.999993085861206,1.3593839298664534e-07,True
wood-multitask-final/data_processed/classification_crops/external_test/knot/oulu_000453_0000859.jpg,OULU-DET/I2GF-Net-Data/Oulu-Wood/JPEGImages/st1464.jpg,oulu,small_knot,oulu:st1464,knot,knot,0.9989306330680847,0.0010256310924887657,0.9989306330680847,4.3699303205357864e-05,True
wood-multitask-final/data_processed/classification_crops/external_test/knot/oulu_000454_0000860.jpg,OULU-DET/I2GF-Net-Data/Oulu-Wood/JPEGImages/st1465.jpg,oulu,small_knot,oulu:st1465,knot,knot,0.9999996423721313,3.9950359109752753e-07,0.9999996423721313,1.89949678208734e-09,True
wood-multitask-final/data_processed/classification_crops/external_test/knot/oulu_000455_0000861.jpg,OULU-DET/I2GF-Net-Data/Oulu-Wood/JPEGImages/st1466.jpg,oulu,small_knot,oulu:st1466,knot,knot,0.9999969005584717,2.9086511403875193e-06,0.9999969005584717,1.8895023856657645e-07,True
wood-multitask-final/data_processed/classification_crops/external_test/crack/oulu_000455_0000862.jpg,OULU-DET/I2GF-Net-Data/Oulu-Wood/JPEGImages/st1466.jpg,oulu,split,oulu:st1466,crack,knot,0.9996278285980225,0.00037198347854427993,0.9996278285980225,8.13478209238383e-08,False
wood-multitask-final/data_processed/classification_crops/external_test/knot/oulu_000455_0000863.jpg,OULU-DET/I2GF-Net-Data/Oulu-Wood/JPEGImages/st1466.jpg,oulu,edge_knot,oulu:st1466,knot,crack,0.8475883603096008,0.8475883603096008,0.15234850347042084,6.310526077868417e-05,False
wood-multitask-final/data_processed/classification_crops/external_test/knot/oulu_000456_0000864.jpg,OULU-DET/I2GF-Net-Data/Oulu-Wood/JPEGImages/st1467.jpg,oulu,edge_knot,oulu:st1467,knot,knot,0.9947702288627625,0.005109169986099005,0.9947702288627625,0.00012065313057973981,True
wood-multitask-final/data_processed/classification_crops/external_test/crack/oulu_000456_0000865.jpg,OULU-DET/I2GF-Net-Data/Oulu-Wood/JPEGImages/st1467.jpg,oulu,split,oulu:st1467,crack,crack,0.8120863437652588,0.8120863437652588,0.18768537044525146,0.00022829908994026482,True
wood-multitask-final/data_processed/classification_crops/external_test/knot/oulu_000456_0000866.jpg,OULU-DET/I2GF-Net-Data/Oulu-Wood/JPEGImages/st1467.jpg,oulu,small_knot,oulu:st1467,knot,crack,0.8795846700668335,0.8795846700668335,0.12038315087556839,3.2194566301768646e-05,False
wood-multitask-final/data_processed/classification_crops/external_test/crack/oulu_000457_0000867.jpg,OULU-DET/I2GF-Net-Data/Oulu-Wood/JPEGImages/st1468.jpg,oulu,split,oulu:st1468,crack,knot,0.9445558190345764,0.0554034523665905,0.9445558190345764,4.0778661059448496e-05,False
wood-multitask-final/data_processed/classification_crops/external_test/knot/oulu_000457_0000868.jpg,OULU-DET/I2GF-Net-Data/Oulu-Wood/JPEGImages/st1468.jpg,oulu,dry_knot,oulu:st1468,knot,knot,0.9996674060821533,0.000331788178300485,0.9996674060821533,7.770647698635003e-07,True
wood-multitask-final/data_processed/classification_crops/external_test/knot/oulu_000458_0000869.jpg,OULU-DET/I2GF-Net-Data/Oulu-Wood/JPEGImages/st1469.jpg,oulu,small_knot,oulu:st1469,knot,knot,0.9998834133148193,0.00011587008339120075,0.9998834133148193,6.672248105132894e-07,True
wood-multitask-final/data_processed/classification_crops/external_test/knot/oulu_000459_0000870.jpg,OULU-DET/I2GF-Net-Data/Oulu-Wood/JPEGImages/st1470.jpg,oulu,small_knot,oulu:st1470,knot,knot,0.9992971420288086,0.0006991332629695535,0.9992971420288086,3.7433935631270288e-06,True
wood-multitask-final/data_processed/classification_crops/external_test/knot/oulu_000460_0000871.jpg,OULU-DET/I2GF-Net-Data/Oulu-Wood/JPEGImages/st1471.jpg,oulu,horn_knot,oulu:st1471,knot,knot,0.6553154587745667,0.34468093514442444,0.6553154587745667,3.604162429837743e-06,True
wood-multitask-final/data_processed/classification_crops/external_test/knot/oulu_000462_0000872.jpg,OULU-DET/I2GF-Net-Data/Oulu-Wood/JPEGImages/st1473.jpg,oulu,dry_knot,oulu:st1473,knot,knot,0.9999988079071045,1.1622145166256814e-06,0.9999988079071045,8.65378702030739e-09,True
wood-multitask-final/data_processed/classification_crops/external_test/knot/oulu_000463_0000873.jpg,OULU-DET/I2GF-Net-Data/Oulu-Wood/JPEGImages/st1474.jpg,oulu,edge_knot,oulu:st1474,knot,crack,0.866689145565033,0.866689145565033,0.13331083953380585,4.552136445568067e-09,False
wood-multitask-final/data_processed/classification_crops/external_test/knot/oulu_000463_0000874.jpg,OULU-DET/I2GF-Net-Data/Oulu-Wood/JPEGImages/st1474.jpg,oulu,dry_knot,oulu:st1474,knot,knot,0.9997833371162415,0.00021656323224306107,0.9997833371162415,8.029656584085387e-08,True
wood-multitask-final/data_processed/classification_crops/external_test/knot/oulu_000464_0000875.jpg,OULU-DET/I2GF-Net-Data/Oulu-Wood/JPEGImages/st1475.jpg,oulu,small_knot,oulu:st1475,knot,crack,0.9999725818634033,0.9999725818634033,2.739676165219862e-05,4.1257039559879083e-13,False
wood-multitask-final/data_processed/classification_crops/external_test/knot/oulu_000465_0000876.jpg,OULU-DET/I2GF-Net-Data/Oulu-Wood/JPEGImages/st1476.jpg,oulu,dry_knot,oulu:st1476,knot,crack,0.9999992847442627,0.9999992847442627,7.520115445913689e-07,2.170147877589637e-14,False
wood-multitask-final/data_processed/classification_crops/external_test/crack/oulu_000467_0000877.jpg,OULU-DET/I2GF-Net-Data/Oulu-Wood/JPEGImages/st1478.jpg,oulu,split,oulu:st1478,crack,crack,0.9953604340553284,0.9953604340553284,0.004639551043510437,3.76464593006276e-13,True
wood-multitask-final/data_processed/classification_crops/external_test/knot/oulu_000467_0000878.jpg,OULU-DET/I2GF-Net-Data/Oulu-Wood/JPEGImages/st1478.jpg,oulu,sound_knot,oulu:st1478,knot,crack,0.9999978542327881,0.9999978542327881,2.154541107302066e-06,1.026334914408164e-13,False
wood-multitask-final/data_processed/classification_crops/external_test/knot/oulu_000468_0000879.jpg,OULU-DET/I2GF-Net-Data/Oulu-Wood/JPEGImages/st1479.jpg,oulu,sound_knot,oulu:st1479,knot,knot,0.9985201954841614,5.2305411372799426e-05,0.9985201954841614,0.0014275285648182034,True
wood-multitask-final/data_processed/classification_crops/external_test/knot/oulu_000468_0000880.jpg,OULU-DET/I2GF-Net-Data/Oulu-Wood/JPEGImages/st1479.jpg,oulu,dry_knot,oulu:st1479,knot,knot,0.5163013935089111,0.4836975634098053,0.5163013935089111,1.057480744748318e-06,True
wood-multitask-final/data_processed/classification_crops/external_test/knot/oulu_000468_0000881.jpg,OULU-DET/I2GF-Net-Data/Oulu-Wood/JPEGImages/st1479.jpg,oulu,small_knot,oulu:st1479,knot,knot,0.9999967813491821,3.2330256090062903e-06,0.9999967813491821,9.317538962605454e-10,True
wood-multitask-final/data_processed/classification_crops/external_test/knot/oulu_000470_0000882.jpg,OULU-DET/I2GF-Net-Data/Oulu-Wood/JPEGImages/st1481.jpg,oulu,dry_knot,oulu:st1481,knot,knot,0.9999897480010986,9.971854524337687e-06,0.9999897480010986,2.1875413835914514e-07,True
wood-multitask-final/data_processed/classification_crops/external_test/knot/oulu_000471_0000883.jpg,OULU-DET/I2GF-Net-Data/Oulu-Wood/JPEGImages/st1482.jpg,oulu,knot_hole,oulu:st1482,knot,crack,0.7561302185058594,0.7561302185058594,0.24386681616306305,2.9703799100389006e-06,False
wood-multitask-final/data_processed/classification_crops/external_test/crack/oulu_000472_0000884.jpg,OULU-DET/I2GF-Net-Data/Oulu-Wood/JPEGImages/st1483.jpg,oulu,split,oulu:st1483,crack,crack,0.9903562664985657,0.9903562664985657,0.00964366551488638,8.526096495486968e-12,True
wood-multitask-final/data_processed/classification_crops/external_test/crack/oulu_000472_0000885.jpg,OULU-DET/I2GF-Net-Data/Oulu-Wood/JPEGImages/st1483.jpg,oulu,split,oulu:st1483,crack,crack,0.9997135996818542,0.9997135996818542,0.00028637205832637846,2.5078640553122256e-11,True
wood-multitask-final/data_processed/classification_crops/external_test/crack/oulu_000472_0000886.jpg,OULU-DET/I2GF-Net-Data/Oulu-Wood/JPEGImages/st1483.jpg,oulu,split,oulu:st1483,crack,crack,0.9999979734420776,0.9999979734420776,2.02026285478496e-06,1.204959661780039e-13,True
wood-multitask-final/data_processed/classification_crops/external_test/crack/oulu_000473_0000887.jpg,OULU-DET/I2GF-Net-Data/Oulu-Wood/JPEGImages/st1484.jpg,oulu,split,oulu:st1484,crack,crack,0.9909805655479431,0.9909805655479431,0.009019444696605206,1.6478396338420742e-12,True
wood-multitask-final/data_processed/classification_crops/external_test/crack/oulu_000473_0000888.jpg,OULU-DET/I2GF-Net-Data/Oulu-Wood/JPEGImages/st1484.jpg,oulu,split,oulu:st1484,crack,crack,0.9999970197677612,0.9999970197677612,2.93476523438585e-06,2.1553926991737388e-13,True
wood-multitask-final/data_processed/classification_crops/external_test/crack/oulu_000473_0000889.jpg,OULU-DET/I2GF-Net-Data/Oulu-Wood/JPEGImages/st1484.jpg,oulu,split,oulu:st1484,crack,crack,0.9999994039535522,0.9999994039535522,6.145999122963985e-07,2.91581374930322e-13,True
wood-multitask-final/data_processed/classification_crops/external_test/crack/oulu_000473_0000890.jpg,OULU-DET/I2GF-Net-Data/Oulu-Wood/JPEGImages/st1484.jpg,oulu,split,oulu:st1484,crack,crack,0.9999470710754395,0.9999470710754395,5.297920506563969e-05,5.3218028941981466e-12,True
wood-multitask-final/data_processed/classification_crops/external_test/knot/oulu_000473_0000891.jpg,OULU-DET/I2GF-Net-Data/Oulu-Wood/JPEGImages/st1484.jpg,oulu,dry_knot,oulu:st1484,knot,crack,0.9999948740005493,0.9999948740005493,5.077384685137076e-06,5.284991194676181e-13,False
wood-multitask-final/data_processed/classification_crops/external_test/crack/oulu_000473_0000892.jpg,OULU-DET/I2GF-Net-Data/Oulu-Wood/JPEGImages/st1484.jpg,oulu,split,oulu:st1484,crack,crack,0.9999995231628418,0.9999995231628418,4.7473855602220283e-07,2.966275161153491e-14,True
wood-multitask-final/data_processed/classification_crops/external_test/crack/oulu_000474_0000893.jpg,OULU-DET/I2GF-Net-Data/Oulu-Wood/JPEGImages/st1485.jpg,oulu,split,oulu:st1485,crack,crack,0.9877597689628601,0.9877597689628601,0.012240237556397915,4.7171567867099196e-12,True
wood-multitask-final/data_processed/classification_crops/external_test/crack/oulu_000474_0000894.jpg,OULU-DET/I2GF-Net-Data/Oulu-Wood/JPEGImages/st1485.jpg,oulu,split,oulu:st1485,crack,crack,0.9999994039535522,0.9999994039535522,6.285665676841745e-07,4.32612167524651e-15,True
wood-multitask-final/data_processed/classification_crops/external_test/crack/oulu_000474_0000895.jpg,OULU-DET/I2GF-Net-Data/Oulu-Wood/JPEGImages/st1485.jpg,oulu,split,oulu:st1485,crack,crack,0.9998072981834412,0.9998072981834412,0.00019270024495199323,6.557922607730582e-12,True
wood-multitask-final/data_processed/classification_crops/external_test/crack/oulu_000474_0000896.jpg,OULU-DET/I2GF-Net-Data/Oulu-Wood/JPEGImages/st1485.jpg,oulu,split,oulu:st1485,crack,crack,0.9999935626983643,0.9999935626983643,6.465978003689088e-06,1.4253544091541448e-12,True
wood-multitask-final/data_processed/classification_crops/external_test/crack/oulu_000474_0000897.jpg,OULU-DET/I2GF-Net-Data/Oulu-Wood/JPEGImages/st1485.jpg,oulu,split,oulu:st1485,crack,crack,0.999998927116394,0.999998927116394,1.084359610104002e-06,3.9093396217698e-14,True
wood-multitask-final/data_processed/classification_crops/external_test/crack/oulu_000474_0000898.jpg,OULU-DET/I2GF-Net-Data/Oulu-Wood/JPEGImages/st1485.jpg,oulu,split,oulu:st1485,crack,crack,0.9974687099456787,0.9974687099456787,0.002531255828216672,6.328155447571371e-12,True
wood-multitask-final/data_processed/classification_crops/external_test/knot/oulu_000474_0000899.jpg,OULU-DET/I2GF-Net-Data/Oulu-Wood/JPEGImages/st1485.jpg,oulu,sound_knot,oulu:st1485,knot,crack,0.9999992847442627,0.9999992847442627,6.93789786510024e-07,1.5476555041867013e-13,False
wood-multitask-final/data_processed/classification_crops/external_test/crack/oulu_000475_0000900.jpg,OULU-DET/I2GF-Net-Data/Oulu-Wood/JPEGImages/st1486.jpg,oulu,split,oulu:st1486,crack,crack,0.9984762072563171,0.9984762072563171,0.0015238255728036165,8.373931702134602e-14,True
wood-multitask-final/data_processed/classification_crops/external_test/knot/oulu_000476_0000901.jpg,OULU-DET/I2GF-Net-Data/Oulu-Wood/JPEGImages/st1487.jpg,oulu,dry_knot,oulu:st1487,knot,crack,0.9999886751174927,0.9999886751174927,1.1363868907210417e-05,2.736720423304924e-14,False
wood-multitask-final/data_processed/classification_crops/external_test/knot/oulu_000482_0000902.jpg,OULU-DET/I2GF-Net-Data/Oulu-Wood/JPEGImages/st1493.jpg,oulu,dry_knot,oulu:st1493,knot,knot,0.9999854564666748,1.4433286196435802e-05,0.9999854564666748,9.151460034217962e-08,True
wood-multitask-final/data_processed/classification_crops/external_test/knot/oulu_000482_0000903.jpg,OULU-DET/I2GF-Net-Data/Oulu-Wood/JPEGImages/st1493.jpg,oulu,small_knot,oulu:st1493,knot,knot,0.9999998807907104,1.0196222177683012e-07,0.9999998807907104,5.3570680336179066e-08,True
wood-multitask-final/data_processed/classification_crops/external_test/knot/oulu_000482_0000904.jpg,OULU-DET/I2GF-Net-Data/Oulu-Wood/JPEGImages/st1493.jpg,oulu,small_knot,oulu:st1493,knot,knot,0.9999997615814209,1.5605446890276653e-07,0.9999997615814209,6.273005226375972e-08,True
wood-multitask-final/data_processed/classification_crops/external_test/knot/oulu_000482_0000905.jpg,OULU-DET/I2GF-Net-Data/Oulu-Wood/JPEGImages/st1493.jpg,oulu,knot_hole,oulu:st1493,knot,knot,0.9992641806602478,0.0007358192233368754,0.9992641806602478,5.284613857625686e-10,True
wood-multitask-final/data_processed/classification_crops/external_test/knot/oulu_000483_0000906.jpg,OULU-DET/I2GF-Net-Data/Oulu-Wood/JPEGImages/st1494.jpg,oulu,dry_knot,oulu:st1494,knot,knot,0.9998462200164795,0.00014572293730452657,0.9998462200164795,7.999671652214602e-06,True
wood-multitask-final/data_processed/classification_crops/external_test/knot/oulu_000483_0000907.jpg,OULU-DET/I2GF-Net-Data/Oulu-Wood/JPEGImages/st1494.jpg,oulu,dry_knot,oulu:st1494,knot,knot,0.9999998807907104,8.615346303031401e-08,0.9999998807907104,3.126303105283057e-10,True
wood-multitask-final/data_processed/classification_crops/external_test/knot/oulu_000483_0000908.jpg,OULU-DET/I2GF-Net-Data/Oulu-Wood/JPEGImages/st1494.jpg,oulu,dry_knot,oulu:st1494,knot,knot,0.9999967813491821,3.167262775605195e-06,0.9999967813491821,1.1759286877577324e-08,True
wood-multitask-final/data_processed/classification_crops/external_test/knot/oulu_000484_0000909.jpg,OULU-DET/I2GF-Net-Data/Oulu-Wood/JPEGImages/st1495.jpg,oulu,dry_knot,oulu:st1495,knot,knot,0.9999899864196777,9.404302545590326e-06,0.9999899864196777,5.935822287028714e-07,True
wood-multitask-final/data_processed/classification_crops/external_test/knot/oulu_000485_0000910.jpg,OULU-DET/I2GF-Net-Data/Oulu-Wood/JPEGImages/st1496.jpg,oulu,dry_knot,oulu:st1496,knot,knot,0.9999947547912598,5.298079486237839e-06,0.9999947547912598,1.5817088083736053e-08,True
wood-multitask-final/data_processed/classification_crops/external_test/knot/oulu_000486_0000911.jpg,OULU-DET/I2GF-Net-Data/Oulu-Wood/JPEGImages/st1497.jpg,oulu,dry_knot,oulu:st1497,knot,knot,0.9999959468841553,3.9947144614416175e-06,0.9999959468841553,6.650933581653362e-09,True
wood-multitask-final/data_processed/classification_crops/external_test/knot/oulu_000486_0000912.jpg,OULU-DET/I2GF-Net-Data/Oulu-Wood/JPEGImages/st1497.jpg,oulu,dry_knot,oulu:st1497,knot,knot,0.9959547519683838,0.004044913221150637,0.9959547519683838,3.330511333388131e-07,True
wood-multitask-final/data_processed/classification_crops/external_test/knot/oulu_000486_0000913.jpg,OULU-DET/I2GF-Net-Data/Oulu-Wood/JPEGImages/st1497.jpg,oulu,dry_knot,oulu:st1497,knot,knot,0.9999599456787109,3.999749606009573e-05,0.9999599456787109,1.762514934000592e-08,True
wood-multitask-final/data_processed/classification_crops/external_test/knot/oulu_000487_0000914.jpg,OULU-DET/I2GF-Net-Data/Oulu-Wood/JPEGImages/st1498.jpg,oulu,small_knot,oulu:st1498,knot,knot,0.5324535369873047,0.4674321711063385,0.5324535369873047,0.00011438492947490886,True
wood-multitask-final/data_processed/classification_crops/external_test/knot/oulu_000487_0000915.jpg,OULU-DET/I2GF-Net-Data/Oulu-Wood/JPEGImages/st1498.jpg,oulu,dry_knot,oulu:st1498,knot,knot,0.999988317489624,1.1653015462798066e-05,0.999988317489624,4.718294088768005e-10,True
wood-multitask-final/data_processed/classification_crops/external_test/crack/oulu_000488_0000916.jpg,OULU-DET/I2GF-Net-Data/Oulu-Wood/JPEGImages/st1499.jpg,oulu,split,oulu:st1499,crack,knot,0.9997667670249939,0.00022795991390012205,0.9997667670249939,5.274862814985681e-06,False
wood-multitask-final/data_processed/classification_crops/external_test/crack/oulu_000489_0000917.jpg,OULU-DET/I2GF-Net-Data/Oulu-Wood/JPEGImages/st1500.jpg,oulu,split,oulu:st1500,crack,knot,0.9252598285675049,0.0728054866194725,0.9252598285675049,0.001934768632054329,False
wood-multitask-final/data_processed/classification_crops/external_test/knot/oulu_000489_0000918.jpg,OULU-DET/I2GF-Net-Data/Oulu-Wood/JPEGImages/st1500.jpg,oulu,leaf_knot,oulu:st1500,knot,knot,0.9999915361404419,8.515756235283334e-06,0.9999915361404419,2.2469943683489646e-09,True
wood-multitask-final/data_processed/classification_crops/external_test/knot/oulu_000489_0000919.jpg,OULU-DET/I2GF-Net-Data/Oulu-Wood/JPEGImages/st1500.jpg,oulu,leaf_knot,oulu:st1500,knot,knot,0.7045353055000305,0.29546430706977844,0.7045353055000305,3.989836443452077e-07,True
wood-multitask-final/data_processed/classification_crops/external_test/knot/oulu_000490_0000920.jpg,OULU-DET/I2GF-Net-Data/Oulu-Wood/JPEGImages/st1501.jpg,oulu,moustache_knot,oulu:st1501,knot,crack,0.8223629593849182,0.8223629593849182,0.17763690650463104,5.168724825921345e-08,False
wood-multitask-final/data_processed/classification_crops/external_test/crack/oulu_000491_0000921.jpg,OULU-DET/I2GF-Net-Data/Oulu-Wood/JPEGImages/st1502.jpg,oulu,split,oulu:st1502,crack,crack,0.9746764302253723,0.9746764302253723,0.02532358281314373,4.3377066383243346e-09,True
wood-multitask-final/data_processed/classification_crops/external_test/knot/oulu_000491_0000922.jpg,OULU-DET/I2GF-Net-Data/Oulu-Wood/JPEGImages/st1502.jpg,oulu,small_knot,oulu:st1502,knot,crack,0.9995044469833374,0.9995044469833374,0.0004955524927936494,7.297814796913826e-09,False
wood-multitask-final/data_processed/classification_crops/external_test/crack/oulu_000491_0000923.jpg,OULU-DET/I2GF-Net-Data/Oulu-Wood/JPEGImages/st1502.jpg,oulu,split,oulu:st1502,crack,crack,0.9872937202453613,0.9872937202453613,0.012706277891993523,5.518804258031196e-08,True
wood-multitask-final/data_processed/classification_crops/external_test/knot/oulu_000492_0000924.jpg,OULU-DET/I2GF-Net-Data/Oulu-Wood/JPEGImages/st1503.jpg,oulu,edge_knot,oulu:st1503,knot,crack,0.9988321661949158,0.9988321661949158,0.0011678594164550304,6.619259584894621e-10,False
wood-multitask-final/data_processed/classification_crops/external_test/knot/oulu_000492_0000925.jpg,OULU-DET/I2GF-Net-Data/Oulu-Wood/JPEGImages/st1503.jpg,oulu,small_knot,oulu:st1503,knot,knot,0.9918705224990845,0.008129524998366833,0.9918705224990845,6.553361853178785e-09,True
wood-multitask-final/data_processed/classification_crops/external_test/crack/oulu_000492_0000926.jpg,OULU-DET/I2GF-Net-Data/Oulu-Wood/JPEGImages/st1503.jpg,oulu,split,oulu:st1503,crack,crack,0.9809680581092834,0.9809680581092834,0.01903199590742588,4.517726193142835e-10,True
wood-multitask-final/data_processed/classification_crops/external_test/crack/oulu_000492_0000927.jpg,OULU-DET/I2GF-Net-Data/Oulu-Wood/JPEGImages/st1503.jpg,oulu,split,oulu:st1503,crack,crack,0.9999943971633911,0.9999943971633911,5.575456270889845e-06,9.052024685374249e-10,True
wood-multitask-final/data_processed/classification_crops/external_test/knot/oulu_000492_0000928.jpg,OULU-DET/I2GF-Net-Data/Oulu-Wood/JPEGImages/st1503.jpg,oulu,dry_knot,oulu:st1503,knot,crack,0.9999831914901733,0.9999831914901733,1.682303991401568e-05,1.4333473644101424e-11,False
wood-multitask-final/data_processed/classification_crops/external_test/knot/oulu_000492_0000929.jpg,OULU-DET/I2GF-Net-Data/Oulu-Wood/JPEGImages/st1503.jpg,oulu,small_knot,oulu:st1503,knot,crack,0.9977728724479675,0.9977728724479675,0.0022270900662988424,9.367969511231422e-09,False
wood-multitask-final/data_processed/classification_crops/external_test/knot/oulu_000493_0000930.jpg,OULU-DET/I2GF-Net-Data/Oulu-Wood/JPEGImages/st1504.jpg,oulu,dry_knot,oulu:st1504,knot,crack,0.999987006187439,0.999987006187439,1.3038848919677548e-05,1.235858915205057e-10,False
wood-multitask-final/data_processed/classification_crops/external_test/crack/oulu_000493_0000931.jpg,OULU-DET/I2GF-Net-Data/Oulu-Wood/JPEGImages/st1504.jpg,oulu,split,oulu:st1504,crack,crack,0.9945467710494995,0.9945467710494995,0.005453211721032858,2.497002431212092e-11,True
wood-multitask-final/data_processed/classification_crops/external_test/crack/oulu_000493_0000932.jpg,OULU-DET/I2GF-Net-Data/Oulu-Wood/JPEGImages/st1504.jpg,oulu,split,oulu:st1504,crack,crack,0.9960373640060425,0.9960373640060425,0.003962610382586718,1.4679594428912424e-08,True
wood-multitask-final/data_processed/classification_crops/external_test/knot/oulu_000493_0000933.jpg,OULU-DET/I2GF-Net-Data/Oulu-Wood/JPEGImages/st1504.jpg,oulu,edge_knot,oulu:st1504,knot,crack,0.9999995231628418,0.9999995231628418,5.113569727654976e-07,3.441100269313546e-12,False
wood-multitask-final/data_processed/classification_crops/external_test/knot/oulu_000495_0000934.jpg,OULU-DET/I2GF-Net-Data/Oulu-Wood/JPEGImages/st1506.jpg,oulu,dry_knot,oulu:st1506,knot,knot,0.9984225034713745,0.0015774988569319248,0.9984225034713745,2.560740419710328e-08,True
wood-multitask-final/data_processed/classification_crops/external_test/knot/oulu_000496_0000935.jpg,OULU-DET/I2GF-Net-Data/Oulu-Wood/JPEGImages/st1507.jpg,oulu,encased_knot,oulu:st1507,knot,crack,0.9905485510826111,0.9905485510826111,0.00945147406309843,3.9819404662466695e-08,False
wood-multitask-final/data_processed/classification_crops/external_test/crack/oulu_000497_0000936.jpg,OULU-DET/I2GF-Net-Data/Oulu-Wood/JPEGImages/st1508.jpg,oulu,split,oulu:st1508,crack,crack,0.9506333470344543,0.9506333470344543,0.04933920130133629,2.751169267867226e-05,True
wood-multitask-final/data_processed/classification_crops/external_test/knot/oulu_000498_0000937.jpg,OULU-DET/I2GF-Net-Data/Oulu-Wood/JPEGImages/st1509.jpg,oulu,sound_knot,oulu:st1509,knot,knot,0.9999946355819702,2.829792038028245e-06,0.9999946355819702,2.5158612970699323e-06,True
wood-multitask-final/data_processed/classification_crops/external_test/knot/oulu_000498_0000938.jpg,OULU-DET/I2GF-Net-Data/Oulu-Wood/JPEGImages/st1509.jpg,oulu,dry_knot,oulu:st1509,knot,knot,0.9999992847442627,7.202146434792667e-07,0.9999992847442627,2.2848667402541878e-09,True
wood-multitask-final/data_processed/classification_crops/external_test/knot/oulu_000499_0000939.jpg,OULU-DET/I2GF-Net-Data/Oulu-Wood/JPEGImages/st1510.jpg,oulu,dry_knot,oulu:st1510,knot,knot,0.9999903440475464,9.628939551475924e-06,0.9999903440475464,6.994383738856413e-09,True
wood-multitask-final/data_processed/classification_crops/external_test/knot/oulu_000500_0000940.jpg,OULU-DET/I2GF-Net-Data/Oulu-Wood/JPEGImages/st1511.jpg,oulu,dry_knot,oulu:st1511,knot,knot,0.9969837069511414,0.003016012255102396,0.9969837069511414,2.140622399338099e-07,True
wood-multitask-final/data_processed/classification_crops/external_test/crack/oulu_000501_0000941.jpg,OULU-DET/I2GF-Net-Data/Oulu-Wood/JPEGImages/st1512.jpg,oulu,split,oulu:st1512,crack,crack,0.9004611968994141,0.9004611968994141,0.0995379388332367,8.236352755375265e-07,True
wood-multitask-final/data_processed/classification_crops/external_test/knot/oulu_000501_0000942.jpg,OULU-DET/I2GF-Net-Data/Oulu-Wood/JPEGImages/st1512.jpg,oulu,dry_knot,oulu:st1512,knot,knot,0.5355998277664185,0.46439865231513977,0.5355998277664185,1.522814613963419e-06,True
wood-multitask-final/data_processed/classification_crops/external_test/knot/oulu_000501_0000943.jpg,OULU-DET/I2GF-Net-Data/Oulu-Wood/JPEGImages/st1512.jpg,oulu,dry_knot,oulu:st1512,knot,crack,0.834839940071106,0.834839940071106,0.16515983641147614,1.7825334452936659e-07,False
wood-multitask-final/data_processed/classification_crops/external_test/knot/oulu_000502_0000944.jpg,OULU-DET/I2GF-Net-Data/Oulu-Wood/JPEGImages/st1513.jpg,oulu,horn_knot,oulu:st1513,knot,knot,0.9999972581863403,2.6492043616599403e-06,0.9999972581863403,7.56022089376529e-08,True
wood-multitask-final/data_processed/classification_crops/external_test/knot/oulu_000502_0000945.jpg,OULU-DET/I2GF-Net-Data/Oulu-Wood/JPEGImages/st1513.jpg,oulu,horn_knot,oulu:st1513,knot,knot,0.6006569862365723,0.3993416428565979,0.6006569862365723,1.3488088370650075e-06,True
wood-multitask-final/data_processed/classification_crops/external_test/knot/oulu_000503_0000946.jpg,OULU-DET/I2GF-Net-Data/Oulu-Wood/JPEGImages/st1514.jpg,oulu,leaf_knot,oulu:st1514,knot,crack,0.9118883013725281,0.9118883013725281,0.08709372580051422,0.0010180025128647685,False
wood-multitask-final/data_processed/classification_crops/external_test/knot/oulu_000503_0000947.jpg,OULU-DET/I2GF-Net-Data/Oulu-Wood/JPEGImages/st1514.jpg,oulu,leaf_knot,oulu:st1514,knot,crack,0.9983329176902771,0.9983329176902771,0.0016669804463163018,6.500120264263387e-08,False
wood-multitask-final/data_processed/classification_crops/external_test/knot/oulu_000504_0000948.jpg,OULU-DET/I2GF-Net-Data/Oulu-Wood/JPEGImages/st1515.jpg,oulu,horn_knot,oulu:st1515,knot,knot,0.9966127276420593,0.003387266304343939,0.9966127276420593,2.354294537099122e-08,True
wood-multitask-final/data_processed/classification_crops/external_test/knot/oulu_000504_0000949.jpg,OULU-DET/I2GF-Net-Data/Oulu-Wood/JPEGImages/st1515.jpg,oulu,small_knot,oulu:st1515,knot,knot,0.9999905824661255,7.88779834692832e-06,0.9999905824661255,1.4993420336395502e-06,True
wood-multitask-final/data_processed/classification_crops/external_test/knot/oulu_000504_0000950.jpg,OULU-DET/I2GF-Net-Data/Oulu-Wood/JPEGImages/st1515.jpg,oulu,leaf_knot,oulu:st1515,knot,knot,0.9978792667388916,0.002120713470503688,0.9978792667388916,6.641528216277948e-09,True
wood-multitask-final/data_processed/classification_crops/external_test/crack/oulu_000505_0000951.jpg,OULU-DET/I2GF-Net-Data/Oulu-Wood/JPEGImages/st1516.jpg,oulu,split,oulu:st1516,crack,knot,0.9996846914291382,0.00031408522045239806,0.9996846914291382,1.137024923991703e-06,False
wood-multitask-final/data_processed/classification_crops/external_test/knot/oulu_000505_0000952.jpg,OULU-DET/I2GF-Net-Data/Oulu-Wood/JPEGImages/st1516.jpg,oulu,sound_knot,oulu:st1516,knot,knot,0.9999947547912598,3.1762099297338864e-06,0.9999947547912598,2.017128053921624e-06,True
wood-multitask-final/data_processed/classification_crops/external_test/knot/oulu_000506_0000953.jpg,OULU-DET/I2GF-Net-Data/Oulu-Wood/JPEGImages/st1517.jpg,oulu,small_knot,oulu:st1517,knot,knot,0.9999996423721313,2.5999543140642345e-07,0.9999996423721313,8.93221425712909e-08,True
wood-multitask-final/data_processed/classification_crops/external_test/knot/oulu_000506_0000954.jpg,OULU-DET/I2GF-Net-Data/Oulu-Wood/JPEGImages/st1517.jpg,oulu,edge_knot,oulu:st1517,knot,knot,0.971900999546051,0.028095878660678864,0.971900999546051,3.1098747967917006e-06,True
wood-multitask-final/data_processed/classification_crops/external_test/crack/oulu_000507_0000955.jpg,OULU-DET/I2GF-Net-Data/Oulu-Wood/JPEGImages/st1518.jpg,oulu,split,oulu:st1518,crack,knot,0.9253188967704773,0.015802668407559395,0.9253188967704773,0.058878522366285324,False
wood-multitask-final/data_processed/classification_crops/external_test/knot/oulu_000507_0000956.jpg,OULU-DET/I2GF-Net-Data/Oulu-Wood/JPEGImages/st1518.jpg,oulu,small_knot,oulu:st1518,knot,knot,0.9999682903289795,2.9256256311782636e-05,0.9999682903289795,2.447034830765915e-06,True
wood-multitask-final/data_processed/classification_crops/external_test/knot/oulu_000507_0000957.jpg,OULU-DET/I2GF-Net-Data/Oulu-Wood/JPEGImages/st1518.jpg,oulu,sound_knot,oulu:st1518,knot,knot,0.9995658993721008,6.010816377965966e-06,0.9995658993721008,0.00042818489600904286,True
wood-multitask-final/data_processed/classification_crops/external_test/knot/oulu_000507_0000958.jpg,OULU-DET/I2GF-Net-Data/Oulu-Wood/JPEGImages/st1518.jpg,oulu,sound_knot,oulu:st1518,knot,knot,0.7741186022758484,0.22585566341876984,0.7741186022758484,2.5651592295616865e-05,True
wood-multitask-final/data_processed/classification_crops/external_test/knot/oulu_000507_0000959.jpg,OULU-DET/I2GF-Net-Data/Oulu-Wood/JPEGImages/st1518.jpg,oulu,small_knot,oulu:st1518,knot,knot,0.9999995231628418,1.7287445075453434e-07,0.9999995231628418,3.816916773757839e-07,True
wood-multitask-final/data_processed/classification_crops/external_test/knot/oulu_000508_0000960.jpg,OULU-DET/I2GF-Net-Data/Oulu-Wood/JPEGImages/st1519.jpg,oulu,edge_knot,oulu:st1519,knot,knot,0.5382867455482483,0.44921332597732544,0.5382867455482483,0.012499956414103508,True
wood-multitask-final/data_processed/classification_crops/external_test/knot/oulu_000509_0000961.jpg,OULU-DET/I2GF-Net-Data/Oulu-Wood/JPEGImages/st1520.jpg,oulu,dry_knot,oulu:st1520,knot,knot,0.9999924898147583,7.524803095293464e-06,0.9999924898147583,3.6345149112548825e-08,True
wood-multitask-final/data_processed/classification_crops/external_test/knot/oulu_000510_0000962.jpg,OULU-DET/I2GF-Net-Data/Oulu-Wood/JPEGImages/st1521.jpg,oulu,encased_knot,oulu:st1521,knot,knot,0.5598708987236023,0.4401242136955261,0.5598708987236023,4.848557637160411e-06,True
wood-multitask-final/data_processed/classification_crops/external_test/knot/oulu_000511_0000963.jpg,OULU-DET/I2GF-Net-Data/Oulu-Wood/JPEGImages/st1522.jpg,oulu,edge_knot,oulu:st1522,knot,knot,0.9890866279602051,0.010742148384451866,0.9890866279602051,0.00017114478396251798,True
wood-multitask-final/data_processed/classification_crops/external_test/knot/oulu_000512_0000964.jpg,OULU-DET/I2GF-Net-Data/Oulu-Wood/JPEGImages/st1523.jpg,oulu,edge_knot,oulu:st1523,knot,knot,0.9857703447341919,0.01422668993473053,0.9857703447341919,2.9074924441374606e-06,True
wood-multitask-final/data_processed/classification_crops/external_test/knot/oulu_000512_0000965.jpg,OULU-DET/I2GF-Net-Data/Oulu-Wood/JPEGImages/st1523.jpg,oulu,edge_knot,oulu:st1523,knot,knot,0.9991629123687744,0.0008346490794792771,0.9991629123687744,2.549439841459389e-06,True
wood-multitask-final/data_processed/classification_crops/external_test/normal/oulu_000513_normal.jpg,OULU-DET/I2GF-Net-Data/Oulu-Wood/JPEGImages/st1524.jpg,oulu,verified_negative,oulu:st1524,normal,knot,0.9863404035568237,0.013618657365441322,0.9863404035568237,4.0920640458352864e-05,False
wood-multitask-final/data_processed/classification_crops/external_test/knot/oulu_000515_0000966.jpg,OULU-DET/I2GF-Net-Data/Oulu-Wood/JPEGImages/st1526.jpg,oulu,leaf_knot,oulu:st1526,knot,knot,0.9986218214035034,0.0013781939633190632,0.9986218214035034,6.088346271582168e-09,True
wood-multitask-final/data_processed/classification_crops/external_test/knot/oulu_000515_0000967.jpg,OULU-DET/I2GF-Net-Data/Oulu-Wood/JPEGImages/st1526.jpg,oulu,small_knot,oulu:st1526,knot,crack,0.8051517605781555,0.8051517605781555,0.1948482245206833,2.504270402159392e-11,False
wood-multitask-final/data_processed/classification_crops/external_test/knot/oulu_000516_0000968.jpg,OULU-DET/I2GF-Net-Data/Oulu-Wood/JPEGImages/st1527.jpg,oulu,small_knot,oulu:st1527,knot,crack,0.969054102897644,0.969054102897644,0.03093738853931427,8.49835396365961e-06,False
wood-multitask-final/data_processed/classification_crops/external_test/knot/oulu_000516_0000969.jpg,OULU-DET/I2GF-Net-Data/Oulu-Wood/JPEGImages/st1527.jpg,oulu,dry_knot,oulu:st1527,knot,crack,0.9997941851615906,0.9997941851615906,0.00020582402066793293,8.228976611235339e-09,False
wood-multitask-final/data_processed/classification_crops/external_test/knot/oulu_000517_0000970.jpg,OULU-DET/I2GF-Net-Data/Oulu-Wood/JPEGImages/st1528.jpg,oulu,small_knot,oulu:st1528,knot,crack,0.9739319086074829,0.9739319086074829,0.026066377758979797,1.780408979357162e-06,False
wood-multitask-final/data_processed/classification_crops/external_test/crack/oulu_000517_0000971.jpg,OULU-DET/I2GF-Net-Data/Oulu-Wood/JPEGImages/st1528.jpg,oulu,split,oulu:st1528,crack,crack,0.9999797344207764,0.9999797344207764,2.023329579969868e-05,1.587354780951955e-08,True
wood-multitask-final/data_processed/classification_crops/external_test/crack/oulu_000517_0000972.jpg,OULU-DET/I2GF-Net-Data/Oulu-Wood/JPEGImages/st1528.jpg,oulu,split,oulu:st1528,crack,crack,0.9999821186065674,0.9999821186065674,1.7874313925858587e-05,3.3484082173629304e-09,True
wood-multitask-final/data_processed/classification_crops/external_test/crack/oulu_000517_0000973.jpg,OULU-DET/I2GF-Net-Data/Oulu-Wood/JPEGImages/st1528.jpg,oulu,split,oulu:st1528,crack,crack,0.817125678062439,0.817125678062439,0.18287436664104462,4.863650371333961e-09,True
wood-multitask-final/data_processed/classification_crops/external_test/knot/oulu_000518_0000974.jpg,OULU-DET/I2GF-Net-Data/Oulu-Wood/JPEGImages/st1529.jpg,oulu,dry_knot,oulu:st1529,knot,knot,0.9999866485595703,1.3343914361030329e-05,0.9999866485595703,1.3392031927850212e-10,True
wood-multitask-final/data_processed/classification_crops/external_test/knot/oulu_000518_0000975.jpg,OULU-DET/I2GF-Net-Data/Oulu-Wood/JPEGImages/st1529.jpg,oulu,small_knot,oulu:st1529,knot,knot,0.9999973773956299,2.6783320663525956e-06,0.9999973773956299,1.3779930085888736e-08,True
wood-multitask-final/data_processed/classification_crops/external_test/knot/oulu_000519_0000976.jpg,OULU-DET/I2GF-Net-Data/Oulu-Wood/JPEGImages/st1530.jpg,oulu,dry_knot,oulu:st1530,knot,knot,0.9999303817749023,6.95774142513983e-05,0.9999303817749023,5.587458318245808e-08,True
wood-multitask-final/data_processed/classification_crops/external_test/knot/oulu_000519_0000977.jpg,OULU-DET/I2GF-Net-Data/Oulu-Wood/JPEGImages/st1530.jpg,oulu,small_knot,oulu:st1530,knot,knot,0.9999327659606934,6.725284038111567e-05,0.9999327659606934,3.1872485095618686e-08,True
wood-multitask-final/data_processed/classification_crops/external_test/knot/oulu_000520_0000978.jpg,OULU-DET/I2GF-Net-Data/Oulu-Wood/JPEGImages/st1531.jpg,oulu,dry_knot,oulu:st1531,knot,knot,0.9999918937683105,8.10060191724915e-06,0.9999918937683105,2.4811971921501197e-10,True
wood-multitask-final/data_processed/classification_crops/external_test/knot/oulu_000520_0000979.jpg,OULU-DET/I2GF-Net-Data/Oulu-Wood/JPEGImages/st1531.jpg,oulu,small_knot,oulu:st1531,knot,knot,0.9999991655349731,8.245182243626914e-07,0.9999991655349731,3.3345727956657356e-08,True
wood-multitask-final/data_processed/classification_crops/external_test/knot/oulu_000524_0000980.jpg,OULU-DET/I2GF-Net-Data/Oulu-Wood/JPEGImages/st1535.jpg,oulu,dry_knot,oulu:st1535,knot,knot,0.9909132719039917,0.00908629596233368,0.9909132719039917,4.271576869996352e-07,True
wood-multitask-final/data_processed/classification_crops/external_test/knot/oulu_000525_0000981.jpg,OULU-DET/I2GF-Net-Data/Oulu-Wood/JPEGImages/st1536.jpg,oulu,small_knot,oulu:st1536,knot,knot,0.9998107552528381,0.00018921754963230342,0.9998107552528381,3.790275385218145e-12,True
wood-multitask-final/data_processed/classification_crops/external_test/knot/oulu_000526_0000982.jpg,OULU-DET/I2GF-Net-Data/Oulu-Wood/JPEGImages/st1537.jpg,oulu,dry_knot,oulu:st1537,knot,knot,0.9909849166870117,0.009014702402055264,0.9909849166870117,4.022103610168415e-07,True
wood-multitask-final/data_processed/classification_crops/external_test/crack/oulu_000526_0000983.jpg,OULU-DET/I2GF-Net-Data/Oulu-Wood/JPEGImages/st1537.jpg,oulu,split,oulu:st1537,crack,knot,0.9955488443374634,0.004451108630746603,0.9955488443374634,5.806628955440374e-09,False
wood-multitask-final/data_processed/classification_crops/external_test/normal/oulu_000527_normal.jpg,OULU-DET/I2GF-Net-Data/Oulu-Wood/JPEGImages/st1538.jpg,oulu,verified_negative,oulu:st1538,normal,knot,0.9997949004173279,0.0001910681021399796,0.9997949004173279,1.4063047274248675e-05,False
wood-multitask-final/data_processed/classification_crops/external_test/knot/oulu_000530_0000984.jpg,OULU-DET/I2GF-Net-Data/Oulu-Wood/JPEGImages/st1541.jpg,oulu,small_knot,oulu:st1541,knot,knot,0.9775890111923218,0.022197270765900612,0.9775890111923218,0.00021375853975769132,True
wood-multitask-final/data_processed/classification_crops/external_test/knot/oulu_000530_0000985.jpg,OULU-DET/I2GF-Net-Data/Oulu-Wood/JPEGImages/st1541.jpg,oulu,small_knot,oulu:st1541,knot,knot,0.9998855590820312,0.00010853156709345058,0.9998855590820312,5.87596878176555e-06,True
wood-multitask-final/data_processed/classification_crops/external_test/knot/oulu_000530_0000986.jpg,OULU-DET/I2GF-Net-Data/Oulu-Wood/JPEGImages/st1541.jpg,oulu,horn_knot,oulu:st1541,knot,knot,0.9983785152435303,0.001621423871256411,0.9983785152435303,3.8068339591745826e-08,True
wood-multitask-final/data_processed/classification_crops/external_test/knot/oulu_000530_0000987.jpg,OULU-DET/I2GF-Net-Data/Oulu-Wood/JPEGImages/st1541.jpg,oulu,leaf_knot,oulu:st1541,knot,crack,0.9853755831718445,0.9853755831718445,0.014621841721236706,2.592666987766279e-06,False
wood-multitask-final/data_processed/classification_crops/external_test/knot/oulu_000532_0000988.jpg,OULU-DET/I2GF-Net-Data/Oulu-Wood/JPEGImages/st1543.jpg,oulu,dry_knot,oulu:st1543,knot,knot,0.9999998807907104,7.994380268883106e-08,0.9999998807907104,3.856281405312245e-10,True
wood-multitask-final/data_processed/classification_crops/external_test/knot/oulu_000532_0000989.jpg,OULU-DET/I2GF-Net-Data/Oulu-Wood/JPEGImages/st1543.jpg,oulu,sound_knot,oulu:st1543,knot,knot,0.9999645948410034,3.585385854876222e-07,0.9999645948410034,3.507428118609823e-05,True
wood-multitask-final/data_processed/classification_crops/external_test/knot/oulu_000532_0000990.jpg,OULU-DET/I2GF-Net-Data/Oulu-Wood/JPEGImages/st1543.jpg,oulu,small_knot,oulu:st1543,knot,knot,0.9999949932098389,2.687565029191319e-06,0.9999949932098389,2.2250139863899676e-06,True
wood-multitask-final/data_processed/classification_crops/external_test/knot/oulu_000533_0000991.jpg,OULU-DET/I2GF-Net-Data/Oulu-Wood/JPEGImages/st1544.jpg,oulu,dry_knot,oulu:st1544,knot,knot,1.0,9.157560043604462e-09,1.0,4.861435698444438e-10,True
wood-multitask-final/data_processed/classification_crops/external_test/crack/oulu_000533_0000992.jpg,OULU-DET/I2GF-Net-Data/Oulu-Wood/JPEGImages/st1544.jpg,oulu,split,oulu:st1544,crack,crack,0.6825834512710571,0.6825834512710571,0.31741657853126526,1.1735683536073793e-08,True
wood-multitask-final/data_processed/classification_crops/external_test/knot/oulu_000533_0000993.jpg,OULU-DET/I2GF-Net-Data/Oulu-Wood/JPEGImages/st1544.jpg,oulu,dry_knot,oulu:st1544,knot,knot,1.0,2.5605094933212058e-08,1.0,1.96674498909033e-08,True
wood-multitask-final/data_processed/classification_crops/external_test/knot/oulu_000533_0000994.jpg,OULU-DET/I2GF-Net-Data/Oulu-Wood/JPEGImages/st1544.jpg,oulu,sound_knot,oulu:st1544,knot,knot,0.9999994039535522,5.2160288532832055e-08,0.9999994039535522,6.243046186682477e-07,True
wood-multitask-final/data_processed/classification_crops/external_test/knot/oulu_000533_0000995.jpg,OULU-DET/I2GF-Net-Data/Oulu-Wood/JPEGImages/st1544.jpg,oulu,sound_knot,oulu:st1544,knot,knot,0.9999997615814209,4.9281446479199076e-08,0.9999997615814209,2.1998499732944765e-07,True
wood-multitask-final/data_processed/classification_crops/external_test/knot/oulu_000534_0000996.jpg,OULU-DET/I2GF-Net-Data/Oulu-Wood/JPEGImages/st1545.jpg,oulu,sound_knot,oulu:st1545,knot,knot,0.9998950958251953,2.670737012522295e-05,0.9998950958251953,7.816654397174716e-05,True
wood-multitask-final/data_processed/classification_crops/external_test/normal/oulu_000535_normal.jpg,OULU-DET/I2GF-Net-Data/Oulu-Wood/JPEGImages/st1546.jpg,oulu,verified_negative,oulu:st1546,normal,knot,0.9999785423278809,2.07950306503335e-05,0.9999785423278809,7.250270641634415e-07,False
wood-multitask-final/data_processed/classification_crops/external_test/knot/oulu_000537_0000997.jpg,OULU-DET/I2GF-Net-Data/Oulu-Wood/JPEGImages/st1548.jpg,oulu,dry_knot,oulu:st1548,knot,knot,0.9924305081367493,0.007569550536572933,0.9924305081367493,1.5096949468329512e-08,True
wood-multitask-final/data_processed/classification_crops/external_test/knot/oulu_000538_0000998.jpg,OULU-DET/I2GF-Net-Data/Oulu-Wood/JPEGImages/st1549.jpg,oulu,sound_knot,oulu:st1549,knot,knot,0.9999852180480957,6.828370260336669e-07,0.9999852180480957,1.4047493095858954e-05,True
wood-multitask-final/data_processed/classification_crops/external_test/knot/oulu_000538_0000999.jpg,OULU-DET/I2GF-Net-Data/Oulu-Wood/JPEGImages/st1549.jpg,oulu,sound_knot,oulu:st1549,knot,knot,0.9999760389328003,1.0168858352699317e-05,0.9999760389328003,1.38588902700576e-05,True
wood-multitask-final/data_processed/classification_crops/external_test/crack/oulu_000538_0001000.jpg,OULU-DET/I2GF-Net-Data/Oulu-Wood/JPEGImages/st1549.jpg,oulu,split,oulu:st1549,crack,knot,0.9999337196350098,6.625356763834134e-05,0.9999337196350098,2.334035409390367e-09,False
wood-multitask-final/data_processed/classification_crops/external_test/knot/oulu_000539_0001001.jpg,OULU-DET/I2GF-Net-Data/Oulu-Wood/JPEGImages/st1550.jpg,oulu,sound_knot,oulu:st1550,knot,knot,0.999998927116394,1.0870163578147185e-06,0.999998927116394,7.29086582773597e-12,True
wood-multitask-final/data_processed/classification_crops/external_test/knot/oulu_000540_0001002.jpg,OULU-DET/I2GF-Net-Data/Oulu-Wood/JPEGImages/st1551.jpg,oulu,sound_knot,oulu:st1551,knot,knot,0.9999697208404541,7.557201797681046e-08,0.9999697208404541,3.019302494067233e-05,True
wood-multitask-final/data_processed/classification_crops/external_test/knot/oulu_000540_0001003.jpg,OULU-DET/I2GF-Net-Data/Oulu-Wood/JPEGImages/st1551.jpg,oulu,dry_knot,oulu:st1551,knot,knot,0.9999603033065796,7.000249979682849e-08,0.9999603033065796,3.953227860620245e-05,True
wood-multitask-final/data_processed/classification_crops/external_test/knot/oulu_000541_0001004.jpg,OULU-DET/I2GF-Net-Data/Oulu-Wood/JPEGImages/st1552.jpg,oulu,sound_knot,oulu:st1552,knot,knot,0.9999725818634033,2.7187499654246494e-05,0.9999725818634033,2.6072157766066084e-07,True
wood-multitask-final/data_processed/classification_crops/external_test/normal/oulu_000542_normal.jpg,OULU-DET/I2GF-Net-Data/Oulu-Wood/JPEGImages/st1553.jpg,oulu,verified_negative,oulu:st1553,normal,knot,0.9999799728393555,1.6487483662785962e-05,0.9999799728393555,3.623730435720063e-06,False
wood-multitask-final/data_processed/classification_crops/external_test/normal/oulu_000543_normal.jpg,OULU-DET/I2GF-Net-Data/Oulu-Wood/JPEGImages/st1554.jpg,oulu,verified_negative,oulu:st1554,normal,knot,0.9994454979896545,6.494986155303195e-05,0.9994454979896545,0.0004895244492217898,False
wood-multitask-final/data_processed/classification_crops/external_test/normal/oulu_000544_normal.jpg,OULU-DET/I2GF-Net-Data/Oulu-Wood/JPEGImages/st1555.jpg,oulu,verified_negative,oulu:st1555,normal,knot,0.9998551607131958,9.313152258982882e-05,0.9998551607131958,5.175211845198646e-05,False
wood-multitask-final/data_processed/classification_crops/external_test/knot/oulu_000545_0001005.jpg,OULU-DET/I2GF-Net-Data/Oulu-Wood/JPEGImages/st1556.jpg,oulu,dry_knot,oulu:st1556,knot,knot,0.999996542930603,3.4269887692062184e-06,0.999996542930603,9.54521128804231e-10,True
wood-multitask-final/data_processed/classification_crops/external_test/knot/oulu_000546_0001006.jpg,OULU-DET/I2GF-Net-Data/Oulu-Wood/JPEGImages/st1557.jpg,oulu,dry_knot,oulu:st1557,knot,knot,0.9999614953994751,3.8519749068655074e-05,0.9999614953994751,1.3556454570018417e-10,True
wood-multitask-final/data_processed/classification_crops/external_test/knot/oulu_000548_0001007.jpg,OULU-DET/I2GF-Net-Data/Oulu-Wood/JPEGImages/st1559.jpg,oulu,dry_knot,oulu:st1559,knot,knot,0.9999990463256836,1.0125655762749375e-06,0.9999990463256836,3.360737022006788e-09,True
wood-multitask-final/data_processed/classification_crops/external_test/knot/oulu_000548_0001008.jpg,OULU-DET/I2GF-Net-Data/Oulu-Wood/JPEGImages/st1559.jpg,oulu,dry_knot,oulu:st1559,knot,knot,0.9994425177574158,0.000557527644559741,0.9994425177574158,3.117601454771801e-10,True
wood-multitask-final/data_processed/classification_crops/external_test/knot/oulu_000549_0001009.jpg,OULU-DET/I2GF-Net-Data/Oulu-Wood/JPEGImages/st1560.jpg,oulu,dry_knot,oulu:st1560,knot,knot,0.9999996423721313,3.5959283195552416e-07,0.9999996423721313,1.946906191818698e-09,True
wood-multitask-final/data_processed/classification_crops/external_test/knot/oulu_000551_0001010.jpg,OULU-DET/I2GF-Net-Data/Oulu-Wood/JPEGImages/st1562.jpg,oulu,edge_knot,oulu:st1562,knot,knot,0.9969432950019836,0.003056735498830676,0.9969432950019836,2.6740417172210762e-11,True
wood-multitask-final/data_processed/classification_crops/external_test/knot/oulu_000552_0001011.jpg,OULU-DET/I2GF-Net-Data/Oulu-Wood/JPEGImages/st1563.jpg,oulu,horn_knot,oulu:st1563,knot,crack,0.9919740557670593,0.9919740557670593,0.00802589114755392,1.6325772733694066e-08,False
wood-multitask-final/data_processed/classification_crops/external_test/knot/oulu_000552_0001012.jpg,OULU-DET/I2GF-Net-Data/Oulu-Wood/JPEGImages/st1563.jpg,oulu,small_knot,oulu:st1563,knot,knot,0.8495393991470337,0.11395052075386047,0.8495393991470337,0.03650999441742897,True
wood-multitask-final/data_processed/classification_crops/external_test/knot/oulu_000552_0001013.jpg,OULU-DET/I2GF-Net-Data/Oulu-Wood/JPEGImages/st1563.jpg,oulu,leaf_knot,oulu:st1563,knot,crack,0.6218845248222351,0.6218845248222351,0.3667523264884949,0.011363142170011997,False
wood-multitask-final/data_processed/classification_crops/external_test/knot/oulu_000553_0001014.jpg,OULU-DET/I2GF-Net-Data/Oulu-Wood/JPEGImages/st1564.jpg,oulu,horn_knot,oulu:st1564,knot,crack,1.0,1.0,2.7334627006325718e-08,6.651111952860056e-13,False
wood-multitask-final/data_processed/classification_crops/external_test/knot/oulu_000553_0001015.jpg,OULU-DET/I2GF-Net-Data/Oulu-Wood/JPEGImages/st1564.jpg,oulu,small_knot,oulu:st1564,knot,knot,0.9997588992118835,0.00021682432270608842,0.9997588992118835,2.435159512970131e-05,True
wood-multitask-final/data_processed/classification_crops/external_test/crack/oulu_000554_0001016.jpg,OULU-DET/I2GF-Net-Data/Oulu-Wood/JPEGImages/st1565.jpg,oulu,split,oulu:st1565,crack,knot,0.9989014863967896,6.627682887483388e-05,0.9989014863967896,0.0010322299785912037,False
wood-multitask-final/data_processed/classification_crops/external_test/knot/oulu_000554_0001017.jpg,OULU-DET/I2GF-Net-Data/Oulu-Wood/JPEGImages/st1565.jpg,oulu,small_knot,oulu:st1565,knot,knot,0.9999852180480957,1.463798344047973e-05,0.9999852180480957,1.37371131359032e-07,True
wood-multitask-final/data_processed/classification_crops/external_test/knot/oulu_000554_0001018.jpg,OULU-DET/I2GF-Net-Data/Oulu-Wood/JPEGImages/st1565.jpg,oulu,small_knot,oulu:st1565,knot,knot,0.9999959468841553,3.5975292576040374e-06,0.9999959468841553,5.218919341132278e-07,True
wood-multitask-final/data_processed/classification_crops/external_test/knot/oulu_000554_0001019.jpg,OULU-DET/I2GF-Net-Data/Oulu-Wood/JPEGImages/st1565.jpg,oulu,leaf_knot,oulu:st1565,knot,crack,0.816277265548706,0.816277265548706,0.18372273445129395,1.616401179571625e-10,False
wood-multitask-final/data_processed/classification_crops/external_test/knot/oulu_000555_0001020.jpg,OULU-DET/I2GF-Net-Data/Oulu-Wood/JPEGImages/st1566.jpg,oulu,small_knot,oulu:st1566,knot,knot,0.9999997615814209,7.490007725152736e-09,0.9999997615814209,2.2736215044005803e-07,True
wood-multitask-final/data_processed/classification_crops/external_test/knot/oulu_000555_0001021.jpg,OULU-DET/I2GF-Net-Data/Oulu-Wood/JPEGImages/st1566.jpg,oulu,small_knot,oulu:st1566,knot,knot,0.9999761581420898,2.2681388145429082e-05,0.9999761581420898,1.1839941862490377e-06,True
wood-multitask-final/data_processed/classification_crops/external_test/knot/oulu_000555_0001022.jpg,OULU-DET/I2GF-Net-Data/Oulu-Wood/JPEGImages/st1566.jpg,oulu,small_knot,oulu:st1566,knot,knot,0.9913923740386963,0.008605056442320347,0.9913923740386963,2.556328354330617e-06,True
wood-multitask-final/data_processed/classification_crops/external_test/knot/oulu_000556_0001023.jpg,OULU-DET/I2GF-Net-Data/Oulu-Wood/JPEGImages/st1567.jpg,oulu,small_knot,oulu:st1567,knot,knot,0.9999992847442627,3.3756103334781073e-07,0.9999992847442627,3.547981748397433e-07,True
wood-multitask-final/data_processed/classification_crops/external_test/knot/oulu_000556_0001024.jpg,OULU-DET/I2GF-Net-Data/Oulu-Wood/JPEGImages/st1567.jpg,oulu,decayed_knot,oulu:st1567,knot,knot,0.9999978542327881,5.580595825449564e-07,0.9999978542327881,1.5775575548104825e-06,True
wood-multitask-final/data_processed/classification_crops/external_test/crack/oulu_000557_0001025.jpg,OULU-DET/I2GF-Net-Data/Oulu-Wood/JPEGImages/st1568.jpg,oulu,split,oulu:st1568,crack,knot,0.9999994039535522,6.472725431194704e-07,0.9999994039535522,9.511957194119347e-11,False
wood-multitask-final/data_processed/classification_crops/external_test/knot/oulu_000557_0001026.jpg,OULU-DET/I2GF-Net-Data/Oulu-Wood/JPEGImages/st1568.jpg,oulu,sound_knot,oulu:st1568,knot,crack,0.9166635274887085,0.9166635274887085,0.08333630114793777,1.9450757804406749e-07,False
wood-multitask-final/data_processed/classification_crops/external_test/knot/oulu_000557_0001027.jpg,OULU-DET/I2GF-Net-Data/Oulu-Wood/JPEGImages/st1568.jpg,oulu,sound_knot,oulu:st1568,knot,knot,0.9948467016220093,0.0010356262791901827,0.9948467016220093,0.004117773380130529,True
wood-multitask-final/data_processed/classification_crops/external_test/knot/oulu_000558_0001028.jpg,OULU-DET/I2GF-Net-Data/Oulu-Wood/JPEGImages/st1569.jpg,oulu,sound_knot,oulu:st1569,knot,knot,0.9648920893669128,0.03510778397321701,0.9648920893669128,1.575309482859666e-07,True
wood-multitask-final/data_processed/classification_crops/external_test/knot/oulu_000559_0001029.jpg,OULU-DET/I2GF-Net-Data/Oulu-Wood/JPEGImages/st1570.jpg,oulu,decayed_knot,oulu:st1570,knot,knot,0.9999634027481079,3.6653451388701797e-05,0.9999634027481079,3.448275975870274e-08,True
wood-multitask-final/data_processed/classification_crops/external_test/knot/oulu_000560_0001030.jpg,OULU-DET/I2GF-Net-Data/Oulu-Wood/JPEGImages/st1571.jpg,oulu,dry_knot,oulu:st1571,knot,knot,0.9999754428863525,1.8481954612070695e-05,0.9999754428863525,6.067074536986183e-06,True
wood-multitask-final/data_processed/classification_crops/external_test/knot/oulu_000560_0001031.jpg,OULU-DET/I2GF-Net-Data/Oulu-Wood/JPEGImages/st1571.jpg,oulu,edge_knot,oulu:st1571,knot,knot,0.999663233757019,0.0003350022016093135,0.999663233757019,1.8252667359774932e-06,True
wood-multitask-final/data_processed/classification_crops/external_test/knot/oulu_000561_0001032.jpg,OULU-DET/I2GF-Net-Data/Oulu-Wood/JPEGImages/st1572.jpg,oulu,decayed_knot,oulu:st1572,knot,knot,0.99985671043396,1.888248516479507e-05,0.99985671043396,0.0001244205195689574,True
wood-multitask-final/data_processed/classification_crops/external_test/knot/oulu_000562_0001033.jpg,OULU-DET/I2GF-Net-Data/Oulu-Wood/JPEGImages/st1573.jpg,oulu,small_knot,oulu:st1573,knot,knot,0.9999998807907104,6.062485624624969e-08,0.9999998807907104,2.29656321737437e-10,True
wood-multitask-final/data_processed/classification_crops/external_test/knot/oulu_000562_0001034.jpg,OULU-DET/I2GF-Net-Data/Oulu-Wood/JPEGImages/st1573.jpg,oulu,sound_knot,oulu:st1573,knot,knot,0.9999998807907104,7.02642495298278e-08,0.9999998807907104,4.647470674967735e-08,True
wood-multitask-final/data_processed/classification_crops/external_test/knot/oulu_000562_0001035.jpg,OULU-DET/I2GF-Net-Data/Oulu-Wood/JPEGImages/st1573.jpg,oulu,knot_hole,oulu:st1573,knot,knot,0.9999479055404663,5.207865251577459e-05,0.9999479055404663,4.553003529750299e-10,True
wood-multitask-final/data_processed/classification_crops/external_test/knot/oulu_000563_0001036.jpg,OULU-DET/I2GF-Net-Data/Oulu-Wood/JPEGImages/st1574.jpg,oulu,edge_knot,oulu:st1574,knot,knot,0.9998111128807068,0.00018893630476668477,0.9998111128807068,1.6966984262012375e-08,True
wood-multitask-final/data_processed/classification_crops/external_test/knot/oulu_000563_0001037.jpg,OULU-DET/I2GF-Net-Data/Oulu-Wood/JPEGImages/st1574.jpg,oulu,dry_knot,oulu:st1574,knot,knot,0.9999768733978271,2.3141197743825614e-05,0.9999768733978271,1.63479740855621e-09,True
wood-multitask-final/data_processed/classification_crops/external_test/knot/oulu_000563_0001038.jpg,OULU-DET/I2GF-Net-Data/Oulu-Wood/JPEGImages/st1574.jpg,oulu,encased_knot,oulu:st1574,knot,knot,0.99956876039505,0.0004275783139746636,0.99956876039505,3.677507265820168e-06,True
wood-multitask-final/data_processed/classification_crops/external_test/knot/oulu_000564_0001039.jpg,OULU-DET/I2GF-Net-Data/Oulu-Wood/JPEGImages/st1575.jpg,oulu,small_knot,oulu:st1575,knot,knot,0.9999998807907104,6.755210790743149e-08,0.9999998807907104,5.215419207615923e-10,True
wood-multitask-final/data_processed/classification_crops/external_test/knot/oulu_000564_0001040.jpg,OULU-DET/I2GF-Net-Data/Oulu-Wood/JPEGImages/st1575.jpg,oulu,encased_knot,oulu:st1575,knot,knot,0.9999916553497314,8.266540135082323e-06,0.9999916553497314,9.883642348995636e-08,True
wood-multitask-final/data_processed/classification_crops/external_test/knot/oulu_000564_0001041.jpg,OULU-DET/I2GF-Net-Data/Oulu-Wood/JPEGImages/st1575.jpg,oulu,edge_knot,oulu:st1575,knot,knot,0.9781389832496643,0.021860960870981216,0.9781389832496643,2.064849846661332e-09,True
wood-multitask-final/data_processed/classification_crops/external_test/knot/oulu_000565_0001042.jpg,OULU-DET/I2GF-Net-Data/Oulu-Wood/JPEGImages/st1576.jpg,oulu,edge_knot,oulu:st1576,knot,knot,0.9999752044677734,2.4298282369272783e-05,0.9999752044677734,5.061709771325695e-07,True
wood-multitask-final/data_processed/classification_crops/external_test/knot/oulu_000565_0001043.jpg,OULU-DET/I2GF-Net-Data/Oulu-Wood/JPEGImages/st1576.jpg,oulu,encased_knot,oulu:st1576,knot,knot,0.8573248982429504,0.14267505705356598,0.8573248982429504,5.793407975573928e-09,True
wood-multitask-final/data_processed/classification_crops/external_test/knot/oulu_000566_0001044.jpg,OULU-DET/I2GF-Net-Data/Oulu-Wood/JPEGImages/st1577.jpg,oulu,dry_knot,oulu:st1577,knot,knot,0.9999995231628418,5.137453058523533e-07,0.9999995231628418,1.834752239027182e-09,True
wood-multitask-final/data_processed/classification_crops/external_test/knot/oulu_000567_0001045.jpg,OULU-DET/I2GF-Net-Data/Oulu-Wood/JPEGImages/st1578.jpg,oulu,sound_knot,oulu:st1578,knot,knot,0.9998220801353455,0.0001770746021065861,0.9998220801353455,7.891280802141409e-07,True
wood-multitask-final/data_processed/classification_crops/external_test/crack/oulu_000568_0001046.jpg,OULU-DET/I2GF-Net-Data/Oulu-Wood/JPEGImages/st1579.jpg,oulu,split,oulu:st1579,crack,knot,0.999998927116394,1.0921933153440477e-06,0.999998927116394,9.792731539949931e-14,False
wood-multitask-final/data_processed/classification_crops/external_test/knot/oulu_000569_0001047.jpg,OULU-DET/I2GF-Net-Data/Oulu-Wood/JPEGImages/st1580.jpg,oulu,small_knot,oulu:st1580,knot,knot,0.9999880790710449,1.1915371942450292e-05,0.9999880790710449,2.345933403091749e-08,True
wood-multitask-final/data_processed/classification_crops/external_test/knot/oulu_000569_0001048.jpg,OULU-DET/I2GF-Net-Data/Oulu-Wood/JPEGImages/st1580.jpg,oulu,small_knot,oulu:st1580,knot,knot,0.9999985694885254,1.4637208778367494e-06,0.9999985694885254,4.818259569105976e-08,True
wood-multitask-final/data_processed/classification_crops/external_test/knot/oulu_000569_0001049.jpg,OULU-DET/I2GF-Net-Data/Oulu-Wood/JPEGImages/st1580.jpg,oulu,leaf_knot,oulu:st1580,knot,crack,0.5589052438735962,0.5589052438735962,0.031689390540122986,0.40940529108047485,False
wood-multitask-final/data_processed/classification_crops/external_test/knot/oulu_000569_0001050.jpg,OULU-DET/I2GF-Net-Data/Oulu-Wood/JPEGImages/st1580.jpg,oulu,dry_knot,oulu:st1580,knot,crack,0.9563218951225281,0.9563218951225281,0.04367484152317047,3.261088068029494e-06,False
wood-multitask-final/data_processed/classification_crops/external_test/knot/oulu_000570_0001051.jpg,OULU-DET/I2GF-Net-Data/Oulu-Wood/JPEGImages/st1581.jpg,oulu,small_knot,oulu:st1581,knot,crack,0.9987049102783203,0.9987049102783203,0.0012944960035383701,5.561030889111862e-07,False
wood-multitask-final/data_processed/classification_crops/external_test/crack/oulu_000570_0001052.jpg,OULU-DET/I2GF-Net-Data/Oulu-Wood/JPEGImages/st1581.jpg,oulu,split,oulu:st1581,crack,crack,0.9999549388885498,0.9999549388885498,4.50726984126959e-05,8.306122900592072e-09,True
wood-multitask-final/data_processed/classification_crops/external_test/knot/oulu_000570_0001053.jpg,OULU-DET/I2GF-Net-Data/Oulu-Wood/JPEGImages/st1581.jpg,oulu,small_knot,oulu:st1581,knot,crack,0.9936038851737976,0.9936038851737976,0.006396146956831217,2.5062613318027616e-08,False
wood-multitask-final/data_processed/classification_crops/external_test/knot/oulu_000570_0001054.jpg,OULU-DET/I2GF-Net-Data/Oulu-Wood/JPEGImages/st1581.jpg,oulu,sound_knot,oulu:st1581,knot,crack,0.9975060820579529,0.9975060820579529,0.0024936783593147993,2.8327022505436616e-07,False
wood-multitask-final/data_processed/classification_crops/external_test/crack/oulu_000570_0001055.jpg,OULU-DET/I2GF-Net-Data/Oulu-Wood/JPEGImages/st1581.jpg,oulu,split,oulu:st1581,crack,crack,0.998320996761322,0.998320996761322,0.001678702887147665,2.898722755162453e-07,True
wood-multitask-final/data_processed/classification_crops/external_test/knot/oulu_000571_0001056.jpg,OULU-DET/I2GF-Net-Data/Oulu-Wood/JPEGImages/st1582.jpg,oulu,sound_knot,oulu:st1582,knot,crack,0.9999644756317139,0.9999644756317139,3.548585664248094e-05,4.165516287457649e-08,False
wood-multitask-final/data_processed/classification_crops/external_test/knot/oulu_000571_0001057.jpg,OULU-DET/I2GF-Net-Data/Oulu-Wood/JPEGImages/st1582.jpg,oulu,small_knot,oulu:st1582,knot,crack,0.9999291896820068,0.9999291896820068,7.077303598634899e-05,8.041860510843435e-09,False
wood-multitask-final/data_processed/classification_crops/external_test/knot/oulu_000572_0001058.jpg,OULU-DET/I2GF-Net-Data/Oulu-Wood/JPEGImages/st1583.jpg,oulu,small_knot,oulu:st1583,knot,knot,0.9999998807907104,1.2089621748145873e-07,0.9999998807907104,1.4776379009262541e-09,True
wood-multitask-final/data_processed/classification_crops/external_test/crack/oulu_000573_0001059.jpg,OULU-DET/I2GF-Net-Data/Oulu-Wood/JPEGImages/st1584.jpg,oulu,split,oulu:st1584,crack,crack,0.5139374732971191,0.5139374732971191,0.4860590100288391,3.4768756904668408e-06,True
wood-multitask-final/data_processed/classification_crops/external_test/knot/oulu_000574_0001060.jpg,OULU-DET/I2GF-Net-Data/Oulu-Wood/JPEGImages/st1585.jpg,oulu,dry_knot,oulu:st1585,knot,crack,0.9964183568954468,0.9964183568954468,0.0035815034061670303,8.924158834133777e-08,False
wood-multitask-final/data_processed/classification_crops/external_test/knot/oulu_000574_0001061.jpg,OULU-DET/I2GF-Net-Data/Oulu-Wood/JPEGImages/st1585.jpg,oulu,edge_knot,oulu:st1585,knot,crack,0.92635178565979,0.92635178565979,0.0736481323838234,1.4100672274253157e-07,False
wood-multitask-final/data_processed/classification_crops/external_test/knot/oulu_000575_0001062.jpg,OULU-DET/I2GF-Net-Data/Oulu-Wood/JPEGImages/st1586.jpg,oulu,edge_knot,oulu:st1586,knot,crack,0.999996542930603,0.999996542930603,3.464512701611966e-06,8.199197397418256e-12,False
wood-multitask-final/data_processed/classification_crops/external_test/knot/oulu_000576_0001063.jpg,OULU-DET/I2GF-Net-Data/Oulu-Wood/JPEGImages/st1587.jpg,oulu,dry_knot,oulu:st1587,knot,knot,0.9429458975791931,0.05705380439758301,0.9429458975791931,3.739563680937863e-07,True
wood-multitask-final/data_processed/classification_crops/external_test/knot/oulu_000576_0001064.jpg,OULU-DET/I2GF-Net-Data/Oulu-Wood/JPEGImages/st1587.jpg,oulu,sound_knot,oulu:st1587,knot,knot,0.9999895095825195,1.0458886208652984e-05,0.9999895095825195,5.778547862433925e-09,True
wood-multitask-final/data_processed/classification_crops/external_test/knot/oulu_000577_0001065.jpg,OULU-DET/I2GF-Net-Data/Oulu-Wood/JPEGImages/st1588.jpg,oulu,dry_knot,oulu:st1588,knot,knot,0.9999983310699463,1.7147701782960212e-06,0.9999983310699463,2.7183788553486465e-09,True
wood-multitask-final/data_processed/classification_crops/external_test/knot/oulu_000578_0001066.jpg,OULU-DET/I2GF-Net-Data/Oulu-Wood/JPEGImages/st1589.jpg,oulu,dry_knot,oulu:st1589,knot,knot,0.9999998807907104,7.484086239628596e-08,0.9999998807907104,8.673381457491303e-12,True
wood-multitask-final/data_processed/classification_crops/external_test/knot/oulu_000578_0001067.jpg,OULU-DET/I2GF-Net-Data/Oulu-Wood/JPEGImages/st1589.jpg,oulu,sound_knot,oulu:st1589,knot,knot,0.9999988079071045,2.5804422421060735e-07,0.9999988079071045,1.001146642920503e-06,True
wood-multitask-final/data_processed/classification_crops/external_test/knot/oulu_000578_0001068.jpg,OULU-DET/I2GF-Net-Data/Oulu-Wood/JPEGImages/st1589.jpg,oulu,edge_knot,oulu:st1589,knot,knot,0.9999628067016602,3.689408185891807e-05,0.9999628067016602,2.752237548975245e-07,True
wood-multitask-final/data_processed/classification_crops/external_test/knot/oulu_000579_0001069.jpg,OULU-DET/I2GF-Net-Data/Oulu-Wood/JPEGImages/st1590.jpg,oulu,sound_knot,oulu:st1590,knot,knot,0.9999984502792358,9.714358384371735e-07,0.9999984502792358,6.22321010723681e-07,True
wood-multitask-final/data_processed/classification_crops/external_test/knot/oulu_000580_0001070.jpg,OULU-DET/I2GF-Net-Data/Oulu-Wood/JPEGImages/st1591.jpg,oulu,dry_knot,oulu:st1591,knot,knot,0.9999988079071045,1.145691953752248e-06,0.9999988079071045,7.198262819141377e-11,True
wood-multitask-final/data_processed/classification_crops/external_test/crack/oulu_000581_0001071.jpg,OULU-DET/I2GF-Net-Data/Oulu-Wood/JPEGImages/st1592.jpg,oulu,split,oulu:st1592,crack,knot,0.9823819994926453,0.01761534810066223,0.9823819994926453,2.7092505661130417e-06,False
wood-multitask-final/data_processed/classification_crops/external_test/knot/oulu_000581_0001072.jpg,OULU-DET/I2GF-Net-Data/Oulu-Wood/JPEGImages/st1592.jpg,oulu,dry_knot,oulu:st1592,knot,knot,0.8276219367980957,0.17237798869609833,0.8276219367980957,7.793750000928412e-08,True
wood-multitask-final/data_processed/classification_crops/external_test/knot/oulu_000582_0001073.jpg,OULU-DET/I2GF-Net-Data/Oulu-Wood/JPEGImages/st1593.jpg,oulu,moustache_knot,oulu:st1593,knot,knot,0.9981470108032227,0.0018528579967096448,0.9981470108032227,1.5362856231604383e-07,True
wood-multitask-final/data_processed/classification_crops/external_test/knot/oulu_000583_0001074.jpg,OULU-DET/I2GF-Net-Data/Oulu-Wood/JPEGImages/st1594.jpg,oulu,horn_knot,oulu:st1594,knot,crack,0.9996705055236816,0.9996705055236816,0.0003293868503533304,6.178323985750467e-08,False
wood-multitask-final/data_processed/classification_crops/external_test/crack/oulu_000584_0001075.jpg,OULU-DET/I2GF-Net-Data/Oulu-Wood/JPEGImages/st1595.jpg,oulu,split,oulu:st1595,crack,normal,0.9997944235801697,8.356876787729561e-05,0.00012198116019135341,0.9997944235801697,False
wood-multitask-final/data_processed/classification_crops/external_test/knot/oulu_000584_0001076.jpg,OULU-DET/I2GF-Net-Data/Oulu-Wood/JPEGImages/st1595.jpg,oulu,leaf_knot,oulu:st1595,knot,crack,0.9999738931655884,0.9999738931655884,2.6068664737977087e-05,3.760527791398481e-14,False
wood-multitask-final/data_processed/classification_crops/external_test/knot/oulu_000584_0001077.jpg,OULU-DET/I2GF-Net-Data/Oulu-Wood/JPEGImages/st1595.jpg,oulu,leaf_knot,oulu:st1595,knot,crack,0.9995402097702026,0.9995402097702026,0.0004598158411681652,2.5295150862802984e-08,False
wood-multitask-final/data_processed/classification_crops/external_test/crack/oulu_000585_0001078.jpg,OULU-DET/I2GF-Net-Data/Oulu-Wood/JPEGImages/st1596.jpg,oulu,split,oulu:st1596,crack,knot,0.9999985694885254,1.371061784993799e-06,0.9999985694885254,1.1287270597348797e-11,False
wood-multitask-final/data_processed/classification_crops/external_test/knot/oulu_000585_0001079.jpg,OULU-DET/I2GF-Net-Data/Oulu-Wood/JPEGImages/st1596.jpg,oulu,small_knot,oulu:st1596,knot,knot,0.9999485015869141,5.0138729420723394e-05,0.9999485015869141,1.270912775908073e-06,True
wood-multitask-final/data_processed/classification_crops/external_test/knot/oulu_000585_0001080.jpg,OULU-DET/I2GF-Net-Data/Oulu-Wood/JPEGImages/st1596.jpg,oulu,dry_knot,oulu:st1596,knot,knot,0.9999995231628418,5.025824520998867e-07,0.9999995231628418,2.064686199787502e-09,True
wood-multitask-final/data_processed/classification_crops/external_test/knot/oulu_000586_0001081.jpg,OULU-DET/I2GF-Net-Data/Oulu-Wood/JPEGImages/st1597.jpg,oulu,sound_knot,oulu:st1597,knot,knot,0.9999456405639648,5.4304277000483125e-05,0.9999456405639648,6.383447373123352e-13,True
wood-multitask-final/data_processed/classification_crops/external_test/crack/oulu_000586_0001082.jpg,OULU-DET/I2GF-Net-Data/Oulu-Wood/JPEGImages/st1597.jpg,oulu,split,oulu:st1597,crack,knot,0.9998911619186401,0.0001003494398901239,0.9998911619186401,8.448339940514416e-06,False
wood-multitask-final/data_processed/classification_crops/external_test/crack/oulu_000586_0001083.jpg,OULU-DET/I2GF-Net-Data/Oulu-Wood/JPEGImages/st1597.jpg,oulu,split,oulu:st1597,crack,knot,0.9992055296897888,0.0006798696122132242,0.9992055296897888,0.00011460371752036735,False
wood-multitask-final/data_processed/classification_crops/external_test/crack/oulu_000586_0001084.jpg,OULU-DET/I2GF-Net-Data/Oulu-Wood/JPEGImages/st1597.jpg,oulu,split,oulu:st1597,crack,knot,0.9999934434890747,6.54679024592042e-06,0.9999934434890747,7.274924412881134e-11,False
wood-multitask-final/data_processed/classification_crops/external_test/knot/oulu_000586_0001085.jpg,OULU-DET/I2GF-Net-Data/Oulu-Wood/JPEGImages/st1597.jpg,oulu,small_knot,oulu:st1597,knot,knot,0.9999994039535522,5.387013288782327e-07,0.9999994039535522,3.849417673507105e-09,True
wood-multitask-final/data_processed/classification_crops/external_test/crack/oulu_000587_0001086.jpg,OULU-DET/I2GF-Net-Data/Oulu-Wood/JPEGImages/st1598.jpg,oulu,split,oulu:st1598,crack,crack,0.9607319831848145,0.9607319831848145,0.039240725338459015,2.7362870241631754e-05,True
wood-multitask-final/data_processed/classification_crops/external_test/crack/oulu_000587_0001087.jpg,OULU-DET/I2GF-Net-Data/Oulu-Wood/JPEGImages/st1598.jpg,oulu,split,oulu:st1598,crack,crack,0.9299716353416443,0.9299716353416443,0.07002829760313034,6.290332521530217e-08,True
wood-multitask-final/data_processed/classification_crops/external_test/knot/oulu_000587_0001088.jpg,OULU-DET/I2GF-Net-Data/Oulu-Wood/JPEGImages/st1598.jpg,oulu,sound_knot,oulu:st1598,knot,crack,0.9726301431655884,0.9726301431655884,0.027347050607204437,2.2867665393278003e-05,False
wood-multitask-final/data_processed/classification_crops/external_test/crack/oulu_000587_0001089.jpg,OULU-DET/I2GF-Net-Data/Oulu-Wood/JPEGImages/st1598.jpg,oulu,split,oulu:st1598,crack,knot,0.9407076239585876,0.05866524949669838,0.9407076239585876,0.0006270997691899538,False
wood-multitask-final/data_processed/classification_crops/external_test/crack/oulu_000587_0001090.jpg,OULU-DET/I2GF-Net-Data/Oulu-Wood/JPEGImages/st1598.jpg,oulu,split,oulu:st1598,crack,knot,0.9999933242797852,6.5610902311163954e-06,0.9999933242797852,6.472188829320658e-08,False
wood-multitask-final/data_processed/classification_crops/external_test/crack/oulu_000588_0001091.jpg,OULU-DET/I2GF-Net-Data/Oulu-Wood/JPEGImages/st1599.jpg,oulu,split,oulu:st1599,crack,normal,0.9407402276992798,0.0016417199512943625,0.057618048042058945,0.9407402276992798,False
wood-multitask-final/data_processed/classification_crops/external_test/knot/oulu_000588_0001092.jpg,OULU-DET/I2GF-Net-Data/Oulu-Wood/JPEGImages/st1599.jpg,oulu,small_knot,oulu:st1599,knot,knot,0.9999992847442627,5.706763204216259e-07,0.9999992847442627,1.1175735181723212e-07,True
wood-multitask-final/data_processed/classification_crops/external_test/crack/oulu_000588_0001093.jpg,OULU-DET/I2GF-Net-Data/Oulu-Wood/JPEGImages/st1599.jpg,oulu,split,oulu:st1599,crack,knot,0.9993801116943359,0.000470953353215009,0.9993801116943359,0.00014895832282491028,False
wood-multitask-final/data_processed/classification_crops/external_test/crack/oulu_000588_0001094.jpg,OULU-DET/I2GF-Net-Data/Oulu-Wood/JPEGImages/st1599.jpg,oulu,split,oulu:st1599,crack,knot,0.9998888969421387,0.00011108344187960029,0.9998888969421387,3.00492564164756e-09,False
wood-multitask-final/data_processed/classification_crops/external_test/crack/oulu_000588_0001095.jpg,OULU-DET/I2GF-Net-Data/Oulu-Wood/JPEGImages/st1599.jpg,oulu,split,oulu:st1599,crack,knot,0.999858021736145,0.000133167312014848,0.999858021736145,8.849108780850656e-06,False
wood-multitask-final/data_processed/classification_crops/external_test/knot/oulu_000588_0001096.jpg,OULU-DET/I2GF-Net-Data/Oulu-Wood/JPEGImages/st1599.jpg,oulu,sound_knot,oulu:st1599,knot,knot,0.9993263483047485,0.0006735703791491687,0.9993263483047485,1.376209155523611e-07,True
wood-multitask-final/data_processed/classification_crops/external_test/knot/oulu_000588_0001097.jpg,OULU-DET/I2GF-Net-Data/Oulu-Wood/JPEGImages/st1599.jpg,oulu,dry_knot,oulu:st1599,knot,knot,0.9999949932098389,5.041780241299421e-06,0.9999949932098389,4.666305031264528e-08,True
wood-multitask-final/data_processed/classification_crops/external_test/crack/oulu_000589_0001098.jpg,OULU-DET/I2GF-Net-Data/Oulu-Wood/JPEGImages/st1600.jpg,oulu,split,oulu:st1600,crack,knot,0.9999830722808838,1.6902513380046003e-05,0.9999830722808838,6.007643826855258e-10,False
wood-multitask-final/data_processed/classification_crops/external_test/knot/oulu_000589_0001099.jpg,OULU-DET/I2GF-Net-Data/Oulu-Wood/JPEGImages/st1600.jpg,oulu,small_knot,oulu:st1600,knot,knot,0.9999735355377197,2.432200562907383e-05,0.9999735355377197,2.192124384237104e-06,True
wood-multitask-final/data_processed/classification_crops/external_test/knot/oulu_000589_0001100.jpg,OULU-DET/I2GF-Net-Data/Oulu-Wood/JPEGImages/st1600.jpg,oulu,dry_knot,oulu:st1600,knot,knot,0.9999996423721313,3.5588305991041125e-07,0.9999996423721313,8.579713328682459e-11,True
wood-multitask-final/data_processed/classification_crops/external_test/normal/oulu_000590_normal.jpg,OULU-DET/I2GF-Net-Data/Oulu-Wood/JPEGImages/st1601.jpg,oulu,verified_negative,oulu:st1601,normal,knot,0.9978965520858765,0.002099629957228899,0.9978965520858765,3.788615231314907e-06,False
wood-multitask-final/data_processed/classification_crops/external_test/knot/oulu_000591_0001101.jpg,OULU-DET/I2GF-Net-Data/Oulu-Wood/JPEGImages/st1602.jpg,oulu,dry_knot,oulu:st1602,knot,knot,0.9999990463256836,8.947251899371622e-07,0.9999990463256836,1.4236670509149008e-08,True
wood-multitask-final/data_processed/classification_crops/external_test/knot/oulu_000592_0001102.jpg,OULU-DET/I2GF-Net-Data/Oulu-Wood/JPEGImages/st1603.jpg,oulu,dry_knot,oulu:st1603,knot,knot,0.999981164932251,1.8863291188608855e-05,0.999981164932251,5.659596880036588e-08,True
wood-multitask-final/data_processed/classification_crops/external_test/knot/oulu_000593_0001103.jpg,OULU-DET/I2GF-Net-Data/Oulu-Wood/JPEGImages/st1604.jpg,oulu,edge_knot,oulu:st1604,knot,knot,0.6127039790153503,0.3849932849407196,0.6127039790153503,0.002302737906575203,True
wood-multitask-final/data_processed/classification_crops/external_test/knot/oulu_000594_0001104.jpg,OULU-DET/I2GF-Net-Data/Oulu-Wood/JPEGImages/st1605.jpg,oulu,edge_knot,oulu:st1605,knot,crack,0.9973805546760559,0.9973805546760559,0.0026181021239608526,1.3015501281188335e-06,False
wood-multitask-final/data_processed/classification_crops/external_test/knot/oulu_000595_0001105.jpg,OULU-DET/I2GF-Net-Data/Oulu-Wood/JPEGImages/st1606.jpg,oulu,edge_knot,oulu:st1606,knot,knot,0.9807126522064209,0.019277937710285187,0.9807126522064209,9.512243195786141e-06,True
wood-multitask-final/data_processed/classification_crops/external_test/knot/oulu_000596_0001106.jpg,OULU-DET/I2GF-Net-Data/Oulu-Wood/JPEGImages/st1607.jpg,oulu,sound_knot,oulu:st1607,knot,knot,0.9998354911804199,0.00016317343397531658,0.9998354911804199,1.3041915281064576e-06,True
wood-multitask-final/data_processed/classification_crops/external_test/knot/oulu_000596_0001107.jpg,OULU-DET/I2GF-Net-Data/Oulu-Wood/JPEGImages/st1607.jpg,oulu,dry_knot,oulu:st1607,knot,knot,0.9980610013008118,0.0019387432839721441,0.9980610013008118,2.152942073507802e-07,True
wood-multitask-final/data_processed/classification_crops/external_test/knot/oulu_000596_0001108.jpg,OULU-DET/I2GF-Net-Data/Oulu-Wood/JPEGImages/st1607.jpg,oulu,sound_knot,oulu:st1607,knot,knot,0.999792754650116,0.00020669966761488467,0.999792754650116,6.495991442534432e-07,True
wood-multitask-final/data_processed/classification_crops/external_test/knot/oulu_000597_0001109.jpg,OULU-DET/I2GF-Net-Data/Oulu-Wood/JPEGImages/st1608.jpg,oulu,encased_knot,oulu:st1608,knot,knot,0.9999524354934692,4.752675522468053e-05,0.9999524354934692,9.563687619618122e-10,True
wood-multitask-final/data_processed/classification_crops/external_test/knot/oulu_000597_0001110.jpg,OULU-DET/I2GF-Net-Data/Oulu-Wood/JPEGImages/st1608.jpg,oulu,small_knot,oulu:st1608,knot,knot,0.9999926090240479,7.435988209181232e-06,0.9999926090240479,1.5447470858021006e-08,True
wood-multitask-final/data_processed/classification_crops/external_test/knot/oulu_000598_0001111.jpg,OULU-DET/I2GF-Net-Data/Oulu-Wood/JPEGImages/st1609.jpg,oulu,dry_knot,oulu:st1609,knot,knot,0.9910202622413635,0.00897977501153946,0.9910202622413635,3.1805075906277125e-08,True
wood-multitask-final/data_processed/classification_crops/external_test/knot/oulu_000599_0001112.jpg,OULU-DET/I2GF-Net-Data/Oulu-Wood/JPEGImages/st1610.jpg,oulu,sound_knot,oulu:st1610,knot,knot,0.9999725818634033,2.7475729439174756e-05,0.9999725818634033,1.4052358388028097e-08,True
wood-multitask-final/data_processed/classification_crops/external_test/knot/oulu_000599_0001113.jpg,OULU-DET/I2GF-Net-Data/Oulu-Wood/JPEGImages/st1610.jpg,oulu,small_knot,oulu:st1610,knot,knot,0.9999998807907104,6.1336436374404e-08,0.9999998807907104,3.357273792303772e-09,True
wood-multitask-final/data_processed/classification_crops/external_test/knot/oulu_000599_0001114.jpg,OULU-DET/I2GF-Net-Data/Oulu-Wood/JPEGImages/st1610.jpg,oulu,dry_knot,oulu:st1610,knot,knot,0.9995951056480408,0.00040485800127498806,0.9995951056480408,2.2840795921297286e-08,True
wood-multitask-final/data_processed/classification_crops/external_test/knot/oulu_000600_0001115.jpg,OULU-DET/I2GF-Net-Data/Oulu-Wood/JPEGImages/st1611.jpg,oulu,dry_knot,oulu:st1611,knot,knot,0.999997615814209,2.40657277572609e-06,0.999997615814209,1.9094403141961536e-11,True
wood-multitask-final/data_processed/classification_crops/external_test/knot/oulu_000600_0001116.jpg,OULU-DET/I2GF-Net-Data/Oulu-Wood/JPEGImages/st1611.jpg,oulu,sound_knot,oulu:st1611,knot,knot,0.9998346567153931,0.00016428377421107143,0.9998346567153931,1.1264502290941891e-06,True
wood-multitask-final/data_processed/classification_crops/external_test/knot/oulu_000601_0001117.jpg,OULU-DET/I2GF-Net-Data/Oulu-Wood/JPEGImages/st1612.jpg,oulu,sound_knot,oulu:st1612,knot,knot,0.9999904632568359,9.06427430891199e-06,0.9999904632568359,4.566101949876611e-07,True
wood-multitask-final/data_processed/classification_crops/external_test/knot/oulu_000601_0001118.jpg,OULU-DET/I2GF-Net-Data/Oulu-Wood/JPEGImages/st1612.jpg,oulu,sound_knot,oulu:st1612,knot,knot,0.9999967813491821,1.7382897112838691e-06,0.9999967813491821,1.3938116580902715e-06,True
wood-multitask-final/data_processed/classification_crops/external_test/knot/oulu_000601_0001119.jpg,OULU-DET/I2GF-Net-Data/Oulu-Wood/JPEGImages/st1612.jpg,oulu,dry_knot,oulu:st1612,knot,knot,0.9999788999557495,2.1155978174647316e-05,0.9999788999557495,6.784942607751532e-10,True
wood-multitask-final/data_processed/classification_crops/external_test/knot/oulu_000602_0001120.jpg,OULU-DET/I2GF-Net-Data/Oulu-Wood/JPEGImages/st1613.jpg,oulu,sound_knot,oulu:st1613,knot,knot,0.9994351267814636,0.0005520115373656154,0.9994351267814636,1.291806165681919e-05,True
wood-multitask-final/data_processed/classification_crops/external_test/knot/oulu_000602_0001121.jpg,OULU-DET/I2GF-Net-Data/Oulu-Wood/JPEGImages/st1613.jpg,oulu,sound_knot,oulu:st1613,knot,knot,0.9772720336914062,0.0062049319967627525,0.9772720336914062,0.016523027792572975,True
wood-multitask-final/data_processed/classification_crops/external_test/knot/oulu_000603_0001122.jpg,OULU-DET/I2GF-Net-Data/Oulu-Wood/JPEGImages/st1614.jpg,oulu,sound_knot,oulu:st1614,knot,knot,0.9999749660491943,2.398225842625834e-05,0.9999749660491943,1.050461150953197e-06,True
wood-multitask-final/data_processed/classification_crops/external_test/knot/oulu_000604_0001123.jpg,OULU-DET/I2GF-Net-Data/Oulu-Wood/JPEGImages/st1615.jpg,oulu,sound_knot,oulu:st1615,knot,crack,0.9980944991111755,0.9980944991111755,0.001895891036838293,9.68543372437125e-06,False
wood-multitask-final/data_processed/classification_crops/external_test/knot/oulu_000605_0001124.jpg,OULU-DET/I2GF-Net-Data/Oulu-Wood/JPEGImages/st1616.jpg,oulu,sound_knot,oulu:st1616,knot,knot,0.6095390915870667,0.39045852422714233,0.6095390915870667,2.422007582936203e-06,True
wood-multitask-final/data_processed/classification_crops/external_test/knot/oulu_000605_0001125.jpg,OULU-DET/I2GF-Net-Data/Oulu-Wood/JPEGImages/st1616.jpg,oulu,sound_knot,oulu:st1616,knot,crack,0.834649384021759,0.834649384021759,0.16534972190856934,9.247513048649125e-07,False
wood-multitask-final/data_processed/classification_crops/external_test/knot/oulu_000606_0001126.jpg,OULU-DET/I2GF-Net-Data/Oulu-Wood/JPEGImages/st1617.jpg,oulu,small_knot,oulu:st1617,knot,crack,0.6271280646324158,0.6271280646324158,0.37286871671676636,3.1810454856895376e-06,False
wood-multitask-final/data_processed/classification_crops/external_test/knot/oulu_000606_0001127.jpg,OULU-DET/I2GF-Net-Data/Oulu-Wood/JPEGImages/st1617.jpg,oulu,small_knot,oulu:st1617,knot,knot,0.9999998807907104,1.5501871075684903e-07,0.9999998807907104,1.0374855641259728e-08,True
wood-multitask-final/data_processed/classification_crops/external_test/knot/oulu_000606_0001128.jpg,OULU-DET/I2GF-Net-Data/Oulu-Wood/JPEGImages/st1617.jpg,oulu,leaf_knot,oulu:st1617,knot,knot,0.999948263168335,4.833506318391301e-05,0.999948263168335,3.5039654449064983e-06,True
wood-multitask-final/data_processed/classification_crops/external_test/knot/oulu_000606_0001129.jpg,OULU-DET/I2GF-Net-Data/Oulu-Wood/JPEGImages/st1617.jpg,oulu,leaf_knot,oulu:st1617,knot,knot,0.9202109575271606,0.07978657633066177,0.9202109575271606,2.5280410227424e-06,True
wood-multitask-final/data_processed/classification_crops/external_test/knot/oulu_000607_0001130.jpg,OULU-DET/I2GF-Net-Data/Oulu-Wood/JPEGImages/st1618.jpg,oulu,small_knot,oulu:st1618,knot,crack,0.918630063533783,0.918630063533783,0.08136966079473495,3.631583638252778e-07,False
wood-multitask-final/data_processed/classification_crops/external_test/knot/oulu_000607_0001131.jpg,OULU-DET/I2GF-Net-Data/Oulu-Wood/JPEGImages/st1618.jpg,oulu,small_knot,oulu:st1618,knot,knot,0.7953060865402222,0.2044367790222168,0.7953060865402222,0.00025708830798976123,True
wood-multitask-final/data_processed/classification_crops/external_test/knot/oulu_000607_0001132.jpg,OULU-DET/I2GF-Net-Data/Oulu-Wood/JPEGImages/st1618.jpg,oulu,small_knot,oulu:st1618,knot,knot,0.9999994039535522,5.617913529931684e-07,0.9999994039535522,2.7546793290866844e-08,True
wood-multitask-final/data_processed/classification_crops/external_test/knot/oulu_000609_0001133.jpg,OULU-DET/I2GF-Net-Data/Oulu-Wood/JPEGImages/st1620.jpg,oulu,sound_knot,oulu:st1620,knot,knot,0.9999086856842041,9.117356967180967e-05,0.9999086856842041,6.831452736832944e-08,True
wood-multitask-final/data_processed/classification_crops/external_test/knot/oulu_000610_0001134.jpg,OULU-DET/I2GF-Net-Data/Oulu-Wood/JPEGImages/st1621.jpg,oulu,sound_knot,oulu:st1621,knot,knot,0.9979389309883118,0.0020596077665686607,0.9979389309883118,1.4473042710960726e-06,True
wood-multitask-final/data_processed/classification_crops/external_test/knot/oulu_000611_0001135.jpg,OULU-DET/I2GF-Net-Data/Oulu-Wood/JPEGImages/st1622.jpg,oulu,knot_hole,oulu:st1622,knot,crack,0.9999302625656128,0.9999302625656128,6.973837298573926e-05,3.451632590856235e-10,False
wood-multitask-final/data_processed/classification_crops/external_test/knot/oulu_000611_0001136.jpg,OULU-DET/I2GF-Net-Data/Oulu-Wood/JPEGImages/st1622.jpg,oulu,encased_knot,oulu:st1622,knot,crack,0.9579154253005981,0.9579154253005981,0.042084433138370514,1.4414906956972118e-07,False
wood-multitask-final/data_processed/classification_crops/external_test/knot/oulu_000611_0001137.jpg,OULU-DET/I2GF-Net-Data/Oulu-Wood/JPEGImages/st1622.jpg,oulu,encased_knot,oulu:st1622,knot,crack,0.9999959468841553,0.9999959468841553,4.100396381545579e-06,1.6941375385881585e-11,False
wood-multitask-final/data_processed/classification_crops/external_test/knot/oulu_000612_0001138.jpg,OULU-DET/I2GF-Net-Data/Oulu-Wood/JPEGImages/st1623.jpg,oulu,edge_knot,oulu:st1623,knot,knot,0.9930872321128845,0.006912657059729099,0.9930872321128845,1.602674046807806e-07,True
wood-multitask-final/data_processed/classification_crops/external_test/knot/oulu_000613_0001139.jpg,OULU-DET/I2GF-Net-Data/Oulu-Wood/JPEGImages/st1624.jpg,oulu,sound_knot,oulu:st1624,knot,knot,0.9999939203262329,5.850647994520841e-06,0.9999939203262329,2.4275965415654355e-07,True
wood-multitask-final/data_processed/classification_crops/external_test/knot/oulu_000613_0001140.jpg,OULU-DET/I2GF-Net-Data/Oulu-Wood/JPEGImages/st1624.jpg,oulu,sound_knot,oulu:st1624,knot,knot,0.9999985694885254,3.9193338352561113e-07,0.9999985694885254,1.1053876960431808e-06,True
wood-multitask-final/data_processed/classification_crops/external_test/knot/oulu_000614_0001141.jpg,OULU-DET/I2GF-Net-Data/Oulu-Wood/JPEGImages/st1625.jpg,oulu,sound_knot,oulu:st1625,knot,knot,0.9999344348907471,2.161128395528067e-05,0.9999344348907471,4.3955362343695015e-05,True
wood-multitask-final/data_processed/classification_crops/external_test/knot/oulu_000614_0001142.jpg,OULU-DET/I2GF-Net-Data/Oulu-Wood/JPEGImages/st1625.jpg,oulu,sound_knot,oulu:st1625,knot,knot,0.9999334812164307,7.991860002221074e-06,0.9999334812164307,5.8471792726777494e-05,True
wood-multitask-final/data_processed/classification_crops/external_test/knot/oulu_000614_0001143.jpg,OULU-DET/I2GF-Net-Data/Oulu-Wood/JPEGImages/st1625.jpg,oulu,sound_knot,oulu:st1625,knot,knot,0.9999831914901733,1.356912252958864e-05,0.9999831914901733,3.2559712508373195e-06,True
wood-multitask-final/data_processed/classification_crops/external_test/knot/oulu_000615_0001144.jpg,OULU-DET/I2GF-Net-Data/Oulu-Wood/JPEGImages/st1626.jpg,oulu,edge_knot,oulu:st1626,knot,knot,0.9999985694885254,1.449262754249503e-06,0.9999985694885254,4.211748461102616e-08,True
wood-multitask-final/data_processed/classification_crops/external_test/knot/oulu_000615_0001145.jpg,OULU-DET/I2GF-Net-Data/Oulu-Wood/JPEGImages/st1626.jpg,oulu,decayed_knot,oulu:st1626,knot,knot,0.999998927116394,9.10247024421551e-07,0.999998927116394,8.195684841894035e-08,True
wood-multitask-final/data_processed/classification_crops/external_test/knot/oulu_000615_0001146.jpg,OULU-DET/I2GF-Net-Data/Oulu-Wood/JPEGImages/st1626.jpg,oulu,edge_knot,oulu:st1626,knot,knot,0.9921672940254211,0.007832657545804977,0.9921672940254211,1.2228841050898609e-08,True
wood-multitask-final/data_processed/classification_crops/external_test/knot/oulu_000616_0001147.jpg,OULU-DET/I2GF-Net-Data/Oulu-Wood/JPEGImages/st1627.jpg,oulu,edge_knot,oulu:st1627,knot,knot,0.999998927116394,9.54353822635312e-07,0.999998927116394,9.0493642801448e-08,True
wood-multitask-final/data_processed/classification_crops/external_test/knot/oulu_000616_0001148.jpg,OULU-DET/I2GF-Net-Data/Oulu-Wood/JPEGImages/st1627.jpg,oulu,edge_knot,oulu:st1627,knot,knot,0.9950439929962158,0.0049559432081878185,0.9950439929962158,4.2653873322251457e-08,True
wood-multitask-final/data_processed/classification_crops/external_test/knot/oulu_000620_0001149.jpg,OULU-DET/I2GF-Net-Data/Oulu-Wood/JPEGImages/st1631.jpg,oulu,sound_knot,oulu:st1631,knot,crack,0.5998362898826599,0.5998362898826599,0.4001275599002838,3.61251259164419e-05,False
wood-multitask-final/data_processed/classification_crops/external_test/knot/oulu_000620_0001150.jpg,OULU-DET/I2GF-Net-Data/Oulu-Wood/JPEGImages/st1631.jpg,oulu,dry_knot,oulu:st1631,knot,crack,0.6733801960945129,0.6733801960945129,0.3266189396381378,9.011757242660678e-07,False
wood-multitask-final/data_processed/classification_crops/external_test/knot/oulu_000621_0001151.jpg,OULU-DET/I2GF-Net-Data/Oulu-Wood/JPEGImages/st1632.jpg,oulu,dry_knot,oulu:st1632,knot,knot,0.9939627051353455,0.006037105806171894,0.9939627051353455,1.7380428118940472e-07,True
wood-multitask-final/data_processed/classification_crops/external_test/knot/oulu_000622_0001152.jpg,OULU-DET/I2GF-Net-Data/Oulu-Wood/JPEGImages/st1633.jpg,oulu,sound_knot,oulu:st1633,knot,crack,0.8836062550544739,0.8836062550544739,0.11628223210573196,0.0001113993494072929,False
wood-multitask-final/data_processed/classification_crops/external_test/knot/oulu_000623_0001153.jpg,OULU-DET/I2GF-Net-Data/Oulu-Wood/JPEGImages/st1634.jpg,oulu,sound_knot,oulu:st1634,knot,knot,0.999927282333374,4.046193862450309e-05,0.999927282333374,3.226362241548486e-05,True
wood-multitask-final/data_processed/classification_crops/external_test/knot/oulu_000624_0001154.jpg,OULU-DET/I2GF-Net-Data/Oulu-Wood/JPEGImages/st1635.jpg,oulu,sound_knot,oulu:st1635,knot,knot,0.9998921155929565,0.00010750810179160908,0.9998921155929565,4.146181993291975e-07,True
wood-multitask-final/data_processed/classification_crops/external_test/knot/oulu_000625_0001155.jpg,OULU-DET/I2GF-Net-Data/Oulu-Wood/JPEGImages/st1636.jpg,oulu,dry_knot,oulu:st1636,knot,knot,0.9999974966049194,2.542421725593158e-06,0.9999974966049194,3.1963764968168107e-10,True
wood-multitask-final/data_processed/classification_crops/external_test/knot/oulu_000625_0001156.jpg,OULU-DET/I2GF-Net-Data/Oulu-Wood/JPEGImages/st1636.jpg,oulu,sound_knot,oulu:st1636,knot,knot,0.9994398951530457,0.0005588586209341884,0.9994398951530457,1.1861432085424894e-06,True
wood-multitask-final/data_processed/classification_crops/external_test/knot/oulu_000626_0001157.jpg,OULU-DET/I2GF-Net-Data/Oulu-Wood/JPEGImages/st1637.jpg,oulu,dry_knot,oulu:st1637,knot,crack,0.9997788071632385,0.9997788071632385,0.0002212439721915871,1.2108557490009275e-09,False
wood-multitask-final/data_processed/classification_crops/external_test/normal/oulu_000628_normal.jpg,OULU-DET/I2GF-Net-Data/Oulu-Wood/JPEGImages/st1639.jpg,oulu,verified_negative,oulu:st1639,normal,crack,0.9999198913574219,0.9999198913574219,8.011191675905138e-05,6.6495524642107284e-09,False
wood-multitask-final/data_processed/classification_crops/external_test/knot/oulu_000629_0001158.jpg,OULU-DET/I2GF-Net-Data/Oulu-Wood/JPEGImages/st1640.jpg,oulu,knot_hole,oulu:st1640,knot,crack,0.9686594009399414,0.9686594009399414,0.031339582055807114,9.887634178085136e-07,False
wood-multitask-final/data_processed/classification_crops/external_test/knot/oulu_000630_0001159.jpg,OULU-DET/I2GF-Net-Data/Oulu-Wood/JPEGImages/st1641.jpg,oulu,dry_knot,oulu:st1641,knot,knot,0.8848302960395813,0.11516889184713364,0.8848302960395813,7.969545094965724e-07,True
wood-multitask-final/data_processed/classification_crops/external_test/knot/oulu_000631_0001160.jpg,OULU-DET/I2GF-Net-Data/Oulu-Wood/JPEGImages/st1642.jpg,oulu,dry_knot,oulu:st1642,knot,crack,0.9855108261108398,0.9855108261108398,0.01448760274797678,1.5724508557468653e-06,False
wood-multitask-final/data_processed/classification_crops/external_test/knot/oulu_000633_0001161.jpg,OULU-DET/I2GF-Net-Data/Oulu-Wood/JPEGImages/st1644.jpg,oulu,horn_knot,oulu:st1644,knot,knot,0.8187357783317566,0.18126419186592102,0.8187357783317566,4.681971432773935e-08,True
wood-multitask-final/data_processed/classification_crops/external_test/knot/oulu_000633_0001162.jpg,OULU-DET/I2GF-Net-Data/Oulu-Wood/JPEGImages/st1644.jpg,oulu,horn_knot,oulu:st1644,knot,crack,0.7314479947090149,0.7314479947090149,0.2685519754886627,2.5124631264361597e-09,False
wood-multitask-final/data_processed/classification_crops/external_test/knot/oulu_000635_0001163.jpg,OULU-DET/I2GF-Net-Data/Oulu-Wood/JPEGImages/st1646.jpg,oulu,small_knot,oulu:st1646,knot,knot,0.999995231628418,4.717013780464185e-06,0.999995231628418,1.0371912217976842e-09,True
wood-multitask-final/data_processed/classification_crops/external_test/knot/oulu_000635_0001164.jpg,OULU-DET/I2GF-Net-Data/Oulu-Wood/JPEGImages/st1646.jpg,oulu,sound_knot,oulu:st1646,knot,knot,0.9999983310699463,6.303042709987494e-07,0.9999983310699463,1.1029466122636222e-06,True
wood-multitask-final/data_processed/classification_crops/external_test/knot/oulu_000635_0001165.jpg,OULU-DET/I2GF-Net-Data/Oulu-Wood/JPEGImages/st1646.jpg,oulu,sound_knot,oulu:st1646,knot,knot,0.9998891353607178,5.7602090237196535e-05,0.9998891353607178,5.325940946931951e-05,True
wood-multitask-final/data_processed/classification_crops/external_test/knot/oulu_000635_0001166.jpg,OULU-DET/I2GF-Net-Data/Oulu-Wood/JPEGImages/st1646.jpg,oulu,edge_knot,oulu:st1646,knot,knot,0.9917201995849609,0.008274855092167854,0.9917201995849609,5.024132406106219e-06,True
wood-multitask-final/data_processed/classification_crops/external_test/crack/oulu_000636_0001167.jpg,OULU-DET/I2GF-Net-Data/Oulu-Wood/JPEGImages/st1647.jpg,oulu,split,oulu:st1647,crack,crack,0.536230742931366,0.536230742931366,0.46376198530197144,7.292517693713307e-06,True
wood-multitask-final/data_processed/classification_crops/external_test/knot/oulu_000636_0001168.jpg,OULU-DET/I2GF-Net-Data/Oulu-Wood/JPEGImages/st1647.jpg,oulu,sound_knot,oulu:st1647,knot,knot,0.9999998807907104,5.454751317301998e-08,0.9999998807907104,9.56309378352671e-08,True
wood-multitask-final/data_processed/classification_crops/external_test/knot/oulu_000636_0001169.jpg,OULU-DET/I2GF-Net-Data/Oulu-Wood/JPEGImages/st1647.jpg,oulu,small_knot,oulu:st1647,knot,knot,0.999992847442627,7.095657679201395e-07,0.999992847442627,6.39886957287672e-06,True
wood-multitask-final/data_processed/classification_crops/external_test/knot/oulu_000636_0001170.jpg,OULU-DET/I2GF-Net-Data/Oulu-Wood/JPEGImages/st1647.jpg,oulu,encased_knot,oulu:st1647,knot,knot,0.9998958110809326,9.459051216254011e-05,0.9998958110809326,9.577303899277467e-06,True
wood-multitask-final/data_processed/classification_crops/external_test/crack/oulu_000638_0001171.jpg,OULU-DET/I2GF-Net-Data/Oulu-Wood/JPEGImages/st1649.jpg,oulu,split,oulu:st1649,crack,crack,0.99994957447052,0.99994957447052,5.038588278694078e-05,4.356423222162675e-09,True
wood-multitask-final/data_processed/classification_crops/external_test/crack/oulu_000638_0001172.jpg,OULU-DET/I2GF-Net-Data/Oulu-Wood/JPEGImages/st1649.jpg,oulu,split,oulu:st1649,crack,knot,0.9641571640968323,0.03584283962845802,0.9641571640968323,1.000896934777451e-11,False
wood-multitask-final/data_processed/classification_crops/external_test/crack/oulu_000639_0001173.jpg,OULU-DET/I2GF-Net-Data/Oulu-Wood/JPEGImages/st1650.jpg,oulu,split,oulu:st1650,crack,knot,0.785133421421051,0.21486565470695496,0.785133421421051,9.434258458895783e-07,False
wood-multitask-final/data_processed/classification_crops/external_test/crack/oulu_000639_0001174.jpg,OULU-DET/I2GF-Net-Data/Oulu-Wood/JPEGImages/st1650.jpg,oulu,split,oulu:st1650,crack,crack,0.8974295854568481,0.8974295854568481,0.10257048904895782,9.479629525799282e-09,True
wood-multitask-final/data_processed/classification_crops/external_test/knot/oulu_000640_0001175.jpg,OULU-DET/I2GF-Net-Data/Oulu-Wood/JPEGImages/st1651.jpg,oulu,encased_knot,oulu:st1651,knot,crack,0.9043518900871277,0.9043518900871277,0.09564365446567535,4.391709808260202e-06,False
wood-multitask-final/data_processed/classification_crops/external_test/crack/oulu_000640_0001176.jpg,OULU-DET/I2GF-Net-Data/Oulu-Wood/JPEGImages/st1651.jpg,oulu,split,oulu:st1651,crack,knot,1.0,4.312873169709519e-09,1.0,1.1240082642416382e-08,False
wood-multitask-final/data_processed/classification_crops/external_test/crack/oulu_000641_0001177.jpg,OULU-DET/I2GF-Net-Data/Oulu-Wood/JPEGImages/st1652.jpg,oulu,split,oulu:st1652,crack,knot,0.9327460527420044,0.017212510108947754,0.9327460527420044,0.050041429698467255,False
wood-multitask-final/data_processed/classification_crops/external_test/knot/oulu_000641_0001178.jpg,OULU-DET/I2GF-Net-Data/Oulu-Wood/JPEGImages/st1652.jpg,oulu,small_knot,oulu:st1652,knot,crack,0.7231543660163879,0.7231543660163879,0.27684271335601807,2.9504790290957317e-06,False
wood-multitask-final/data_processed/classification_crops/external_test/knot/oulu_000641_0001179.jpg,OULU-DET/I2GF-Net-Data/Oulu-Wood/JPEGImages/st1652.jpg,oulu,leaf_knot,oulu:st1652,knot,knot,0.9743444919586182,0.0006771822809241712,0.9743444919586182,0.0249783918261528,True
wood-multitask-final/data_processed/classification_crops/external_test/knot/oulu_000641_0001180.jpg,OULU-DET/I2GF-Net-Data/Oulu-Wood/JPEGImages/st1652.jpg,oulu,small_knot,oulu:st1652,knot,knot,0.7237282395362854,0.27623799443244934,0.7237282395362854,3.381064743734896e-05,True
wood-multitask-final/data_processed/classification_crops/external_test/knot/oulu_000642_0001181.jpg,OULU-DET/I2GF-Net-Data/Oulu-Wood/JPEGImages/st1653.jpg,oulu,dry_knot,oulu:st1653,knot,crack,0.9999946355819702,0.9999946355819702,5.389122634369414e-06,3.023072243923952e-12,False
wood-multitask-final/data_processed/classification_crops/external_test/knot/oulu_000644_0001182.jpg,OULU-DET/I2GF-Net-Data/Oulu-Wood/JPEGImages/st1655.jpg,oulu,dry_knot,oulu:st1655,knot,crack,0.5786945819854736,0.5786945819854736,0.42130520939826965,2.187057788205493e-07,False
wood-multitask-final/data_processed/classification_crops/external_test/crack/oulu_000645_0001183.jpg,OULU-DET/I2GF-Net-Data/Oulu-Wood/JPEGImages/st1656.jpg,oulu,split,oulu:st1656,crack,knot,0.7059623003005981,0.294037789106369,0.7059623003005981,1.6516291372753455e-13,False
wood-multitask-final/data_processed/classification_crops/external_test/crack/oulu_000645_0001184.jpg,OULU-DET/I2GF-Net-Data/Oulu-Wood/JPEGImages/st1656.jpg,oulu,split,oulu:st1656,crack,crack,0.9988962411880493,0.9988962411880493,0.0011037581134587526,2.2298641155771293e-08,True
wood-multitask-final/data_processed/classification_crops/external_test/crack/oulu_000645_0001185.jpg,OULU-DET/I2GF-Net-Data/Oulu-Wood/JPEGImages/st1656.jpg,oulu,split,oulu:st1656,crack,crack,0.998094379901886,0.998094379901886,0.0019056267337873578,2.2199919680332414e-09,True
wood-multitask-final/data_processed/classification_crops/external_test/crack/oulu_000645_0001186.jpg,OULU-DET/I2GF-Net-Data/Oulu-Wood/JPEGImages/st1656.jpg,oulu,split,oulu:st1656,crack,crack,0.9999972581863403,0.9999972581863403,2.7678904643835267e-06,2.3933083292959623e-10,True
wood-multitask-final/data_processed/classification_crops/external_test/crack/oulu_000645_0001187.jpg,OULU-DET/I2GF-Net-Data/Oulu-Wood/JPEGImages/st1656.jpg,oulu,split,oulu:st1656,crack,crack,0.9998157620429993,0.9998157620429993,0.000184291711775586,3.4755316680179504e-11,True
wood-multitask-final/data_processed/classification_crops/external_test/crack/oulu_000645_0001188.jpg,OULU-DET/I2GF-Net-Data/Oulu-Wood/JPEGImages/st1656.jpg,oulu,split,oulu:st1656,crack,crack,0.8253213763237,0.8253213763237,0.1746784746646881,1.036941981169548e-07,True
wood-multitask-final/data_processed/classification_crops/external_test/crack/oulu_000645_0001189.jpg,OULU-DET/I2GF-Net-Data/Oulu-Wood/JPEGImages/st1656.jpg,oulu,split,oulu:st1656,crack,crack,0.8415867686271667,0.8415867686271667,0.15841315686702728,5.760125532106031e-08,True
wood-multitask-final/data_processed/classification_crops/external_test/crack/oulu_000645_0001190.jpg,OULU-DET/I2GF-Net-Data/Oulu-Wood/JPEGImages/st1656.jpg,oulu,split,oulu:st1656,crack,crack,0.9994845390319824,0.9994845390319824,0.0005153744714334607,1.3547965700688724e-11,True
wood-multitask-final/data_processed/classification_crops/external_test/crack/oulu_000646_0001191.jpg,OULU-DET/I2GF-Net-Data/Oulu-Wood/JPEGImages/st1657.jpg,oulu,split,oulu:st1657,crack,crack,0.9530232548713684,0.9530232548713684,0.04697660729289055,1.4259147462780675e-07,True
wood-multitask-final/data_processed/classification_crops/external_test/crack/oulu_000646_0001192.jpg,OULU-DET/I2GF-Net-Data/Oulu-Wood/JPEGImages/st1657.jpg,oulu,split,oulu:st1657,crack,crack,0.9999873638153076,0.9999873638153076,1.2692695236182772e-05,2.7777034145026747e-11,True
wood-multitask-final/data_processed/classification_crops/external_test/crack/oulu_000646_0001193.jpg,OULU-DET/I2GF-Net-Data/Oulu-Wood/JPEGImages/st1657.jpg,oulu,split,oulu:st1657,crack,crack,0.9856290221214294,0.9856290221214294,0.014370922930538654,7.373051058578994e-10,True
wood-multitask-final/data_processed/classification_crops/external_test/crack/oulu_000646_0001194.jpg,OULU-DET/I2GF-Net-Data/Oulu-Wood/JPEGImages/st1657.jpg,oulu,split,oulu:st1657,crack,crack,0.9999837875366211,0.9999837875366211,1.62177730089752e-05,2.8953546157839405e-11,True
wood-multitask-final/data_processed/classification_crops/external_test/crack/oulu_000646_0001195.jpg,OULU-DET/I2GF-Net-Data/Oulu-Wood/JPEGImages/st1657.jpg,oulu,split,oulu:st1657,crack,crack,0.9999971389770508,0.9999971389770508,2.8791660042770673e-06,1.7187454584566275e-11,True
wood-multitask-final/data_processed/classification_crops/external_test/crack/oulu_000646_0001196.jpg,OULU-DET/I2GF-Net-Data/Oulu-Wood/JPEGImages/st1657.jpg,oulu,split,oulu:st1657,crack,crack,0.9747159481048584,0.9747159481048584,0.025284087285399437,1.2694607587349083e-09,True
wood-multitask-final/data_processed/classification_crops/external_test/crack/oulu_000646_0001197.jpg,OULU-DET/I2GF-Net-Data/Oulu-Wood/JPEGImages/st1657.jpg,oulu,split,oulu:st1657,crack,crack,0.9984423518180847,0.9984423518180847,0.001557685318402946,1.6273080105655424e-10,True
wood-multitask-final/data_processed/classification_crops/external_test/crack/oulu_000646_0001198.jpg,OULU-DET/I2GF-Net-Data/Oulu-Wood/JPEGImages/st1657.jpg,oulu,split,oulu:st1657,crack,crack,0.9999990463256836,0.9999990463256836,1.0030495332102873e-06,2.6126063534803734e-09,True
wood-multitask-final/data_processed/classification_crops/external_test/crack/oulu_000646_0001199.jpg,OULU-DET/I2GF-Net-Data/Oulu-Wood/JPEGImages/st1657.jpg,oulu,split,oulu:st1657,crack,crack,0.9999815225601196,0.9999815225601196,1.850677654147148e-05,8.087027936198865e-09,True
wood-multitask-final/data_processed/classification_crops/external_test/crack/oulu_000646_0001200.jpg,OULU-DET/I2GF-Net-Data/Oulu-Wood/JPEGImages/st1657.jpg,oulu,split,oulu:st1657,crack,crack,0.9999974966049194,0.9999974966049194,2.4766818569332827e-06,1.32958802388089e-12,True
wood-multitask-final/data_processed/classification_crops/external_test/crack/oulu_000646_0001201.jpg,OULU-DET/I2GF-Net-Data/Oulu-Wood/JPEGImages/st1657.jpg,oulu,split,oulu:st1657,crack,crack,0.9999648332595825,0.9999648332595825,3.5161265259375796e-05,6.410437502005206e-13,True
wood-multitask-final/data_processed/classification_crops/external_test/crack/oulu_000646_0001202.jpg,OULU-DET/I2GF-Net-Data/Oulu-Wood/JPEGImages/st1657.jpg,oulu,split,oulu:st1657,crack,crack,0.9943029880523682,0.9943029880523682,0.005697019398212433,2.4820035804395957e-08,True
wood-multitask-final/data_processed/classification_crops/external_test/crack/oulu_000646_0001203.jpg,OULU-DET/I2GF-Net-Data/Oulu-Wood/JPEGImages/st1657.jpg,oulu,split,oulu:st1657,crack,crack,0.8459887504577637,0.8459887504577637,0.15401120483875275,8.657631944686273e-09,True
wood-multitask-final/data_processed/classification_crops/external_test/crack/oulu_000646_0001204.jpg,OULU-DET/I2GF-Net-Data/Oulu-Wood/JPEGImages/st1657.jpg,oulu,split,oulu:st1657,crack,crack,0.9995624423027039,0.9995624423027039,0.0004375247226562351,1.0349040201196313e-11,True
wood-multitask-final/data_processed/classification_crops/external_test/normal/oulu_000647_normal.jpg,OULU-DET/I2GF-Net-Data/Oulu-Wood/JPEGImages/st1658.jpg,oulu,verified_negative,oulu:st1658,normal,knot,0.9988685846328735,0.0010988994035869837,0.9988685846328735,3.2536874641664326e-05,False
wood-multitask-final/data_processed/classification_crops/external_test/normal/oulu_000648_normal.jpg,OULU-DET/I2GF-Net-Data/Oulu-Wood/JPEGImages/st1659.jpg,oulu,verified_negative,oulu:st1659,normal,knot,0.9995394945144653,0.0004584721173159778,0.9995394945144653,2.031432131843758e-06,False
wood-multitask-final/data_processed/classification_crops/external_test/normal/oulu_000649_normal.jpg,OULU-DET/I2GF-Net-Data/Oulu-Wood/JPEGImages/st1660.jpg,oulu,verified_negative,oulu:st1660,normal,crack,0.9221270084381104,0.9221270084381104,0.07502336800098419,0.0028496042359620333,False
wood-multitask-final/data_processed/classification_crops/external_test/knot/oulu_000650_0001205.jpg,OULU-DET/I2GF-Net-Data/Oulu-Wood/JPEGImages/st1661.jpg,oulu,encased_knot,oulu:st1661,knot,knot,0.9999897480010986,1.029051509249257e-05,0.9999897480010986,5.3319548776187276e-09,True
wood-multitask-final/data_processed/classification_crops/external_test/knot/oulu_000651_0001206.jpg,OULU-DET/I2GF-Net-Data/Oulu-Wood/JPEGImages/st1662.jpg,oulu,dry_knot,oulu:st1662,knot,knot,0.999996542930603,3.368961642991053e-06,0.999996542930603,1.2268668569959118e-07,True
wood-multitask-final/data_processed/classification_crops/external_test/knot/oulu_000652_0001207.jpg,OULU-DET/I2GF-Net-Data/Oulu-Wood/JPEGImages/st1663.jpg,oulu,decayed_knot,oulu:st1663,knot,knot,0.999229907989502,0.0007699202396906912,0.999229907989502,1.7834791776749626e-07,True
wood-multitask-final/data_processed/classification_crops/external_test/knot/oulu_000653_0001208.jpg,OULU-DET/I2GF-Net-Data/Oulu-Wood/JPEGImages/st1664.jpg,oulu,edge_knot,oulu:st1664,knot,knot,0.8706049919128418,0.12939462065696716,0.8706049919128418,4.390934407183522e-07,True
wood-multitask-final/data_processed/classification_crops/external_test/knot/oulu_000654_0001209.jpg,OULU-DET/I2GF-Net-Data/Oulu-Wood/JPEGImages/st1665.jpg,oulu,sound_knot,oulu:st1665,knot,knot,0.9999743700027466,1.1196889317943715e-05,0.9999743700027466,1.4411793927138206e-05,True
wood-multitask-final/data_processed/classification_crops/external_test/knot/oulu_000655_0001210.jpg,OULU-DET/I2GF-Net-Data/Oulu-Wood/JPEGImages/st1666.jpg,oulu,sound_knot,oulu:st1666,knot,knot,0.9999814033508301,6.282427420956083e-06,0.9999814033508301,1.2285389857424889e-05,True
wood-multitask-final/data_processed/classification_crops/external_test/knot/oulu_000656_0001211.jpg,OULU-DET/I2GF-Net-Data/Oulu-Wood/JPEGImages/st1667.jpg,oulu,sound_knot,oulu:st1667,knot,crack,0.8579428791999817,0.8579428791999817,0.1420539915561676,3.105187715846114e-06,False
wood-multitask-final/data_processed/classification_crops/external_test/knot/oulu_000657_0001212.jpg,OULU-DET/I2GF-Net-Data/Oulu-Wood/JPEGImages/st1668.jpg,oulu,dry_knot,oulu:st1668,knot,crack,0.9995689988136292,0.9995689988136292,0.0004309668729547411,4.956432597680305e-09,False
wood-multitask-final/data_processed/classification_crops/external_test/knot/oulu_000657_0001213.jpg,OULU-DET/I2GF-Net-Data/Oulu-Wood/JPEGImages/st1668.jpg,oulu,sound_knot,oulu:st1668,knot,knot,0.8046931028366089,0.19530066847801208,0.8046931028366089,6.199748895596713e-06,True
wood-multitask-final/data_processed/classification_crops/external_test/knot/oulu_000658_0001214.jpg,OULU-DET/I2GF-Net-Data/Oulu-Wood/JPEGImages/st1669.jpg,oulu,edge_knot,oulu:st1669,knot,crack,0.9913632869720459,0.9913632869720459,0.008636661805212498,5.4342450539479614e-08,False
wood-multitask-final/data_processed/classification_crops/external_test/knot/oulu_000658_0001215.jpg,OULU-DET/I2GF-Net-Data/Oulu-Wood/JPEGImages/st1669.jpg,oulu,dry_knot,oulu:st1669,knot,crack,0.999605119228363,0.999605119228363,0.00039491415373049676,2.4654616126440487e-09,False
wood-multitask-final/data_processed/classification_crops/external_test/knot/oulu_000659_0001216.jpg,OULU-DET/I2GF-Net-Data/Oulu-Wood/JPEGImages/st1670.jpg,oulu,dry_knot,oulu:st1670,knot,crack,1.0,1.0,4.381386276008925e-08,1.759278452897941e-14,False
wood-multitask-final/data_processed/classification_crops/external_test/knot/oulu_000660_0001217.jpg,OULU-DET/I2GF-Net-Data/Oulu-Wood/JPEGImages/st1671.jpg,oulu,sound_knot,oulu:st1671,knot,crack,0.9999948740005493,0.9999948740005493,5.118202807352645e-06,9.248635711445186e-12,False
wood-multitask-final/data_processed/classification_crops/external_test/knot/oulu_000661_0001218.jpg,OULU-DET/I2GF-Net-Data/Oulu-Wood/JPEGImages/st1672.jpg,oulu,sound_knot,oulu:st1672,knot,knot,0.9277364611625671,0.07226289808750153,0.9277364611625671,6.39935706203687e-07,True
wood-multitask-final/data_processed/classification_crops/external_test/knot/oulu_000662_0001219.jpg,OULU-DET/I2GF-Net-Data/Oulu-Wood/JPEGImages/st1673.jpg,oulu,small_knot,oulu:st1673,knot,knot,0.9990008473396301,7.58602109272033e-05,0.9990008473396301,0.0009232878219336271,True
wood-multitask-final/data_processed/classification_crops/external_test/knot/oulu_000662_0001220.jpg,OULU-DET/I2GF-Net-Data/Oulu-Wood/JPEGImages/st1673.jpg,oulu,small_knot,oulu:st1673,knot,knot,0.9992806315422058,2.4398161258432083e-05,0.9992806315422058,0.0006949939415790141,True
wood-multitask-final/data_processed/classification_crops/external_test/knot/oulu_000662_0001221.jpg,OULU-DET/I2GF-Net-Data/Oulu-Wood/JPEGImages/st1673.jpg,oulu,small_knot,oulu:st1673,knot,knot,0.9999923706054688,2.8864817522844533e-06,0.9999923706054688,4.737056315207155e-06,True
wood-multitask-final/data_processed/classification_crops/external_test/knot/oulu_000663_0001222.jpg,OULU-DET/I2GF-Net-Data/Oulu-Wood/JPEGImages/st1674.jpg,oulu,small_knot,oulu:st1674,knot,knot,0.9995121955871582,0.0004875125305261463,0.9995121955871582,1.8074219099162292e-07,True
wood-multitask-final/data_processed/classification_crops/external_test/knot/oulu_000663_0001223.jpg,OULU-DET/I2GF-Net-Data/Oulu-Wood/JPEGImages/st1674.jpg,oulu,sound_knot,oulu:st1674,knot,knot,0.9751906991004944,1.541200435895007e-05,0.9751906991004944,0.024793891236186028,True
wood-multitask-final/data_processed/classification_crops/external_test/knot/oulu_000663_0001224.jpg,OULU-DET/I2GF-Net-Data/Oulu-Wood/JPEGImages/st1674.jpg,oulu,small_knot,oulu:st1674,knot,knot,0.9979643821716309,0.0007973955362103879,0.9979643821716309,0.001238179043866694,True
wood-multitask-final/data_processed/classification_crops/external_test/knot/oulu_000663_0001225.jpg,OULU-DET/I2GF-Net-Data/Oulu-Wood/JPEGImages/st1674.jpg,oulu,small_knot,oulu:st1674,knot,knot,0.9999973773956299,1.1519571216922486e-06,0.9999973773956299,1.4232940657166182e-06,True
wood-multitask-final/data_processed/classification_crops/external_test/knot/oulu_000663_0001226.jpg,OULU-DET/I2GF-Net-Data/Oulu-Wood/JPEGImages/st1674.jpg,oulu,encased_knot,oulu:st1674,knot,knot,0.9997677206993103,0.00023225969925988466,0.9997677206993103,7.95508714457327e-10,True
wood-multitask-final/data_processed/classification_crops/external_test/knot/oulu_000663_0001227.jpg,OULU-DET/I2GF-Net-Data/Oulu-Wood/JPEGImages/st1674.jpg,oulu,encased_knot,oulu:st1674,knot,knot,1.0,5.0631363990305545e-08,1.0,1.7850015909814942e-09,True
wood-multitask-final/data_processed/classification_crops/external_test/knot/oulu_000664_0001228.jpg,OULU-DET/I2GF-Net-Data/Oulu-Wood/JPEGImages/st1675.jpg,oulu,small_knot,oulu:st1675,knot,crack,0.9997952580451965,0.9997952580451965,0.00020449614385142922,1.8108033827957115e-07,False
wood-multitask-final/data_processed/classification_crops/external_test/knot/oulu_000664_0001229.jpg,OULU-DET/I2GF-Net-Data/Oulu-Wood/JPEGImages/st1675.jpg,oulu,sound_knot,oulu:st1675,knot,knot,0.8975251317024231,0.0005344927194528282,0.8975251317024231,0.10194038599729538,True
wood-multitask-final/data_processed/classification_crops/external_test/knot/oulu_000664_0001230.jpg,OULU-DET/I2GF-Net-Data/Oulu-Wood/JPEGImages/st1675.jpg,oulu,small_knot,oulu:st1675,knot,knot,0.9997207522392273,1.4656767234555446e-05,0.9997207522392273,0.00026460280059836805,True
wood-multitask-final/data_processed/classification_crops/external_test/knot/oulu_000664_0001231.jpg,OULU-DET/I2GF-Net-Data/Oulu-Wood/JPEGImages/st1675.jpg,oulu,small_knot,oulu:st1675,knot,knot,0.9999862909317017,4.180527866992634e-06,0.9999862909317017,9.546917681291234e-06,True
wood-multitask-final/data_processed/classification_crops/external_test/knot/oulu_000664_0001232.jpg,OULU-DET/I2GF-Net-Data/Oulu-Wood/JPEGImages/st1675.jpg,oulu,sound_knot,oulu:st1675,knot,knot,0.9992570281028748,0.00059875677106902,0.9992570281028748,0.00014420950901694596,True
wood-multitask-final/data_processed/classification_crops/external_test/crack/oulu_000665_0001233.jpg,OULU-DET/I2GF-Net-Data/Oulu-Wood/JPEGImages/st1676.jpg,oulu,split,oulu:st1676,crack,knot,0.9999995231628418,4.5876794274590793e-07,0.9999995231628418,7.33040104311522e-12,False
wood-multitask-final/data_processed/classification_crops/external_test/crack/oulu_000665_0001234.jpg,OULU-DET/I2GF-Net-Data/Oulu-Wood/JPEGImages/st1676.jpg,oulu,split,oulu:st1676,crack,knot,0.9999997615814209,1.246042700131511e-07,0.9999997615814209,6.605135638437787e-08,False
wood-multitask-final/data_processed/classification_crops/external_test/crack/oulu_000665_0001235.jpg,OULU-DET/I2GF-Net-Data/Oulu-Wood/JPEGImages/st1676.jpg,oulu,split,oulu:st1676,crack,knot,0.999998927116394,8.273102025668777e-07,0.999998927116394,1.9627864844551368e-07,False
wood-multitask-final/data_processed/classification_crops/external_test/crack/oulu_000665_0001236.jpg,OULU-DET/I2GF-Net-Data/Oulu-Wood/JPEGImages/st1676.jpg,oulu,split,oulu:st1676,crack,knot,0.9999492168426514,4.1231225623050705e-05,0.9999492168426514,9.520406820229255e-06,False
wood-multitask-final/data_processed/classification_crops/external_test/crack/oulu_000665_0001237.jpg,OULU-DET/I2GF-Net-Data/Oulu-Wood/JPEGImages/st1676.jpg,oulu,split,oulu:st1676,crack,knot,1.0,9.801755851412963e-09,1.0,1.5292505040065407e-08,False
wood-multitask-final/data_processed/classification_crops/external_test/knot/oulu_000665_0001238.jpg,OULU-DET/I2GF-Net-Data/Oulu-Wood/JPEGImages/st1676.jpg,oulu,leaf_knot,oulu:st1676,knot,crack,0.9163966774940491,0.9163966774940491,0.07329651713371277,0.010306857526302338,False
wood-multitask-final/data_processed/classification_crops/external_test/knot/oulu_000665_0001239.jpg,OULU-DET/I2GF-Net-Data/Oulu-Wood/JPEGImages/st1676.jpg,oulu,small_knot,oulu:st1676,knot,knot,0.9948061108589172,0.005191584583371878,0.9948061108589172,2.2778067432227544e-06,True
wood-multitask-final/data_processed/classification_crops/external_test/crack/oulu_000666_0001240.jpg,OULU-DET/I2GF-Net-Data/Oulu-Wood/JPEGImages/st1677.jpg,oulu,split,oulu:st1677,crack,knot,0.9997429251670837,0.0002570360666140914,0.9997429251670837,2.757034045508533e-10,False
wood-multitask-final/data_processed/classification_crops/external_test/crack/oulu_000666_0001241.jpg,OULU-DET/I2GF-Net-Data/Oulu-Wood/JPEGImages/st1677.jpg,oulu,split,oulu:st1677,crack,knot,0.999998927116394,1.0363166893512243e-06,0.999998927116394,1.8177363614313435e-08,False
wood-multitask-final/data_processed/classification_crops/external_test/knot/oulu_000666_0001242.jpg,OULU-DET/I2GF-Net-Data/Oulu-Wood/JPEGImages/st1677.jpg,oulu,small_knot,oulu:st1677,knot,normal,0.9977865219116211,0.0004170794563833624,0.0017963290447369218,0.9977865219116211,False
wood-multitask-final/data_processed/classification_crops/external_test/knot/oulu_000667_0001243.jpg,OULU-DET/I2GF-Net-Data/Oulu-Wood/JPEGImages/st1678.jpg,oulu,leaf_knot,oulu:st1678,knot,knot,0.7405494451522827,0.1337365061044693,0.7405494451522827,0.12571412324905396,True
wood-multitask-final/data_processed/classification_crops/external_test/knot/oulu_000667_0001244.jpg,OULU-DET/I2GF-Net-Data/Oulu-Wood/JPEGImages/st1678.jpg,oulu,sound_knot,oulu:st1678,knot,knot,0.9686017036437988,1.13498044811422e-05,0.9686017036437988,0.031386956572532654,True
wood-multitask-final/data_processed/classification_crops/external_test/knot/oulu_000667_0001245.jpg,OULU-DET/I2GF-Net-Data/Oulu-Wood/JPEGImages/st1678.jpg,oulu,small_knot,oulu:st1678,knot,knot,0.9999958276748657,2.4494158878951566e-06,0.9999958276748657,1.7284309024034883e-06,True
wood-multitask-final/data_processed/classification_crops/external_test/knot/oulu_000668_0001246.jpg,OULU-DET/I2GF-Net-Data/Oulu-Wood/JPEGImages/st1679.jpg,oulu,sound_knot,oulu:st1679,knot,knot,0.9996144771575928,3.0454899388132617e-05,0.9996144771575928,0.0003549457178451121,True
wood-multitask-final/data_processed/classification_crops/external_test/knot/oulu_000668_0001247.jpg,OULU-DET/I2GF-Net-Data/Oulu-Wood/JPEGImages/st1679.jpg,oulu,small_knot,oulu:st1679,knot,knot,0.9999722242355347,2.64087320829276e-05,0.9999722242355347,1.3592903087555896e-06,True
wood-multitask-final/data_processed/classification_crops/external_test/knot/oulu_000668_0001248.jpg,OULU-DET/I2GF-Net-Data/Oulu-Wood/JPEGImages/st1679.jpg,oulu,small_knot,oulu:st1679,knot,knot,0.999983549118042,1.5764513591420837e-05,0.999983549118042,7.155035746109206e-07,True
wood-multitask-final/data_processed/classification_crops/external_test/knot/oulu_000668_0001249.jpg,OULU-DET/I2GF-Net-Data/Oulu-Wood/JPEGImages/st1679.jpg,oulu,small_knot,oulu:st1679,knot,crack,0.5434587001800537,0.5434587001800537,0.40412041544914246,0.05242089927196503,False
wood-multitask-final/data_processed/classification_crops/external_test/knot/oulu_000668_0001250.jpg,OULU-DET/I2GF-Net-Data/Oulu-Wood/JPEGImages/st1679.jpg,oulu,edge_knot,oulu:st1679,knot,crack,0.9998602867126465,0.9998602867126465,0.00013964285608381033,6.742145730598281e-11,False
wood-multitask-final/data_processed/classification_crops/external_test/knot/oulu_000669_0001251.jpg,OULU-DET/I2GF-Net-Data/Oulu-Wood/JPEGImages/st1680.jpg,oulu,small_knot,oulu:st1680,knot,knot,0.9999994039535522,3.2278350658998534e-07,0.9999994039535522,2.1983477438425325e-07,True
wood-multitask-final/data_processed/classification_crops/external_test/knot/oulu_000669_0001252.jpg,OULU-DET/I2GF-Net-Data/Oulu-Wood/JPEGImages/st1680.jpg,oulu,small_knot,oulu:st1680,knot,knot,0.9999998807907104,1.5650624618501752e-07,0.9999998807907104,7.651281386245046e-09,True
wood-multitask-final/data_processed/classification_crops/external_test/knot/oulu_000669_0001253.jpg,OULU-DET/I2GF-Net-Data/Oulu-Wood/JPEGImages/st1680.jpg,oulu,small_knot,oulu:st1680,knot,knot,0.9999977350234985,1.8362807452376728e-07,0.9999977350234985,1.99386181520822e-06,True
wood-multitask-final/data_processed/classification_crops/external_test/knot/oulu_000669_0001254.jpg,OULU-DET/I2GF-Net-Data/Oulu-Wood/JPEGImages/st1680.jpg,oulu,sound_knot,oulu:st1680,knot,knot,0.9999790191650391,2.8946744805580238e-06,0.9999790191650391,1.812904156395234e-05,True
wood-multitask-final/data_processed/classification_crops/external_test/knot/oulu_000669_0001255.jpg,OULU-DET/I2GF-Net-Data/Oulu-Wood/JPEGImages/st1680.jpg,oulu,sound_knot,oulu:st1680,knot,knot,0.9999923706054688,6.27620875093271e-06,0.9999923706054688,1.3554625866163406e-06,True
wood-multitask-final/data_processed/classification_crops/external_test/knot/oulu_000671_0001256.jpg,OULU-DET/I2GF-Net-Data/Oulu-Wood/JPEGImages/st1682.jpg,oulu,leaf_knot,oulu:st1682,knot,normal,0.5673674941062927,0.4129818081855774,0.0196506567299366,0.5673674941062927,False
wood-multitask-final/data_processed/classification_crops/external_test/crack/oulu_000671_0001257.jpg,OULU-DET/I2GF-Net-Data/Oulu-Wood/JPEGImages/st1682.jpg,oulu,split,oulu:st1682,crack,knot,0.9999966621398926,2.360048029004247e-06,0.9999966621398926,9.82156052486971e-07,False
wood-multitask-final/data_processed/classification_crops/external_test/knot/oulu_000671_0001258.jpg,OULU-DET/I2GF-Net-Data/Oulu-Wood/JPEGImages/st1682.jpg,oulu,leaf_knot,oulu:st1682,knot,crack,0.9992639422416687,0.9992639422416687,1.1481876754260156e-05,0.0007245629676617682,False
wood-multitask-final/data_processed/classification_crops/external_test/knot/oulu_000671_0001259.jpg,OULU-DET/I2GF-Net-Data/Oulu-Wood/JPEGImages/st1682.jpg,oulu,leaf_knot,oulu:st1682,knot,knot,0.9996578693389893,0.0003419551649130881,0.9996578693389893,9.904911024705143e-08,True
wood-multitask-final/data_processed/classification_crops/external_test/knot/oulu_000672_0001260.jpg,OULU-DET/I2GF-Net-Data/Oulu-Wood/JPEGImages/st1683.jpg,oulu,dry_knot,oulu:st1683,knot,crack,0.9995635151863098,0.9995635151863098,0.000436511414591223,3.305542151110785e-08,False
wood-multitask-final/data_processed/classification_crops/external_test/crack/oulu_000673_0001261.jpg,OULU-DET/I2GF-Net-Data/Oulu-Wood/JPEGImages/st1684.jpg,oulu,split,oulu:st1684,crack,normal,0.9832121729850769,0.00015528756193816662,0.01663251407444477,0.9832121729850769,False
wood-multitask-final/data_processed/classification_crops/external_test/crack/oulu_000673_0001262.jpg,OULU-DET/I2GF-Net-Data/Oulu-Wood/JPEGImages/st1684.jpg,oulu,split,oulu:st1684,crack,knot,0.9939388036727905,0.006061131600290537,0.9939388036727905,2.0099031772247145e-08,False
wood-multitask-final/data_processed/classification_crops/external_test/crack/oulu_000674_0001263.jpg,OULU-DET/I2GF-Net-Data/Oulu-Wood/JPEGImages/st1685.jpg,oulu,split,oulu:st1685,crack,crack,0.9997851252555847,0.9997851252555847,0.00021488199126906693,2.5836210948426697e-09,True
wood-multitask-final/data_processed/classification_crops/external_test/crack/oulu_000674_0001264.jpg,OULU-DET/I2GF-Net-Data/Oulu-Wood/JPEGImages/st1685.jpg,oulu,split,oulu:st1685,crack,crack,0.9152141809463501,0.9152141809463501,0.08478586375713348,1.8392680711798448e-09,True
wood-multitask-final/data_processed/classification_crops/external_test/crack/oulu_000674_0001265.jpg,OULU-DET/I2GF-Net-Data/Oulu-Wood/JPEGImages/st1685.jpg,oulu,split,oulu:st1685,crack,crack,0.9832345247268677,0.9832345247268677,0.016765449196100235,1.0581490350602962e-08,True
wood-multitask-final/data_processed/classification_crops/external_test/knot/oulu_000674_0001266.jpg,OULU-DET/I2GF-Net-Data/Oulu-Wood/JPEGImages/st1685.jpg,oulu,dry_knot,oulu:st1685,knot,crack,0.9863946437835693,0.9863946437835693,0.013605275191366673,1.7775037084583056e-12,False
wood-multitask-final/data_processed/classification_crops/external_test/crack/oulu_000675_0001267.jpg,OULU-DET/I2GF-Net-Data/Oulu-Wood/JPEGImages/st1686.jpg,oulu,split,oulu:st1686,crack,crack,0.9999852180480957,0.9999852180480957,1.4764670595468488e-05,5.2649440362984024e-11,True
wood-multitask-final/data_processed/classification_crops/external_test/crack/oulu_000675_0001268.jpg,OULU-DET/I2GF-Net-Data/Oulu-Wood/JPEGImages/st1686.jpg,oulu,split,oulu:st1686,crack,crack,0.8793718814849854,0.8793718814849854,0.12062811851501465,3.482041044389206e-10,True
wood-multitask-final/data_processed/classification_crops/external_test/knot/oulu_000675_0001269.jpg,OULU-DET/I2GF-Net-Data/Oulu-Wood/JPEGImages/st1686.jpg,oulu,decayed_knot,oulu:st1686,knot,crack,0.9999865293502808,0.9999865293502808,1.3527963346859906e-05,3.758804933973181e-10,False
wood-multitask-final/data_processed/classification_crops/external_test/knot/oulu_000676_0001270.jpg,OULU-DET/I2GF-Net-Data/Oulu-Wood/JPEGImages/st1687.jpg,oulu,edge_knot,oulu:st1687,knot,knot,0.9947636127471924,0.005236371885985136,0.9947636127471924,3.815008864371805e-10,True
wood-multitask-final/data_processed/classification_crops/external_test/knot/oulu_000677_0001271.jpg,OULU-DET/I2GF-Net-Data/Oulu-Wood/JPEGImages/st1688.jpg,oulu,edge_knot,oulu:st1688,knot,knot,0.9963961243629456,0.0036039373371750116,0.9963961243629456,1.4429830663686971e-08,True
wood-multitask-final/data_processed/classification_crops/external_test/knot/oulu_000678_0001272.jpg,OULU-DET/I2GF-Net-Data/Oulu-Wood/JPEGImages/st1689.jpg,oulu,moustache_knot,oulu:st1689,knot,knot,0.9780057668685913,0.021994061768054962,0.9780057668685913,7.976499460937703e-08,True
wood-multitask-final/data_processed/classification_crops/external_test/knot/oulu_000680_0001273.jpg,OULU-DET/I2GF-Net-Data/Oulu-Wood/JPEGImages/st1691.jpg,oulu,sound_knot,oulu:st1691,knot,crack,0.9999499320983887,0.9999499320983887,5.007892468711361e-05,3.097523659789658e-08,False
wood-multitask-final/data_processed/classification_crops/external_test/knot/oulu_000680_0001274.jpg,OULU-DET/I2GF-Net-Data/Oulu-Wood/JPEGImages/st1691.jpg,oulu,sound_knot,oulu:st1691,knot,crack,0.999962329864502,0.999962329864502,3.7622878153342754e-05,5.1657460531373545e-09,False
wood-multitask-final/data_processed/classification_crops/external_test/knot/oulu_000680_0001275.jpg,OULU-DET/I2GF-Net-Data/Oulu-Wood/JPEGImages/st1691.jpg,oulu,sound_knot,oulu:st1691,knot,crack,0.9999873638153076,0.9999873638153076,1.2651038559852168e-05,1.778638868132898e-11,False
wood-multitask-final/data_processed/classification_crops/external_test/knot/oulu_000680_0001276.jpg,OULU-DET/I2GF-Net-Data/Oulu-Wood/JPEGImages/st1691.jpg,oulu,sound_knot,oulu:st1691,knot,crack,0.9999954700469971,0.9999954700469971,4.58589602203574e-06,1.9088937028288733e-11,False
wood-multitask-final/data_processed/classification_crops/external_test/normal/oulu_000681_normal.jpg,OULU-DET/I2GF-Net-Data/Oulu-Wood/JPEGImages/st1692.jpg,oulu,verified_negative,oulu:st1692,normal,knot,0.9962331652641296,0.0037663511466234922,0.9962331652641296,4.888523221779906e-07,False
wood-multitask-final/data_processed/classification_crops/external_test/knot/oulu_000682_0001277.jpg,OULU-DET/I2GF-Net-Data/Oulu-Wood/JPEGImages/st1693.jpg,oulu,dry_knot,oulu:st1693,knot,knot,0.9999982118606567,1.740314132803178e-06,0.9999982118606567,4.4668990284435495e-08,True
wood-multitask-final/data_processed/classification_crops/external_test/crack/oulu_000682_0001278.jpg,OULU-DET/I2GF-Net-Data/Oulu-Wood/JPEGImages/st1693.jpg,oulu,split,oulu:st1693,crack,knot,0.9999548196792603,3.066088765990571e-06,0.9999548196792603,4.208274185657501e-05,False
wood-multitask-final/data_processed/classification_crops/external_test/knot/oulu_000683_0001279.jpg,OULU-DET/I2GF-Net-Data/Oulu-Wood/JPEGImages/st1694.jpg,oulu,edge_knot,oulu:st1694,knot,knot,0.9917502999305725,0.008213136345148087,0.9917502999305725,3.651974839158356e-05,True
wood-multitask-final/data_processed/classification_crops/external_test/knot/oulu_000684_0001280.jpg,OULU-DET/I2GF-Net-Data/Oulu-Wood/JPEGImages/st1695.jpg,oulu,small_knot,oulu:st1695,knot,knot,0.9884139895439148,0.011570489965379238,0.9884139895439148,1.558014628244564e-05,True
wood-multitask-final/data_processed/classification_crops/external_test/knot/oulu_000685_0001281.jpg,OULU-DET/I2GF-Net-Data/Oulu-Wood/JPEGImages/st1696.jpg,oulu,dry_knot,oulu:st1696,knot,knot,0.9999755620956421,2.4345748897758313e-05,0.9999755620956421,6.028943744240678e-08,True
wood-multitask-final/data_processed/classification_crops/external_test/knot/oulu_000686_0001282.jpg,OULU-DET/I2GF-Net-Data/Oulu-Wood/JPEGImages/st1697.jpg,oulu,dry_knot,oulu:st1697,knot,knot,0.9927886128425598,0.007211406249552965,0.9927886128425598,2.143232813445195e-10,True
wood-multitask-final/data_processed/classification_crops/external_test/knot/oulu_000686_0001283.jpg,OULU-DET/I2GF-Net-Data/Oulu-Wood/JPEGImages/st1697.jpg,oulu,decayed_knot,oulu:st1697,knot,knot,0.9989116191864014,0.0010877503082156181,0.9989116191864014,6.160215662021074e-07,True
wood-multitask-final/data_processed/classification_crops/external_test/knot/oulu_000686_0001284.jpg,OULU-DET/I2GF-Net-Data/Oulu-Wood/JPEGImages/st1697.jpg,oulu,decayed_knot,oulu:st1697,knot,knot,0.999830961227417,0.00016351492376998067,0.999830961227417,5.526254881260684e-06,True
wood-multitask-final/data_processed/classification_crops/external_test/knot/oulu_000687_0001285.jpg,OULU-DET/I2GF-Net-Data/Oulu-Wood/JPEGImages/st1698.jpg,oulu,edge_knot,oulu:st1698,knot,crack,0.9872859120368958,0.9872859120368958,0.012714013457298279,1.462244512140387e-07,False
wood-multitask-final/data_processed/classification_crops/external_test/knot/oulu_000688_0001286.jpg,OULU-DET/I2GF-Net-Data/Oulu-Wood/JPEGImages/st1699.jpg,oulu,dry_knot,oulu:st1699,knot,crack,0.7136544585227966,0.7136544585227966,0.2863367199897766,8.721086487639695e-06,False
wood-multitask-final/data_processed/classification_crops/external_test/knot/oulu_000688_0001287.jpg,OULU-DET/I2GF-Net-Data/Oulu-Wood/JPEGImages/st1699.jpg,oulu,small_knot,oulu:st1699,knot,knot,0.9691948294639587,0.030800247564911842,0.9691948294639587,4.931754119752441e-06,True
wood-multitask-final/data_processed/classification_crops/external_test/knot/oulu_000689_0001288.jpg,OULU-DET/I2GF-Net-Data/Oulu-Wood/JPEGImages/st1700.jpg,oulu,encased_knot,oulu:st1700,knot,crack,0.9994345307350159,0.9994345307350159,0.000565463793464005,3.5693952238347038e-09,False
wood-multitask-final/data_processed/classification_crops/external_test/knot/oulu_000689_0001289.jpg,OULU-DET/I2GF-Net-Data/Oulu-Wood/JPEGImages/st1700.jpg,oulu,dry_knot,oulu:st1700,knot,crack,0.9796217679977417,0.9796217679977417,0.020372020080685616,6.224227036000229e-06,False
wood-multitask-final/data_processed/classification_crops/external_test/knot/oulu_000690_0001290.jpg,OULU-DET/I2GF-Net-Data/Oulu-Wood/JPEGImages/st1701.jpg,oulu,small_knot,oulu:st1701,knot,knot,0.7616630792617798,0.23830918967723846,0.7616630792617798,2.7788071747636423e-05,True
wood-multitask-final/data_processed/classification_crops/external_test/normal/oulu_000691_normal.jpg,OULU-DET/I2GF-Net-Data/Oulu-Wood/JPEGImages/st1702.jpg,oulu,verified_negative,oulu:st1702,normal,knot,0.9712023735046387,0.027933040633797646,0.9712023735046387,0.0008646314381621778,False
wood-multitask-final/data_processed/classification_crops/external_test/knot/oulu_000692_0001291.jpg,OULU-DET/I2GF-Net-Data/Oulu-Wood/JPEGImages/st1703.jpg,oulu,dry_knot,oulu:st1703,knot,knot,0.9945152401924133,0.005484597757458687,0.9945152401924133,6.77779112834287e-08,True
wood-multitask-final/data_processed/classification_crops/external_test/knot/oulu_000692_0001292.jpg,OULU-DET/I2GF-Net-Data/Oulu-Wood/JPEGImages/st1703.jpg,oulu,encased_knot,oulu:st1703,knot,crack,0.9999629259109497,0.9999629259109497,3.697714419104159e-05,6.650603268099076e-08,False
wood-multitask-final/data_processed/classification_crops/external_test/normal/oulu_000693_normal.jpg,OULU-DET/I2GF-Net-Data/Oulu-Wood/JPEGImages/st1704.jpg,oulu,verified_negative,oulu:st1704,normal,knot,0.9921464323997498,0.006123236380517483,0.9921464323997498,0.0017303017666563392,False
wood-multitask-final/data_processed/classification_crops/external_test/knot/oulu_000694_0001293.jpg,OULU-DET/I2GF-Net-Data/Oulu-Wood/JPEGImages/st1705.jpg,oulu,encased_knot,oulu:st1705,knot,knot,0.5294126272201538,0.47058114409446716,0.5294126272201538,6.2340759541257285e-06,True
wood-multitask-final/data_processed/classification_crops/external_test/normal/oulu_000695_normal.jpg,OULU-DET/I2GF-Net-Data/Oulu-Wood/JPEGImages/st1706.jpg,oulu,verified_negative,oulu:st1706,normal,crack,0.9874516129493713,0.9874516129493713,0.012538548558950424,9.804891305975616e-06,False
wood-multitask-final/data_processed/classification_crops/external_test/knot/oulu_000696_0001294.jpg,OULU-DET/I2GF-Net-Data/Oulu-Wood/JPEGImages/st1707.jpg,oulu,leaf_knot,oulu:st1707,knot,knot,0.9269803166389465,0.0030516048427671194,0.9269803166389465,0.06996817141771317,True
wood-multitask-final/data_processed/classification_crops/external_test/knot/oulu_000696_0001295.jpg,OULU-DET/I2GF-Net-Data/Oulu-Wood/JPEGImages/st1707.jpg,oulu,leaf_knot,oulu:st1707,knot,normal,0.9992129802703857,0.0005499323015101254,0.0002370383299421519,0.9992129802703857,False
wood-multitask-final/data_processed/classification_crops/external_test/knot/oulu_000697_0001296.jpg,OULU-DET/I2GF-Net-Data/Oulu-Wood/JPEGImages/st1708.jpg,oulu,leaf_knot,oulu:st1708,knot,knot,0.8004997968673706,0.19947755336761475,0.8004997968673706,2.260813198518008e-05,True
wood-multitask-final/data_processed/classification_crops/external_test/knot/oulu_000698_0001297.jpg,OULU-DET/I2GF-Net-Data/Oulu-Wood/JPEGImages/st1709.jpg,oulu,leaf_knot,oulu:st1709,knot,crack,0.9999152421951294,0.9999152421951294,8.469320164294913e-05,2.4947441166914622e-14,False
wood-multitask-final/data_processed/classification_crops/external_test/knot/oulu_000699_0001298.jpg,OULU-DET/I2GF-Net-Data/Oulu-Wood/JPEGImages/st1710.jpg,oulu,dry_knot,oulu:st1710,knot,crack,0.9999662637710571,0.9999662637710571,3.376989843673073e-05,1.8688185721149608e-10,False
wood-multitask-final/data_processed/classification_crops/external_test/crack/oulu_000699_0001299.jpg,OULU-DET/I2GF-Net-Data/Oulu-Wood/JPEGImages/st1710.jpg,oulu,split,oulu:st1710,crack,crack,0.9998985528945923,0.9998985528945923,0.00010133409523405135,9.223138164315969e-08,True
wood-multitask-final/data_processed/classification_crops/external_test/crack/oulu_000699_0001300.jpg,OULU-DET/I2GF-Net-Data/Oulu-Wood/JPEGImages/st1710.jpg,oulu,split,oulu:st1710,crack,crack,0.997079610824585,0.997079610824585,0.0029204769525676966,1.324513210221312e-08,True
wood-multitask-final/data_processed/classification_crops/external_test/crack/oulu_000699_0001301.jpg,OULU-DET/I2GF-Net-Data/Oulu-Wood/JPEGImages/st1710.jpg,oulu,split,oulu:st1710,crack,crack,0.999992847442627,0.999992847442627,7.1851586653792765e-06,3.416427585278825e-09,True
wood-multitask-final/data_processed/classification_crops/external_test/knot/oulu_000699_0001302.jpg,OULU-DET/I2GF-Net-Data/Oulu-Wood/JPEGImages/st1710.jpg,oulu,sound_knot,oulu:st1710,knot,crack,0.9999947547912598,0.9999947547912598,5.27260499438853e-06,2.2657818676830033e-10,False
wood-multitask-final/data_processed/classification_crops/external_test/knot/oulu_000700_0001303.jpg,OULU-DET/I2GF-Net-Data/Oulu-Wood/JPEGImages/st1711.jpg,oulu,dry_knot,oulu:st1711,knot,crack,0.9991899132728577,0.9991899132728577,0.0008101167622953653,2.127820586395046e-08,False
wood-multitask-final/data_processed/classification_crops/external_test/crack/oulu_000700_0001304.jpg,OULU-DET/I2GF-Net-Data/Oulu-Wood/JPEGImages/st1711.jpg,oulu,split,oulu:st1711,crack,crack,0.999302864074707,0.999302864074707,0.0006968750385567546,1.789340728919342e-07,True
wood-multitask-final/data_processed/classification_crops/external_test/crack/oulu_000700_0001305.jpg,OULU-DET/I2GF-Net-Data/Oulu-Wood/JPEGImages/st1711.jpg,oulu,split,oulu:st1711,crack,crack,0.999903678894043,0.999903678894043,9.631002467358485e-05,1.7131513985191305e-08,True
wood-multitask-final/data_processed/classification_crops/external_test/crack/oulu_000700_0001306.jpg,OULU-DET/I2GF-Net-Data/Oulu-Wood/JPEGImages/st1711.jpg,oulu,split,oulu:st1711,crack,crack,0.9998158812522888,0.9998158812522888,0.00018412484496366233,1.705265262330613e-08,True
wood-multitask-final/data_processed/classification_crops/external_test/crack/oulu_000701_0001307.jpg,OULU-DET/I2GF-Net-Data/Oulu-Wood/JPEGImages/st1712.jpg,oulu,split,oulu:st1712,crack,crack,0.9796247482299805,0.9796247482299805,0.02037528157234192,1.9207453405556407e-09,True
wood-multitask-final/data_processed/classification_crops/external_test/crack/oulu_000702_0001308.jpg,OULU-DET/I2GF-Net-Data/Oulu-Wood/JPEGImages/st1713.jpg,oulu,split,oulu:st1713,crack,crack,0.9999986886978149,0.9999986886978149,1.2899726016257773e-06,1.2980085062341828e-10,True
wood-multitask-final/data_processed/classification_crops/external_test/crack/oulu_000702_0001309.jpg,OULU-DET/I2GF-Net-Data/Oulu-Wood/JPEGImages/st1713.jpg,oulu,split,oulu:st1713,crack,crack,0.9999440908432007,0.9999440908432007,5.5901127780089155e-05,5.500661592883205e-10,True
wood-multitask-final/data_processed/classification_crops/external_test/crack/oulu_000702_0001310.jpg,OULU-DET/I2GF-Net-Data/Oulu-Wood/JPEGImages/st1713.jpg,oulu,split,oulu:st1713,crack,crack,0.9278538823127747,0.9278538823127747,0.07214616984128952,5.2662826988125744e-08,True
wood-multitask-final/data_processed/classification_crops/external_test/crack/oulu_000702_0001311.jpg,OULU-DET/I2GF-Net-Data/Oulu-Wood/JPEGImages/st1713.jpg,oulu,split,oulu:st1713,crack,knot,0.9999990463256836,9.15472298856912e-07,0.9999990463256836,1.9490317346160246e-11,False
wood-multitask-final/data_processed/classification_crops/external_test/normal/oulu_000703_normal.jpg,OULU-DET/I2GF-Net-Data/Oulu-Wood/JPEGImages/st1714.jpg,oulu,verified_negative,oulu:st1714,normal,knot,0.9998034834861755,0.00019658694509416819,0.9998034834861755,3.512902679858598e-08,False
wood-multitask-final/data_processed/classification_crops/external_test/knot/oulu_000704_0001312.jpg,OULU-DET/I2GF-Net-Data/Oulu-Wood/JPEGImages/st1715.jpg,oulu,sound_knot,oulu:st1715,knot,crack,0.9999433755874634,0.9999433755874634,5.658495501847938e-05,5.203816821897078e-10,False
wood-multitask-final/data_processed/classification_crops/external_test/knot/oulu_000705_0001313.jpg,OULU-DET/I2GF-Net-Data/Oulu-Wood/JPEGImages/st1716.jpg,oulu,edge_knot,oulu:st1716,knot,crack,0.9992411136627197,0.9992411136627197,0.0007570808520540595,1.8330767943552928e-06,False
wood-multitask-final/data_processed/classification_crops/external_test/knot/oulu_000706_0001314.jpg,OULU-DET/I2GF-Net-Data/Oulu-Wood/JPEGImages/st1717.jpg,oulu,dry_knot,oulu:st1717,knot,crack,0.9998815059661865,0.9998815059661865,0.00011847857240354642,3.1429656099923875e-10,False
wood-multitask-final/data_processed/classification_crops/external_test/knot/oulu_000707_0001315.jpg,OULU-DET/I2GF-Net-Data/Oulu-Wood/JPEGImages/st1718.jpg,oulu,encased_knot,oulu:st1718,knot,crack,0.9996167421340942,0.9996167421340942,0.00038327573565766215,2.6698812050085508e-09,False
wood-multitask-final/data_processed/classification_crops/external_test/crack/oulu_000708_0001316.jpg,OULU-DET/I2GF-Net-Data/Oulu-Wood/JPEGImages/st1719.jpg,oulu,split,oulu:st1719,crack,knot,0.9999992847442627,6.807964609834016e-07,0.9999992847442627,1.0929885441157694e-08,False
wood-multitask-final/data_processed/classification_crops/external_test/crack/oulu_000709_0001317.jpg,OULU-DET/I2GF-Net-Data/Oulu-Wood/JPEGImages/st1720.jpg,oulu,split,oulu:st1720,crack,normal,0.9980360865592957,9.988414967665449e-05,0.001864030840806663,0.9980360865592957,False
wood-multitask-final/data_processed/classification_crops/external_test/knot/oulu_000709_0001318.jpg,OULU-DET/I2GF-Net-Data/Oulu-Wood/JPEGImages/st1720.jpg,oulu,dry_knot,oulu:st1720,knot,knot,0.9999985694885254,1.4487347925751237e-06,0.9999985694885254,1.162380969255139e-09,True
wood-multitask-final/data_processed/classification_crops/external_test/knot/oulu_000710_0001319.jpg,OULU-DET/I2GF-Net-Data/Oulu-Wood/JPEGImages/st1721.jpg,oulu,edge_knot,oulu:st1721,knot,knot,0.9995852112770081,0.00041480042273178697,0.9995852112770081,5.144600478956818e-08,True
wood-multitask-final/data_processed/classification_crops/external_test/knot/oulu_000711_0001320.jpg,OULU-DET/I2GF-Net-Data/Oulu-Wood/JPEGImages/st1722.jpg,oulu,dry_knot,oulu:st1722,knot,knot,0.9998944997787476,0.00010544242832111195,0.9998944997787476,9.244013887688141e-10,True
wood-multitask-final/data_processed/classification_crops/external_test/crack/oulu_000711_0001321.jpg,OULU-DET/I2GF-Net-Data/Oulu-Wood/JPEGImages/st1722.jpg,oulu,split,oulu:st1722,crack,knot,0.9874322414398193,0.012034470215439796,0.9874322414398193,0.0005333239678293467,False
wood-multitask-final/data_processed/classification_crops/external_test/knot/oulu_000712_0001322.jpg,OULU-DET/I2GF-Net-Data/Oulu-Wood/JPEGImages/st1723.jpg,oulu,dry_knot,oulu:st1723,knot,knot,0.9989033937454224,0.0010963678359985352,0.9989033937454224,2.0719568283311673e-07,True
wood-multitask-final/data_processed/classification_crops/external_test/normal/oulu_000714_normal.jpg,OULU-DET/I2GF-Net-Data/Oulu-Wood/JPEGImages/st1725.jpg,oulu,verified_negative,oulu:st1725,normal,knot,0.9999456405639648,5.42073103133589e-05,0.9999456405639648,9.512584853155204e-08,False
wood-multitask-final/data_processed/classification_crops/external_test/knot/oulu_000715_0001323.jpg,OULU-DET/I2GF-Net-Data/Oulu-Wood/JPEGImages/st1726.jpg,oulu,edge_knot,oulu:st1726,knot,knot,0.9999758005142212,2.4235163436969742e-05,0.9999758005142212,5.573435490902057e-09,True
wood-multitask-final/data_processed/classification_crops/external_test/crack/oulu_000715_0001324.jpg,OULU-DET/I2GF-Net-Data/Oulu-Wood/JPEGImages/st1726.jpg,oulu,split,oulu:st1726,crack,knot,0.999958872795105,4.090307265869342e-05,0.999958872795105,2.479765726093319e-07,False
wood-multitask-final/data_processed/classification_crops/external_test/normal/oulu_000716_normal.jpg,OULU-DET/I2GF-Net-Data/Oulu-Wood/JPEGImages/st1727.jpg,oulu,verified_negative,oulu:st1727,normal,knot,0.9999997615814209,1.9573971599129436e-07,0.9999997615814209,2.0490029228881212e-08,False
wood-multitask-final/data_processed/classification_crops/external_test/normal/oulu_000717_normal.jpg,OULU-DET/I2GF-Net-Data/Oulu-Wood/JPEGImages/st1728.jpg,oulu,verified_negative,oulu:st1728,normal,crack,0.9726237058639526,0.9726237058639526,0.027376336976885796,2.683768762778982e-08,False
wood-multitask-final/data_processed/classification_crops/external_test/knot/oulu_000718_0001325.jpg,OULU-DET/I2GF-Net-Data/Oulu-Wood/JPEGImages/st1729.jpg,oulu,dry_knot,oulu:st1729,knot,crack,0.5757054090499878,0.5757054090499878,0.42429453134536743,8.470971124552307e-08,False
wood-multitask-final/data_processed/classification_crops/external_test/normal/oulu_000720_normal.jpg,OULU-DET/I2GF-Net-Data/Oulu-Wood/JPEGImages/st1731.jpg,oulu,verified_negative,oulu:st1731,normal,knot,0.8317808508872986,0.16801245510578156,0.8317808508872986,0.00020671779930125922,False
wood-multitask-final/data_processed/classification_crops/external_test/normal/oulu_000722_normal.jpg,OULU-DET/I2GF-Net-Data/Oulu-Wood/JPEGImages/st1733.jpg,oulu,verified_negative,oulu:st1733,normal,crack,0.9982160925865173,0.9982160925865173,0.0017838350031524897,2.69874633751499e-09,False
wood-multitask-final/data_processed/classification_crops/external_test/normal/oulu_000723_normal.jpg,OULU-DET/I2GF-Net-Data/Oulu-Wood/JPEGImages/st1734.jpg,oulu,verified_negative,oulu:st1734,normal,knot,0.9999690055847168,3.0459075787803158e-05,0.9999690055847168,4.433696858541225e-07,False
wood-multitask-final/data_processed/classification_crops/external_test/normal/oulu_000724_normal.jpg,OULU-DET/I2GF-Net-Data/Oulu-Wood/JPEGImages/st1735.jpg,oulu,verified_negative,oulu:st1735,normal,knot,1.0,2.4427986744512964e-08,1.0,3.948342985893305e-09,False
wood-multitask-final/data_processed/classification_crops/external_test/crack/oulu_000725_0001326.jpg,OULU-DET/I2GF-Net-Data/Oulu-Wood/JPEGImages/st1736.jpg,oulu,split,oulu:st1736,crack,knot,1.0,1.0734899191788827e-08,1.0,4.142824416852875e-10,False
wood-multitask-final/data_processed/classification_crops/external_test/normal/oulu_000726_normal.jpg,OULU-DET/I2GF-Net-Data/Oulu-Wood/JPEGImages/st1737.jpg,oulu,verified_negative,oulu:st1737,normal,knot,0.9859553575515747,0.014040968380868435,0.9859553575515747,3.651050292319269e-06,False
wood-multitask-final/data_processed/classification_crops/external_test/normal/oulu_000727_normal.jpg,OULU-DET/I2GF-Net-Data/Oulu-Wood/JPEGImages/st1738.jpg,oulu,verified_negative,oulu:st1738,normal,knot,0.9998894929885864,0.00011009855370502919,0.9998894929885864,3.997194824023609e-07,False
wood-multitask-final/data_processed/classification_crops/external_test/normal/oulu_000728_normal.jpg,OULU-DET/I2GF-Net-Data/Oulu-Wood/JPEGImages/st1739.jpg,oulu,verified_negative,oulu:st1739,normal,knot,0.999869704246521,0.0001300191506743431,0.999869704246521,2.301889594491513e-07,False
wood-multitask-final/data_processed/classification_crops/external_test/knot/oulu_000729_0001327.jpg,OULU-DET/I2GF-Net-Data/Oulu-Wood/JPEGImages/st1740.jpg,oulu,dry_knot,oulu:st1740,knot,knot,0.9999866485595703,1.3324140127224382e-05,0.9999866485595703,5.058970464766332e-10,True
wood-multitask-final/data_processed/classification_crops/external_test/crack/oulu_000729_0001328.jpg,OULU-DET/I2GF-Net-Data/Oulu-Wood/JPEGImages/st1740.jpg,oulu,split,oulu:st1740,crack,knot,0.9924558401107788,0.0075441161170601845,0.9924558401107788,4.781969042966239e-09,False
wood-multitask-final/data_processed/classification_crops/external_test/knot/oulu_000730_0001329.jpg,OULU-DET/I2GF-Net-Data/Oulu-Wood/JPEGImages/st1741.jpg,oulu,knot_hole,oulu:st1741,knot,knot,0.9999692440032959,3.06698857457377e-05,0.9999692440032959,8.108633409165122e-08,True
wood-multitask-final/data_processed/classification_crops/external_test/knot/oulu_000730_0001330.jpg,OULU-DET/I2GF-Net-Data/Oulu-Wood/JPEGImages/st1741.jpg,oulu,small_knot,oulu:st1741,knot,knot,0.9999921321868896,7.885600098234136e-06,0.9999921321868896,1.7690618747678855e-08,True
wood-multitask-final/data_processed/classification_crops/external_test/crack/oulu_000730_0001331.jpg,OULU-DET/I2GF-Net-Data/Oulu-Wood/JPEGImages/st1741.jpg,oulu,split,oulu:st1741,crack,knot,0.9974892139434814,0.0025107874535024166,0.9974892139434814,4.828291100267279e-09,False
wood-multitask-final/data_processed/classification_crops/external_test/knot/oulu_000731_0001332.jpg,OULU-DET/I2GF-Net-Data/Oulu-Wood/JPEGImages/st1742.jpg,oulu,small_knot,oulu:st1742,knot,knot,0.99996018409729,3.9856047806097195e-05,0.99996018409729,2.9033742077189117e-09,True
wood-multitask-final/data_processed/classification_crops/external_test/knot/oulu_000731_0001333.jpg,OULU-DET/I2GF-Net-Data/Oulu-Wood/JPEGImages/st1742.jpg,oulu,dry_knot,oulu:st1742,knot,knot,0.9965078234672546,0.0034921132028102875,0.9965078234672546,1.1289131407465902e-08,True
wood-multitask-final/data_processed/classification_crops/external_test/knot/oulu_000732_0001334.jpg,OULU-DET/I2GF-Net-Data/Oulu-Wood/JPEGImages/st1743.jpg,oulu,dry_knot,oulu:st1743,knot,knot,0.9991872906684875,0.0008118737605400383,0.9991872906684875,8.330761147590238e-07,True
wood-multitask-final/data_processed/classification_crops/external_test/knot/oulu_000733_0001335.jpg,OULU-DET/I2GF-Net-Data/Oulu-Wood/JPEGImages/st1744.jpg,oulu,dry_knot,oulu:st1744,knot,knot,0.9961129426956177,0.003887019818648696,0.9961129426956177,2.100453144748826e-08,True
wood-multitask-final/data_processed/classification_crops/external_test/knot/oulu_000735_0001336.jpg,OULU-DET/I2GF-Net-Data/Oulu-Wood/JPEGImages/st1746.jpg,oulu,dry_knot,oulu:st1746,knot,knot,0.9496744275093079,0.050281327217817307,0.9496744275093079,4.4224394514458254e-05,True
wood-multitask-final/data_processed/classification_crops/external_test/knot/oulu_000736_0001337.jpg,OULU-DET/I2GF-Net-Data/Oulu-Wood/JPEGImages/st1747.jpg,oulu,dry_knot,oulu:st1747,knot,knot,0.9996024966239929,0.00039519357960671186,0.9996024966239929,2.4271244001283776e-06,True
wood-multitask-final/data_processed/classification_crops/external_test/normal/oulu_000737_normal.jpg,OULU-DET/I2GF-Net-Data/Oulu-Wood/JPEGImages/st1748.jpg,oulu,verified_negative,oulu:st1748,normal,knot,0.999997615814209,1.7583018916411675e-06,0.999997615814209,5.505315243681252e-07,False
wood-multitask-final/data_processed/classification_crops/external_test/knot/oulu_000738_0001338.jpg,OULU-DET/I2GF-Net-Data/Oulu-Wood/JPEGImages/st1749.jpg,oulu,small_knot,oulu:st1749,knot,knot,0.9999998807907104,1.4583646645860426e-07,0.9999998807907104,2.3553528016861947e-09,True
wood-multitask-final/data_processed/classification_crops/external_test/crack/oulu_000738_0001339.jpg,OULU-DET/I2GF-Net-Data/Oulu-Wood/JPEGImages/st1749.jpg,oulu,split,oulu:st1749,crack,knot,0.9999263286590576,7.364785415120423e-05,0.9999263286590576,3.215719956983776e-08,False
wood-multitask-final/data_processed/classification_crops/external_test/normal/oulu_000739_normal.jpg,OULU-DET/I2GF-Net-Data/Oulu-Wood/JPEGImages/st1750.jpg,oulu,verified_negative,oulu:st1750,normal,knot,0.9999781847000122,1.4386938346433453e-05,0.9999781847000122,7.344640380324563e-06,False
wood-multitask-final/data_processed/classification_crops/external_test/normal/oulu_000740_normal.jpg,OULU-DET/I2GF-Net-Data/Oulu-Wood/JPEGImages/st1751.jpg,oulu,verified_negative,oulu:st1751,normal,knot,0.9995819926261902,0.00041286111809313297,0.9995819926261902,5.118349235999631e-06,False
wood-multitask-final/data_processed/classification_crops/external_test/normal/oulu_000741_normal.jpg,OULU-DET/I2GF-Net-Data/Oulu-Wood/JPEGImages/st1752.jpg,oulu,verified_negative,oulu:st1752,normal,knot,0.9998282194137573,0.00016270855849143118,0.9998282194137573,9.0488383648335e-06,False
wood-multitask-final/data_processed/classification_crops/external_test/normal/oulu_000742_normal.jpg,OULU-DET/I2GF-Net-Data/Oulu-Wood/JPEGImages/st1753.jpg,oulu,verified_negative,oulu:st1753,normal,knot,0.9952235817909241,0.004694666713476181,0.9952235817909241,8.176536357495934e-05,False
wood-multitask-final/data_processed/classification_crops/external_test/normal/oulu_000743_normal.jpg,OULU-DET/I2GF-Net-Data/Oulu-Wood/JPEGImages/st1754.jpg,oulu,verified_negative,oulu:st1754,normal,knot,0.9999446868896484,5.4501946578966454e-05,0.9999446868896484,7.801394303896814e-07,False
wood-multitask-final/data_processed/classification_crops/external_test/knot/oulu_000744_0001340.jpg,OULU-DET/I2GF-Net-Data/Oulu-Wood/JPEGImages/st1755.jpg,oulu,small_knot,oulu:st1755,knot,knot,0.9999995231628418,5.171863790565112e-07,0.9999995231628418,2.708620883140611e-09,True
wood-multitask-final/data_processed/classification_crops/external_test/crack/oulu_000744_0001341.jpg,OULU-DET/I2GF-Net-Data/Oulu-Wood/JPEGImages/st1755.jpg,oulu,split,oulu:st1755,crack,knot,0.9999980926513672,1.883341951725015e-06,0.9999980926513672,1.0990078180839191e-08,False
wood-multitask-final/data_processed/classification_crops/external_test/normal/oulu_000745_normal.jpg,OULU-DET/I2GF-Net-Data/Oulu-Wood/JPEGImages/st1756.jpg,oulu,verified_negative,oulu:st1756,normal,knot,0.9999462366104126,4.807371078641154e-05,0.9999462366104126,5.666041943186428e-06,False
wood-multitask-final/data_processed/classification_crops/external_test/knot/oulu_000746_0001342.jpg,OULU-DET/I2GF-Net-Data/Oulu-Wood/JPEGImages/st1757.jpg,oulu,decayed_knot,oulu:st1757,knot,crack,0.9998997449874878,0.9998997449874878,0.00010026477684732527,2.4430227263914917e-13,False
wood-multitask-final/data_processed/classification_crops/external_test/normal/oulu_000747_normal.jpg,OULU-DET/I2GF-Net-Data/Oulu-Wood/JPEGImages/st1758.jpg,oulu,verified_negative,oulu:st1758,normal,crack,0.7117597460746765,0.7117597460746765,0.2882372736930847,3.035545205420931e-06,False
wood-multitask-final/data_processed/classification_crops/external_test/knot/oulu_000748_0001343.jpg,OULU-DET/I2GF-Net-Data/Oulu-Wood/JPEGImages/st1759.jpg,oulu,knot_hole,oulu:st1759,knot,knot,0.9542083740234375,0.04579160362482071,0.9542083740234375,2.3232557211372296e-08,True
wood-multitask-final/data_processed/classification_crops/external_test/knot/oulu_000750_0001344.jpg,OULU-DET/I2GF-Net-Data/Oulu-Wood/JPEGImages/st1761.jpg,oulu,knot_hole,oulu:st1761,knot,knot,0.9999245405197144,7.540990191046149e-05,0.9999245405197144,3.545477245125994e-09,True
wood-multitask-final/data_processed/classification_crops/external_test/normal/oulu_000751_normal.jpg,OULU-DET/I2GF-Net-Data/Oulu-Wood/JPEGImages/st1762.jpg,oulu,verified_negative,oulu:st1762,normal,knot,0.9957430958747864,0.004127149470150471,0.9957430958747864,0.00012968321971129626,False
wood-multitask-final/data_processed/classification_crops/external_test/normal/oulu_000752_normal.jpg,OULU-DET/I2GF-Net-Data/Oulu-Wood/JPEGImages/st1763.jpg,oulu,verified_negative,oulu:st1763,normal,knot,0.719804584980011,0.28019407391548157,0.719804584980011,1.2981847703485982e-06,False
wood-multitask-final/data_processed/classification_crops/external_test/knot/oulu_000754_0001345.jpg,OULU-DET/I2GF-Net-Data/Oulu-Wood/JPEGImages/st1765.jpg,oulu,dry_knot,oulu:st1765,knot,knot,0.947648823261261,0.05235087126493454,0.947648823261261,2.887528580686194e-07,True
wood-multitask-final/data_processed/classification_crops/external_test/knot/oulu_000755_0001346.jpg,OULU-DET/I2GF-Net-Data/Oulu-Wood/JPEGImages/st1766.jpg,oulu,dry_knot,oulu:st1766,knot,knot,0.9999456405639648,5.4269588872557506e-05,0.9999456405639648,1.0062865385407349e-07,True
wood-multitask-final/data_processed/classification_crops/external_test/knot/oulu_000756_0001347.jpg,OULU-DET/I2GF-Net-Data/Oulu-Wood/JPEGImages/st1767.jpg,oulu,edge_knot,oulu:st1767,knot,crack,0.9492224454879761,0.9492224454879761,0.05077757686376572,3.027735573368773e-08,False
wood-multitask-final/data_processed/classification_crops/external_test/knot/oulu_000756_0001348.jpg,OULU-DET/I2GF-Net-Data/Oulu-Wood/JPEGImages/st1767.jpg,oulu,dry_knot,oulu:st1767,knot,crack,0.6939900517463684,0.6939900517463684,0.3060099482536316,6.083933801193098e-09,False
wood-multitask-final/data_processed/classification_crops/external_test/knot/oulu_000757_0001349.jpg,OULU-DET/I2GF-Net-Data/Oulu-Wood/JPEGImages/st1768.jpg,oulu,dry_knot,oulu:st1768,knot,knot,0.6014357209205627,0.39856427907943726,0.6014357209205627,5.143755288372631e-08,True
wood-multitask-final/data_processed/classification_crops/external_test/knot/oulu_000757_0001350.jpg,OULU-DET/I2GF-Net-Data/Oulu-Wood/JPEGImages/st1768.jpg,oulu,dry_knot,oulu:st1768,knot,knot,0.6518964171409607,0.3481035828590393,0.6518964171409607,1.3245446517373693e-08,True
wood-multitask-final/data_processed/classification_crops/external_test/knot/oulu_000758_0001351.jpg,OULU-DET/I2GF-Net-Data/Oulu-Wood/JPEGImages/st1769.jpg,oulu,dry_knot,oulu:st1769,knot,knot,0.8343972563743591,0.16560249030590057,0.8343972563743591,2.3410140670421242e-07,True
wood-multitask-final/data_processed/classification_crops/external_test/knot/oulu_000766_0001352.jpg,OULU-DET/I2GF-Net-Data/Oulu-Wood/JPEGImages/st1777.jpg,oulu,dry_knot,oulu:st1777,knot,crack,0.9997110962867737,0.9997110962867737,0.0002888767630793154,1.6378456368926209e-09,False
wood-multitask-final/data_processed/classification_crops/external_test/knot/oulu_000767_0001353.jpg,OULU-DET/I2GF-Net-Data/Oulu-Wood/JPEGImages/st1778.jpg,oulu,dry_knot,oulu:st1778,knot,crack,0.9999005794525146,0.9999005794525146,9.942986798705533e-05,3.478414778435024e-10,False
wood-multitask-final/data_processed/classification_crops/external_test/knot/oulu_000768_0001354.jpg,OULU-DET/I2GF-Net-Data/Oulu-Wood/JPEGImages/st1779.jpg,oulu,dry_knot,oulu:st1779,knot,crack,0.7173401117324829,0.7173401117324829,0.28265976905822754,1.8923584832464257e-07,False
wood-multitask-final/data_processed/classification_crops/external_test/knot/oulu_000769_0001355.jpg,OULU-DET/I2GF-Net-Data/Oulu-Wood/JPEGImages/st1780.jpg,oulu,small_knot,oulu:st1780,knot,crack,0.8078432679176331,0.8078432679176331,0.19214382767677307,1.2905917174066417e-05,False
wood-multitask-final/data_processed/classification_crops/external_test/crack/oulu_000770_0001356.jpg,OULU-DET/I2GF-Net-Data/Oulu-Wood/JPEGImages/st1781.jpg,oulu,split,oulu:st1781,crack,knot,0.9804893732070923,0.019510602578520775,0.9804893732070923,5.240790557081709e-08,False
wood-multitask-final/data_processed/classification_crops/external_test/knot/oulu_000771_0001357.jpg,OULU-DET/I2GF-Net-Data/Oulu-Wood/JPEGImages/st1782.jpg,oulu,dry_knot,oulu:st1782,knot,knot,0.999971866607666,2.814198160194792e-05,0.999971866607666,1.7587579392852604e-08,True
wood-multitask-final/data_processed/classification_crops/external_test/knot/oulu_000772_0001358.jpg,OULU-DET/I2GF-Net-Data/Oulu-Wood/JPEGImages/st1783.jpg,oulu,dry_knot,oulu:st1783,knot,knot,0.9978779554367065,0.0021221099887043238,0.9978779554367065,2.183251623932847e-08,True
wood-multitask-final/data_processed/classification_crops/external_test/knot/oulu_000772_0001359.jpg,OULU-DET/I2GF-Net-Data/Oulu-Wood/JPEGImages/st1783.jpg,oulu,small_knot,oulu:st1783,knot,knot,0.7624973654747009,0.23705382645130157,0.7624973654747009,0.00044877795153297484,True
wood-multitask-final/data_processed/classification_crops/external_test/knot/oulu_000773_0001360.jpg,OULU-DET/I2GF-Net-Data/Oulu-Wood/JPEGImages/st1784.jpg,oulu,edge_knot,oulu:st1784,knot,knot,0.9999812841415405,1.8554328562458977e-05,0.9999812841415405,9.62146202709846e-08,True
wood-multitask-final/data_processed/classification_crops/external_test/knot/oulu_000774_0001361.jpg,OULU-DET/I2GF-Net-Data/Oulu-Wood/JPEGImages/st1785.jpg,oulu,knot_hole,oulu:st1785,knot,knot,0.9997240900993347,0.00027589869569055736,0.9997240900993347,1.4221005706360756e-08,True
wood-multitask-final/data_processed/classification_crops/external_test/normal/oulu_000776_normal.jpg,OULU-DET/I2GF-Net-Data/Oulu-Wood/JPEGImages/st1787.jpg,oulu,verified_negative,oulu:st1787,normal,knot,0.9980857372283936,8.274010178865865e-05,0.9980857372283936,0.0018316080095246434,False
wood-multitask-final/data_processed/classification_crops/external_test/knot/oulu_000777_0001362.jpg,OULU-DET/I2GF-Net-Data/Oulu-Wood/JPEGImages/st1788.jpg,oulu,edge_knot,oulu:st1788,knot,knot,0.9997437596321106,0.00025600832304917276,0.9997437596321106,2.50215890673644e-07,True
wood-multitask-final/data_processed/classification_crops/external_test/normal/oulu_000778_normal.jpg,OULU-DET/I2GF-Net-Data/Oulu-Wood/JPEGImages/st1789.jpg,oulu,verified_negative,oulu:st1789,normal,knot,0.9992000460624695,0.000793028506450355,0.9992000460624695,6.87236979501904e-06,False
wood-multitask-final/data_processed/classification_crops/external_test/knot/oulu_000779_0001363.jpg,OULU-DET/I2GF-Net-Data/Oulu-Wood/JPEGImages/st1790.jpg,oulu,encased_knot,oulu:st1790,knot,knot,0.9981617331504822,0.0018382591661065817,0.9981617331504822,6.7369798628647e-09,True
wood-multitask-final/data_processed/classification_crops/external_test/knot/oulu_000779_0001364.jpg,OULU-DET/I2GF-Net-Data/Oulu-Wood/JPEGImages/st1790.jpg,oulu,dry_knot,oulu:st1790,knot,knot,0.9999980926513672,1.8629206124387565e-06,0.9999980926513672,1.27759776091807e-08,True
wood-multitask-final/data_processed/classification_crops/external_test/knot/oulu_000780_0001365.jpg,OULU-DET/I2GF-Net-Data/Oulu-Wood/JPEGImages/st1791.jpg,oulu,dry_knot,oulu:st1791,knot,knot,0.9999911785125732,8.82220956555102e-06,0.9999911785125732,1.8707678961504826e-08,True
wood-multitask-final/data_processed/classification_crops/external_test/knot/oulu_000780_0001366.jpg,OULU-DET/I2GF-Net-Data/Oulu-Wood/JPEGImages/st1791.jpg,oulu,dry_knot,oulu:st1791,knot,knot,0.9999080896377563,9.19144440558739e-05,0.9999080896377563,5.784002254927145e-08,True
wood-multitask-final/data_processed/classification_crops/external_test/knot/oulu_000780_0001367.jpg,OULU-DET/I2GF-Net-Data/Oulu-Wood/JPEGImages/st1791.jpg,oulu,dry_knot,oulu:st1791,knot,knot,0.9999744892120361,2.5166733394144103e-05,0.9999744892120361,3.020785754870303e-07,True
wood-multitask-final/data_processed/classification_crops/external_test/knot/oulu_000780_0001368.jpg,OULU-DET/I2GF-Net-Data/Oulu-Wood/JPEGImages/st1791.jpg,oulu,encased_knot,oulu:st1791,knot,knot,0.9380715489387512,0.06192842498421669,0.9380715489387512,1.1595521209883941e-09,True
wood-multitask-final/data_processed/classification_crops/external_test/knot/oulu_000780_0001369.jpg,OULU-DET/I2GF-Net-Data/Oulu-Wood/JPEGImages/st1791.jpg,oulu,encased_knot,oulu:st1791,knot,knot,0.9963529109954834,0.0036471288185566664,0.9963529109954834,4.335160674884264e-09,True
wood-multitask-final/data_processed/classification_crops/external_test/knot/oulu_000781_0001370.jpg,OULU-DET/I2GF-Net-Data/Oulu-Wood/JPEGImages/st1792.jpg,oulu,dry_knot,oulu:st1792,knot,knot,0.9999977350234985,2.2381511826097267e-06,0.9999977350234985,2.0745559936585778e-08,True
wood-multitask-final/data_processed/classification_crops/external_test/knot/oulu_000781_0001371.jpg,OULU-DET/I2GF-Net-Data/Oulu-Wood/JPEGImages/st1792.jpg,oulu,dry_knot,oulu:st1792,knot,knot,0.9999997615814209,2.6073018943861825e-07,0.9999997615814209,2.055425385449894e-09,True
wood-multitask-final/data_processed/classification_crops/external_test/knot/oulu_000782_0001372.jpg,OULU-DET/I2GF-Net-Data/Oulu-Wood/JPEGImages/st1793.jpg,oulu,dry_knot,oulu:st1793,knot,knot,0.9999995231628418,4.785436544807453e-07,0.9999995231628418,5.117501533646873e-09,True
wood-multitask-final/data_processed/classification_crops/external_test/knot/oulu_000782_0001373.jpg,OULU-DET/I2GF-Net-Data/Oulu-Wood/JPEGImages/st1793.jpg,oulu,small_knot,oulu:st1793,knot,knot,0.9235544204711914,0.07642936706542969,0.9235544204711914,1.6163336113095284e-05,True
wood-multitask-final/data_processed/classification_crops/external_test/normal/oulu_000783_normal.jpg,OULU-DET/I2GF-Net-Data/Oulu-Wood/JPEGImages/st1794.jpg,oulu,verified_negative,oulu:st1794,normal,knot,0.9161824584007263,0.08381710946559906,0.9161824584007263,4.6074907800175424e-07,False
wood-multitask-final/data_processed/classification_crops/external_test/normal/oulu_000784_normal.jpg,OULU-DET/I2GF-Net-Data/Oulu-Wood/JPEGImages/st1795.jpg,oulu,verified_negative,oulu:st1795,normal,knot,0.999459445476532,0.0005405455594882369,0.999459445476532,2.201123194822685e-08,False
wood-multitask-final/data_processed/classification_crops/external_test/knot/oulu_000785_0001374.jpg,OULU-DET/I2GF-Net-Data/Oulu-Wood/JPEGImages/st1796.jpg,oulu,encased_knot,oulu:st1796,knot,knot,0.9999629259109497,3.7119461921975017e-05,0.9999629259109497,2.4520334651612075e-09,True
wood-multitask-final/data_processed/classification_crops/external_test/knot/oulu_000785_0001375.jpg,OULU-DET/I2GF-Net-Data/Oulu-Wood/JPEGImages/st1796.jpg,oulu,dry_knot,oulu:st1796,knot,knot,0.9999165534973145,8.341477951034904e-05,0.9999165534973145,4.289164579063254e-10,True
wood-multitask-final/data_processed/classification_crops/external_test/knot/oulu_000786_0001376.jpg,OULU-DET/I2GF-Net-Data/Oulu-Wood/JPEGImages/st1797.jpg,oulu,decayed_knot,oulu:st1797,knot,knot,0.9880251288414001,0.011974832974374294,0.9880251288414001,8.976079324263253e-10,True
wood-multitask-final/data_processed/classification_crops/external_test/normal/oulu_000787_normal.jpg,OULU-DET/I2GF-Net-Data/Oulu-Wood/JPEGImages/st1798.jpg,oulu,verified_negative,oulu:st1798,normal,knot,0.9995740056037903,0.0004259359266143292,0.9995740056037903,4.850452484106427e-08,False
wood-multitask-final/data_processed/classification_crops/external_test/normal/oulu_000788_normal.jpg,OULU-DET/I2GF-Net-Data/Oulu-Wood/JPEGImages/st1799.jpg,oulu,verified_negative,oulu:st1799,normal,knot,0.997739315032959,0.0022607140708714724,0.997739315032959,3.471733833748658e-08,False
wood-multitask-final/data_processed/classification_crops/external_test/normal/oulu_000789_normal.jpg,OULU-DET/I2GF-Net-Data/Oulu-Wood/JPEGImages/st1800.jpg,oulu,verified_negative,oulu:st1800,normal,knot,0.9997432827949524,0.00025668146554380655,0.9997432827949524,3.699617501240482e-09,False
wood-multitask-final/data_processed/classification_crops/external_test/normal/oulu_000790_normal.jpg,OULU-DET/I2GF-Net-Data/Oulu-Wood/JPEGImages/st1801.jpg,oulu,verified_negative,oulu:st1801,normal,knot,0.8717207312583923,0.12827524542808533,0.8717207312583923,4.0371505747316405e-06,False
wood-multitask-final/data_processed/classification_crops/external_test/normal/oulu_000791_normal.jpg,OULU-DET/I2GF-Net-Data/Oulu-Wood/JPEGImages/st1802.jpg,oulu,verified_negative,oulu:st1802,normal,knot,0.9973660111427307,0.0026262712199240923,0.9973660111427307,7.701303729845677e-06,False
wood-multitask-final/data_processed/classification_crops/external_test/normal/oulu_000792_normal.jpg,OULU-DET/I2GF-Net-Data/Oulu-Wood/JPEGImages/st1803.jpg,oulu,verified_negative,oulu:st1803,normal,knot,0.8081923127174377,0.1917983591556549,0.8081923127174377,9.38234370551072e-06,False
wood-multitask-final/data_processed/classification_crops/external_test/knot/oulu_000793_0001377.jpg,OULU-DET/I2GF-Net-Data/Oulu-Wood/JPEGImages/st1804.jpg,oulu,small_knot,oulu:st1804,knot,crack,0.9969367980957031,0.9969367980957031,0.0030632466077804565,3.845362223087179e-11,False
wood-multitask-final/data_processed/classification_crops/external_test/normal/oulu_000796_normal.jpg,OULU-DET/I2GF-Net-Data/Oulu-Wood/JPEGImages/st1807.jpg,oulu,verified_negative,oulu:st1807,normal,crack,0.9996956586837769,0.9996956586837769,0.000304423738270998,4.831190025811338e-08,False
wood-multitask-final/data_processed/classification_crops/external_test/normal/oulu_000797_normal.jpg,OULU-DET/I2GF-Net-Data/Oulu-Wood/JPEGImages/st1808.jpg,oulu,verified_negative,oulu:st1808,normal,knot,0.9977600574493408,0.002239808440208435,0.9977600574493408,7.135106727673701e-08,False
wood-multitask-final/data_processed/classification_crops/external_test/knot/oulu_000799_0001378.jpg,OULU-DET/I2GF-Net-Data/Oulu-Wood/JPEGImages/st1810.jpg,oulu,edge_knot,oulu:st1810,knot,knot,0.9799245595932007,0.0200676079839468,0.9799245595932007,7.865638508519623e-06,True
wood-multitask-final/data_processed/classification_crops/external_test/knot/oulu_000800_0001379.jpg,OULU-DET/I2GF-Net-Data/Oulu-Wood/JPEGImages/st1811.jpg,oulu,dry_knot,oulu:st1811,knot,knot,0.9733008146286011,0.026699073612689972,0.9733008146286011,1.0361131330682838e-07,True
wood-multitask-final/data_processed/classification_crops/external_test/knot/oulu_000801_0001380.jpg,OULU-DET/I2GF-Net-Data/Oulu-Wood/JPEGImages/st1812.jpg,oulu,dry_knot,oulu:st1812,knot,knot,0.9901608228683472,0.009838579222559929,0.9901608228683472,5.852922981830488e-07,True
wood-multitask-final/data_processed/classification_crops/external_test/knot/oulu_000802_0001381.jpg,OULU-DET/I2GF-Net-Data/Oulu-Wood/JPEGImages/st1813.jpg,oulu,dry_knot,oulu:st1813,knot,crack,0.9999487400054932,0.9999487400054932,5.123570736031979e-05,5.95732241315261e-10,False
wood-multitask-final/data_processed/classification_crops/external_test/knot/oulu_000802_0001382.jpg,OULU-DET/I2GF-Net-Data/Oulu-Wood/JPEGImages/st1813.jpg,oulu,edge_knot,oulu:st1813,knot,knot,0.999957799911499,4.216337401885539e-05,0.999957799911499,2.118784614424385e-08,True
wood-multitask-final/data_processed/classification_crops/external_test/knot/oulu_000803_0001383.jpg,OULU-DET/I2GF-Net-Data/Oulu-Wood/JPEGImages/st1814.jpg,oulu,edge_knot,oulu:st1814,knot,crack,0.9935571551322937,0.9935571551322937,0.006442871876060963,2.375726104730802e-08,False
wood-multitask-final/data_processed/classification_crops/external_test/knot/oulu_000806_0001384.jpg,OULU-DET/I2GF-Net-Data/Oulu-Wood/JPEGImages/st1817.jpg,oulu,small_knot,oulu:st1817,knot,knot,0.9999991655349731,7.85623342380859e-07,0.9999991655349731,2.4799011733023235e-09,True
wood-multitask-final/data_processed/classification_crops/external_test/knot/oulu_000807_0001385.jpg,OULU-DET/I2GF-Net-Data/Oulu-Wood/JPEGImages/st1818.jpg,oulu,dry_knot,oulu:st1818,knot,knot,0.9994606375694275,0.0005393793690018356,0.9994606375694275,7.122102019252452e-09,True
wood-multitask-final/data_processed/classification_crops/external_test/knot/oulu_000808_0001386.jpg,OULU-DET/I2GF-Net-Data/Oulu-Wood/JPEGImages/st1819.jpg,oulu,decayed_knot,oulu:st1819,knot,knot,0.9999995231628418,3.844440072953148e-07,0.9999995231628418,6.206629876714942e-08,True
wood-multitask-final/data_processed/classification_crops/external_test/knot/oulu_000809_0001387.jpg,OULU-DET/I2GF-Net-Data/Oulu-Wood/JPEGImages/st1820.jpg,oulu,decayed_knot,oulu:st1820,knot,knot,0.9999996423721313,1.3156690670257376e-07,0.9999996423721313,2.561438066095434e-07,True
wood-multitask-final/data_processed/classification_crops/external_test/knot/oulu_000809_0001388.jpg,OULU-DET/I2GF-Net-Data/Oulu-Wood/JPEGImages/st1820.jpg,oulu,encased_knot,oulu:st1820,knot,knot,0.9999963045120239,3.535775704222033e-06,0.9999963045120239,1.5797313324128481e-07,True
wood-multitask-final/data_processed/classification_crops/external_test/knot/oulu_000810_0001389.jpg,OULU-DET/I2GF-Net-Data/Oulu-Wood/JPEGImages/st1821.jpg,oulu,dry_knot,oulu:st1821,knot,crack,0.9998544454574585,0.9998544454574585,0.00014557565737050027,6.2624794239241055e-09,False
wood-multitask-final/data_processed/classification_crops/external_test/knot/oulu_000810_0001390.jpg,OULU-DET/I2GF-Net-Data/Oulu-Wood/JPEGImages/st1821.jpg,oulu,small_knot,oulu:st1821,knot,crack,0.9878038167953491,0.9878038167953491,0.01219518855214119,9.373820262226218e-07,False
wood-multitask-final/data_processed/classification_crops/external_test/knot/oulu_000810_0001391.jpg,OULU-DET/I2GF-Net-Data/Oulu-Wood/JPEGImages/st1821.jpg,oulu,sound_knot,oulu:st1821,knot,crack,0.9998290538787842,0.9998290538787842,0.00017091873451136053,1.0514014138485184e-11,False
wood-multitask-final/data_processed/classification_crops/external_test/knot/oulu_000811_0001392.jpg,OULU-DET/I2GF-Net-Data/Oulu-Wood/JPEGImages/st1822.jpg,oulu,knot_hole,oulu:st1822,knot,crack,0.9997041821479797,0.9997041821479797,0.00029575033113360405,4.2010786516222254e-10,False
wood-multitask-final/data_processed/classification_crops/external_test/knot/oulu_000811_0001393.jpg,OULU-DET/I2GF-Net-Data/Oulu-Wood/JPEGImages/st1822.jpg,oulu,small_knot,oulu:st1822,knot,crack,0.9999144077301025,0.9999144077301025,8.239201997639611e-05,3.2731286410125904e-06,False
wood-multitask-final/data_processed/classification_crops/external_test/knot/oulu_000811_0001394.jpg,OULU-DET/I2GF-Net-Data/Oulu-Wood/JPEGImages/st1822.jpg,oulu,sound_knot,oulu:st1822,knot,knot,0.9966499209403992,0.0033458969555795193,0.9966499209403992,4.182608336122939e-06,True
wood-multitask-final/data_processed/classification_crops/external_test/knot/oulu_000812_0001395.jpg,OULU-DET/I2GF-Net-Data/Oulu-Wood/JPEGImages/st1823.jpg,oulu,dry_knot,oulu:st1823,knot,knot,0.9995926022529602,0.00040740572148934007,0.9995926022529602,3.5688976218750668e-09,True
wood-multitask-final/data_processed/classification_crops/external_test/knot/oulu_000812_0001396.jpg,OULU-DET/I2GF-Net-Data/Oulu-Wood/JPEGImages/st1823.jpg,oulu,sound_knot,oulu:st1823,knot,knot,0.9999037981033325,9.464234608458355e-05,0.9999037981033325,1.4904077261235216e-06,True
wood-multitask-final/data_processed/classification_crops/external_test/knot/oulu_000813_0001397.jpg,OULU-DET/I2GF-Net-Data/Oulu-Wood/JPEGImages/st1824.jpg,oulu,dry_knot,oulu:st1824,knot,knot,0.9999656677246094,3.427479896345176e-05,0.9999656677246094,6.112732542362664e-10,True
wood-multitask-final/data_processed/classification_crops/external_test/knot/oulu_000813_0001398.jpg,OULU-DET/I2GF-Net-Data/Oulu-Wood/JPEGImages/st1824.jpg,oulu,dry_knot,oulu:st1824,knot,knot,0.9999902248382568,9.76257706497563e-06,0.9999902248382568,8.913268345622782e-09,True
wood-multitask-final/data_processed/classification_crops/external_test/normal/oulu_000816_normal.jpg,OULU-DET/I2GF-Net-Data/Oulu-Wood/JPEGImages/st1827.jpg,oulu,verified_negative,oulu:st1827,normal,crack,0.7727717161178589,0.7727717161178589,0.13555045425891876,0.09167784452438354,False
wood-multitask-final/data_processed/classification_crops/external_test/knot/oulu_000817_0001399.jpg,OULU-DET/I2GF-Net-Data/Oulu-Wood/JPEGImages/st1828.jpg,oulu,dry_knot,oulu:st1828,knot,knot,0.9999854564666748,1.4560047929990105e-05,0.9999854564666748,3.7379099815382233e-10,True
wood-multitask-final/data_processed/classification_crops/external_test/knot/oulu_000817_0001400.jpg,OULU-DET/I2GF-Net-Data/Oulu-Wood/JPEGImages/st1828.jpg,oulu,dry_knot,oulu:st1828,knot,knot,0.9994673132896423,0.0005326982354745269,0.9994673132896423,3.2279054984485356e-09,True
wood-multitask-final/data_processed/classification_crops/external_test/normal/oulu_000818_normal.jpg,OULU-DET/I2GF-Net-Data/Oulu-Wood/JPEGImages/st1829.jpg,oulu,verified_negative,oulu:st1829,normal,crack,0.9563863277435303,0.9563863277435303,0.04352808743715286,8.55926627991721e-05,False
wood-multitask-final/data_processed/classification_crops/external_test/knot/oulu_000819_0001401.jpg,OULU-DET/I2GF-Net-Data/Oulu-Wood/JPEGImages/st1830.jpg,oulu,dry_knot,oulu:st1830,knot,knot,0.99945467710495,0.0005453418707475066,0.99945467710495,3.5292835320888116e-08,True
wood-multitask-final/data_processed/classification_crops/external_test/knot/oulu_000819_0001402.jpg,OULU-DET/I2GF-Net-Data/Oulu-Wood/JPEGImages/st1830.jpg,oulu,dry_knot,oulu:st1830,knot,knot,0.9987921118736267,0.0012078890576958656,0.9987921118736267,1.115917314109538e-08,True
wood-multitask-final/data_processed/classification_crops/external_test/knot/oulu_000820_0001403.jpg,OULU-DET/I2GF-Net-Data/Oulu-Wood/JPEGImages/st1831.jpg,oulu,sound_knot,oulu:st1831,knot,knot,0.9991245865821838,0.0008750436827540398,0.9991245865821838,3.0407301210289006e-07,True
wood-multitask-final/data_processed/classification_crops/external_test/knot/oulu_000822_0001404.jpg,OULU-DET/I2GF-Net-Data/Oulu-Wood/JPEGImages/st1833.jpg,oulu,sound_knot,oulu:st1833,knot,knot,0.9995973706245422,0.00040230710874311626,0.9995973706245422,3.829942158972699e-07,True
wood-multitask-final/data_processed/classification_crops/external_test/knot/oulu_000823_0001405.jpg,OULU-DET/I2GF-Net-Data/Oulu-Wood/JPEGImages/st1834.jpg,oulu,sound_knot,oulu:st1834,knot,knot,0.9701518416404724,0.029837416484951973,0.9701518416404724,1.0700749044190161e-05,True
wood-multitask-final/data_processed/classification_crops/external_test/knot/oulu_000823_0001406.jpg,OULU-DET/I2GF-Net-Data/Oulu-Wood/JPEGImages/st1834.jpg,oulu,dry_knot,oulu:st1834,knot,knot,0.9999006986618042,9.897226846078411e-05,0.9999006986618042,3.027946036127105e-07,True
wood-multitask-final/data_processed/classification_crops/external_test/knot/oulu_000823_0001407.jpg,OULU-DET/I2GF-Net-Data/Oulu-Wood/JPEGImages/st1834.jpg,oulu,sound_knot,oulu:st1834,knot,knot,0.9997919201850891,0.00020739789761137217,0.9997919201850891,6.832293593106442e-07,True
wood-multitask-final/data_processed/classification_crops/external_test/knot/oulu_000824_0001408.jpg,OULU-DET/I2GF-Net-Data/Oulu-Wood/JPEGImages/st1835.jpg,oulu,sound_knot,oulu:st1835,knot,knot,0.9984411597251892,0.0010035530431196094,0.9984411597251892,0.0005552252987399697,True
wood-multitask-final/data_processed/classification_crops/external_test/knot/oulu_000824_0001409.jpg,OULU-DET/I2GF-Net-Data/Oulu-Wood/JPEGImages/st1835.jpg,oulu,dry_knot,oulu:st1835,knot,knot,0.9987976551055908,0.0012021097354590893,0.9987976551055908,2.2096793372838874e-07,True
wood-multitask-final/data_processed/classification_crops/external_test/knot/oulu_000825_0001410.jpg,OULU-DET/I2GF-Net-Data/Oulu-Wood/JPEGImages/st1836.jpg,oulu,dry_knot,oulu:st1836,knot,knot,0.9999885559082031,1.1494214049889706e-05,0.9999885559082031,6.897198367994406e-09,True
wood-multitask-final/data_processed/classification_crops/external_test/knot/oulu_000825_0001411.jpg,OULU-DET/I2GF-Net-Data/Oulu-Wood/JPEGImages/st1836.jpg,oulu,sound_knot,oulu:st1836,knot,knot,0.9971821308135986,0.0027991945389658213,0.9971821308135986,1.867587707238272e-05,True
wood-multitask-final/data_processed/classification_crops/external_test/knot/oulu_000826_0001412.jpg,OULU-DET/I2GF-Net-Data/Oulu-Wood/JPEGImages/st1837.jpg,oulu,knot_hole,oulu:st1837,knot,knot,0.9754098057746887,0.02459019050002098,0.9754098057746887,2.045639391212717e-08,True
wood-multitask-final/data_processed/classification_crops/external_test/knot/oulu_000826_0001413.jpg,OULU-DET/I2GF-Net-Data/Oulu-Wood/JPEGImages/st1837.jpg,oulu,sound_knot,oulu:st1837,knot,knot,0.9992601275444031,0.0007394856074824929,0.9992601275444031,3.8315684491863067e-07,True
wood-multitask-final/data_processed/classification_crops/external_test/knot/oulu_000826_0001414.jpg,OULU-DET/I2GF-Net-Data/Oulu-Wood/JPEGImages/st1837.jpg,oulu,dry_knot,oulu:st1837,knot,knot,0.9899023771286011,0.010097190737724304,0.9899023771286011,4.4225041051504377e-07,True
wood-multitask-final/data_processed/classification_crops/external_test/knot/oulu_000827_0001415.jpg,OULU-DET/I2GF-Net-Data/Oulu-Wood/JPEGImages/st1838.jpg,oulu,dry_knot,oulu:st1838,knot,knot,0.998365581035614,0.0016343574970960617,0.998365581035614,1.43873990054999e-07,True
wood-multitask-final/data_processed/classification_crops/external_test/crack/oulu_000827_0001416.jpg,OULU-DET/I2GF-Net-Data/Oulu-Wood/JPEGImages/st1838.jpg,oulu,split,oulu:st1838,crack,crack,0.7681511044502258,0.7681511044502258,0.23184765875339508,1.3203891739976825e-06,True
wood-multitask-final/data_processed/classification_crops/external_test/crack/oulu_000827_0001417.jpg,OULU-DET/I2GF-Net-Data/Oulu-Wood/JPEGImages/st1838.jpg,oulu,split,oulu:st1838,crack,crack,0.9999563694000244,0.9999563694000244,4.35184410889633e-05,7.529806822503815e-08,True
wood-multitask-final/data_processed/classification_crops/external_test/knot/oulu_000827_0001418.jpg,OULU-DET/I2GF-Net-Data/Oulu-Wood/JPEGImages/st1838.jpg,oulu,dry_knot,oulu:st1838,knot,crack,0.99998939037323,0.99998939037323,1.0649536307028029e-05,8.849743854399961e-11,False
wood-multitask-final/data_processed/classification_crops/external_test/knot/oulu_000828_0001419.jpg,OULU-DET/I2GF-Net-Data/Oulu-Wood/JPEGImages/st1839.jpg,oulu,dry_knot,oulu:st1839,knot,knot,0.9998214840888977,0.00017854654288385063,0.9998214840888977,1.6198919539078815e-08,True
wood-multitask-final/data_processed/classification_crops/external_test/crack/oulu_000828_0001420.jpg,OULU-DET/I2GF-Net-Data/Oulu-Wood/JPEGImages/st1839.jpg,oulu,split,oulu:st1839,crack,knot,0.9950205087661743,0.004979307763278484,0.9950205087661743,2.4050942215581017e-07,False
wood-multitask-final/data_processed/classification_crops/external_test/crack/oulu_000828_0001421.jpg,OULU-DET/I2GF-Net-Data/Oulu-Wood/JPEGImages/st1839.jpg,oulu,split,oulu:st1839,crack,knot,0.9999613761901855,3.859858770738356e-05,0.9999613761901855,1.9570110865174684e-08,False
wood-multitask-final/data_processed/classification_crops/external_test/crack/oulu_000829_0001422.jpg,OULU-DET/I2GF-Net-Data/Oulu-Wood/JPEGImages/st1840.jpg,oulu,split,oulu:st1840,crack,knot,0.994554877281189,0.005241927690804005,0.994554877281189,0.00020321390184108168,False
wood-multitask-final/data_processed/classification_crops/external_test/crack/oulu_000829_0001423.jpg,OULU-DET/I2GF-Net-Data/Oulu-Wood/JPEGImages/st1840.jpg,oulu,split,oulu:st1840,crack,knot,0.99928218126297,0.0007160325185395777,0.99928218126297,1.7440689816794475e-06,False
wood-multitask-final/data_processed/classification_crops/external_test/knot/oulu_000829_0001424.jpg,OULU-DET/I2GF-Net-Data/Oulu-Wood/JPEGImages/st1840.jpg,oulu,dry_knot,oulu:st1840,knot,crack,0.7495847344398499,0.7495847344398499,0.25041523575782776,3.9950704966429385e-09,False
wood-multitask-final/data_processed/classification_crops/external_test/knot/oulu_000829_0001425.jpg,OULU-DET/I2GF-Net-Data/Oulu-Wood/JPEGImages/st1840.jpg,oulu,dry_knot,oulu:st1840,knot,crack,0.6375194787979126,0.6375194787979126,0.36248019337654114,3.746903871615359e-07,False
wood-multitask-final/data_processed/classification_crops/external_test/knot/oulu_000830_0001426.jpg,OULU-DET/I2GF-Net-Data/Oulu-Wood/JPEGImages/st1841.jpg,oulu,edge_knot,oulu:st1841,knot,crack,0.9926671385765076,0.9926671385765076,0.007328960578888655,3.869989541271934e-06,False
wood-multitask-final/data_processed/classification_crops/external_test/knot/oulu_000832_0001427.jpg,OULU-DET/I2GF-Net-Data/Oulu-Wood/JPEGImages/st1843.jpg,oulu,small_knot,oulu:st1843,knot,crack,0.999950647354126,0.999950647354126,4.934004755341448e-05,9.882388310455958e-12,False
wood-multitask-final/data_processed/classification_crops/external_test/knot/oulu_000833_0001428.jpg,OULU-DET/I2GF-Net-Data/Oulu-Wood/JPEGImages/st1844.jpg,oulu,sound_knot,oulu:st1844,knot,crack,0.9919465184211731,0.9919465184211731,0.008053204976022243,2.0219161456225265e-07,False
wood-multitask-final/data_processed/classification_crops/external_test/knot/oulu_000833_0001429.jpg,OULU-DET/I2GF-Net-Data/Oulu-Wood/JPEGImages/st1844.jpg,oulu,dry_knot,oulu:st1844,knot,crack,0.9730186462402344,0.9730186462402344,0.026980085298419,1.2993644986636355e-06,False
wood-multitask-final/data_processed/classification_crops/external_test/knot/oulu_000834_0001430.jpg,OULU-DET/I2GF-Net-Data/Oulu-Wood/JPEGImages/st1845.jpg,oulu,sound_knot,oulu:st1845,knot,crack,0.9999866485595703,0.9999866485595703,1.3393215340329334e-05,3.9012570951513226e-09,False
wood-multitask-final/data_processed/classification_crops/external_test/normal/oulu_000835_normal.jpg,OULU-DET/I2GF-Net-Data/Oulu-Wood/JPEGImages/st1846.jpg,oulu,verified_negative,oulu:st1846,normal,knot,0.9995414018630981,0.0004586262512020767,0.9995414018630981,1.0136030903495907e-10,False
wood-multitask-final/data_processed/classification_crops/external_test/normal/oulu_000836_normal.jpg,OULU-DET/I2GF-Net-Data/Oulu-Wood/JPEGImages/st1847.jpg,oulu,verified_negative,oulu:st1847,normal,knot,0.9999624490737915,3.754854333237745e-05,0.9999624490737915,2.1519477172438073e-11,False
wood-multitask-final/data_processed/classification_crops/external_test/normal/oulu_000837_normal.jpg,OULU-DET/I2GF-Net-Data/Oulu-Wood/JPEGImages/st1848.jpg,oulu,verified_negative,oulu:st1848,normal,knot,0.999984622001648,1.5337818695115857e-05,0.999984622001648,3.759620045840073e-11,False
wood-multitask-final/data_processed/classification_crops/external_test/knot/oulu_000838_0001431.jpg,OULU-DET/I2GF-Net-Data/Oulu-Wood/JPEGImages/st1849.jpg,oulu,edge_knot,oulu:st1849,knot,knot,0.5754989981651306,0.424500972032547,0.5754989981651306,2.0012302925920267e-09,True
wood-multitask-final/data_processed/classification_crops/external_test/normal/oulu_000839_normal.jpg,OULU-DET/I2GF-Net-Data/Oulu-Wood/JPEGImages/st1850.jpg,oulu,verified_negative,oulu:st1850,normal,knot,0.9190972447395325,0.08090219646692276,0.9190972447395325,5.555838811233116e-07,False
wood-multitask-final/data_processed/classification_crops/external_test/normal/vnwoodknot_000840_normal.jpg,VNWoodKnot/VNWoodKnot A High-Quality Image Dataset for Wood K/VNWoodKnot/VNWoodKnot/test/0/IMG_4344.jpg,vnwoodknot,verified_negative,vnwoodknot:test:img_4344,normal,crack,0.9999440908432007,0.9999440908432007,3.9258768083527684e-05,1.6728743503335863e-05,False
wood-multitask-final/data_processed/classification_crops/external_test/normal/vnwoodknot_000841_normal.jpg,VNWoodKnot/VNWoodKnot A High-Quality Image Dataset for Wood K/VNWoodKnot/VNWoodKnot/test/0/IMG_4352.jpg,vnwoodknot,verified_negative,vnwoodknot:test:img_4352,normal,knot,0.7643172740936279,0.22783662378787994,0.7643172740936279,0.007846161723136902,False
wood-multitask-final/data_processed/classification_crops/external_test/normal/vnwoodknot_000842_normal.jpg,VNWoodKnot/VNWoodKnot A High-Quality Image Dataset for Wood K/VNWoodKnot/VNWoodKnot/test/0/IMG_4357.jpg,vnwoodknot,verified_negative,vnwoodknot:test:img_4357,normal,crack,1.0,1.0,4.559511523893889e-08,1.169480484675134e-10,False
wood-multitask-final/data_processed/classification_crops/external_test/normal/vnwoodknot_000843_normal.jpg,VNWoodKnot/VNWoodKnot A High-Quality Image Dataset for Wood K/VNWoodKnot/VNWoodKnot/test/0/IMG_4397.jpg,vnwoodknot,verified_negative,vnwoodknot:test:img_4397,normal,crack,0.9999998807907104,0.9999998807907104,8.89225191258447e-08,5.065270158866042e-08,False
wood-multitask-final/data_processed/classification_crops/external_test/normal/vnwoodknot_000844_normal.jpg,VNWoodKnot/VNWoodKnot A High-Quality Image Dataset for Wood K/VNWoodKnot/VNWoodKnot/test/0/IMG_4405.jpg,vnwoodknot,verified_negative,vnwoodknot:test:img_4405,normal,crack,0.9561731219291687,0.9561731219291687,0.014448422007262707,0.029378453269600868,False
wood-multitask-final/data_processed/classification_crops/external_test/normal/vnwoodknot_000845_normal.jpg,VNWoodKnot/VNWoodKnot A High-Quality Image Dataset for Wood K/VNWoodKnot/VNWoodKnot/test/0/IMG_4406.jpg,vnwoodknot,verified_negative,vnwoodknot:test:img_4406,normal,crack,1.0,1.0,1.0225466029467611e-09,5.361057084374288e-11,False
wood-multitask-final/data_processed/classification_crops/external_test/normal/vnwoodknot_000846_normal.jpg,VNWoodKnot/VNWoodKnot A High-Quality Image Dataset for Wood K/VNWoodKnot/VNWoodKnot/test/0/IMG_4407.jpg,vnwoodknot,verified_negative,vnwoodknot:test:img_4407,normal,knot,0.9473868012428284,0.014633752405643463,0.9473868012428284,0.03797950595617294,False
wood-multitask-final/data_processed/classification_crops/external_test/normal/vnwoodknot_000847_normal.jpg,VNWoodKnot/VNWoodKnot A High-Quality Image Dataset for Wood K/VNWoodKnot/VNWoodKnot/test/0/IMG_4413.jpg,vnwoodknot,verified_negative,vnwoodknot:test:img_4413,normal,crack,0.9999943971633911,0.9999943971633911,5.597048584604636e-06,2.6914477313511043e-09,False
wood-multitask-final/data_processed/classification_crops/external_test/normal/vnwoodknot_000848_normal.jpg,VNWoodKnot/VNWoodKnot A High-Quality Image Dataset for Wood K/VNWoodKnot/VNWoodKnot/test/0/IMG_4415.jpg,vnwoodknot,verified_negative,vnwoodknot:test:img_4415,normal,crack,0.9999998807907104,0.9999998807907104,1.1743885863779724e-07,1.4907333145686152e-09,False
wood-multitask-final/data_processed/classification_crops/external_test/normal/vnwoodknot_000849_normal.jpg,VNWoodKnot/VNWoodKnot A High-Quality Image Dataset for Wood K/VNWoodKnot/VNWoodKnot/test/0/IMG_4423.jpg,vnwoodknot,verified_negative,vnwoodknot:test:img_4423,normal,crack,1.0,1.0,1.8948087543435577e-08,4.082896509771672e-08,False
wood-multitask-final/data_processed/classification_crops/external_test/normal/vnwoodknot_000850_normal.jpg,VNWoodKnot/VNWoodKnot A High-Quality Image Dataset for Wood K/VNWoodKnot/VNWoodKnot/test/0/IMG_4439.jpg,vnwoodknot,verified_negative,vnwoodknot:test:img_4439,normal,crack,0.9908384680747986,0.9908384680747986,0.0020384180825203657,0.007123094517737627,False
wood-multitask-final/data_processed/classification_crops/external_test/normal/vnwoodknot_000851_normal.jpg,VNWoodKnot/VNWoodKnot A High-Quality Image Dataset for Wood K/VNWoodKnot/VNWoodKnot/test/0/IMG_4530.jpg,vnwoodknot,verified_negative,vnwoodknot:test:img_4530,normal,crack,0.9876663684844971,0.9876663684844971,0.0038092313334345818,0.008524362929165363,False
wood-multitask-final/data_processed/classification_crops/external_test/normal/vnwoodknot_000852_normal.jpg,VNWoodKnot/VNWoodKnot A High-Quality Image Dataset for Wood K/VNWoodKnot/VNWoodKnot/test/0/IMG_4536.jpg,vnwoodknot,verified_negative,vnwoodknot:test:img_4536,normal,crack,0.999785840511322,0.999785840511322,8.318610525748227e-06,0.00020584625599440187,False
wood-multitask-final/data_processed/classification_crops/external_test/normal/vnwoodknot_000853_normal.jpg,VNWoodKnot/VNWoodKnot A High-Quality Image Dataset for Wood K/VNWoodKnot/VNWoodKnot/test/0/IMG_4782.jpg,vnwoodknot,verified_negative,vnwoodknot:test:img_4782,normal,crack,1.0,1.0,4.4088194206537423e-10,1.5158490782041234e-11,False
wood-multitask-final/data_processed/classification_crops/external_test/normal/vnwoodknot_000854_normal.jpg,VNWoodKnot/VNWoodKnot A High-Quality Image Dataset for Wood K/VNWoodKnot/VNWoodKnot/test/0/IMG_4791.jpg,vnwoodknot,verified_negative,vnwoodknot:test:img_4791,normal,crack,0.9970747232437134,0.9970747232437134,0.0009690830484032631,0.001956218620762229,False
wood-multitask-final/data_processed/classification_crops/external_test/normal/vnwoodknot_000855_normal.jpg,VNWoodKnot/VNWoodKnot A High-Quality Image Dataset for Wood K/VNWoodKnot/VNWoodKnot/test/0/IMG_4801.jpg,vnwoodknot,verified_negative,vnwoodknot:test:img_4801,normal,crack,1.0,1.0,2.5705359618655166e-08,2.0943978495946425e-10,False
wood-multitask-final/data_processed/classification_crops/external_test/normal/vnwoodknot_000856_normal.jpg,VNWoodKnot/VNWoodKnot A High-Quality Image Dataset for Wood K/VNWoodKnot/VNWoodKnot/test/0/IMG_4825.jpg,vnwoodknot,verified_negative,vnwoodknot:test:img_4825,normal,crack,1.0,1.0,2.4377950325060738e-08,7.2425820896171444e-09,False
wood-multitask-final/data_processed/classification_crops/external_test/normal/vnwoodknot_000857_normal.jpg,VNWoodKnot/VNWoodKnot A High-Quality Image Dataset for Wood K/VNWoodKnot/VNWoodKnot/test/0/IMG_4829.jpg,vnwoodknot,verified_negative,vnwoodknot:test:img_4829,normal,crack,0.9999971389770508,0.9999971389770508,3.5922656138609455e-07,2.5267552246077685e-06,False
wood-multitask-final/data_processed/classification_crops/external_test/normal/vnwoodknot_000858_normal.jpg,VNWoodKnot/VNWoodKnot A High-Quality Image Dataset for Wood K/VNWoodKnot/VNWoodKnot/test/0/IMG_4832.jpg,vnwoodknot,verified_negative,vnwoodknot:test:img_4832,normal,crack,0.9999669790267944,0.9999669790267944,4.403791535878554e-06,2.866311297111679e-05,False
wood-multitask-final/data_processed/classification_crops/external_test/normal/vnwoodknot_000859_normal.jpg,VNWoodKnot/VNWoodKnot A High-Quality Image Dataset for Wood K/VNWoodKnot/VNWoodKnot/test/0/IMG_4876.jpg,vnwoodknot,verified_negative,vnwoodknot:test:img_4876,normal,crack,0.9999998807907104,0.9999998807907104,1.0075164880163356e-07,6.653890771701754e-09,False
wood-multitask-final/data_processed/classification_crops/external_test/normal/vnwoodknot_000860_normal.jpg,VNWoodKnot/VNWoodKnot A High-Quality Image Dataset for Wood K/VNWoodKnot/VNWoodKnot/test/0/IMG_4885.jpg,vnwoodknot,verified_negative,vnwoodknot:test:img_4885,normal,crack,0.996705949306488,0.996705949306488,0.0027459529228508472,0.0005481307161971927,False
wood-multitask-final/data_processed/classification_crops/external_test/normal/vnwoodknot_000861_normal.jpg,VNWoodKnot/VNWoodKnot A High-Quality Image Dataset for Wood K/VNWoodKnot/VNWoodKnot/test/0/IMG_4900.jpg,vnwoodknot,verified_negative,vnwoodknot:test:img_4900,normal,crack,1.0,1.0,1.5602198699671277e-10,7.245780364595333e-11,False
wood-multitask-final/data_processed/classification_crops/external_test/normal/vnwoodknot_000862_normal.jpg,VNWoodKnot/VNWoodKnot A High-Quality Image Dataset for Wood K/VNWoodKnot/VNWoodKnot/test/0/IMG_4909.jpg,vnwoodknot,verified_negative,vnwoodknot:test:img_4909,normal,crack,0.9999990463256836,0.9999990463256836,1.4914745349869918e-07,7.885311674726836e-07,False
wood-multitask-final/data_processed/classification_crops/external_test/normal/vnwoodknot_000863_normal.jpg,VNWoodKnot/VNWoodKnot A High-Quality Image Dataset for Wood K/VNWoodKnot/VNWoodKnot/test/0/IMG_4915.jpg,vnwoodknot,verified_negative,vnwoodknot:test:img_4915,normal,crack,1.0,1.0,7.29960189516099e-11,1.549397762867777e-11,False
wood-multitask-final/data_processed/classification_crops/external_test/normal/vnwoodknot_000864_normal.jpg,VNWoodKnot/VNWoodKnot A High-Quality Image Dataset for Wood K/VNWoodKnot/VNWoodKnot/test/0/IMG_4917.jpg,vnwoodknot,verified_negative,vnwoodknot:test:img_4917,normal,crack,0.9999250173568726,0.9999250173568726,7.074885797919706e-05,4.228547368256841e-06,False
wood-multitask-final/data_processed/classification_crops/external_test/normal/vnwoodknot_000865_normal.jpg,VNWoodKnot/VNWoodKnot A High-Quality Image Dataset for Wood K/VNWoodKnot/VNWoodKnot/test/0/IMG_4922.jpg,vnwoodknot,verified_negative,vnwoodknot:test:img_4922,normal,crack,1.0,1.0,4.47642323209152e-09,9.987950022605219e-09,False
wood-multitask-final/data_processed/classification_crops/external_test/normal/vnwoodknot_000866_normal.jpg,VNWoodKnot/VNWoodKnot A High-Quality Image Dataset for Wood K/VNWoodKnot/VNWoodKnot/test/0/IMG_4928.jpg,vnwoodknot,verified_negative,vnwoodknot:test:img_4928,normal,crack,1.0,1.0,4.881577433946127e-11,7.613760967181693e-14,False
wood-multitask-final/data_processed/classification_crops/external_test/normal/vnwoodknot_000867_normal.jpg,VNWoodKnot/VNWoodKnot A High-Quality Image Dataset for Wood K/VNWoodKnot/VNWoodKnot/test/0/IMG_4931.jpg,vnwoodknot,verified_negative,vnwoodknot:test:img_4931,normal,crack,0.9999979734420776,0.9999979734420776,2.148802735746358e-07,1.7555914837430464e-06,False
wood-multitask-final/data_processed/classification_crops/external_test/normal/vnwoodknot_000868_normal.jpg,VNWoodKnot/VNWoodKnot A High-Quality Image Dataset for Wood K/VNWoodKnot/VNWoodKnot/test/0/IMG_4933.jpg,vnwoodknot,verified_negative,vnwoodknot:test:img_4933,normal,crack,1.0,1.0,1.4350149513120414e-08,3.819319971398727e-08,False
wood-multitask-final/data_processed/classification_crops/external_test/normal/vnwoodknot_000869_normal.jpg,VNWoodKnot/VNWoodKnot A High-Quality Image Dataset for Wood K/VNWoodKnot/VNWoodKnot/test/0/IMG_4937.jpg,vnwoodknot,verified_negative,vnwoodknot:test:img_4937,normal,crack,0.9990668892860413,0.9990668892860413,0.0005105024320073426,0.0004226435848977417,False
wood-multitask-final/data_processed/classification_crops/external_test/normal/vnwoodknot_000870_normal.jpg,VNWoodKnot/VNWoodKnot A High-Quality Image Dataset for Wood K/VNWoodKnot/VNWoodKnot/test/0/IMG_4957.jpg,vnwoodknot,verified_negative,vnwoodknot:test:img_4957,normal,crack,1.0,1.0,2.077549243750809e-09,5.8031869240582346e-12,False
wood-multitask-final/data_processed/classification_crops/external_test/normal/vnwoodknot_000871_normal.jpg,VNWoodKnot/VNWoodKnot A High-Quality Image Dataset for Wood K/VNWoodKnot/VNWoodKnot/test/0/IMG_4958.jpg,vnwoodknot,verified_negative,vnwoodknot:test:img_4958,normal,crack,1.0,1.0,1.2737752186353646e-08,3.91022761045412e-12,False
wood-multitask-final/data_processed/classification_crops/external_test/normal/vnwoodknot_000872_normal.jpg,VNWoodKnot/VNWoodKnot A High-Quality Image Dataset for Wood K/VNWoodKnot/VNWoodKnot/test/0/IMG_4966.jpg,vnwoodknot,verified_negative,vnwoodknot:test:img_4966,normal,crack,0.9997503161430359,0.9997503161430359,0.00024938458227552474,2.3702230578237504e-07,False
wood-multitask-final/data_processed/classification_crops/external_test/normal/vnwoodknot_000873_normal.jpg,VNWoodKnot/VNWoodKnot A High-Quality Image Dataset for Wood K/VNWoodKnot/VNWoodKnot/test/0/IMG_4976.jpg,vnwoodknot,verified_negative,vnwoodknot:test:img_4976,normal,crack,0.9999954700469971,0.9999954700469971,1.0665974770063258e-07,4.409708253660938e-06,False
wood-multitask-final/data_processed/classification_crops/external_test/normal/vnwoodknot_000874_normal.jpg,VNWoodKnot/VNWoodKnot A High-Quality Image Dataset for Wood K/VNWoodKnot/VNWoodKnot/test/0/IMG_4997.jpg,vnwoodknot,verified_negative,vnwoodknot:test:img_4997,normal,crack,1.0,1.0,2.1512305270476872e-09,9.162660864411865e-13,False
wood-multitask-final/data_processed/classification_crops/external_test/normal/vnwoodknot_000875_normal.jpg,VNWoodKnot/VNWoodKnot A High-Quality Image Dataset for Wood K/VNWoodKnot/VNWoodKnot/test/0/IMG_5013.jpg,vnwoodknot,verified_negative,vnwoodknot:test:img_5013,normal,crack,1.0,1.0,1.9303239895407387e-08,2.400739884667047e-10,False
wood-multitask-final/data_processed/classification_crops/external_test/normal/vnwoodknot_000876_normal.jpg,VNWoodKnot/VNWoodKnot A High-Quality Image Dataset for Wood K/VNWoodKnot/VNWoodKnot/test/0/IMG_5022.jpg,vnwoodknot,verified_negative,vnwoodknot:test:img_5022,normal,crack,1.0,1.0,5.393917490437161e-08,6.933189578006704e-10,False
wood-multitask-final/data_processed/classification_crops/external_test/normal/vnwoodknot_000877_normal.jpg,VNWoodKnot/VNWoodKnot A High-Quality Image Dataset for Wood K/VNWoodKnot/VNWoodKnot/test/0/IMG_5053.jpg,vnwoodknot,verified_negative,vnwoodknot:test:img_5053,normal,crack,0.9999306201934814,0.9999306201934814,6.706368731101975e-05,2.223025830971892e-06,False
wood-multitask-final/data_processed/classification_crops/external_test/normal/vnwoodknot_000878_normal.jpg,VNWoodKnot/VNWoodKnot A High-Quality Image Dataset for Wood K/VNWoodKnot/VNWoodKnot/test/0/img_4430.jpg,vnwoodknot,verified_negative,vnwoodknot:test:img_4430,normal,crack,0.9999988079071045,0.9999988079071045,4.880278083874146e-07,7.255937930494838e-07,False
wood-multitask-final/data_processed/classification_crops/external_test/normal/vnwoodknot_000879_normal.jpg,VNWoodKnot/VNWoodKnot A High-Quality Image Dataset for Wood K/VNWoodKnot/VNWoodKnot/test/0/img_4444.jpg,vnwoodknot,verified_negative,vnwoodknot:test:img_4444,normal,crack,0.9999994039535522,0.9999994039535522,4.2698218294390244e-07,1.5420030763380055e-07,False
wood-multitask-final/data_processed/classification_crops/external_test/normal/vnwoodknot_000880_normal.jpg,VNWoodKnot/VNWoodKnot A High-Quality Image Dataset for Wood K/VNWoodKnot/VNWoodKnot/test/0/img_4454.jpg,vnwoodknot,verified_negative,vnwoodknot:test:img_4454,normal,crack,0.9991000890731812,0.9991000890731812,0.0008915566722862422,8.302097739942838e-06,False
wood-multitask-final/data_processed/classification_crops/external_test/normal/vnwoodknot_000881_normal.jpg,VNWoodKnot/VNWoodKnot A High-Quality Image Dataset for Wood K/VNWoodKnot/VNWoodKnot/test/0/img_4456.jpg,vnwoodknot,verified_negative,vnwoodknot:test:img_4456,normal,knot,0.9725857973098755,0.026570016518235207,0.9725857973098755,0.0008441659156233072,False
wood-multitask-final/data_processed/classification_crops/external_test/normal/vnwoodknot_000882_normal.jpg,VNWoodKnot/VNWoodKnot A High-Quality Image Dataset for Wood K/VNWoodKnot/VNWoodKnot/test/0/img_4465.jpg,vnwoodknot,verified_negative,vnwoodknot:test:img_4465,normal,crack,0.9999959468841553,0.9999959468841553,3.6703947898786282e-06,4.108042617190222e-07,False
wood-multitask-final/data_processed/classification_crops/external_test/normal/vnwoodknot_000883_normal.jpg,VNWoodKnot/VNWoodKnot A High-Quality Image Dataset for Wood K/VNWoodKnot/VNWoodKnot/test/0/img_4474.jpg,vnwoodknot,verified_negative,vnwoodknot:test:img_4474,normal,crack,0.9841880798339844,0.9841880798339844,0.004247853998094797,0.01156407780945301,False
wood-multitask-final/data_processed/classification_crops/external_test/normal/vnwoodknot_000884_normal.jpg,VNWoodKnot/VNWoodKnot A High-Quality Image Dataset for Wood K/VNWoodKnot/VNWoodKnot/test/0/img_4496.jpg,vnwoodknot,verified_negative,vnwoodknot:test:img_4496,normal,knot,0.9191023707389832,0.014249760657548904,0.9191023707389832,0.06664784252643585,False
wood-multitask-final/data_processed/classification_crops/external_test/normal/vnwoodknot_000885_normal.jpg,VNWoodKnot/VNWoodKnot A High-Quality Image Dataset for Wood K/VNWoodKnot/VNWoodKnot/test/0/img_4520.jpg,vnwoodknot,verified_negative,vnwoodknot:test:img_4520,normal,crack,0.994882345199585,0.994882345199585,0.0001873373257694766,0.0049303253181278706,False
wood-multitask-final/data_processed/classification_crops/external_test/normal/vnwoodknot_000886_normal.jpg,VNWoodKnot/VNWoodKnot A High-Quality Image Dataset for Wood K/VNWoodKnot/VNWoodKnot/test/0/img_4533.jpg,vnwoodknot,verified_negative,vnwoodknot:test:img_4533,normal,crack,0.9999995231628418,0.9999995231628418,1.6691102189270168e-07,3.219172697299655e-07,False
wood-multitask-final/data_processed/classification_crops/external_test/normal/vnwoodknot_000887_normal.jpg,VNWoodKnot/VNWoodKnot A High-Quality Image Dataset for Wood K/VNWoodKnot/VNWoodKnot/test/0/img_4538.jpg,vnwoodknot,verified_negative,vnwoodknot:test:img_4538,normal,crack,0.9999858140945435,0.9999858140945435,1.4127843314781785e-05,5.0293774478404885e-08,False
wood-multitask-final/data_processed/classification_crops/external_test/normal/vnwoodknot_000888_normal.jpg,VNWoodKnot/VNWoodKnot A High-Quality Image Dataset for Wood K/VNWoodKnot/VNWoodKnot/test/0/img_4549.jpg,vnwoodknot,verified_negative,vnwoodknot:test:img_4549,normal,crack,0.9434967637062073,0.9434967637062073,0.041080813854932785,0.015422334894537926,False
wood-multitask-final/data_processed/classification_crops/external_test/normal/vnwoodknot_000889_normal.jpg,VNWoodKnot/VNWoodKnot A High-Quality Image Dataset for Wood K/VNWoodKnot/VNWoodKnot/test/0/img_4552.jpg,vnwoodknot,verified_negative,vnwoodknot:test:img_4552,normal,crack,0.9983711838722229,0.9983711838722229,0.00045676992158405483,0.0011720042675733566,False
wood-multitask-final/data_processed/classification_crops/external_test/normal/vnwoodknot_000890_normal.jpg,VNWoodKnot/VNWoodKnot A High-Quality Image Dataset for Wood K/VNWoodKnot/VNWoodKnot/test/0/img_4761.jpg,vnwoodknot,verified_negative,vnwoodknot:test:img_4761,normal,crack,0.9999998807907104,0.9999998807907104,5.034304706441617e-08,7.216178943281193e-08,False
wood-multitask-final/data_processed/classification_crops/external_test/normal/vnwoodknot_000891_normal.jpg,VNWoodKnot/VNWoodKnot A High-Quality Image Dataset for Wood K/VNWoodKnot/VNWoodKnot/test/0/img_4765.jpg,vnwoodknot,verified_negative,vnwoodknot:test:img_4765,normal,crack,1.0,1.0,1.6063297914037378e-10,2.6833715804919223e-11,False
wood-multitask-final/data_processed/classification_crops/external_test/normal/vnwoodknot_000892_normal.jpg,VNWoodKnot/VNWoodKnot A High-Quality Image Dataset for Wood K/VNWoodKnot/VNWoodKnot/test/0/img_4800.jpg,vnwoodknot,verified_negative,vnwoodknot:test:img_4800,normal,knot,0.7623048424720764,0.23717693984508514,0.7623048424720764,0.0005182473687455058,False
wood-multitask-final/data_processed/classification_crops/external_test/normal/vnwoodknot_000893_normal.jpg,VNWoodKnot/VNWoodKnot A High-Quality Image Dataset for Wood K/VNWoodKnot/VNWoodKnot/test/0/img_4819.jpg,vnwoodknot,verified_negative,vnwoodknot:test:img_4819,normal,crack,1.0,1.0,3.383082924912628e-09,4.0608315321488675e-12,False
wood-multitask-final/data_processed/classification_crops/external_test/normal/vnwoodknot_000894_normal.jpg,VNWoodKnot/VNWoodKnot A High-Quality Image Dataset for Wood K/VNWoodKnot/VNWoodKnot/test/0/img_4821.jpg,vnwoodknot,verified_negative,vnwoodknot:test:img_4821,normal,crack,0.935474157333374,0.935474157333374,0.007105514872819185,0.05742035433650017,False
wood-multitask-final/data_processed/classification_crops/external_test/normal/vnwoodknot_000895_normal.jpg,VNWoodKnot/VNWoodKnot A High-Quality Image Dataset for Wood K/VNWoodKnot/VNWoodKnot/test/0/img_4835.jpg,vnwoodknot,verified_negative,vnwoodknot:test:img_4835,normal,crack,0.9999969005584717,0.9999969005584717,3.1326628686656477e-06,7.316704131454799e-09,False
wood-multitask-final/data_processed/classification_crops/external_test/normal/vnwoodknot_000896_normal.jpg,VNWoodKnot/VNWoodKnot A High-Quality Image Dataset for Wood K/VNWoodKnot/VNWoodKnot/test/0/img_4846.jpg,vnwoodknot,verified_negative,vnwoodknot:test:img_4846,normal,crack,1.0,1.0,2.0207794548809943e-08,6.06497796429295e-10,False
wood-multitask-final/data_processed/classification_crops/external_test/normal/vnwoodknot_000897_normal.jpg,VNWoodKnot/VNWoodKnot A High-Quality Image Dataset for Wood K/VNWoodKnot/VNWoodKnot/test/0/img_4851.jpg,vnwoodknot,verified_negative,vnwoodknot:test:img_4851,normal,crack,1.0,1.0,1.8399862966589353e-08,1.5896079119670503e-08,False
wood-multitask-final/data_processed/classification_crops/external_test/normal/vnwoodknot_000898_normal.jpg,VNWoodKnot/VNWoodKnot A High-Quality Image Dataset for Wood K/VNWoodKnot/VNWoodKnot/test/0/img_4856.jpg,vnwoodknot,verified_negative,vnwoodknot:test:img_4856,normal,crack,0.9999966621398926,0.9999966621398926,2.831447091011796e-06,4.978829792889883e-07,False
wood-multitask-final/data_processed/classification_crops/external_test/normal/vnwoodknot_000899_normal.jpg,VNWoodKnot/VNWoodKnot A High-Quality Image Dataset for Wood K/VNWoodKnot/VNWoodKnot/test/0/img_4871.jpg,vnwoodknot,verified_negative,vnwoodknot:test:img_4871,normal,crack,1.0,1.0,5.956556775599253e-11,4.816866306864287e-13,False
wood-multitask-final/data_processed/classification_crops/external_test/normal/vnwoodknot_000900_normal.jpg,VNWoodKnot/VNWoodKnot A High-Quality Image Dataset for Wood K/VNWoodKnot/VNWoodKnot/test/0/img_4874.jpg,vnwoodknot,verified_negative,vnwoodknot:test:img_4874,normal,crack,0.6410585641860962,0.6410585641860962,0.012148093432188034,0.34679335355758667,False
wood-multitask-final/data_processed/classification_crops/external_test/normal/vnwoodknot_000901_normal.jpg,VNWoodKnot/VNWoodKnot A High-Quality Image Dataset for Wood K/VNWoodKnot/VNWoodKnot/test/0/img_4875.jpg,vnwoodknot,verified_negative,vnwoodknot:test:img_4875,normal,crack,1.0,1.0,5.950377257590844e-08,1.2255455317244923e-08,False
wood-multitask-final/data_processed/classification_crops/external_test/normal/vnwoodknot_000902_normal.jpg,VNWoodKnot/VNWoodKnot A High-Quality Image Dataset for Wood K/VNWoodKnot/VNWoodKnot/test/0/img_4903.jpg,vnwoodknot,verified_negative,vnwoodknot:test:img_4903,normal,crack,0.9961169958114624,0.9961169958114624,0.001292275614105165,0.002590749179944396,False
wood-multitask-final/data_processed/classification_crops/external_test/normal/vnwoodknot_000903_normal.jpg,VNWoodKnot/VNWoodKnot A High-Quality Image Dataset for Wood K/VNWoodKnot/VNWoodKnot/test/0/img_4911.jpg,vnwoodknot,verified_negative,vnwoodknot:test:img_4911,normal,crack,0.7796949744224548,0.7796949744224548,0.0042676073499023914,0.21603746712207794,False
wood-multitask-final/data_processed/classification_crops/external_test/normal/vnwoodknot_000904_normal.jpg,VNWoodKnot/VNWoodKnot A High-Quality Image Dataset for Wood K/VNWoodKnot/VNWoodKnot/test/0/img_4916.jpg,vnwoodknot,verified_negative,vnwoodknot:test:img_4916,normal,crack,1.0,1.0,2.2069478688990785e-08,2.6676857944885057e-10,False
wood-multitask-final/data_processed/classification_crops/external_test/normal/vnwoodknot_000905_normal.jpg,VNWoodKnot/VNWoodKnot A High-Quality Image Dataset for Wood K/VNWoodKnot/VNWoodKnot/test/0/img_4932.jpg,vnwoodknot,verified_negative,vnwoodknot:test:img_4932,normal,crack,0.9996294975280762,0.9996294975280762,0.0003493680851534009,2.107340878865216e-05,False
wood-multitask-final/data_processed/classification_crops/external_test/normal/vnwoodknot_000906_normal.jpg,VNWoodKnot/VNWoodKnot A High-Quality Image Dataset for Wood K/VNWoodKnot/VNWoodKnot/test/0/img_4952.jpg,vnwoodknot,verified_negative,vnwoodknot:test:img_4952,normal,crack,1.0,1.0,3.748509835865832e-10,1.1811345304590937e-11,False
wood-multitask-final/data_processed/classification_crops/external_test/normal/vnwoodknot_000907_normal.jpg,VNWoodKnot/VNWoodKnot A High-Quality Image Dataset for Wood K/VNWoodKnot/VNWoodKnot/test/0/img_4965.jpg,vnwoodknot,verified_negative,vnwoodknot:test:img_4965,normal,crack,1.0,1.0,1.0296523356156939e-10,2.2431047904530876e-12,False
wood-multitask-final/data_processed/classification_crops/external_test/normal/vnwoodknot_000908_normal.jpg,VNWoodKnot/VNWoodKnot A High-Quality Image Dataset for Wood K/VNWoodKnot/VNWoodKnot/test/0/img_4982.jpg,vnwoodknot,verified_negative,vnwoodknot:test:img_4982,normal,crack,0.990369975566864,0.990369975566864,0.0006279026856645942,0.009002177976071835,False
wood-multitask-final/data_processed/classification_crops/external_test/normal/vnwoodknot_000909_normal.jpg,VNWoodKnot/VNWoodKnot A High-Quality Image Dataset for Wood K/VNWoodKnot/VNWoodKnot/test/0/img_4994.jpg,vnwoodknot,verified_negative,vnwoodknot:test:img_4994,normal,crack,1.0,1.0,3.598068332166804e-08,1.0584749965403262e-08,False
wood-multitask-final/data_processed/classification_crops/external_test/normal/vnwoodknot_000910_normal.jpg,VNWoodKnot/VNWoodKnot A High-Quality Image Dataset for Wood K/VNWoodKnot/VNWoodKnot/test/0/img_5001.jpg,vnwoodknot,verified_negative,vnwoodknot:test:img_5001,normal,crack,0.9999998807907104,0.9999998807907104,4.415951693204079e-08,6.21494748997975e-08,False
wood-multitask-final/data_processed/classification_crops/external_test/normal/vnwoodknot_000911_normal.jpg,VNWoodKnot/VNWoodKnot A High-Quality Image Dataset for Wood K/VNWoodKnot/VNWoodKnot/test/0/img_5005.jpg,vnwoodknot,verified_negative,vnwoodknot:test:img_5005,normal,crack,0.8641658425331116,0.8641658425331116,0.13339222967624664,0.0024419447872787714,False
wood-multitask-final/data_processed/classification_crops/external_test/normal/vnwoodknot_000912_normal.jpg,VNWoodKnot/VNWoodKnot A High-Quality Image Dataset for Wood K/VNWoodKnot/VNWoodKnot/test/0/img_5020.jpg,vnwoodknot,verified_negative,vnwoodknot:test:img_5020,normal,crack,1.0,1.0,8.5007512140578e-10,5.5006011274701463e-14,False
wood-multitask-final/data_processed/classification_crops/external_test/normal/vnwoodknot_000913_normal.jpg,VNWoodKnot/VNWoodKnot A High-Quality Image Dataset for Wood K/VNWoodKnot/VNWoodKnot/test/0/img_5037.jpg,vnwoodknot,verified_negative,vnwoodknot:test:img_5037,normal,crack,0.9992159605026245,0.9992159605026245,0.0004218202957417816,0.0003621992946136743,False
wood-multitask-final/data_processed/classification_crops/external_test/normal/vnwoodknot_000914_normal.jpg,VNWoodKnot/VNWoodKnot A High-Quality Image Dataset for Wood K/VNWoodKnot/VNWoodKnot/test/0/img_5050.jpg,vnwoodknot,verified_negative,vnwoodknot:test:img_5050,normal,crack,0.9999998807907104,0.9999998807907104,6.299696053702064e-08,3.592861119727786e-09,False
wood-multitask-final/data_processed/classification_crops/external_test/knot/vnwoodknot_000915_0001432.jpg,VNWoodKnot/VNWoodKnot A High-Quality Image Dataset for Wood K/VNWoodKnot/VNWoodKnot/test/1/IMG_3464.jpg,vnwoodknot,folder_class,vnwoodknot:test:img_3464,knot,knot,0.9232159852981567,0.07531114667654037,0.9232159852981567,0.0014728255337104201,True
wood-multitask-final/data_processed/classification_crops/external_test/knot/vnwoodknot_000916_0001433.jpg,VNWoodKnot/VNWoodKnot A High-Quality Image Dataset for Wood K/VNWoodKnot/VNWoodKnot/test/1/IMG_3482.jpg,vnwoodknot,folder_class,vnwoodknot:test:img_3482,knot,normal,0.44903701543807983,0.3746972680091858,0.17626577615737915,0.44903701543807983,False
wood-multitask-final/data_processed/classification_crops/external_test/knot/vnwoodknot_000917_0001434.jpg,VNWoodKnot/VNWoodKnot A High-Quality Image Dataset for Wood K/VNWoodKnot/VNWoodKnot/test/1/IMG_3550.jpg,vnwoodknot,folder_class,vnwoodknot:test:img_3550,knot,crack,0.83513343334198,0.83513343334198,0.16486434638500214,2.1512269086088054e-06,False
wood-multitask-final/data_processed/classification_crops/external_test/knot/vnwoodknot_000918_0001435.jpg,VNWoodKnot/VNWoodKnot A High-Quality Image Dataset for Wood K/VNWoodKnot/VNWoodKnot/test/1/IMG_3620.jpg,vnwoodknot,folder_class,vnwoodknot:test:img_3620,knot,crack,0.9999653100967407,0.9999653100967407,3.252745955251157e-05,2.1586006369034294e-06,False
wood-multitask-final/data_processed/classification_crops/external_test/knot/vnwoodknot_000919_0001436.jpg,VNWoodKnot/VNWoodKnot A High-Quality Image Dataset for Wood K/VNWoodKnot/VNWoodKnot/test/1/IMG_3638.jpg,vnwoodknot,folder_class,vnwoodknot:test:img_3638,knot,crack,0.9999961853027344,0.9999961853027344,3.7568274819932412e-06,5.240033829068125e-08,False
wood-multitask-final/data_processed/classification_crops/external_test/knot/vnwoodknot_000920_0001437.jpg,VNWoodKnot/VNWoodKnot A High-Quality Image Dataset for Wood K/VNWoodKnot/VNWoodKnot/test/1/IMG_3643.jpg,vnwoodknot,folder_class,vnwoodknot:test:img_3643,knot,knot,0.9926929473876953,0.007307020481675863,0.9926929473876953,6.042530364958054e-10,True
wood-multitask-final/data_processed/classification_crops/external_test/knot/vnwoodknot_000921_0001438.jpg,VNWoodKnot/VNWoodKnot A High-Quality Image Dataset for Wood K/VNWoodKnot/VNWoodKnot/test/1/IMG_3872.jpg,vnwoodknot,folder_class,vnwoodknot:test:img_3872,knot,knot,0.6838576197624207,0.31438711285591125,0.6838576197624207,0.0017552818171679974,True
wood-multitask-final/data_processed/classification_crops/external_test/knot/vnwoodknot_000922_0001439.jpg,VNWoodKnot/VNWoodKnot A High-Quality Image Dataset for Wood K/VNWoodKnot/VNWoodKnot/test/1/IMG_3877.jpg,vnwoodknot,folder_class,vnwoodknot:test:img_3877,knot,crack,0.9991346001625061,0.9991346001625061,0.0008116266108117998,5.37920932401903e-05,False
wood-multitask-final/data_processed/classification_crops/external_test/knot/vnwoodknot_000923_0001440.jpg,VNWoodKnot/VNWoodKnot A High-Quality Image Dataset for Wood K/VNWoodKnot/VNWoodKnot/test/1/IMG_3902.jpg,vnwoodknot,folder_class,vnwoodknot:test:img_3902,knot,crack,0.9374978542327881,0.9374978542327881,0.06235606223344803,0.00014605438627768308,False
wood-multitask-final/data_processed/classification_crops/external_test/knot/vnwoodknot_000924_0001441.jpg,VNWoodKnot/VNWoodKnot A High-Quality Image Dataset for Wood K/VNWoodKnot/VNWoodKnot/test/1/IMG_3942.jpg,vnwoodknot,folder_class,vnwoodknot:test:img_3942,knot,knot,0.9785355925559998,0.021444497630000114,0.9785355925559998,1.9892329873982817e-05,True
wood-multitask-final/data_processed/classification_crops/external_test/knot/vnwoodknot_000925_0001442.jpg,VNWoodKnot/VNWoodKnot A High-Quality Image Dataset for Wood K/VNWoodKnot/VNWoodKnot/test/1/IMG_3971.jpg,vnwoodknot,folder_class,vnwoodknot:test:img_3971,knot,crack,0.9997029900550842,0.9997029900550842,0.00015773573250044137,0.00013916850730311126,False
wood-multitask-final/data_processed/classification_crops/external_test/knot/vnwoodknot_000926_0001443.jpg,VNWoodKnot/VNWoodKnot A High-Quality Image Dataset for Wood K/VNWoodKnot/VNWoodKnot/test/1/IMG_3980.jpg,vnwoodknot,folder_class,vnwoodknot:test:img_3980,knot,crack,0.9798168540000916,0.9798168540000916,0.020058641210198402,0.00012451467046048492,False
wood-multitask-final/data_processed/classification_crops/external_test/knot/vnwoodknot_000927_0001444.jpg,VNWoodKnot/VNWoodKnot A High-Quality Image Dataset for Wood K/VNWoodKnot/VNWoodKnot/test/1/IMG_4099.jpg,vnwoodknot,folder_class,vnwoodknot:test:img_4099,knot,crack,0.6581714749336243,0.6581714749336243,0.34182077646255493,7.796864338160958e-06,False
wood-multitask-final/data_processed/classification_crops/external_test/knot/vnwoodknot_000928_0001445.jpg,VNWoodKnot/VNWoodKnot A High-Quality Image Dataset for Wood K/VNWoodKnot/VNWoodKnot/test/1/IMG_4121.jpg,vnwoodknot,folder_class,vnwoodknot:test:img_4121,knot,knot,0.7841001749038696,0.03970895707607269,0.7841001749038696,0.1761908233165741,True
wood-multitask-final/data_processed/classification_crops/external_test/knot/vnwoodknot_000929_0001446.jpg,VNWoodKnot/VNWoodKnot A High-Quality Image Dataset for Wood K/VNWoodKnot/VNWoodKnot/test/1/IMG_4155.jpg,vnwoodknot,folder_class,vnwoodknot:test:img_4155,knot,crack,0.9966831803321838,0.9966831803321838,0.0032268594950437546,8.999112469609827e-05,False
wood-multitask-final/data_processed/classification_crops/external_test/knot/vnwoodknot_000930_0001447.jpg,VNWoodKnot/VNWoodKnot A High-Quality Image Dataset for Wood K/VNWoodKnot/VNWoodKnot/test/1/IMG_4171.jpg,vnwoodknot,folder_class,vnwoodknot:test:img_4171,knot,knot,0.9998663663864136,4.417253876454197e-06,0.9998663663864136,0.00012919711298309267,True
wood-multitask-final/data_processed/classification_crops/external_test/knot/vnwoodknot_000931_0001448.jpg,VNWoodKnot/VNWoodKnot A High-Quality Image Dataset for Wood K/VNWoodKnot/VNWoodKnot/test/1/IMG_4189.jpg,vnwoodknot,folder_class,vnwoodknot:test:img_4189,knot,knot,0.48289379477500916,0.47851982712745667,0.48289379477500916,0.0385863222181797,True
wood-multitask-final/data_processed/classification_crops/external_test/knot/vnwoodknot_000932_0001449.jpg,VNWoodKnot/VNWoodKnot A High-Quality Image Dataset for Wood K/VNWoodKnot/VNWoodKnot/test/1/IMG_4192.jpg,vnwoodknot,folder_class,vnwoodknot:test:img_4192,knot,crack,0.9999997615814209,0.9999997615814209,2.1254275850424165e-07,5.4040697250457015e-08,False
wood-multitask-final/data_processed/classification_crops/external_test/knot/vnwoodknot_000933_0001450.jpg,VNWoodKnot/VNWoodKnot A High-Quality Image Dataset for Wood K/VNWoodKnot/VNWoodKnot/test/1/IMG_4195.jpg,vnwoodknot,folder_class,vnwoodknot:test:img_4195,knot,crack,0.9995255470275879,0.9995255470275879,0.00047234955127350986,2.121064426319208e-06,False
wood-multitask-final/data_processed/classification_crops/external_test/knot/vnwoodknot_000934_0001451.jpg,VNWoodKnot/VNWoodKnot A High-Quality Image Dataset for Wood K/VNWoodKnot/VNWoodKnot/test/1/IMG_4202.jpg,vnwoodknot,folder_class,vnwoodknot:test:img_4202,knot,crack,0.9999550580978394,0.9999550580978394,4.329080184106715e-05,1.6891458471945953e-06,False
wood-multitask-final/data_processed/classification_crops/external_test/knot/vnwoodknot_000935_0001452.jpg,VNWoodKnot/VNWoodKnot A High-Quality Image Dataset for Wood K/VNWoodKnot/VNWoodKnot/test/1/img_3485.jpg,vnwoodknot,folder_class,vnwoodknot:test:img_3485,knot,normal,0.9868898391723633,1.4771608221053611e-05,0.013095422647893429,0.9868898391723633,False
wood-multitask-final/data_processed/classification_crops/external_test/knot/vnwoodknot_000936_0001453.jpg,VNWoodKnot/VNWoodKnot A High-Quality Image Dataset for Wood K/VNWoodKnot/VNWoodKnot/test/1/img_3489.jpg,vnwoodknot,folder_class,vnwoodknot:test:img_3489,knot,crack,0.9999425411224365,0.9999425411224365,5.7426463172305375e-05,2.2216108064299078e-08,False
wood-multitask-final/data_processed/classification_crops/external_test/knot/vnwoodknot_000937_0001454.jpg,VNWoodKnot/VNWoodKnot A High-Quality Image Dataset for Wood K/VNWoodKnot/VNWoodKnot/test/1/img_3491.jpg,vnwoodknot,folder_class,vnwoodknot:test:img_3491,knot,crack,0.9930324554443359,0.9930324554443359,0.006967552006244659,3.803009107627986e-08,False
wood-multitask-final/data_processed/classification_crops/external_test/knot/vnwoodknot_000938_0001455.jpg,VNWoodKnot/VNWoodKnot A High-Quality Image Dataset for Wood K/VNWoodKnot/VNWoodKnot/test/1/img_3492.jpg,vnwoodknot,folder_class,vnwoodknot:test:img_3492,knot,crack,0.9999700784683228,0.9999700784683228,2.9720456950599328e-05,1.8436207938066218e-07,False
wood-multitask-final/data_processed/classification_crops/external_test/knot/vnwoodknot_000939_0001456.jpg,VNWoodKnot/VNWoodKnot A High-Quality Image Dataset for Wood K/VNWoodKnot/VNWoodKnot/test/1/img_3513.jpg,vnwoodknot,folder_class,vnwoodknot:test:img_3513,knot,knot,0.9671537280082703,0.03213420882821083,0.9671537280082703,0.0007120694499462843,True
wood-multitask-final/data_processed/classification_crops/external_test/knot/vnwoodknot_000940_0001457.jpg,VNWoodKnot/VNWoodKnot A High-Quality Image Dataset for Wood K/VNWoodKnot/VNWoodKnot/test/1/img_3527.jpg,vnwoodknot,folder_class,vnwoodknot:test:img_3527,knot,knot,0.5772812962532043,0.3994944989681244,0.5772812962532043,0.023224202916026115,True
wood-multitask-final/data_processed/classification_crops/external_test/knot/vnwoodknot_000941_0001458.jpg,VNWoodKnot/VNWoodKnot A High-Quality Image Dataset for Wood K/VNWoodKnot/VNWoodKnot/test/1/img_3541.jpg,vnwoodknot,folder_class,vnwoodknot:test:img_3541,knot,crack,0.9907291531562805,0.9907291531562805,0.009270476177334785,3.186055721471348e-07,False
wood-multitask-final/data_processed/classification_crops/external_test/knot/vnwoodknot_000942_0001459.jpg,VNWoodKnot/VNWoodKnot A High-Quality Image Dataset for Wood K/VNWoodKnot/VNWoodKnot/test/1/img_3542.jpg,vnwoodknot,folder_class,vnwoodknot:test:img_3542,knot,crack,0.9998763799667358,0.9998763799667358,0.00012362613051664084,2.780265351276512e-09,False
wood-multitask-final/data_processed/classification_crops/external_test/knot/vnwoodknot_000943_0001460.jpg,VNWoodKnot/VNWoodKnot A High-Quality Image Dataset for Wood K/VNWoodKnot/VNWoodKnot/test/1/img_3574.jpg,vnwoodknot,folder_class,vnwoodknot:test:img_3574,knot,crack,0.9238207936286926,0.9238207936286926,0.07616755366325378,1.1705689757945947e-05,False
wood-multitask-final/data_processed/classification_crops/external_test/knot/vnwoodknot_000944_0001461.jpg,VNWoodKnot/VNWoodKnot A High-Quality Image Dataset for Wood K/VNWoodKnot/VNWoodKnot/test/1/img_3593.jpg,vnwoodknot,folder_class,vnwoodknot:test:img_3593,knot,crack,0.8210277557373047,0.8210277557373047,0.17889322340488434,7.903505320427939e-05,False
wood-multitask-final/data_processed/classification_crops/external_test/knot/vnwoodknot_000945_0001462.jpg,VNWoodKnot/VNWoodKnot A High-Quality Image Dataset for Wood K/VNWoodKnot/VNWoodKnot/test/1/img_3598.jpg,vnwoodknot,folder_class,vnwoodknot:test:img_3598,knot,crack,0.6781224608421326,0.6781224608421326,0.31970804929733276,0.002169541548937559,False
wood-multitask-final/data_processed/classification_crops/external_test/knot/vnwoodknot_000946_0001463.jpg,VNWoodKnot/VNWoodKnot A High-Quality Image Dataset for Wood K/VNWoodKnot/VNWoodKnot/test/1/img_3608.jpg,vnwoodknot,folder_class,vnwoodknot:test:img_3608,knot,crack,0.9996229410171509,0.9996229410171509,0.000377000862499699,2.8245494831935503e-09,False
wood-multitask-final/data_processed/classification_crops/external_test/knot/vnwoodknot_000947_0001464.jpg,VNWoodKnot/VNWoodKnot A High-Quality Image Dataset for Wood K/VNWoodKnot/VNWoodKnot/test/1/img_3615.jpg,vnwoodknot,folder_class,vnwoodknot:test:img_3615,knot,crack,0.9999791383743286,0.9999791383743286,1.9650347894639708e-05,1.203640067615197e-06,False
wood-multitask-final/data_processed/classification_crops/external_test/knot/vnwoodknot_000948_0001465.jpg,VNWoodKnot/VNWoodKnot A High-Quality Image Dataset for Wood K/VNWoodKnot/VNWoodKnot/test/1/img_3617.jpg,vnwoodknot,folder_class,vnwoodknot:test:img_3617,knot,crack,0.9863110184669495,0.9863110184669495,0.013688714243471622,2.9274985990923597e-07,False
wood-multitask-final/data_processed/classification_crops/external_test/knot/vnwoodknot_000949_0001466.jpg,VNWoodKnot/VNWoodKnot A High-Quality Image Dataset for Wood K/VNWoodKnot/VNWoodKnot/test/1/img_3619.jpg,vnwoodknot,folder_class,vnwoodknot:test:img_3619,knot,knot,0.9701630473136902,0.027768876403570175,0.9701630473136902,0.0020680895540863276,True
wood-multitask-final/data_processed/classification_crops/external_test/knot/vnwoodknot_000950_0001467.jpg,VNWoodKnot/VNWoodKnot A High-Quality Image Dataset for Wood K/VNWoodKnot/VNWoodKnot/test/1/img_3831.jpg,vnwoodknot,folder_class,vnwoodknot:test:img_3831,knot,crack,0.9730405807495117,0.9730405807495117,0.026906335726380348,5.31618861714378e-05,False
wood-multitask-final/data_processed/classification_crops/external_test/knot/vnwoodknot_000951_0001468.jpg,VNWoodKnot/VNWoodKnot A High-Quality Image Dataset for Wood K/VNWoodKnot/VNWoodKnot/test/1/img_3834.jpg,vnwoodknot,folder_class,vnwoodknot:test:img_3834,knot,crack,0.9985271692276001,0.9985271692276001,0.0014726899098604918,1.2584899877765565e-07,False
wood-multitask-final/data_processed/classification_crops/external_test/knot/vnwoodknot_000952_0001469.jpg,VNWoodKnot/VNWoodKnot A High-Quality Image Dataset for Wood K/VNWoodKnot/VNWoodKnot/test/1/img_3837.jpg,vnwoodknot,folder_class,vnwoodknot:test:img_3837,knot,crack,0.7143480777740479,0.7143480777740479,0.2849281430244446,0.0007238028338178992,False
wood-multitask-final/data_processed/classification_crops/external_test/knot/vnwoodknot_000953_0001470.jpg,VNWoodKnot/VNWoodKnot A High-Quality Image Dataset for Wood K/VNWoodKnot/VNWoodKnot/test/1/img_3847.jpg,vnwoodknot,folder_class,vnwoodknot:test:img_3847,knot,normal,0.7509534955024719,0.241678386926651,0.007368115242570639,0.7509534955024719,False
wood-multitask-final/data_processed/classification_crops/external_test/knot/vnwoodknot_000954_0001471.jpg,VNWoodKnot/VNWoodKnot A High-Quality Image Dataset for Wood K/VNWoodKnot/VNWoodKnot/test/1/img_3849.jpg,vnwoodknot,folder_class,vnwoodknot:test:img_3849,knot,normal,0.859690248966217,0.012239567004144192,0.12807020545005798,0.859690248966217,False
wood-multitask-final/data_processed/classification_crops/external_test/knot/vnwoodknot_000955_0001472.jpg,VNWoodKnot/VNWoodKnot A High-Quality Image Dataset for Wood K/VNWoodKnot/VNWoodKnot/test/1/img_3854.jpg,vnwoodknot,folder_class,vnwoodknot:test:img_3854,knot,crack,0.7182928919792175,0.7182928919792175,0.2816016674041748,0.00010545521217864007,False
wood-multitask-final/data_processed/classification_crops/external_test/knot/vnwoodknot_000956_0001473.jpg,VNWoodKnot/VNWoodKnot A High-Quality Image Dataset for Wood K/VNWoodKnot/VNWoodKnot/test/1/img_3856.jpg,vnwoodknot,folder_class,vnwoodknot:test:img_3856,knot,knot,0.555625319480896,0.4393705725669861,0.555625319480896,0.005004172213375568,True
wood-multitask-final/data_processed/classification_crops/external_test/knot/vnwoodknot_000957_0001474.jpg,VNWoodKnot/VNWoodKnot A High-Quality Image Dataset for Wood K/VNWoodKnot/VNWoodKnot/test/1/img_3860.jpg,vnwoodknot,folder_class,vnwoodknot:test:img_3860,knot,crack,0.999893307685852,0.999893307685852,6.14795571891591e-05,4.513624662649818e-05,False
wood-multitask-final/data_processed/classification_crops/external_test/knot/vnwoodknot_000958_0001475.jpg,VNWoodKnot/VNWoodKnot A High-Quality Image Dataset for Wood K/VNWoodKnot/VNWoodKnot/test/1/img_3862.jpg,vnwoodknot,folder_class,vnwoodknot:test:img_3862,knot,crack,0.999998927116394,0.999998927116394,1.090469822884188e-06,5.9596611499956875e-12,False
wood-multitask-final/data_processed/classification_crops/external_test/knot/vnwoodknot_000959_0001476.jpg,VNWoodKnot/VNWoodKnot A High-Quality Image Dataset for Wood K/VNWoodKnot/VNWoodKnot/test/1/img_3865.jpg,vnwoodknot,folder_class,vnwoodknot:test:img_3865,knot,normal,0.5768701434135437,0.23158138990402222,0.1915484517812729,0.5768701434135437,False
wood-multitask-final/data_processed/classification_crops/external_test/knot/vnwoodknot_000960_0001477.jpg,VNWoodKnot/VNWoodKnot A High-Quality Image Dataset for Wood K/VNWoodKnot/VNWoodKnot/test/1/img_3876.jpg,vnwoodknot,folder_class,vnwoodknot:test:img_3876,knot,crack,0.9999481439590454,0.9999481439590454,5.0439994083717465e-05,1.384174879603961e-06,False
wood-multitask-final/data_processed/classification_crops/external_test/knot/vnwoodknot_000961_0001478.jpg,VNWoodKnot/VNWoodKnot A High-Quality Image Dataset for Wood K/VNWoodKnot/VNWoodKnot/test/1/img_3901.jpg,vnwoodknot,folder_class,vnwoodknot:test:img_3901,knot,crack,0.7303858399391174,0.7303858399391174,0.26960301399230957,1.1014300980605185e-05,False
wood-multitask-final/data_processed/classification_crops/external_test/knot/vnwoodknot_000962_0001479.jpg,VNWoodKnot/VNWoodKnot A High-Quality Image Dataset for Wood K/VNWoodKnot/VNWoodKnot/test/1/img_3903.jpg,vnwoodknot,folder_class,vnwoodknot:test:img_3903,knot,crack,0.8961169123649597,0.8961169123649597,0.09932932257652283,0.0045537566766142845,False
wood-multitask-final/data_processed/classification_crops/external_test/knot/vnwoodknot_000963_0001480.jpg,VNWoodKnot/VNWoodKnot A High-Quality Image Dataset for Wood K/VNWoodKnot/VNWoodKnot/test/1/img_3921.jpg,vnwoodknot,folder_class,vnwoodknot:test:img_3921,knot,knot,0.8425156474113464,0.00843588076531887,0.8425156474113464,0.14904852211475372,True
wood-multitask-final/data_processed/classification_crops/external_test/knot/vnwoodknot_000964_0001481.jpg,VNWoodKnot/VNWoodKnot A High-Quality Image Dataset for Wood K/VNWoodKnot/VNWoodKnot/test/1/img_3929.jpg,vnwoodknot,folder_class,vnwoodknot:test:img_3929,knot,crack,0.6262109875679016,0.6262109875679016,0.37372151017189026,6.748146552126855e-05,False
wood-multitask-final/data_processed/classification_crops/external_test/knot/vnwoodknot_000965_0001482.jpg,VNWoodKnot/VNWoodKnot A High-Quality Image Dataset for Wood K/VNWoodKnot/VNWoodKnot/test/1/img_3936.jpg,vnwoodknot,folder_class,vnwoodknot:test:img_3936,knot,crack,0.9997493624687195,0.9997493624687195,0.0002472122432664037,3.482323336356785e-06,False
wood-multitask-final/data_processed/classification_crops/external_test/knot/vnwoodknot_000966_0001483.jpg,VNWoodKnot/VNWoodKnot A High-Quality Image Dataset for Wood K/VNWoodKnot/VNWoodKnot/test/1/img_3947.jpg,vnwoodknot,folder_class,vnwoodknot:test:img_3947,knot,knot,0.8124931454658508,0.008291030302643776,0.8124931454658508,0.17921584844589233,True
wood-multitask-final/data_processed/classification_crops/external_test/knot/vnwoodknot_000967_0001484.jpg,VNWoodKnot/VNWoodKnot A High-Quality Image Dataset for Wood K/VNWoodKnot/VNWoodKnot/test/1/img_3949.jpg,vnwoodknot,folder_class,vnwoodknot:test:img_3949,knot,knot,0.9499560594558716,0.046522077172994614,0.9499560594558716,0.003521873615682125,True
wood-multitask-final/data_processed/classification_crops/external_test/knot/vnwoodknot_000968_0001485.jpg,VNWoodKnot/VNWoodKnot A High-Quality Image Dataset for Wood K/VNWoodKnot/VNWoodKnot/test/1/img_3959.jpg,vnwoodknot,folder_class,vnwoodknot:test:img_3959,knot,crack,0.9900709986686707,0.9900709986686707,0.00992907676845789,3.154370276092777e-08,False
wood-multitask-final/data_processed/classification_crops/external_test/knot/vnwoodknot_000969_0001486.jpg,VNWoodKnot/VNWoodKnot A High-Quality Image Dataset for Wood K/VNWoodKnot/VNWoodKnot/test/1/img_3964.jpg,vnwoodknot,folder_class,vnwoodknot:test:img_3964,knot,knot,0.9795122742652893,0.020484361797571182,0.9795122742652893,3.3377350519003812e-06,True
wood-multitask-final/data_processed/classification_crops/external_test/knot/vnwoodknot_000970_0001487.jpg,VNWoodKnot/VNWoodKnot A High-Quality Image Dataset for Wood K/VNWoodKnot/VNWoodKnot/test/1/img_3982.jpg,vnwoodknot,folder_class,vnwoodknot:test:img_3982,knot,normal,0.9569058418273926,0.025798896327614784,0.017295239493250847,0.9569058418273926,False
wood-multitask-final/data_processed/classification_crops/external_test/knot/vnwoodknot_000971_0001488.jpg,VNWoodKnot/VNWoodKnot A High-Quality Image Dataset for Wood K/VNWoodKnot/VNWoodKnot/test/1/img_3984.jpg,vnwoodknot,folder_class,vnwoodknot:test:img_3984,knot,knot,0.9674140810966492,0.017538700252771378,0.9674140810966492,0.01504723820835352,True
wood-multitask-final/data_processed/classification_crops/external_test/knot/vnwoodknot_000972_0001489.jpg,VNWoodKnot/VNWoodKnot A High-Quality Image Dataset for Wood K/VNWoodKnot/VNWoodKnot/test/1/img_3997.jpg,vnwoodknot,folder_class,vnwoodknot:test:img_3997,knot,crack,0.7960615158081055,0.7960615158081055,0.19880548119544983,0.005133040715008974,False
wood-multitask-final/data_processed/classification_crops/external_test/knot/vnwoodknot_000973_0001490.jpg,VNWoodKnot/VNWoodKnot A High-Quality Image Dataset for Wood K/VNWoodKnot/VNWoodKnot/test/1/img_4013.jpg,vnwoodknot,folder_class,vnwoodknot:test:img_4013,knot,crack,0.9999995231628418,0.9999995231628418,4.3455744958009745e-07,3.853590779812066e-09,False
wood-multitask-final/data_processed/classification_crops/external_test/knot/vnwoodknot_000974_0001491.jpg,VNWoodKnot/VNWoodKnot A High-Quality Image Dataset for Wood K/VNWoodKnot/VNWoodKnot/test/1/img_4023.jpg,vnwoodknot,folder_class,vnwoodknot:test:img_4023,knot,knot,0.9845293164253235,0.01540801115334034,0.9845293164253235,6.266540731303394e-05,True
wood-multitask-final/data_processed/classification_crops/external_test/knot/vnwoodknot_000975_0001492.jpg,VNWoodKnot/VNWoodKnot A High-Quality Image Dataset for Wood K/VNWoodKnot/VNWoodKnot/test/1/img_4032.jpg,vnwoodknot,folder_class,vnwoodknot:test:img_4032,knot,knot,0.679419994354248,0.007733160629868507,0.679419994354248,0.312846839427948,True
wood-multitask-final/data_processed/classification_crops/external_test/knot/vnwoodknot_000976_0001493.jpg,VNWoodKnot/VNWoodKnot A High-Quality Image Dataset for Wood K/VNWoodKnot/VNWoodKnot/test/1/img_4039.jpg,vnwoodknot,folder_class,vnwoodknot:test:img_4039,knot,crack,0.9842321872711182,0.9842321872711182,0.014942517504096031,0.0008252569241449237,False
wood-multitask-final/data_processed/classification_crops/external_test/knot/vnwoodknot_000977_0001494.jpg,VNWoodKnot/VNWoodKnot A High-Quality Image Dataset for Wood K/VNWoodKnot/VNWoodKnot/test/1/img_4042.jpg,vnwoodknot,folder_class,vnwoodknot:test:img_4042,knot,knot,0.9860904216766357,0.013909127563238144,0.9860904216766357,4.802755029231776e-07,True
wood-multitask-final/data_processed/classification_crops/external_test/knot/vnwoodknot_000978_0001495.jpg,VNWoodKnot/VNWoodKnot A High-Quality Image Dataset for Wood K/VNWoodKnot/VNWoodKnot/test/1/img_4045.jpg,vnwoodknot,folder_class,vnwoodknot:test:img_4045,knot,knot,0.840024471282959,0.158181831240654,0.840024471282959,0.001793721574358642,True
wood-multitask-final/data_processed/classification_crops/external_test/knot/vnwoodknot_000979_0001496.jpg,VNWoodKnot/VNWoodKnot A High-Quality Image Dataset for Wood K/VNWoodKnot/VNWoodKnot/test/1/img_4051.jpg,vnwoodknot,folder_class,vnwoodknot:test:img_4051,knot,knot,0.6491121649742126,0.3508833050727844,0.6491121649742126,4.532040293270256e-06,True
wood-multitask-final/data_processed/classification_crops/external_test/knot/vnwoodknot_000980_0001497.jpg,VNWoodKnot/VNWoodKnot A High-Quality Image Dataset for Wood K/VNWoodKnot/VNWoodKnot/test/1/img_4052.jpg,vnwoodknot,folder_class,vnwoodknot:test:img_4052,knot,crack,0.8547042012214661,0.8547042012214661,0.14423775672912598,0.0010579859372228384,False
wood-multitask-final/data_processed/classification_crops/external_test/knot/vnwoodknot_000981_0001498.jpg,VNWoodKnot/VNWoodKnot A High-Quality Image Dataset for Wood K/VNWoodKnot/VNWoodKnot/test/1/img_4059.jpg,vnwoodknot,folder_class,vnwoodknot:test:img_4059,knot,knot,0.9998487234115601,2.0356170352897607e-05,0.9998487234115601,0.00013087978004477918,True
wood-multitask-final/data_processed/classification_crops/external_test/knot/vnwoodknot_000982_0001499.jpg,VNWoodKnot/VNWoodKnot A High-Quality Image Dataset for Wood K/VNWoodKnot/VNWoodKnot/test/1/img_4066.jpg,vnwoodknot,folder_class,vnwoodknot:test:img_4066,knot,crack,0.999873161315918,0.999873161315918,0.0001267388288397342,6.481812420133792e-08,False
wood-multitask-final/data_processed/classification_crops/external_test/knot/vnwoodknot_000983_0001500.jpg,VNWoodKnot/VNWoodKnot A High-Quality Image Dataset for Wood K/VNWoodKnot/VNWoodKnot/test/1/img_4073.jpg,vnwoodknot,folder_class,vnwoodknot:test:img_4073,knot,knot,0.374386727809906,0.3355337083339691,0.374386727809906,0.2900795340538025,True
wood-multitask-final/data_processed/classification_crops/external_test/knot/vnwoodknot_000984_0001501.jpg,VNWoodKnot/VNWoodKnot A High-Quality Image Dataset for Wood K/VNWoodKnot/VNWoodKnot/test/1/img_4082.jpg,vnwoodknot,folder_class,vnwoodknot:test:img_4082,knot,crack,0.9516311883926392,0.9516311883926392,0.0410965234041214,0.007272226735949516,False
wood-multitask-final/data_processed/classification_crops/external_test/knot/vnwoodknot_000985_0001502.jpg,VNWoodKnot/VNWoodKnot A High-Quality Image Dataset for Wood K/VNWoodKnot/VNWoodKnot/test/1/img_4092.jpg,vnwoodknot,folder_class,vnwoodknot:test:img_4092,knot,knot,0.5256641507148743,0.0027564046904444695,0.5256641507148743,0.4715794622898102,True
wood-multitask-final/data_processed/classification_crops/external_test/knot/vnwoodknot_000986_0001503.jpg,VNWoodKnot/VNWoodKnot A High-Quality Image Dataset for Wood K/VNWoodKnot/VNWoodKnot/test/1/img_4095.jpg,vnwoodknot,folder_class,vnwoodknot:test:img_4095,knot,crack,0.9143069386482239,0.9143069386482239,0.06461458653211594,0.02107841521501541,False
wood-multitask-final/data_processed/classification_crops/external_test/knot/vnwoodknot_000987_0001504.jpg,VNWoodKnot/VNWoodKnot A High-Quality Image Dataset for Wood K/VNWoodKnot/VNWoodKnot/test/1/img_4098.jpg,vnwoodknot,folder_class,vnwoodknot:test:img_4098,knot,knot,0.9995033740997314,0.0004900879575870931,0.9995033740997314,6.569718607352115e-06,True
wood-multitask-final/data_processed/classification_crops/external_test/knot/vnwoodknot_000988_0001505.jpg,VNWoodKnot/VNWoodKnot A High-Quality Image Dataset for Wood K/VNWoodKnot/VNWoodKnot/test/1/img_4105.jpg,vnwoodknot,folder_class,vnwoodknot:test:img_4105,knot,crack,0.9999974966049194,0.9999974966049194,2.079152636724757e-06,4.4530236209539e-07,False
wood-multitask-final/data_processed/classification_crops/external_test/knot/vnwoodknot_000989_0001506.jpg,VNWoodKnot/VNWoodKnot A High-Quality Image Dataset for Wood K/VNWoodKnot/VNWoodKnot/test/1/img_4135.jpg,vnwoodknot,folder_class,vnwoodknot:test:img_4135,knot,crack,0.6260348558425903,0.6260348558425903,0.37027662992477417,0.003688438329845667,False
wood-multitask-final/data_processed/classification_crops/external_test/knot/vnwoodknot_000990_0001507.jpg,VNWoodKnot/VNWoodKnot A High-Quality Image Dataset for Wood K/VNWoodKnot/VNWoodKnot/test/1/img_4139.jpg,vnwoodknot,folder_class,vnwoodknot:test:img_4139,knot,knot,0.9978989362716675,0.002043263055384159,0.9978989362716675,5.7870835007634014e-05,True
wood-multitask-final/data_processed/classification_crops/external_test/knot/vnwoodknot_000991_0001508.jpg,VNWoodKnot/VNWoodKnot A High-Quality Image Dataset for Wood K/VNWoodKnot/VNWoodKnot/test/1/img_4147.jpg,vnwoodknot,folder_class,vnwoodknot:test:img_4147,knot,crack,0.8921388983726501,0.8921388983726501,0.10782966017723083,3.1513915018877015e-05,False
wood-multitask-final/data_processed/classification_crops/external_test/knot/vnwoodknot_000992_0001509.jpg,VNWoodKnot/VNWoodKnot A High-Quality Image Dataset for Wood K/VNWoodKnot/VNWoodKnot/test/1/img_4183.jpg,vnwoodknot,folder_class,vnwoodknot:test:img_4183,knot,crack,0.7766968607902527,0.7766968607902527,0.22330066561698914,2.4726439278310863e-06,False
wood-multitask-final/data_processed/classification_crops/external_test/knot/vnwoodknot_000993_0001510.jpg,VNWoodKnot/VNWoodKnot A High-Quality Image Dataset for Wood K/VNWoodKnot/VNWoodKnot/test/1/img_4193.jpg,vnwoodknot,folder_class,vnwoodknot:test:img_4193,knot,crack,0.582260251045227,0.582260251045227,0.0398486889898777,0.37789106369018555,False
wood-multitask-final/data_processed/classification_crops/external_test/knot/vnwoodknot_000994_0001511.jpg,VNWoodKnot/VNWoodKnot A High-Quality Image Dataset for Wood K/VNWoodKnot/VNWoodKnot/test/2/IMG_3672.jpg,vnwoodknot,folder_class,vnwoodknot:test:img_3672,knot,crack,0.7578414678573608,0.7578414678573608,0.2421504706144333,8.071377123997081e-06,False
wood-multitask-final/data_processed/classification_crops/external_test/knot/vnwoodknot_000995_0001512.jpg,VNWoodKnot/VNWoodKnot A High-Quality Image Dataset for Wood K/VNWoodKnot/VNWoodKnot/test/2/IMG_3677.jpg,vnwoodknot,folder_class,vnwoodknot:test:img_3677,knot,knot,0.6655288338661194,0.009165598079562187,0.6655288338661194,0.32530564069747925,True
wood-multitask-final/data_processed/classification_crops/external_test/knot/vnwoodknot_000996_0001513.jpg,VNWoodKnot/VNWoodKnot A High-Quality Image Dataset for Wood K/VNWoodKnot/VNWoodKnot/test/2/IMG_3689.jpg,vnwoodknot,folder_class,vnwoodknot:test:img_3689,knot,knot,0.9883965849876404,0.01115540973842144,0.9883965849876404,0.00044797241571359336,True
wood-multitask-final/data_processed/classification_crops/external_test/knot/vnwoodknot_000997_0001514.jpg,VNWoodKnot/VNWoodKnot A High-Quality Image Dataset for Wood K/VNWoodKnot/VNWoodKnot/test/2/IMG_3795.jpg,vnwoodknot,folder_class,vnwoodknot:test:img_3795,knot,crack,0.9888617396354675,0.9888617396354675,0.011138235218822956,1.4333827458301585e-09,False
wood-multitask-final/data_processed/classification_crops/external_test/knot/vnwoodknot_000998_0001515.jpg,VNWoodKnot/VNWoodKnot A High-Quality Image Dataset for Wood K/VNWoodKnot/VNWoodKnot/test/2/IMG_3808.jpg,vnwoodknot,folder_class,vnwoodknot:test:img_3808,knot,knot,0.9982195496559143,0.0017803995870053768,0.9982195496559143,4.548490473155198e-10,True
wood-multitask-final/data_processed/classification_crops/external_test/knot/vnwoodknot_000999_0001516.jpg,VNWoodKnot/VNWoodKnot A High-Quality Image Dataset for Wood K/VNWoodKnot/VNWoodKnot/test/2/IMG_4223.jpg,vnwoodknot,folder_class,vnwoodknot:test:img_4223,knot,crack,0.9998125433921814,0.9998125433921814,0.00018747751892078668,1.0027590313654855e-08,False
wood-multitask-final/data_processed/classification_crops/external_test/knot/vnwoodknot_001000_0001517.jpg,VNWoodKnot/VNWoodKnot A High-Quality Image Dataset for Wood K/VNWoodKnot/VNWoodKnot/test/2/IMG_4277.jpg,vnwoodknot,folder_class,vnwoodknot:test:img_4277,knot,crack,0.9996053576469421,0.9996053576469421,0.0003946508513763547,3.438307771830296e-08,False
wood-multitask-final/data_processed/classification_crops/external_test/knot/vnwoodknot_001001_0001518.jpg,VNWoodKnot/VNWoodKnot A High-Quality Image Dataset for Wood K/VNWoodKnot/VNWoodKnot/test/2/IMG_4600.jpg,vnwoodknot,folder_class,vnwoodknot:test:img_4600,knot,crack,0.9995809197425842,0.9995809197425842,0.00041558995144441724,3.484244416540605e-06,False
wood-multitask-final/data_processed/classification_crops/external_test/knot/vnwoodknot_001002_0001519.jpg,VNWoodKnot/VNWoodKnot A High-Quality Image Dataset for Wood K/VNWoodKnot/VNWoodKnot/test/2/IMG_4636.jpg,vnwoodknot,folder_class,vnwoodknot:test:img_4636,knot,crack,0.999771773815155,0.999771773815155,0.00022489778348244727,3.311740783829009e-06,False
wood-multitask-final/data_processed/classification_crops/external_test/knot/vnwoodknot_001003_0001520.jpg,VNWoodKnot/VNWoodKnot A High-Quality Image Dataset for Wood K/VNWoodKnot/VNWoodKnot/test/2/IMG_4654.jpg,vnwoodknot,folder_class,vnwoodknot:test:img_4654,knot,crack,0.9970752000808716,0.9970752000808716,0.002386769512668252,0.0005380763905122876,False
wood-multitask-final/data_processed/classification_crops/external_test/knot/vnwoodknot_001003_0001521.jpg,VNWoodKnot/VNWoodKnot A High-Quality Image Dataset for Wood K/VNWoodKnot/VNWoodKnot/test/2/IMG_4654.jpg,vnwoodknot,folder_class,vnwoodknot:test:img_4654,knot,crack,0.9692781567573547,0.9692781567573547,0.0020991135388612747,0.028622768819332123,False
wood-multitask-final/data_processed/classification_crops/external_test/knot/vnwoodknot_001004_0001522.jpg,VNWoodKnot/VNWoodKnot A High-Quality Image Dataset for Wood K/VNWoodKnot/VNWoodKnot/test/2/img_3645.jpg,vnwoodknot,folder_class,vnwoodknot:test:img_3645,knot,knot,0.763859212398529,0.23601652681827545,0.763859212398529,0.00012428751506377012,True
wood-multitask-final/data_processed/classification_crops/external_test/knot/vnwoodknot_001005_0001523.jpg,VNWoodKnot/VNWoodKnot A High-Quality Image Dataset for Wood K/VNWoodKnot/VNWoodKnot/test/2/img_3648.jpg,vnwoodknot,folder_class,vnwoodknot:test:img_3648,knot,crack,0.999713122844696,0.999713122844696,0.00028489413671195507,1.8681798792385962e-06,False
wood-multitask-final/data_processed/classification_crops/external_test/knot/vnwoodknot_001006_0001524.jpg,VNWoodKnot/VNWoodKnot A High-Quality Image Dataset for Wood K/VNWoodKnot/VNWoodKnot/test/2/img_3658.jpg,vnwoodknot,folder_class,vnwoodknot:test:img_3658,knot,crack,0.9999983310699463,0.9999983310699463,1.5109374089661287e-06,7.161131065913651e-08,False
wood-multitask-final/data_processed/classification_crops/external_test/knot/vnwoodknot_001007_0001525.jpg,VNWoodKnot/VNWoodKnot A High-Quality Image Dataset for Wood K/VNWoodKnot/VNWoodKnot/test/2/img_3664.jpg,vnwoodknot,folder_class,vnwoodknot:test:img_3664,knot,crack,0.9998069405555725,0.9998069405555725,0.0001930605067173019,3.4461123732398846e-08,False
wood-multitask-final/data_processed/classification_crops/external_test/knot/vnwoodknot_001008_0001526.jpg,VNWoodKnot/VNWoodKnot A High-Quality Image Dataset for Wood K/VNWoodKnot/VNWoodKnot/test/2/img_3671.jpg,vnwoodknot,folder_class,vnwoodknot:test:img_3671,knot,knot,0.9995999932289124,3.293461486464366e-05,0.9995999932289124,0.00036713285953737795,True
wood-multitask-final/data_processed/classification_crops/external_test/knot/vnwoodknot_001009_0001527.jpg,VNWoodKnot/VNWoodKnot A High-Quality Image Dataset for Wood K/VNWoodKnot/VNWoodKnot/test/2/img_3673.jpg,vnwoodknot,folder_class,vnwoodknot:test:img_3673,knot,knot,0.795973002910614,0.20401065051555634,0.795973002910614,1.6287714970530942e-05,True
wood-multitask-final/data_processed/classification_crops/external_test/knot/vnwoodknot_001010_0001528.jpg,VNWoodKnot/VNWoodKnot A High-Quality Image Dataset for Wood K/VNWoodKnot/VNWoodKnot/test/2/img_3678.jpg,vnwoodknot,folder_class,vnwoodknot:test:img_3678,knot,crack,0.9983946681022644,0.9983946681022644,0.001604889752343297,4.1773998304961424e-07,False
wood-multitask-final/data_processed/classification_crops/external_test/knot/vnwoodknot_001011_0001529.jpg,VNWoodKnot/VNWoodKnot A High-Quality Image Dataset for Wood K/VNWoodKnot/VNWoodKnot/test/2/img_3681.jpg,vnwoodknot,folder_class,vnwoodknot:test:img_3681,knot,crack,0.9999996423721313,0.9999996423721313,3.280694045315613e-07,8.824521113837136e-10,False
wood-multitask-final/data_processed/classification_crops/external_test/knot/vnwoodknot_001012_0001530.jpg,VNWoodKnot/VNWoodKnot A High-Quality Image Dataset for Wood K/VNWoodKnot/VNWoodKnot/test/2/img_3685.jpg,vnwoodknot,folder_class,vnwoodknot:test:img_3685,knot,crack,0.9984725117683411,0.9984725117683411,0.00152641034219414,1.1169963727297727e-06,False
wood-multitask-final/data_processed/classification_crops/external_test/knot/vnwoodknot_001013_0001531.jpg,VNWoodKnot/VNWoodKnot A High-Quality Image Dataset for Wood K/VNWoodKnot/VNWoodKnot/test/2/img_3703.jpg,vnwoodknot,folder_class,vnwoodknot:test:img_3703,knot,crack,1.0,1.0,3.4616149946486985e-08,4.902958039565419e-10,False
wood-multitask-final/data_processed/classification_crops/external_test/knot/vnwoodknot_001014_0001532.jpg,VNWoodKnot/VNWoodKnot A High-Quality Image Dataset for Wood K/VNWoodKnot/VNWoodKnot/test/2/img_3704.jpg,vnwoodknot,folder_class,vnwoodknot:test:img_3704,knot,crack,0.9928330183029175,0.9928330183029175,0.007167001720517874,2.751209571272284e-08,False
wood-multitask-final/data_processed/classification_crops/external_test/knot/vnwoodknot_001015_0001533.jpg,VNWoodKnot/VNWoodKnot A High-Quality Image Dataset for Wood K/VNWoodKnot/VNWoodKnot/test/2/img_3710.jpg,vnwoodknot,folder_class,vnwoodknot:test:img_3710,knot,crack,0.9997238516807556,0.9997238516807556,0.000275900965789333,1.8874592910833599e-07,False
wood-multitask-final/data_processed/classification_crops/external_test/knot/vnwoodknot_001016_0001534.jpg,VNWoodKnot/VNWoodKnot A High-Quality Image Dataset for Wood K/VNWoodKnot/VNWoodKnot/test/2/img_3725.jpg,vnwoodknot,folder_class,vnwoodknot:test:img_3725,knot,crack,0.9999868869781494,0.9999868869781494,1.3127696547599044e-05,2.260147451138561e-11,False
wood-multitask-final/data_processed/classification_crops/external_test/knot/vnwoodknot_001017_0001535.jpg,VNWoodKnot/VNWoodKnot A High-Quality Image Dataset for Wood K/VNWoodKnot/VNWoodKnot/test/2/img_3733.jpg,vnwoodknot,folder_class,vnwoodknot:test:img_3733,knot,crack,0.9999997615814209,0.9999997615814209,2.3797804260539124e-07,5.8042368654420695e-12,False
wood-multitask-final/data_processed/classification_crops/external_test/knot/vnwoodknot_001018_0001536.jpg,VNWoodKnot/VNWoodKnot A High-Quality Image Dataset for Wood K/VNWoodKnot/VNWoodKnot/test/2/img_3734.jpg,vnwoodknot,folder_class,vnwoodknot:test:img_3734,knot,crack,0.9957131147384644,0.9957131147384644,0.003954230807721615,0.00033265884849242866,False
wood-multitask-final/data_processed/classification_crops/external_test/knot/vnwoodknot_001019_0001537.jpg,VNWoodKnot/VNWoodKnot A High-Quality Image Dataset for Wood K/VNWoodKnot/VNWoodKnot/test/2/img_3743.jpg,vnwoodknot,folder_class,vnwoodknot:test:img_3743,knot,crack,0.9983407258987427,0.9983407258987427,0.0016590667655691504,2.264675202923172e-07,False
wood-multitask-final/data_processed/classification_crops/external_test/knot/vnwoodknot_001020_0001538.jpg,VNWoodKnot/VNWoodKnot A High-Quality Image Dataset for Wood K/VNWoodKnot/VNWoodKnot/test/2/img_3745.jpg,vnwoodknot,folder_class,vnwoodknot:test:img_3745,knot,crack,0.9999428987503052,0.9999428987503052,2.1048997950856574e-05,3.598039984353818e-05,False
wood-multitask-final/data_processed/classification_crops/external_test/knot/vnwoodknot_001021_0001539.jpg,VNWoodKnot/VNWoodKnot A High-Quality Image Dataset for Wood K/VNWoodKnot/VNWoodKnot/test/2/img_3746.jpg,vnwoodknot,folder_class,vnwoodknot:test:img_3746,knot,crack,0.9991301894187927,0.9991301894187927,0.0008696895674802363,1.5193451474715403e-07,False
wood-multitask-final/data_processed/classification_crops/external_test/knot/vnwoodknot_001022_0001540.jpg,VNWoodKnot/VNWoodKnot A High-Quality Image Dataset for Wood K/VNWoodKnot/VNWoodKnot/test/2/img_3756.jpg,vnwoodknot,folder_class,vnwoodknot:test:img_3756,knot,crack,0.9923060536384583,0.9923060536384583,0.007253637537360191,0.0004403217462822795,False
wood-multitask-final/data_processed/classification_crops/external_test/knot/vnwoodknot_001023_0001541.jpg,VNWoodKnot/VNWoodKnot A High-Quality Image Dataset for Wood K/VNWoodKnot/VNWoodKnot/test/2/img_3757.jpg,vnwoodknot,folder_class,vnwoodknot:test:img_3757,knot,crack,0.9996639490127563,0.9996639490127563,0.0003360442933626473,2.519167630055108e-08,False
wood-multitask-final/data_processed/classification_crops/external_test/knot/vnwoodknot_001024_0001542.jpg,VNWoodKnot/VNWoodKnot A High-Quality Image Dataset for Wood K/VNWoodKnot/VNWoodKnot/test/2/img_3758.jpg,vnwoodknot,folder_class,vnwoodknot:test:img_3758,knot,crack,0.9999998807907104,0.9999998807907104,1.5953416721004032e-07,1.0341242971537504e-13,False
wood-multitask-final/data_processed/classification_crops/external_test/knot/vnwoodknot_001025_0001543.jpg,VNWoodKnot/VNWoodKnot A High-Quality Image Dataset for Wood K/VNWoodKnot/VNWoodKnot/test/2/img_3761.jpg,vnwoodknot,folder_class,vnwoodknot:test:img_3761,knot,crack,0.9999556541442871,0.9999556541442871,4.431384877534583e-05,6.459322521301658e-10,False
wood-multitask-final/data_processed/classification_crops/external_test/knot/vnwoodknot_001026_0001544.jpg,VNWoodKnot/VNWoodKnot A High-Quality Image Dataset for Wood K/VNWoodKnot/VNWoodKnot/test/2/img_3768.jpg,vnwoodknot,folder_class,vnwoodknot:test:img_3768,knot,crack,0.9999748468399048,0.9999748468399048,2.4695982574485242e-05,5.352524681256909e-07,False
wood-multitask-final/data_processed/classification_crops/external_test/knot/vnwoodknot_001027_0001545.jpg,VNWoodKnot/VNWoodKnot A High-Quality Image Dataset for Wood K/VNWoodKnot/VNWoodKnot/test/2/img_3777.jpg,vnwoodknot,folder_class,vnwoodknot:test:img_3777,knot,crack,0.9999130964279175,0.9999130964279175,8.66953341756016e-05,2.417386042452563e-07,False
wood-multitask-final/data_processed/classification_crops/external_test/knot/vnwoodknot_001028_0001546.jpg,VNWoodKnot/VNWoodKnot A High-Quality Image Dataset for Wood K/VNWoodKnot/VNWoodKnot/test/2/img_3783.jpg,vnwoodknot,folder_class,vnwoodknot:test:img_3783,knot,crack,0.9987127780914307,0.9987127780914307,0.0012550052488222718,3.229051799280569e-05,False
wood-multitask-final/data_processed/classification_crops/external_test/knot/vnwoodknot_001029_0001547.jpg,VNWoodKnot/VNWoodKnot A High-Quality Image Dataset for Wood K/VNWoodKnot/VNWoodKnot/test/2/img_3790.jpg,vnwoodknot,folder_class,vnwoodknot:test:img_3790,knot,crack,0.7489782571792603,0.7489782571792603,0.2510215640068054,1.3928240605309838e-07,False
wood-multitask-final/data_processed/classification_crops/external_test/knot/vnwoodknot_001030_0001548.jpg,VNWoodKnot/VNWoodKnot A High-Quality Image Dataset for Wood K/VNWoodKnot/VNWoodKnot/test/2/img_3792.jpg,vnwoodknot,folder_class,vnwoodknot:test:img_3792,knot,crack,0.9996504783630371,0.9996504783630371,0.00034952888381667435,3.5206064730175513e-09,False
wood-multitask-final/data_processed/classification_crops/external_test/knot/vnwoodknot_001031_0001549.jpg,VNWoodKnot/VNWoodKnot A High-Quality Image Dataset for Wood K/VNWoodKnot/VNWoodKnot/test/2/img_3818.jpg,vnwoodknot,folder_class,vnwoodknot:test:img_3818,knot,crack,0.9873387813568115,0.9873387813568115,0.012661103159189224,1.2684661498951755e-07,False
wood-multitask-final/data_processed/classification_crops/external_test/knot/vnwoodknot_001032_0001550.jpg,VNWoodKnot/VNWoodKnot A High-Quality Image Dataset for Wood K/VNWoodKnot/VNWoodKnot/test/2/img_4241.jpg,vnwoodknot,folder_class,vnwoodknot:test:img_4241,knot,knot,0.9992443323135376,0.00021985814964864403,0.9992443323135376,0.0005358185153454542,True
wood-multitask-final/data_processed/classification_crops/external_test/knot/vnwoodknot_001033_0001551.jpg,VNWoodKnot/VNWoodKnot A High-Quality Image Dataset for Wood K/VNWoodKnot/VNWoodKnot/test/2/img_4245.jpg,vnwoodknot,folder_class,vnwoodknot:test:img_4245,knot,knot,0.8730254173278809,0.053787585347890854,0.8730254173278809,0.0731869786977768,True
wood-multitask-final/data_processed/classification_crops/external_test/knot/vnwoodknot_001034_0001552.jpg,VNWoodKnot/VNWoodKnot A High-Quality Image Dataset for Wood K/VNWoodKnot/VNWoodKnot/test/2/img_4255.jpg,vnwoodknot,folder_class,vnwoodknot:test:img_4255,knot,crack,0.7954164743423462,0.7954164743423462,0.20457002520561218,1.3428694728645496e-05,False
wood-multitask-final/data_processed/classification_crops/external_test/knot/vnwoodknot_001035_0001553.jpg,VNWoodKnot/VNWoodKnot A High-Quality Image Dataset for Wood K/VNWoodKnot/VNWoodKnot/test/2/img_4260.jpg,vnwoodknot,folder_class,vnwoodknot:test:img_4260,knot,knot,0.965667724609375,0.02668454870581627,0.965667724609375,0.0076476833783090115,True
wood-multitask-final/data_processed/classification_crops/external_test/knot/vnwoodknot_001036_0001554.jpg,VNWoodKnot/VNWoodKnot A High-Quality Image Dataset for Wood K/VNWoodKnot/VNWoodKnot/test/2/img_4262.jpg,vnwoodknot,folder_class,vnwoodknot:test:img_4262,knot,crack,0.9999985694885254,0.9999985694885254,1.4888029227222432e-06,5.856069210281867e-13,False
wood-multitask-final/data_processed/classification_crops/external_test/knot/vnwoodknot_001037_0001555.jpg,VNWoodKnot/VNWoodKnot A High-Quality Image Dataset for Wood K/VNWoodKnot/VNWoodKnot/test/2/img_4265.jpg,vnwoodknot,folder_class,vnwoodknot:test:img_4265,knot,crack,0.9999916553497314,0.9999916553497314,8.352432814717758e-06,8.57939413956288e-12,False
wood-multitask-final/data_processed/classification_crops/external_test/knot/vnwoodknot_001038_0001556.jpg,VNWoodKnot/VNWoodKnot A High-Quality Image Dataset for Wood K/VNWoodKnot/VNWoodKnot/test/2/img_4267.jpg,vnwoodknot,folder_class,vnwoodknot:test:img_4267,knot,crack,0.9992361068725586,0.9992361068725586,0.0007638507522642612,1.9745380441804627e-08,False
wood-multitask-final/data_processed/classification_crops/external_test/knot/vnwoodknot_001039_0001557.jpg,VNWoodKnot/VNWoodKnot A High-Quality Image Dataset for Wood K/VNWoodKnot/VNWoodKnot/test/2/img_4280.jpg,vnwoodknot,folder_class,vnwoodknot:test:img_4280,knot,crack,0.984502375125885,0.984502375125885,0.013720263727009296,0.001777305151335895,False
wood-multitask-final/data_processed/classification_crops/external_test/knot/vnwoodknot_001040_0001558.jpg,VNWoodKnot/VNWoodKnot A High-Quality Image Dataset for Wood K/VNWoodKnot/VNWoodKnot/test/2/img_4292.jpg,vnwoodknot,folder_class,vnwoodknot:test:img_4292,knot,knot,0.9978208541870117,0.0021301950328052044,0.9978208541870117,4.903608714812435e-05,True
wood-multitask-final/data_processed/classification_crops/external_test/knot/vnwoodknot_001041_0001559.jpg,VNWoodKnot/VNWoodKnot A High-Quality Image Dataset for Wood K/VNWoodKnot/VNWoodKnot/test/2/img_4298.jpg,vnwoodknot,folder_class,vnwoodknot:test:img_4298,knot,crack,0.9999938011169434,0.9999938011169434,6.189707164594438e-06,2.9347774210819466e-10,False
wood-multitask-final/data_processed/classification_crops/external_test/knot/vnwoodknot_001042_0001560.jpg,VNWoodKnot/VNWoodKnot A High-Quality Image Dataset for Wood K/VNWoodKnot/VNWoodKnot/test/2/img_4320.jpg,vnwoodknot,folder_class,vnwoodknot:test:img_4320,knot,crack,0.9992355108261108,0.9992355108261108,0.0007644748548045754,1.9517327753959535e-09,False
wood-multitask-final/data_processed/classification_crops/external_test/knot/vnwoodknot_001043_0001561.jpg,VNWoodKnot/VNWoodKnot A High-Quality Image Dataset for Wood K/VNWoodKnot/VNWoodKnot/test/2/img_4557.jpg,vnwoodknot,folder_class,vnwoodknot:test:img_4557,knot,crack,0.9999998807907104,0.9999998807907104,1.5122191143746022e-07,1.6280793174120595e-13,False
wood-multitask-final/data_processed/classification_crops/external_test/knot/vnwoodknot_001044_0001562.jpg,VNWoodKnot/VNWoodKnot A High-Quality Image Dataset for Wood K/VNWoodKnot/VNWoodKnot/test/2/img_4562.jpg,vnwoodknot,folder_class,vnwoodknot:test:img_4562,knot,crack,0.9999951124191284,0.9999951124191284,4.864371476287488e-06,4.7100801855775795e-14,False
wood-multitask-final/data_processed/classification_crops/external_test/knot/vnwoodknot_001045_0001563.jpg,VNWoodKnot/VNWoodKnot A High-Quality Image Dataset for Wood K/VNWoodKnot/VNWoodKnot/test/2/img_4564.jpg,vnwoodknot,folder_class,vnwoodknot:test:img_4564,knot,knot,0.980118989944458,0.0010131729068234563,0.980118989944458,0.018867742270231247,True
wood-multitask-final/data_processed/classification_crops/external_test/knot/vnwoodknot_001046_0001564.jpg,VNWoodKnot/VNWoodKnot A High-Quality Image Dataset for Wood K/VNWoodKnot/VNWoodKnot/test/2/img_4575.jpg,vnwoodknot,folder_class,vnwoodknot:test:img_4575,knot,crack,0.9963043928146362,0.9963043928146362,0.0036956279072910547,5.171045369678495e-09,False
wood-multitask-final/data_processed/classification_crops/external_test/knot/vnwoodknot_001047_0001565.jpg,VNWoodKnot/VNWoodKnot A High-Quality Image Dataset for Wood K/VNWoodKnot/VNWoodKnot/test/2/img_4579.jpg,vnwoodknot,folder_class,vnwoodknot:test:img_4579,knot,crack,0.9999388456344604,0.9999388456344604,6.115587166277692e-05,2.555125555581128e-10,False
wood-multitask-final/data_processed/classification_crops/external_test/knot/vnwoodknot_001048_0001566.jpg,VNWoodKnot/VNWoodKnot A High-Quality Image Dataset for Wood K/VNWoodKnot/VNWoodKnot/test/2/img_4581.jpg,vnwoodknot,folder_class,vnwoodknot:test:img_4581,knot,knot,0.9867266416549683,0.013245221227407455,0.9867266416549683,2.8058240786776878e-05,True
wood-multitask-final/data_processed/classification_crops/external_test/knot/vnwoodknot_001049_0001567.jpg,VNWoodKnot/VNWoodKnot A High-Quality Image Dataset for Wood K/VNWoodKnot/VNWoodKnot/test/2/img_4586.jpg,vnwoodknot,folder_class,vnwoodknot:test:img_4586,knot,crack,0.8320786356925964,0.8320786356925964,0.15222787857055664,0.01569351740181446,False
wood-multitask-final/data_processed/classification_crops/external_test/knot/vnwoodknot_001050_0001568.jpg,VNWoodKnot/VNWoodKnot A High-Quality Image Dataset for Wood K/VNWoodKnot/VNWoodKnot/test/2/img_4590.jpg,vnwoodknot,folder_class,vnwoodknot:test:img_4590,knot,knot,0.9988827109336853,0.0010542819509282708,0.9988827109336853,6.29578935331665e-05,True
wood-multitask-final/data_processed/classification_crops/external_test/knot/vnwoodknot_001051_0001569.jpg,VNWoodKnot/VNWoodKnot A High-Quality Image Dataset for Wood K/VNWoodKnot/VNWoodKnot/test/2/img_4598.jpg,vnwoodknot,folder_class,vnwoodknot:test:img_4598,knot,knot,0.6641791462898254,0.025546777993440628,0.6641791462898254,0.3102740943431854,True
wood-multitask-final/data_processed/classification_crops/external_test/knot/vnwoodknot_001052_0001570.jpg,VNWoodKnot/VNWoodKnot A High-Quality Image Dataset for Wood K/VNWoodKnot/VNWoodKnot/test/2/img_4606.jpg,vnwoodknot,folder_class,vnwoodknot:test:img_4606,knot,crack,0.9999899864196777,0.9999899864196777,1.0039041626441758e-05,1.0237384273636962e-09,False
wood-multitask-final/data_processed/classification_crops/external_test/knot/vnwoodknot_001053_0001571.jpg,VNWoodKnot/VNWoodKnot A High-Quality Image Dataset for Wood K/VNWoodKnot/VNWoodKnot/test/2/img_4610.jpg,vnwoodknot,folder_class,vnwoodknot:test:img_4610,knot,crack,0.9999996423721313,0.9999996423721313,3.553367093900306e-07,3.9519484906769264e-10,False
wood-multitask-final/data_processed/classification_crops/external_test/knot/vnwoodknot_001054_0001572.jpg,VNWoodKnot/VNWoodKnot A High-Quality Image Dataset for Wood K/VNWoodKnot/VNWoodKnot/test/2/img_4620.jpg,vnwoodknot,folder_class,vnwoodknot:test:img_4620,knot,crack,0.91362065076828,0.91362065076828,0.08637934923171997,1.0749054979442008e-08,False
wood-multitask-final/data_processed/classification_crops/external_test/knot/vnwoodknot_001055_0001573.jpg,VNWoodKnot/VNWoodKnot A High-Quality Image Dataset for Wood K/VNWoodKnot/VNWoodKnot/test/2/img_4638.jpg,vnwoodknot,folder_class,vnwoodknot:test:img_4638,knot,crack,0.9999996423721313,0.9999996423721313,3.5011908039450645e-07,1.6198606345163569e-10,False
wood-multitask-final/data_processed/classification_crops/external_test/knot/vnwoodknot_001056_0001574.jpg,VNWoodKnot/VNWoodKnot A High-Quality Image Dataset for Wood K/VNWoodKnot/VNWoodKnot/test/2/img_4659.jpg,vnwoodknot,folder_class,vnwoodknot:test:img_4659,knot,crack,0.8806465864181519,0.8806465864181519,0.11901325732469559,0.00034009385854005814,False
wood-multitask-final/data_processed/classification_crops/external_test/knot/vnwoodknot_001057_0001575.jpg,VNWoodKnot/VNWoodKnot A High-Quality Image Dataset for Wood K/VNWoodKnot/VNWoodKnot/test/2/img_4663.jpg,vnwoodknot,folder_class,vnwoodknot:test:img_4663,knot,crack,0.9994577765464783,0.9994577765464783,0.0005422558169811964,3.2931165350191804e-08,False
wood-multitask-final/data_processed/classification_crops/external_test/knot/vnwoodknot_001058_0001576.jpg,VNWoodKnot/VNWoodKnot A High-Quality Image Dataset for Wood K/VNWoodKnot/VNWoodKnot/test/2/img_4670.jpg,vnwoodknot,folder_class,vnwoodknot:test:img_4670,knot,crack,0.9840039610862732,0.9840039610862732,0.014928435906767845,0.0010676061501726508,False
wood-multitask-final/data_processed/classification_crops/external_test/knot/vnwoodknot_001059_0001577.jpg,VNWoodKnot/VNWoodKnot A High-Quality Image Dataset for Wood K/VNWoodKnot/VNWoodKnot/test/2/img_4672.jpg,vnwoodknot,folder_class,vnwoodknot:test:img_4672,knot,knot,0.92392897605896,0.07544911652803421,0.92392897605896,0.0006218157359398901,True
wood-multitask-final/data_processed/classification_crops/external_test/knot/vnwoodknot_001060_0001578.jpg,VNWoodKnot/VNWoodKnot A High-Quality Image Dataset for Wood K/VNWoodKnot/VNWoodKnot/test/2/img_4680.jpg,vnwoodknot,folder_class,vnwoodknot:test:img_4680,knot,crack,0.9999827146530151,0.9999827146530151,1.726097980281338e-05,3.707839013600278e-08,False
wood-multitask-final/data_processed/classification_crops/external_test/knot/vnwoodknot_001061_0001579.jpg,VNWoodKnot/VNWoodKnot A High-Quality Image Dataset for Wood K/VNWoodKnot/VNWoodKnot/test/2/img_4693.jpg,vnwoodknot,folder_class,vnwoodknot:test:img_4693,knot,knot,0.854958713054657,0.14501383900642395,0.854958713054657,2.74251706287032e-05,True
wood-multitask-final/data_processed/classification_crops/external_test/knot/vnwoodknot_001062_0001580.jpg,VNWoodKnot/VNWoodKnot A High-Quality Image Dataset for Wood K/VNWoodKnot/VNWoodKnot/test/2/img_4704.jpg,vnwoodknot,folder_class,vnwoodknot:test:img_4704,knot,crack,0.9998107552528381,0.9998107552528381,0.00018925181939266622,3.8082468734046415e-08,False
wood-multitask-final/data_processed/classification_crops/external_test/knot/vnwoodknot_001063_0001581.jpg,VNWoodKnot/VNWoodKnot A High-Quality Image Dataset for Wood K/VNWoodKnot/VNWoodKnot/test/2/img_4740.jpg,vnwoodknot,folder_class,vnwoodknot:test:img_4740,knot,crack,0.9680184721946716,0.9680184721946716,0.03198041021823883,1.1108920716651483e-06,False
wood-multitask-final/data_processed/classification_crops/external_test/knot/vnwoodknot_001064_0001582.jpg,VNWoodKnot/VNWoodKnot A High-Quality Image Dataset for Wood K/VNWoodKnot/VNWoodKnot/test/2/img_4744.jpg,vnwoodknot,folder_class,vnwoodknot:test:img_4744,knot,crack,0.9959877133369446,0.9959877133369446,0.00401227455586195,4.687278898352076e-10,False
wood-multitask-final/data_processed/classification_crops/external_test/knot/vnwoodknot_001065_0001583.jpg,VNWoodKnot/VNWoodKnot A High-Quality Image Dataset for Wood K/VNWoodKnot/VNWoodKnot/test/2/z6578630439102.jpg,vnwoodknot,folder_class,vnwoodknot:test:z6578630439102,knot,knot,0.9961814880371094,0.0016038730973377824,0.9961814880371094,0.0022146941628307104,True
wood-multitask-final/data_processed/classification_crops/external_test/knot/vnwoodknot_001066_0001584.jpg,VNWoodKnot/VNWoodKnot A High-Quality Image Dataset for Wood K/VNWoodKnot/VNWoodKnot/test/2/z6578630454022.jpg,vnwoodknot,folder_class,vnwoodknot:test:z6578630454022,knot,crack,0.999603807926178,0.999603807926178,0.00039571928209625185,4.817843546334188e-07,False
wood-multitask-final/data_processed/classification_crops/external_test/knot/vnwoodknot_001067_0001585.jpg,VNWoodKnot/VNWoodKnot A High-Quality Image Dataset for Wood K/VNWoodKnot/VNWoodKnot/test/2/z6578630458495.jpg,vnwoodknot,folder_class,vnwoodknot:test:z6578630458495,knot,crack,0.9999973773956299,0.9999973773956299,2.4003329599509016e-06,2.858558048046689e-07,False
wood-multitask-final/data_processed/classification_crops/external_test/knot/vnwoodknot_001068_0001586.jpg,VNWoodKnot/VNWoodKnot A High-Quality Image Dataset for Wood K/VNWoodKnot/VNWoodKnot/test/2/z6578630487484.jpg,vnwoodknot,folder_class,vnwoodknot:test:z6578630487484,knot,crack,0.9830622673034668,0.9830622673034668,0.01693551242351532,2.2268218344834168e-06,False
wood-multitask-final/data_processed/classification_crops/external_test/normal/vnwoodknot_001069_normal.jpg,VNWoodKnot/VNWoodKnot A High-Quality Image Dataset for Wood K/VNWoodKnot/VNWoodKnot/train/0/IMG_4329.jpg,vnwoodknot,verified_negative,vnwoodknot:train:img_4329,normal,crack,0.9002814292907715,0.9002814292907715,0.06768502295017242,0.03203354775905609,False
wood-multitask-final/data_processed/classification_crops/external_test/normal/vnwoodknot_001070_normal.jpg,VNWoodKnot/VNWoodKnot A High-Quality Image Dataset for Wood K/VNWoodKnot/VNWoodKnot/train/0/IMG_4331.jpg,vnwoodknot,verified_negative,vnwoodknot:train:img_4331,normal,crack,0.9986107349395752,0.9986107349395752,0.0011085699079558253,0.0002806541451718658,False
wood-multitask-final/data_processed/classification_crops/external_test/normal/vnwoodknot_001071_normal.jpg,VNWoodKnot/VNWoodKnot A High-Quality Image Dataset for Wood K/VNWoodKnot/VNWoodKnot/train/0/IMG_4333.jpg,vnwoodknot,verified_negative,vnwoodknot:train:img_4333,normal,crack,0.9999996423721313,0.9999996423721313,1.2030678675500894e-08,3.2403735872321704e-07,False
wood-multitask-final/data_processed/classification_crops/external_test/normal/vnwoodknot_001072_normal.jpg,VNWoodKnot/VNWoodKnot A High-Quality Image Dataset for Wood K/VNWoodKnot/VNWoodKnot/train/0/IMG_4334.jpg,vnwoodknot,verified_negative,vnwoodknot:train:img_4334,normal,crack,0.7335469722747803,0.7335469722747803,0.2662963569164276,0.00015664483362343162,False
wood-multitask-final/data_processed/classification_crops/external_test/normal/vnwoodknot_001073_normal.jpg,VNWoodKnot/VNWoodKnot A High-Quality Image Dataset for Wood K/VNWoodKnot/VNWoodKnot/train/0/IMG_4335.jpg,vnwoodknot,verified_negative,vnwoodknot:train:img_4335,normal,crack,0.9989681243896484,0.9989681243896484,1.0390273018856533e-05,0.0010215169750154018,False
wood-multitask-final/data_processed/classification_crops/external_test/normal/vnwoodknot_001074_normal.jpg,VNWoodKnot/VNWoodKnot A High-Quality Image Dataset for Wood K/VNWoodKnot/VNWoodKnot/train/0/IMG_4336.jpg,vnwoodknot,verified_negative,vnwoodknot:train:img_4336,normal,crack,0.9999969005584717,0.9999969005584717,2.766860006886418e-06,4.067232168836199e-07,False
wood-multitask-final/data_processed/classification_crops/external_test/normal/vnwoodknot_001075_normal.jpg,VNWoodKnot/VNWoodKnot A High-Quality Image Dataset for Wood K/VNWoodKnot/VNWoodKnot/train/0/IMG_4337.jpg,vnwoodknot,verified_negative,vnwoodknot:train:img_4337,normal,crack,0.999734103679657,0.999734103679657,0.0002506604650989175,1.5229003111016937e-05,False
wood-multitask-final/data_processed/classification_crops/external_test/normal/vnwoodknot_001076_normal.jpg,VNWoodKnot/VNWoodKnot A High-Quality Image Dataset for Wood K/VNWoodKnot/VNWoodKnot/train/0/IMG_4338.jpg,vnwoodknot,verified_negative,vnwoodknot:train:img_4338,normal,crack,0.9893224835395813,0.9893224835395813,0.010595443658530712,8.209141378756613e-05,False
wood-multitask-final/data_processed/classification_crops/external_test/normal/vnwoodknot_001077_normal.jpg,VNWoodKnot/VNWoodKnot A High-Quality Image Dataset for Wood K/VNWoodKnot/VNWoodKnot/train/0/IMG_4341.jpg,vnwoodknot,verified_negative,vnwoodknot:train:img_4341,normal,crack,0.5412684679031372,0.5412684679031372,0.008185120299458504,0.4505464434623718,False
wood-multitask-final/data_processed/classification_crops/external_test/normal/vnwoodknot_001078_normal.jpg,VNWoodKnot/VNWoodKnot A High-Quality Image Dataset for Wood K/VNWoodKnot/VNWoodKnot/train/0/IMG_4342.jpg,vnwoodknot,verified_negative,vnwoodknot:train:img_4342,normal,crack,0.999680757522583,0.999680757522583,0.00016917001630645245,0.00014998285041656345,False
wood-multitask-final/data_processed/classification_crops/external_test/normal/vnwoodknot_001079_normal.jpg,VNWoodKnot/VNWoodKnot A High-Quality Image Dataset for Wood K/VNWoodKnot/VNWoodKnot/train/0/IMG_4345.jpg,vnwoodknot,verified_negative,vnwoodknot:train:img_4345,normal,crack,0.9969663023948669,0.9969663023948669,0.002719447249546647,0.0003141855413559824,False
wood-multitask-final/data_processed/classification_crops/external_test/normal/vnwoodknot_001080_normal.jpg,VNWoodKnot/VNWoodKnot A High-Quality Image Dataset for Wood K/VNWoodKnot/VNWoodKnot/train/0/IMG_4348.jpg,vnwoodknot,verified_negative,vnwoodknot:train:img_4348,normal,crack,0.9999991655349731,0.9999991655349731,7.990277595126827e-07,7.726803197272147e-09,False
wood-multitask-final/data_processed/classification_crops/external_test/normal/vnwoodknot_001081_normal.jpg,VNWoodKnot/VNWoodKnot A High-Quality Image Dataset for Wood K/VNWoodKnot/VNWoodKnot/train/0/IMG_4349.jpg,vnwoodknot,verified_negative,vnwoodknot:train:img_4349,normal,crack,0.9996645450592041,0.9996645450592041,9.217212937073782e-05,0.00024331505119334906,False
wood-multitask-final/data_processed/classification_crops/external_test/normal/vnwoodknot_001082_normal.jpg,VNWoodKnot/VNWoodKnot A High-Quality Image Dataset for Wood K/VNWoodKnot/VNWoodKnot/train/0/IMG_4350.jpg,vnwoodknot,verified_negative,vnwoodknot:train:img_4350,normal,crack,1.0,1.0,1.7301843291406271e-10,8.882724417125232e-12,False
wood-multitask-final/data_processed/classification_crops/external_test/normal/vnwoodknot_001083_normal.jpg,VNWoodKnot/VNWoodKnot A High-Quality Image Dataset for Wood K/VNWoodKnot/VNWoodKnot/train/0/IMG_4351.jpg,vnwoodknot,verified_negative,vnwoodknot:train:img_4351,normal,crack,1.0,1.0,1.4593642960747388e-10,1.0965667610052243e-11,False
wood-multitask-final/data_processed/classification_crops/external_test/normal/vnwoodknot_001084_normal.jpg,VNWoodKnot/VNWoodKnot A High-Quality Image Dataset for Wood K/VNWoodKnot/VNWoodKnot/train/0/IMG_4353.jpg,vnwoodknot,verified_negative,vnwoodknot:train:img_4353,normal,knot,0.9651085734367371,0.031221244484186172,0.9651085734367371,0.003670263569802046,False
wood-multitask-final/data_processed/classification_crops/external_test/normal/vnwoodknot_001085_normal.jpg,VNWoodKnot/VNWoodKnot A High-Quality Image Dataset for Wood K/VNWoodKnot/VNWoodKnot/train/0/IMG_4354.jpg,vnwoodknot,verified_negative,vnwoodknot:train:img_4354,normal,crack,0.999854326248169,0.999854326248169,0.00014544006262440234,1.9507488957515307e-07,False
wood-multitask-final/data_processed/classification_crops/external_test/normal/vnwoodknot_001086_normal.jpg,VNWoodKnot/VNWoodKnot A High-Quality Image Dataset for Wood K/VNWoodKnot/VNWoodKnot/train/0/IMG_4355.jpg,vnwoodknot,verified_negative,vnwoodknot:train:img_4355,normal,crack,0.9994656443595886,0.9994656443595886,0.0005254446878097951,8.923239875002764e-06,False
wood-multitask-final/data_processed/classification_crops/external_test/normal/vnwoodknot_001087_normal.jpg,VNWoodKnot/VNWoodKnot A High-Quality Image Dataset for Wood K/VNWoodKnot/VNWoodKnot/train/0/IMG_4356.jpg,vnwoodknot,verified_negative,vnwoodknot:train:img_4356,normal,crack,0.9956978559494019,0.9956978559494019,0.0011355506721884012,0.0031665260903537273,False
wood-multitask-final/data_processed/classification_crops/external_test/normal/vnwoodknot_001088_normal.jpg,VNWoodKnot/VNWoodKnot A High-Quality Image Dataset for Wood K/VNWoodKnot/VNWoodKnot/train/0/IMG_4358.jpg,vnwoodknot,verified_negative,vnwoodknot:train:img_4358,normal,crack,0.999998927116394,0.999998927116394,9.392693982590572e-07,1.2983647934561304e-07,False
wood-multitask-final/data_processed/classification_crops/external_test/normal/vnwoodknot_001089_normal.jpg,VNWoodKnot/VNWoodKnot A High-Quality Image Dataset for Wood K/VNWoodKnot/VNWoodKnot/train/0/IMG_4359.jpg,vnwoodknot,verified_negative,vnwoodknot:train:img_4359,normal,crack,0.8322754502296448,0.8322754502296448,0.13233135640621185,0.03539329767227173,False
wood-multitask-final/data_processed/classification_crops/external_test/normal/vnwoodknot_001090_normal.jpg,VNWoodKnot/VNWoodKnot A High-Quality Image Dataset for Wood K/VNWoodKnot/VNWoodKnot/train/0/IMG_4361.jpg,vnwoodknot,verified_negative,vnwoodknot:train:img_4361,normal,crack,0.9999933242797852,0.9999933242797852,6.28965426585637e-06,3.2021347351474105e-07,False
wood-multitask-final/data_processed/classification_crops/external_test/normal/vnwoodknot_001091_normal.jpg,VNWoodKnot/VNWoodKnot A High-Quality Image Dataset for Wood K/VNWoodKnot/VNWoodKnot/train/0/IMG_4362.jpg,vnwoodknot,verified_negative,vnwoodknot:train:img_4362,normal,crack,0.9999994039535522,0.9999994039535522,5.324206426848832e-07,7.267836110713688e-08,False
wood-multitask-final/data_processed/classification_crops/external_test/normal/vnwoodknot_001092_normal.jpg,VNWoodKnot/VNWoodKnot A High-Quality Image Dataset for Wood K/VNWoodKnot/VNWoodKnot/train/0/IMG_4363.jpg,vnwoodknot,verified_negative,vnwoodknot:train:img_4363,normal,crack,1.0,1.0,2.7424054693803157e-10,1.0680734725473928e-12,False
wood-multitask-final/data_processed/classification_crops/external_test/normal/vnwoodknot_001093_normal.jpg,VNWoodKnot/VNWoodKnot A High-Quality Image Dataset for Wood K/VNWoodKnot/VNWoodKnot/train/0/IMG_4364.jpg,vnwoodknot,verified_negative,vnwoodknot:train:img_4364,normal,crack,0.9995478987693787,0.9995478987693787,0.00017403883975930512,0.000278005056316033,False
wood-multitask-final/data_processed/classification_crops/external_test/normal/vnwoodknot_001094_normal.jpg,VNWoodKnot/VNWoodKnot A High-Quality Image Dataset for Wood K/VNWoodKnot/VNWoodKnot/train/0/IMG_4365.jpg,vnwoodknot,verified_negative,vnwoodknot:train:img_4365,normal,crack,0.9471972584724426,0.9471972584724426,0.03531208634376526,0.017490709200501442,False
wood-multitask-final/data_processed/classification_crops/external_test/normal/vnwoodknot_001095_normal.jpg,VNWoodKnot/VNWoodKnot A High-Quality Image Dataset for Wood K/VNWoodKnot/VNWoodKnot/train/0/IMG_4366.jpg,vnwoodknot,verified_negative,vnwoodknot:train:img_4366,normal,crack,0.9993308782577515,0.9993308782577515,0.0002144922618754208,0.00045476184459403157,False
wood-multitask-final/data_processed/classification_crops/external_test/normal/vnwoodknot_001096_normal.jpg,VNWoodKnot/VNWoodKnot A High-Quality Image Dataset for Wood K/VNWoodKnot/VNWoodKnot/train/0/IMG_4367.jpg,vnwoodknot,verified_negative,vnwoodknot:train:img_4367,normal,crack,0.9997219443321228,0.9997219443321228,0.0002693858987186104,8.686921319167595e-06,False
wood-multitask-final/data_processed/classification_crops/external_test/normal/vnwoodknot_001097_normal.jpg,VNWoodKnot/VNWoodKnot A High-Quality Image Dataset for Wood K/VNWoodKnot/VNWoodKnot/train/0/IMG_4368.jpg,vnwoodknot,verified_negative,vnwoodknot:train:img_4368,normal,crack,1.0,1.0,3.9001704088548195e-09,5.013872428349941e-09,False
wood-multitask-final/data_processed/classification_crops/external_test/normal/vnwoodknot_001098_normal.jpg,VNWoodKnot/VNWoodKnot A High-Quality Image Dataset for Wood K/VNWoodKnot/VNWoodKnot/train/0/IMG_4369.jpg,vnwoodknot,verified_negative,vnwoodknot:train:img_4369,normal,crack,0.999987006187439,0.999987006187439,1.094854815164581e-05,2.0298139133956283e-06,False
wood-multitask-final/data_processed/classification_crops/external_test/normal/vnwoodknot_001099_normal.jpg,VNWoodKnot/VNWoodKnot A High-Quality Image Dataset for Wood K/VNWoodKnot/VNWoodKnot/train/0/IMG_4370.jpg,vnwoodknot,verified_negative,vnwoodknot:train:img_4370,normal,normal,0.9999439716339111,4.024272129754536e-05,1.5830071788514033e-05,0.9999439716339111,True
wood-multitask-final/data_processed/classification_crops/external_test/normal/vnwoodknot_001100_normal.jpg,VNWoodKnot/VNWoodKnot A High-Quality Image Dataset for Wood K/VNWoodKnot/VNWoodKnot/train/0/IMG_4371.jpg,vnwoodknot,verified_negative,vnwoodknot:train:img_4371,normal,normal,0.9783621430397034,0.011520108208060265,0.010117726400494576,0.9783621430397034,True
wood-multitask-final/data_processed/classification_crops/external_test/normal/vnwoodknot_001101_normal.jpg,VNWoodKnot/VNWoodKnot A High-Quality Image Dataset for Wood K/VNWoodKnot/VNWoodKnot/train/0/IMG_4372.jpg,vnwoodknot,verified_negative,vnwoodknot:train:img_4372,normal,normal,0.6430288553237915,0.35681816935539246,0.00015294823970180005,0.6430288553237915,True
wood-multitask-final/data_processed/classification_crops/external_test/normal/vnwoodknot_001102_normal.jpg,VNWoodKnot/VNWoodKnot A High-Quality Image Dataset for Wood K/VNWoodKnot/VNWoodKnot/train/0/IMG_4373.jpg,vnwoodknot,verified_negative,vnwoodknot:train:img_4373,normal,normal,0.717515230178833,0.22233527898788452,0.060149505734443665,0.717515230178833,True
wood-multitask-final/data_processed/classification_crops/external_test/normal/vnwoodknot_001103_normal.jpg,VNWoodKnot/VNWoodKnot A High-Quality Image Dataset for Wood K/VNWoodKnot/VNWoodKnot/train/0/IMG_4374.jpg,vnwoodknot,verified_negative,vnwoodknot:train:img_4374,normal,crack,0.9876114726066589,0.9876114726066589,0.012368169613182545,2.036749356193468e-05,False
wood-multitask-final/data_processed/classification_crops/external_test/normal/vnwoodknot_001104_normal.jpg,VNWoodKnot/VNWoodKnot A High-Quality Image Dataset for Wood K/VNWoodKnot/VNWoodKnot/train/0/IMG_4375.jpg,vnwoodknot,verified_negative,vnwoodknot:train:img_4375,normal,crack,0.9981235861778259,0.9981235861778259,0.001835533301346004,4.0794646338326856e-05,False
wood-multitask-final/data_processed/classification_crops/external_test/normal/vnwoodknot_001105_normal.jpg,VNWoodKnot/VNWoodKnot A High-Quality Image Dataset for Wood K/VNWoodKnot/VNWoodKnot/train/0/IMG_4376.jpg,vnwoodknot,verified_negative,vnwoodknot:train:img_4376,normal,crack,0.9999732971191406,0.9999732971191406,2.4587938241893426e-05,2.118221345881466e-06,False
wood-multitask-final/data_processed/classification_crops/external_test/normal/vnwoodknot_001106_normal.jpg,VNWoodKnot/VNWoodKnot A High-Quality Image Dataset for Wood K/VNWoodKnot/VNWoodKnot/train/0/IMG_4377.jpg,vnwoodknot,verified_negative,vnwoodknot:train:img_4377,normal,crack,0.9998003840446472,0.9998003840446472,0.00019856645667459816,1.1122284604425658e-06,False
wood-multitask-final/data_processed/classification_crops/external_test/normal/vnwoodknot_001107_normal.jpg,VNWoodKnot/VNWoodKnot A High-Quality Image Dataset for Wood K/VNWoodKnot/VNWoodKnot/train/0/IMG_4379.jpg,vnwoodknot,verified_negative,vnwoodknot:train:img_4379,normal,crack,0.9999600648880005,0.9999600648880005,2.3239954316522926e-05,1.6693835277692415e-05,False
wood-multitask-final/data_processed/classification_crops/external_test/normal/vnwoodknot_001108_normal.jpg,VNWoodKnot/VNWoodKnot A High-Quality Image Dataset for Wood K/VNWoodKnot/VNWoodKnot/train/0/IMG_4380.jpg,vnwoodknot,verified_negative,vnwoodknot:train:img_4380,normal,crack,0.9999490976333618,0.9999490976333618,5.061481715529226e-05,2.0057291294506285e-07,False
wood-multitask-final/data_processed/classification_crops/external_test/normal/vnwoodknot_001109_normal.jpg,VNWoodKnot/VNWoodKnot A High-Quality Image Dataset for Wood K/VNWoodKnot/VNWoodKnot/train/0/IMG_4381.jpg,vnwoodknot,verified_negative,vnwoodknot:train:img_4381,normal,crack,0.9999997615814209,0.9999997615814209,6.099879357179816e-08,8.721722366544782e-08,False
wood-multitask-final/data_processed/classification_crops/external_test/normal/vnwoodknot_001110_normal.jpg,VNWoodKnot/VNWoodKnot A High-Quality Image Dataset for Wood K/VNWoodKnot/VNWoodKnot/train/0/IMG_4382.jpg,vnwoodknot,verified_negative,vnwoodknot:train:img_4382,normal,crack,0.9999709129333496,0.9999709129333496,3.6244526313566894e-07,2.867998591682408e-05,False
wood-multitask-final/data_processed/classification_crops/external_test/normal/vnwoodknot_001111_normal.jpg,VNWoodKnot/VNWoodKnot A High-Quality Image Dataset for Wood K/VNWoodKnot/VNWoodKnot/train/0/IMG_4385.jpg,vnwoodknot,verified_negative,vnwoodknot:train:img_4385,normal,crack,0.9998493194580078,0.9998493194580078,0.00013761398440692574,1.3050090274191462e-05,False
wood-multitask-final/data_processed/classification_crops/external_test/normal/vnwoodknot_001112_normal.jpg,VNWoodKnot/VNWoodKnot A High-Quality Image Dataset for Wood K/VNWoodKnot/VNWoodKnot/train/0/IMG_4386.jpg,vnwoodknot,verified_negative,vnwoodknot:train:img_4386,normal,crack,0.9999985694885254,0.9999985694885254,1.375794113300799e-06,2.0840522196863276e-08,False
wood-multitask-final/data_processed/classification_crops/external_test/normal/vnwoodknot_001113_normal.jpg,VNWoodKnot/VNWoodKnot A High-Quality Image Dataset for Wood K/VNWoodKnot/VNWoodKnot/train/0/IMG_4388.jpg,vnwoodknot,verified_negative,vnwoodknot:train:img_4388,normal,crack,0.9986112117767334,0.9986112117767334,0.0012744548730552197,0.00011428057041484863,False
wood-multitask-final/data_processed/classification_crops/external_test/normal/vnwoodknot_001114_normal.jpg,VNWoodKnot/VNWoodKnot A High-Quality Image Dataset for Wood K/VNWoodKnot/VNWoodKnot/train/0/IMG_4390.jpg,vnwoodknot,verified_negative,vnwoodknot:train:img_4390,normal,normal,0.41749128699302673,0.4073377847671509,0.17517098784446716,0.41749128699302673,True
wood-multitask-final/data_processed/classification_crops/external_test/normal/vnwoodknot_001115_normal.jpg,VNWoodKnot/VNWoodKnot A High-Quality Image Dataset for Wood K/VNWoodKnot/VNWoodKnot/train/0/IMG_4391.jpg,vnwoodknot,verified_negative,vnwoodknot:train:img_4391,normal,crack,0.9872744083404541,0.9872744083404541,0.007509168237447739,0.005216468591243029,False
wood-multitask-final/data_processed/classification_crops/external_test/normal/vnwoodknot_001116_normal.jpg,VNWoodKnot/VNWoodKnot A High-Quality Image Dataset for Wood K/VNWoodKnot/VNWoodKnot/train/0/IMG_4392.jpg,vnwoodknot,verified_negative,vnwoodknot:train:img_4392,normal,crack,0.9996930360794067,0.9996930360794067,6.849238616268849e-07,0.0003063059411942959,False
wood-multitask-final/data_processed/classification_crops/external_test/normal/vnwoodknot_001117_normal.jpg,VNWoodKnot/VNWoodKnot A High-Quality Image Dataset for Wood K/VNWoodKnot/VNWoodKnot/train/0/IMG_4393.jpg,vnwoodknot,verified_negative,vnwoodknot:train:img_4393,normal,crack,0.9983378648757935,0.9983378648757935,0.001530307112261653,0.00013179628876969218,False
wood-multitask-final/data_processed/classification_crops/external_test/normal/vnwoodknot_001118_normal.jpg,VNWoodKnot/VNWoodKnot A High-Quality Image Dataset for Wood K/VNWoodKnot/VNWoodKnot/train/0/IMG_4398.jpg,vnwoodknot,verified_negative,vnwoodknot:train:img_4398,normal,crack,0.9907003045082092,0.9907003045082092,0.009298818185925484,8.869135399436345e-07,False
wood-multitask-final/data_processed/classification_crops/external_test/normal/vnwoodknot_001119_normal.jpg,VNWoodKnot/VNWoodKnot A High-Quality Image Dataset for Wood K/VNWoodKnot/VNWoodKnot/train/0/IMG_4400.jpg,vnwoodknot,verified_negative,vnwoodknot:train:img_4400,normal,crack,1.0,1.0,2.089885597911234e-09,5.258380397776818e-10,False
wood-multitask-final/data_processed/classification_crops/external_test/normal/vnwoodknot_001120_normal.jpg,VNWoodKnot/VNWoodKnot A High-Quality Image Dataset for Wood K/VNWoodKnot/VNWoodKnot/train/0/IMG_4401.jpg,vnwoodknot,verified_negative,vnwoodknot:train:img_4401,normal,crack,0.9943148493766785,0.9943148493766785,1.6452233467134647e-05,0.005668634083122015,False
wood-multitask-final/data_processed/classification_crops/external_test/normal/vnwoodknot_001121_normal.jpg,VNWoodKnot/VNWoodKnot A High-Quality Image Dataset for Wood K/VNWoodKnot/VNWoodKnot/train/0/IMG_4403.jpg,vnwoodknot,verified_negative,vnwoodknot:train:img_4403,normal,crack,0.9954988360404968,0.9954988360404968,0.0003160371270496398,0.004185129422694445,False
wood-multitask-final/data_processed/classification_crops/external_test/normal/vnwoodknot_001122_normal.jpg,VNWoodKnot/VNWoodKnot A High-Quality Image Dataset for Wood K/VNWoodKnot/VNWoodKnot/train/0/IMG_4408.jpg,vnwoodknot,verified_negative,vnwoodknot:train:img_4408,normal,crack,0.9894617199897766,0.9894617199897766,0.01046591904014349,7.232562347780913e-05,False
wood-multitask-final/data_processed/classification_crops/external_test/normal/vnwoodknot_001123_normal.jpg,VNWoodKnot/VNWoodKnot A High-Quality Image Dataset for Wood K/VNWoodKnot/VNWoodKnot/train/0/IMG_4409.jpg,vnwoodknot,verified_negative,vnwoodknot:train:img_4409,normal,crack,1.0,1.0,4.805916220540496e-10,7.03013439563166e-13,False
wood-multitask-final/data_processed/classification_crops/external_test/normal/vnwoodknot_001124_normal.jpg,VNWoodKnot/VNWoodKnot A High-Quality Image Dataset for Wood K/VNWoodKnot/VNWoodKnot/train/0/IMG_4411.jpg,vnwoodknot,verified_negative,vnwoodknot:train:img_4411,normal,crack,0.9981809854507446,0.9981809854507446,0.0017203675815835595,9.862092701951042e-05,False
wood-multitask-final/data_processed/classification_crops/external_test/normal/vnwoodknot_001125_normal.jpg,VNWoodKnot/VNWoodKnot A High-Quality Image Dataset for Wood K/VNWoodKnot/VNWoodKnot/train/0/IMG_4414.jpg,vnwoodknot,verified_negative,vnwoodknot:train:img_4414,normal,crack,0.99982088804245,0.99982088804245,1.0149280569748953e-05,0.00016898651665542275,False
wood-multitask-final/data_processed/classification_crops/external_test/normal/vnwoodknot_001126_normal.jpg,VNWoodKnot/VNWoodKnot A High-Quality Image Dataset for Wood K/VNWoodKnot/VNWoodKnot/train/0/IMG_4417.jpg,vnwoodknot,verified_negative,vnwoodknot:train:img_4417,normal,crack,0.9949186444282532,0.9949186444282532,0.00014763083891011775,0.004933654330670834,False
wood-multitask-final/data_processed/classification_crops/external_test/normal/vnwoodknot_001127_normal.jpg,VNWoodKnot/VNWoodKnot A High-Quality Image Dataset for Wood K/VNWoodKnot/VNWoodKnot/train/0/IMG_4418.jpg,vnwoodknot,verified_negative,vnwoodknot:train:img_4418,normal,crack,0.9999986886978149,0.9999986886978149,1.272308168154268e-06,2.0686397039781923e-11,False
wood-multitask-final/data_processed/classification_crops/external_test/normal/vnwoodknot_001128_normal.jpg,VNWoodKnot/VNWoodKnot A High-Quality Image Dataset for Wood K/VNWoodKnot/VNWoodKnot/train/0/IMG_4419.jpg,vnwoodknot,verified_negative,vnwoodknot:train:img_4419,normal,crack,0.4784393906593323,0.4784393906593323,0.061158351600170135,0.4604021906852722,False
wood-multitask-final/data_processed/classification_crops/external_test/normal/vnwoodknot_001129_normal.jpg,VNWoodKnot/VNWoodKnot A High-Quality Image Dataset for Wood K/VNWoodKnot/VNWoodKnot/train/0/IMG_4420.jpg,vnwoodknot,verified_negative,vnwoodknot:train:img_4420,normal,crack,0.9942800998687744,0.9942800998687744,3.344320066389628e-05,0.005686482880264521,False
wood-multitask-final/data_processed/classification_crops/external_test/normal/vnwoodknot_001130_normal.jpg,VNWoodKnot/VNWoodKnot A High-Quality Image Dataset for Wood K/VNWoodKnot/VNWoodKnot/train/0/IMG_4421.jpg,vnwoodknot,verified_negative,vnwoodknot:train:img_4421,normal,crack,0.9999998807907104,0.9999998807907104,1.217783651696891e-08,9.52928189690283e-08,False
wood-multitask-final/data_processed/classification_crops/external_test/normal/vnwoodknot_001131_normal.jpg,VNWoodKnot/VNWoodKnot A High-Quality Image Dataset for Wood K/VNWoodKnot/VNWoodKnot/train/0/IMG_4422.jpg,vnwoodknot,verified_negative,vnwoodknot:train:img_4422,normal,crack,0.9440803527832031,0.9440803527832031,0.03421454504132271,0.021705057471990585,False
wood-multitask-final/data_processed/classification_crops/external_test/normal/vnwoodknot_001132_normal.jpg,VNWoodKnot/VNWoodKnot A High-Quality Image Dataset for Wood K/VNWoodKnot/VNWoodKnot/train/0/IMG_4432.jpg,vnwoodknot,verified_negative,vnwoodknot:train:img_4432,normal,crack,0.9914222359657288,0.9914222359657288,0.007531926967203617,0.001045887009240687,False
wood-multitask-final/data_processed/classification_crops/external_test/normal/vnwoodknot_001133_normal.jpg,VNWoodKnot/VNWoodKnot A High-Quality Image Dataset for Wood K/VNWoodKnot/VNWoodKnot/train/0/IMG_4448.jpg,vnwoodknot,verified_negative,vnwoodknot:train:img_4448,normal,crack,0.9999995231628418,0.9999995231628418,3.611896204347431e-07,1.0931291427596079e-07,False
wood-multitask-final/data_processed/classification_crops/external_test/normal/vnwoodknot_001134_normal.jpg,VNWoodKnot/VNWoodKnot A High-Quality Image Dataset for Wood K/VNWoodKnot/VNWoodKnot/train/0/IMG_4450.jpg,vnwoodknot,verified_negative,vnwoodknot:train:img_4450,normal,crack,1.0,1.0,2.5795816593898735e-09,7.89460302685896e-11,False
wood-multitask-final/data_processed/classification_crops/external_test/normal/vnwoodknot_001135_normal.jpg,VNWoodKnot/VNWoodKnot A High-Quality Image Dataset for Wood K/VNWoodKnot/VNWoodKnot/train/0/IMG_4455.jpg,vnwoodknot,verified_negative,vnwoodknot:train:img_4455,normal,crack,0.9999911785125732,0.9999911785125732,8.38250525703188e-06,5.204262265579018e-07,False
wood-multitask-final/data_processed/classification_crops/external_test/normal/vnwoodknot_001136_normal.jpg,VNWoodKnot/VNWoodKnot A High-Quality Image Dataset for Wood K/VNWoodKnot/VNWoodKnot/train/0/IMG_4476.jpg,vnwoodknot,verified_negative,vnwoodknot:train:img_4476,normal,crack,1.0,1.0,4.150754051579497e-08,2.0896744334919504e-09,False
wood-multitask-final/data_processed/classification_crops/external_test/normal/vnwoodknot_001137_normal.jpg,VNWoodKnot/VNWoodKnot A High-Quality Image Dataset for Wood K/VNWoodKnot/VNWoodKnot/train/0/IMG_4484.jpg,vnwoodknot,verified_negative,vnwoodknot:train:img_4484,normal,crack,1.0,1.0,3.198984410701655e-09,2.508517005228583e-10,False
wood-multitask-final/data_processed/classification_crops/external_test/normal/vnwoodknot_001138_normal.jpg,VNWoodKnot/VNWoodKnot A High-Quality Image Dataset for Wood K/VNWoodKnot/VNWoodKnot/train/0/IMG_4486.jpg,vnwoodknot,verified_negative,vnwoodknot:train:img_4486,normal,crack,0.9999547004699707,0.9999547004699707,2.1710049622925e-05,2.3642347514396533e-05,False
wood-multitask-final/data_processed/classification_crops/external_test/normal/vnwoodknot_001139_normal.jpg,VNWoodKnot/VNWoodKnot A High-Quality Image Dataset for Wood K/VNWoodKnot/VNWoodKnot/train/0/IMG_4493.jpg,vnwoodknot,verified_negative,vnwoodknot:train:img_4493,normal,crack,0.9998396635055542,0.9998396635055542,0.00015993732085917145,3.7847667044843547e-07,False
wood-multitask-final/data_processed/classification_crops/external_test/normal/vnwoodknot_001140_normal.jpg,VNWoodKnot/VNWoodKnot A High-Quality Image Dataset for Wood K/VNWoodKnot/VNWoodKnot/train/0/IMG_4500.jpg,vnwoodknot,verified_negative,vnwoodknot:train:img_4500,normal,crack,0.9997863173484802,0.9997863173484802,3.932075924240053e-05,0.0001743561588227749,False
wood-multitask-final/data_processed/classification_crops/external_test/normal/vnwoodknot_001141_normal.jpg,VNWoodKnot/VNWoodKnot A High-Quality Image Dataset for Wood K/VNWoodKnot/VNWoodKnot/train/0/IMG_4522.jpg,vnwoodknot,verified_negative,vnwoodknot:train:img_4522,normal,crack,0.9998792409896851,0.9998792409896851,8.658936712890863e-05,3.4256703656865284e-05,False
wood-multitask-final/data_processed/classification_crops/external_test/normal/vnwoodknot_001142_normal.jpg,VNWoodKnot/VNWoodKnot A High-Quality Image Dataset for Wood K/VNWoodKnot/VNWoodKnot/train/0/IMG_4548.jpg,vnwoodknot,verified_negative,vnwoodknot:train:img_4548,normal,crack,0.9962098598480225,0.9962098598480225,0.003375945147126913,0.00041419945773668587,False
wood-multitask-final/data_processed/classification_crops/external_test/normal/vnwoodknot_001143_normal.jpg,VNWoodKnot/VNWoodKnot A High-Quality Image Dataset for Wood K/VNWoodKnot/VNWoodKnot/train/0/IMG_4550.jpg,vnwoodknot,verified_negative,vnwoodknot:train:img_4550,normal,crack,0.999998927116394,0.999998927116394,2.4871695813999395e-07,8.845955790093285e-07,False
wood-multitask-final/data_processed/classification_crops/external_test/normal/vnwoodknot_001144_normal.jpg,VNWoodKnot/VNWoodKnot A High-Quality Image Dataset for Wood K/VNWoodKnot/VNWoodKnot/train/0/IMG_4759.jpg,vnwoodknot,verified_negative,vnwoodknot:train:img_4759,normal,crack,0.9999963045120239,0.9999963045120239,2.5131100755970692e-06,1.1792558325396385e-06,False
wood-multitask-final/data_processed/classification_crops/external_test/normal/vnwoodknot_001145_normal.jpg,VNWoodKnot/VNWoodKnot A High-Quality Image Dataset for Wood K/VNWoodKnot/VNWoodKnot/train/0/IMG_4768.jpg,vnwoodknot,verified_negative,vnwoodknot:train:img_4768,normal,crack,0.8160434365272522,0.8160434365272522,0.14147090911865234,0.042485710233449936,False
wood-multitask-final/data_processed/classification_crops/external_test/normal/vnwoodknot_001146_normal.jpg,VNWoodKnot/VNWoodKnot A High-Quality Image Dataset for Wood K/VNWoodKnot/VNWoodKnot/train/0/IMG_4773.jpg,vnwoodknot,verified_negative,vnwoodknot:train:img_4773,normal,crack,1.0,1.0,1.903708524153558e-09,1.0824945106957529e-10,False
wood-multitask-final/data_processed/classification_crops/external_test/normal/vnwoodknot_001147_normal.jpg,VNWoodKnot/VNWoodKnot A High-Quality Image Dataset for Wood K/VNWoodKnot/VNWoodKnot/train/0/IMG_4777.jpg,vnwoodknot,verified_negative,vnwoodknot:train:img_4777,normal,crack,0.9999057054519653,0.9999057054519653,6.500871677417308e-05,2.9347951567615382e-05,False
wood-multitask-final/data_processed/classification_crops/external_test/normal/vnwoodknot_001148_normal.jpg,VNWoodKnot/VNWoodKnot A High-Quality Image Dataset for Wood K/VNWoodKnot/VNWoodKnot/train/0/IMG_4778.jpg,vnwoodknot,verified_negative,vnwoodknot:train:img_4778,normal,crack,1.0,1.0,3.692221639539639e-08,2.0068366524128578e-08,False
wood-multitask-final/data_processed/classification_crops/external_test/normal/vnwoodknot_001149_normal.jpg,VNWoodKnot/VNWoodKnot A High-Quality Image Dataset for Wood K/VNWoodKnot/VNWoodKnot/train/0/IMG_4779.jpg,vnwoodknot,verified_negative,vnwoodknot:train:img_4779,normal,normal,0.9643809795379639,0.03334734961390495,0.002271725796163082,0.9643809795379639,True
wood-multitask-final/data_processed/classification_crops/external_test/normal/vnwoodknot_001150_normal.jpg,VNWoodKnot/VNWoodKnot A High-Quality Image Dataset for Wood K/VNWoodKnot/VNWoodKnot/train/0/IMG_4780.jpg,vnwoodknot,verified_negative,vnwoodknot:train:img_4780,normal,normal,0.9391542077064514,0.013987712562084198,0.0468580387532711,0.9391542077064514,True
wood-multitask-final/data_processed/classification_crops/external_test/normal/vnwoodknot_001151_normal.jpg,VNWoodKnot/VNWoodKnot A High-Quality Image Dataset for Wood K/VNWoodKnot/VNWoodKnot/train/0/IMG_4781.jpg,vnwoodknot,verified_negative,vnwoodknot:train:img_4781,normal,crack,0.9999994039535522,0.9999994039535522,1.582586151016585e-07,4.825503765459871e-07,False
wood-multitask-final/data_processed/classification_crops/external_test/normal/vnwoodknot_001152_normal.jpg,VNWoodKnot/VNWoodKnot A High-Quality Image Dataset for Wood K/VNWoodKnot/VNWoodKnot/train/0/IMG_4786.jpg,vnwoodknot,verified_negative,vnwoodknot:train:img_4786,normal,crack,0.9999933242797852,0.9999933242797852,5.8042892305820715e-06,7.978999292390654e-07,False
wood-multitask-final/data_processed/classification_crops/external_test/normal/vnwoodknot_001153_normal.jpg,VNWoodKnot/VNWoodKnot A High-Quality Image Dataset for Wood K/VNWoodKnot/VNWoodKnot/train/0/IMG_4788.jpg,vnwoodknot,verified_negative,vnwoodknot:train:img_4788,normal,normal,0.9983687996864319,0.0016171899624168873,1.4019303307577502e-05,0.9983687996864319,True
wood-multitask-final/data_processed/classification_crops/external_test/normal/vnwoodknot_001154_normal.jpg,VNWoodKnot/VNWoodKnot A High-Quality Image Dataset for Wood K/VNWoodKnot/VNWoodKnot/train/0/IMG_4795.jpg,vnwoodknot,verified_negative,vnwoodknot:train:img_4795,normal,crack,0.646001935005188,0.646001935005188,0.03538387641310692,0.3186142146587372,False
wood-multitask-final/data_processed/classification_crops/external_test/normal/vnwoodknot_001155_normal.jpg,VNWoodKnot/VNWoodKnot A High-Quality Image Dataset for Wood K/VNWoodKnot/VNWoodKnot/train/0/IMG_4796.jpg,vnwoodknot,verified_negative,vnwoodknot:train:img_4796,normal,crack,0.9999995231628418,0.9999995231628418,8.277174856630154e-08,3.271043169661425e-07,False
wood-multitask-final/data_processed/classification_crops/external_test/normal/vnwoodknot_001156_normal.jpg,VNWoodKnot/VNWoodKnot A High-Quality Image Dataset for Wood K/VNWoodKnot/VNWoodKnot/train/0/IMG_4799.jpg,vnwoodknot,verified_negative,vnwoodknot:train:img_4799,normal,crack,1.0,1.0,1.6177509110093524e-08,1.8504028309607179e-09,False
wood-multitask-final/data_processed/classification_crops/external_test/normal/vnwoodknot_001157_normal.jpg,VNWoodKnot/VNWoodKnot A High-Quality Image Dataset for Wood K/VNWoodKnot/VNWoodKnot/train/0/IMG_4803.jpg,vnwoodknot,verified_negative,vnwoodknot:train:img_4803,normal,crack,0.9999991655349731,0.9999991655349731,8.626064413874701e-07,7.672436908023883e-09,False
wood-multitask-final/data_processed/classification_crops/external_test/normal/vnwoodknot_001158_normal.jpg,VNWoodKnot/VNWoodKnot A High-Quality Image Dataset for Wood K/VNWoodKnot/VNWoodKnot/train/0/IMG_4805.jpg,vnwoodknot,verified_negative,vnwoodknot:train:img_4805,normal,crack,0.9999939203262329,0.9999939203262329,2.255083700219984e-06,3.7816323583683698e-06,False
wood-multitask-final/data_processed/classification_crops/external_test/normal/vnwoodknot_001159_normal.jpg,VNWoodKnot/VNWoodKnot A High-Quality Image Dataset for Wood K/VNWoodKnot/VNWoodKnot/train/0/IMG_4807.jpg,vnwoodknot,verified_negative,vnwoodknot:train:img_4807,normal,crack,0.9999988079071045,0.9999988079071045,3.59382568149158e-08,1.194317178487836e-06,False
wood-multitask-final/data_processed/classification_crops/external_test/normal/vnwoodknot_001160_normal.jpg,VNWoodKnot/VNWoodKnot A High-Quality Image Dataset for Wood K/VNWoodKnot/VNWoodKnot/train/0/IMG_4808.jpg,vnwoodknot,verified_negative,vnwoodknot:train:img_4808,normal,crack,0.9999982118606567,0.9999982118606567,2.13101998269849e-07,1.59816306677385e-06,False
wood-multitask-final/data_processed/classification_crops/external_test/normal/vnwoodknot_001161_normal.jpg,VNWoodKnot/VNWoodKnot A High-Quality Image Dataset for Wood K/VNWoodKnot/VNWoodKnot/train/0/IMG_4810.jpg,vnwoodknot,verified_negative,vnwoodknot:train:img_4810,normal,crack,0.9999926090240479,0.9999926090240479,2.9364360898398445e-07,7.128296601877082e-06,False
wood-multitask-final/data_processed/classification_crops/external_test/normal/vnwoodknot_001162_normal.jpg,VNWoodKnot/VNWoodKnot A High-Quality Image Dataset for Wood K/VNWoodKnot/VNWoodKnot/train/0/IMG_4811.jpg,vnwoodknot,verified_negative,vnwoodknot:train:img_4811,normal,crack,0.9999911785125732,0.9999911785125732,8.653139957459643e-06,7.627583897829027e-08,False
wood-multitask-final/data_processed/classification_crops/external_test/normal/vnwoodknot_001163_normal.jpg,VNWoodKnot/VNWoodKnot A High-Quality Image Dataset for Wood K/VNWoodKnot/VNWoodKnot/train/0/IMG_4814.jpg,vnwoodknot,verified_negative,vnwoodknot:train:img_4814,normal,crack,0.9999997615814209,0.9999997615814209,1.0041469877819509e-08,2.133213143906687e-07,False
wood-multitask-final/data_processed/classification_crops/external_test/normal/vnwoodknot_001164_normal.jpg,VNWoodKnot/VNWoodKnot A High-Quality Image Dataset for Wood K/VNWoodKnot/VNWoodKnot/train/0/IMG_4816.jpg,vnwoodknot,verified_negative,vnwoodknot:train:img_4816,normal,crack,0.9999991655349731,0.9999991655349731,6.39135890878606e-08,6.982909326325171e-07,False
wood-multitask-final/data_processed/classification_crops/external_test/normal/vnwoodknot_001165_normal.jpg,VNWoodKnot/VNWoodKnot A High-Quality Image Dataset for Wood K/VNWoodKnot/VNWoodKnot/train/0/IMG_4818.jpg,vnwoodknot,verified_negative,vnwoodknot:train:img_4818,normal,crack,0.9888831973075867,0.9888831973075867,0.0009695409098640084,0.010147184133529663,False
wood-multitask-final/data_processed/classification_crops/external_test/normal/vnwoodknot_001166_normal.jpg,VNWoodKnot/VNWoodKnot A High-Quality Image Dataset for Wood K/VNWoodKnot/VNWoodKnot/train/0/IMG_4820.jpg,vnwoodknot,verified_negative,vnwoodknot:train:img_4820,normal,crack,1.0,1.0,5.86878012853731e-09,3.963939843032449e-09,False
wood-multitask-final/data_processed/classification_crops/external_test/normal/vnwoodknot_001167_normal.jpg,VNWoodKnot/VNWoodKnot A High-Quality Image Dataset for Wood K/VNWoodKnot/VNWoodKnot/train/0/IMG_4824.jpg,vnwoodknot,verified_negative,vnwoodknot:train:img_4824,normal,crack,0.8549711108207703,0.8549711108207703,0.00488301832228899,0.1401458978652954,False
wood-multitask-final/data_processed/classification_crops/external_test/normal/vnwoodknot_001168_normal.jpg,VNWoodKnot/VNWoodKnot A High-Quality Image Dataset for Wood K/VNWoodKnot/VNWoodKnot/train/0/IMG_4827.jpg,vnwoodknot,verified_negative,vnwoodknot:train:img_4827,normal,crack,1.0,1.0,1.1081953132929812e-09,1.8510653147546692e-14,False
wood-multitask-final/data_processed/classification_crops/external_test/normal/vnwoodknot_001169_normal.jpg,VNWoodKnot/VNWoodKnot A High-Quality Image Dataset for Wood K/VNWoodKnot/VNWoodKnot/train/0/IMG_4828.jpg,vnwoodknot,verified_negative,vnwoodknot:train:img_4828,normal,normal,0.9938021898269653,0.0055000861175358295,0.0006977406446821988,0.9938021898269653,True
wood-multitask-final/data_processed/classification_crops/external_test/normal/vnwoodknot_001170_normal.jpg,VNWoodKnot/VNWoodKnot A High-Quality Image Dataset for Wood K/VNWoodKnot/VNWoodKnot/train/0/IMG_4836.jpg,vnwoodknot,verified_negative,vnwoodknot:train:img_4836,normal,crack,1.0,1.0,7.30076488153486e-09,1.4201751774578497e-08,False
wood-multitask-final/data_processed/classification_crops/external_test/normal/vnwoodknot_001171_normal.jpg,VNWoodKnot/VNWoodKnot A High-Quality Image Dataset for Wood K/VNWoodKnot/VNWoodKnot/train/0/IMG_4841.jpg,vnwoodknot,verified_negative,vnwoodknot:train:img_4841,normal,crack,0.9878337383270264,0.9878337383270264,0.0002983218291774392,0.011867990717291832,False
wood-multitask-final/data_processed/classification_crops/external_test/normal/vnwoodknot_001172_normal.jpg,VNWoodKnot/VNWoodKnot A High-Quality Image Dataset for Wood K/VNWoodKnot/VNWoodKnot/train/0/IMG_4849.jpg,vnwoodknot,verified_negative,vnwoodknot:train:img_4849,normal,crack,0.9999867677688599,0.9999867677688599,1.2780238648701925e-05,5.312600706020021e-07,False
wood-multitask-final/data_processed/classification_crops/external_test/normal/vnwoodknot_001173_normal.jpg,VNWoodKnot/VNWoodKnot A High-Quality Image Dataset for Wood K/VNWoodKnot/VNWoodKnot/train/0/IMG_4850.jpg,vnwoodknot,verified_negative,vnwoodknot:train:img_4850,normal,crack,1.0,1.0,6.495797233441181e-10,3.664064630046551e-14,False
wood-multitask-final/data_processed/classification_crops/external_test/normal/vnwoodknot_001174_normal.jpg,VNWoodKnot/VNWoodKnot A High-Quality Image Dataset for Wood K/VNWoodKnot/VNWoodKnot/train/0/IMG_4852.jpg,vnwoodknot,verified_negative,vnwoodknot:train:img_4852,normal,crack,0.9999998807907104,0.9999998807907104,8.06984630230545e-08,4.948159926243534e-08,False
wood-multitask-final/data_processed/classification_crops/external_test/normal/vnwoodknot_001175_normal.jpg,VNWoodKnot/VNWoodKnot A High-Quality Image Dataset for Wood K/VNWoodKnot/VNWoodKnot/train/0/IMG_4854.jpg,vnwoodknot,verified_negative,vnwoodknot:train:img_4854,normal,crack,0.9999734163284302,0.9999734163284302,2.6549494577920996e-05,2.7060007568024957e-08,False
wood-multitask-final/data_processed/classification_crops/external_test/normal/vnwoodknot_001176_normal.jpg,VNWoodKnot/VNWoodKnot A High-Quality Image Dataset for Wood K/VNWoodKnot/VNWoodKnot/train/0/IMG_4859.jpg,vnwoodknot,verified_negative,vnwoodknot:train:img_4859,normal,crack,1.0,1.0,1.8680858943076473e-11,1.0456889694421267e-11,False
wood-multitask-final/data_processed/classification_crops/external_test/normal/vnwoodknot_001177_normal.jpg,VNWoodKnot/VNWoodKnot A High-Quality Image Dataset for Wood K/VNWoodKnot/VNWoodKnot/train/0/IMG_4861.jpg,vnwoodknot,verified_negative,vnwoodknot:train:img_4861,normal,crack,0.8765616416931152,0.8765616416931152,0.12218596786260605,0.0012523486511781812,False
wood-multitask-final/data_processed/classification_crops/external_test/normal/vnwoodknot_001178_normal.jpg,VNWoodKnot/VNWoodKnot A High-Quality Image Dataset for Wood K/VNWoodKnot/VNWoodKnot/train/0/IMG_4863.jpg,vnwoodknot,verified_negative,vnwoodknot:train:img_4863,normal,crack,1.0,1.0,6.349889947188103e-09,9.678137180557655e-10,False
wood-multitask-final/data_processed/classification_crops/external_test/normal/vnwoodknot_001179_normal.jpg,VNWoodKnot/VNWoodKnot A High-Quality Image Dataset for Wood K/VNWoodKnot/VNWoodKnot/train/0/IMG_4864.jpg,vnwoodknot,verified_negative,vnwoodknot:train:img_4864,normal,crack,1.0,1.0,2.0924314725334625e-08,4.081563087510176e-09,False
wood-multitask-final/data_processed/classification_crops/external_test/normal/vnwoodknot_001180_normal.jpg,VNWoodKnot/VNWoodKnot A High-Quality Image Dataset for Wood K/VNWoodKnot/VNWoodKnot/train/0/IMG_4866.jpg,vnwoodknot,verified_negative,vnwoodknot:train:img_4866,normal,crack,1.0,1.0,5.880458786577947e-08,8.101357085177341e-11,False
wood-multitask-final/data_processed/classification_crops/external_test/normal/vnwoodknot_001181_normal.jpg,VNWoodKnot/VNWoodKnot A High-Quality Image Dataset for Wood K/VNWoodKnot/VNWoodKnot/train/0/IMG_4869.jpg,vnwoodknot,verified_negative,vnwoodknot:train:img_4869,normal,crack,1.0,1.0,9.085389662821797e-10,3.5486606986268043e-09,False
wood-multitask-final/data_processed/classification_crops/external_test/normal/vnwoodknot_001182_normal.jpg,VNWoodKnot/VNWoodKnot A High-Quality Image Dataset for Wood K/VNWoodKnot/VNWoodKnot/train/0/IMG_4872.jpg,vnwoodknot,verified_negative,vnwoodknot:train:img_4872,normal,crack,0.9411984086036682,0.9411984086036682,0.049299608916044235,0.009501981548964977,False
wood-multitask-final/data_processed/classification_crops/external_test/normal/vnwoodknot_001183_normal.jpg,VNWoodKnot/VNWoodKnot A High-Quality Image Dataset for Wood K/VNWoodKnot/VNWoodKnot/train/0/IMG_4877.jpg,vnwoodknot,verified_negative,vnwoodknot:train:img_4877,normal,crack,0.9999721050262451,0.9999721050262451,1.242932012246456e-05,1.5536103092017584e-05,False
wood-multitask-final/data_processed/classification_crops/external_test/normal/vnwoodknot_001184_normal.jpg,VNWoodKnot/VNWoodKnot A High-Quality Image Dataset for Wood K/VNWoodKnot/VNWoodKnot/train/0/IMG_4878.jpg,vnwoodknot,verified_negative,vnwoodknot:train:img_4878,normal,crack,0.9999990463256836,0.9999990463256836,2.5337394049529394e-07,7.322101964746253e-07,False
wood-multitask-final/data_processed/classification_crops/external_test/normal/vnwoodknot_001185_normal.jpg,VNWoodKnot/VNWoodKnot A High-Quality Image Dataset for Wood K/VNWoodKnot/VNWoodKnot/train/0/IMG_4881.jpg,vnwoodknot,verified_negative,vnwoodknot:train:img_4881,normal,normal,0.8730603456497192,0.11808349192142487,0.00885617733001709,0.8730603456497192,True
wood-multitask-final/data_processed/classification_crops/external_test/normal/vnwoodknot_001186_normal.jpg,VNWoodKnot/VNWoodKnot A High-Quality Image Dataset for Wood K/VNWoodKnot/VNWoodKnot/train/0/IMG_4882.jpg,vnwoodknot,verified_negative,vnwoodknot:train:img_4882,normal,crack,1.0,1.0,1.0267626748827752e-08,1.2686982303752262e-15,False
wood-multitask-final/data_processed/classification_crops/external_test/normal/vnwoodknot_001187_normal.jpg,VNWoodKnot/VNWoodKnot A High-Quality Image Dataset for Wood K/VNWoodKnot/VNWoodKnot/train/0/IMG_4887.jpg,vnwoodknot,verified_negative,vnwoodknot:train:img_4887,normal,crack,0.9996942281723022,0.9996942281723022,1.860954762378242e-05,0.000287206145003438,False
wood-multitask-final/data_processed/classification_crops/external_test/normal/vnwoodknot_001188_normal.jpg,VNWoodKnot/VNWoodKnot A High-Quality Image Dataset for Wood K/VNWoodKnot/VNWoodKnot/train/0/IMG_4889.jpg,vnwoodknot,verified_negative,vnwoodknot:train:img_4889,normal,crack,0.9999982118606567,0.9999982118606567,2.734011843585904e-07,1.5130842712096637e-06,False
wood-multitask-final/data_processed/classification_crops/external_test/normal/vnwoodknot_001189_normal.jpg,VNWoodKnot/VNWoodKnot A High-Quality Image Dataset for Wood K/VNWoodKnot/VNWoodKnot/train/0/IMG_4898.jpg,vnwoodknot,verified_negative,vnwoodknot:train:img_4898,normal,crack,0.9999094009399414,0.9999094009399414,8.245644949056441e-07,8.978528785519302e-05,False
wood-multitask-final/data_processed/classification_crops/external_test/normal/vnwoodknot_001190_normal.jpg,VNWoodKnot/VNWoodKnot A High-Quality Image Dataset for Wood K/VNWoodKnot/VNWoodKnot/train/0/IMG_4901.jpg,vnwoodknot,verified_negative,vnwoodknot:train:img_4901,normal,crack,0.9998353719711304,0.9998353719711304,2.054102878901176e-06,0.00016259757103398442,False
wood-multitask-final/data_processed/classification_crops/external_test/normal/vnwoodknot_001191_normal.jpg,VNWoodKnot/VNWoodKnot A High-Quality Image Dataset for Wood K/VNWoodKnot/VNWoodKnot/train/0/IMG_4904.jpg,vnwoodknot,verified_negative,vnwoodknot:train:img_4904,normal,crack,0.9953561425209045,0.9953561425209045,0.0001836009614635259,0.004460318945348263,False
wood-multitask-final/data_processed/classification_crops/external_test/normal/vnwoodknot_001192_normal.jpg,VNWoodKnot/VNWoodKnot A High-Quality Image Dataset for Wood K/VNWoodKnot/VNWoodKnot/train/0/IMG_4906.jpg,vnwoodknot,verified_negative,vnwoodknot:train:img_4906,normal,crack,1.0,1.0,9.235370690419131e-09,8.688532532330484e-12,False
wood-multitask-final/data_processed/classification_crops/external_test/normal/vnwoodknot_001193_normal.jpg,VNWoodKnot/VNWoodKnot A High-Quality Image Dataset for Wood K/VNWoodKnot/VNWoodKnot/train/0/IMG_4908.jpg,vnwoodknot,verified_negative,vnwoodknot:train:img_4908,normal,crack,1.0,1.0,6.658446016771791e-10,2.805854913646641e-14,False
wood-multitask-final/data_processed/classification_crops/external_test/normal/vnwoodknot_001194_normal.jpg,VNWoodKnot/VNWoodKnot A High-Quality Image Dataset for Wood K/VNWoodKnot/VNWoodKnot/train/0/IMG_4913.jpg,vnwoodknot,verified_negative,vnwoodknot:train:img_4913,normal,crack,1.0,1.0,1.245606728872417e-09,1.5752882939062962e-13,False
wood-multitask-final/data_processed/classification_crops/external_test/normal/vnwoodknot_001195_normal.jpg,VNWoodKnot/VNWoodKnot A High-Quality Image Dataset for Wood K/VNWoodKnot/VNWoodKnot/train/0/IMG_4923.jpg,vnwoodknot,verified_negative,vnwoodknot:train:img_4923,normal,crack,0.9999451637268066,0.9999451637268066,4.774687454300874e-07,5.437534855445847e-05,False
wood-multitask-final/data_processed/classification_crops/external_test/normal/vnwoodknot_001196_normal.jpg,VNWoodKnot/VNWoodKnot A High-Quality Image Dataset for Wood K/VNWoodKnot/VNWoodKnot/train/0/IMG_4926.jpg,vnwoodknot,verified_negative,vnwoodknot:train:img_4926,normal,crack,0.9618586897850037,0.9618586897850037,0.0031171352602541447,0.035024192184209824,False
wood-multitask-final/data_processed/classification_crops/external_test/normal/vnwoodknot_001197_normal.jpg,VNWoodKnot/VNWoodKnot A High-Quality Image Dataset for Wood K/VNWoodKnot/VNWoodKnot/train/0/IMG_4935.jpg,vnwoodknot,verified_negative,vnwoodknot:train:img_4935,normal,crack,0.9999998807907104,0.9999998807907104,1.4242881718473654e-07,2.7986645986799452e-11,False
wood-multitask-final/data_processed/classification_crops/external_test/normal/vnwoodknot_001198_normal.jpg,VNWoodKnot/VNWoodKnot A High-Quality Image Dataset for Wood K/VNWoodKnot/VNWoodKnot/train/0/IMG_4939.jpg,vnwoodknot,verified_negative,vnwoodknot:train:img_4939,normal,crack,1.0,1.0,2.3153560665956086e-11,5.1137323542338464e-11,False
wood-multitask-final/data_processed/classification_crops/external_test/normal/vnwoodknot_001199_normal.jpg,VNWoodKnot/VNWoodKnot A High-Quality Image Dataset for Wood K/VNWoodKnot/VNWoodKnot/train/0/IMG_4942.jpg,vnwoodknot,verified_negative,vnwoodknot:train:img_4942,normal,crack,1.0,1.0,6.355387882628349e-10,1.9650481242194928e-10,False
wood-multitask-final/data_processed/classification_crops/external_test/normal/vnwoodknot_001200_normal.jpg,VNWoodKnot/VNWoodKnot A High-Quality Image Dataset for Wood K/VNWoodKnot/VNWoodKnot/train/0/IMG_4944.jpg,vnwoodknot,verified_negative,vnwoodknot:train:img_4944,normal,crack,1.0,1.0,1.8361849818404608e-09,1.3690668912403562e-14,False
wood-multitask-final/data_processed/classification_crops/external_test/normal/vnwoodknot_001201_normal.jpg,VNWoodKnot/VNWoodKnot A High-Quality Image Dataset for Wood K/VNWoodKnot/VNWoodKnot/train/0/IMG_4946.jpg,vnwoodknot,verified_negative,vnwoodknot:train:img_4946,normal,crack,1.0,1.0,6.654218287494018e-10,3.190366536492267e-14,False
wood-multitask-final/data_processed/classification_crops/external_test/normal/vnwoodknot_001202_normal.jpg,VNWoodKnot/VNWoodKnot A High-Quality Image Dataset for Wood K/VNWoodKnot/VNWoodKnot/train/0/IMG_4950.jpg,vnwoodknot,verified_negative,vnwoodknot:train:img_4950,normal,crack,0.6031575202941895,0.6031575202941895,0.08921846002340317,0.30762407183647156,False
wood-multitask-final/data_processed/classification_crops/external_test/normal/vnwoodknot_001203_normal.jpg,VNWoodKnot/VNWoodKnot A High-Quality Image Dataset for Wood K/VNWoodKnot/VNWoodKnot/train/0/IMG_4953.jpg,vnwoodknot,verified_negative,vnwoodknot:train:img_4953,normal,crack,1.0,1.0,2.430438628131526e-10,2.800519260937051e-10,False
wood-multitask-final/data_processed/classification_crops/external_test/normal/vnwoodknot_001204_normal.jpg,VNWoodKnot/VNWoodKnot A High-Quality Image Dataset for Wood K/VNWoodKnot/VNWoodKnot/train/0/IMG_4959.jpg,vnwoodknot,verified_negative,vnwoodknot:train:img_4959,normal,crack,0.9965788722038269,0.9965788722038269,0.002098164986819029,0.001323025207966566,False
wood-multitask-final/data_processed/classification_crops/external_test/normal/vnwoodknot_001205_normal.jpg,VNWoodKnot/VNWoodKnot A High-Quality Image Dataset for Wood K/VNWoodKnot/VNWoodKnot/train/0/IMG_4960.jpg,vnwoodknot,verified_negative,vnwoodknot:train:img_4960,normal,crack,0.9999711513519287,0.9999711513519287,2.656425021996256e-05,2.2646875095233554e-06,False
wood-multitask-final/data_processed/classification_crops/external_test/normal/vnwoodknot_001206_normal.jpg,VNWoodKnot/VNWoodKnot A High-Quality Image Dataset for Wood K/VNWoodKnot/VNWoodKnot/train/0/IMG_4961.jpg,vnwoodknot,verified_negative,vnwoodknot:train:img_4961,normal,crack,1.0,1.0,2.4033262491229834e-08,6.640752947539852e-10,False
wood-multitask-final/data_processed/classification_crops/external_test/normal/vnwoodknot_001207_normal.jpg,VNWoodKnot/VNWoodKnot A High-Quality Image Dataset for Wood K/VNWoodKnot/VNWoodKnot/train/0/IMG_4968.jpg,vnwoodknot,verified_negative,vnwoodknot:train:img_4968,normal,crack,1.0,1.0,1.0166287811586017e-09,4.3461477472472865e-11,False
wood-multitask-final/data_processed/classification_crops/external_test/normal/vnwoodknot_001208_normal.jpg,VNWoodKnot/VNWoodKnot A High-Quality Image Dataset for Wood K/VNWoodKnot/VNWoodKnot/train/0/IMG_4970.jpg,vnwoodknot,verified_negative,vnwoodknot:train:img_4970,normal,crack,0.9995334148406982,0.9995334148406982,0.0002544377639424056,0.00021225542877800763,False
wood-multitask-final/data_processed/classification_crops/external_test/normal/vnwoodknot_001209_normal.jpg,VNWoodKnot/VNWoodKnot A High-Quality Image Dataset for Wood K/VNWoodKnot/VNWoodKnot/train/0/IMG_4971.jpg,vnwoodknot,verified_negative,vnwoodknot:train:img_4971,normal,crack,0.9999817609786987,0.9999817609786987,1.760835584718734e-05,5.552624884330726e-07,False
wood-multitask-final/data_processed/classification_crops/external_test/normal/vnwoodknot_001210_normal.jpg,VNWoodKnot/VNWoodKnot A High-Quality Image Dataset for Wood K/VNWoodKnot/VNWoodKnot/train/0/IMG_4975.jpg,vnwoodknot,verified_negative,vnwoodknot:train:img_4975,normal,crack,0.9982976317405701,0.9982976317405701,0.00012595050793606788,0.0015764848794788122,False
wood-multitask-final/data_processed/classification_crops/external_test/normal/vnwoodknot_001211_normal.jpg,VNWoodKnot/VNWoodKnot A High-Quality Image Dataset for Wood K/VNWoodKnot/VNWoodKnot/train/0/IMG_4977.jpg,vnwoodknot,verified_negative,vnwoodknot:train:img_4977,normal,crack,1.0,1.0,3.545661819703838e-10,4.923304060440448e-13,False
wood-multitask-final/data_processed/classification_crops/external_test/normal/vnwoodknot_001212_normal.jpg,VNWoodKnot/VNWoodKnot A High-Quality Image Dataset for Wood K/VNWoodKnot/VNWoodKnot/train/0/IMG_4979.jpg,vnwoodknot,verified_negative,vnwoodknot:train:img_4979,normal,crack,0.991094708442688,0.991094708442688,0.005031674634665251,0.003873557550832629,False
wood-multitask-final/data_processed/classification_crops/external_test/normal/vnwoodknot_001213_normal.jpg,VNWoodKnot/VNWoodKnot A High-Quality Image Dataset for Wood K/VNWoodKnot/VNWoodKnot/train/0/IMG_4980.jpg,vnwoodknot,verified_negative,vnwoodknot:train:img_4980,normal,crack,1.0,1.0,1.4430087680317172e-10,7.431550492174865e-13,False
wood-multitask-final/data_processed/classification_crops/external_test/normal/vnwoodknot_001214_normal.jpg,VNWoodKnot/VNWoodKnot A High-Quality Image Dataset for Wood K/VNWoodKnot/VNWoodKnot/train/0/IMG_4984.jpg,vnwoodknot,verified_negative,vnwoodknot:train:img_4984,normal,crack,0.8287304639816284,0.8287304639816284,0.13281387090682983,0.03845561668276787,False
wood-multitask-final/data_processed/classification_crops/external_test/normal/vnwoodknot_001215_normal.jpg,VNWoodKnot/VNWoodKnot A High-Quality Image Dataset for Wood K/VNWoodKnot/VNWoodKnot/train/0/IMG_4986.jpg,vnwoodknot,verified_negative,vnwoodknot:train:img_4986,normal,crack,1.0,1.0,4.016332511014298e-08,1.8968617787606945e-09,False
wood-multitask-final/data_processed/classification_crops/external_test/normal/vnwoodknot_001216_normal.jpg,VNWoodKnot/VNWoodKnot A High-Quality Image Dataset for Wood K/VNWoodKnot/VNWoodKnot/train/0/IMG_4988.jpg,vnwoodknot,verified_negative,vnwoodknot:train:img_4988,normal,crack,0.9999988079071045,0.9999988079071045,2.484891012954904e-07,9.613344218450948e-07,False
wood-multitask-final/data_processed/classification_crops/external_test/normal/vnwoodknot_001217_normal.jpg,VNWoodKnot/VNWoodKnot A High-Quality Image Dataset for Wood K/VNWoodKnot/VNWoodKnot/train/0/IMG_4989.jpg,vnwoodknot,verified_negative,vnwoodknot:train:img_4989,normal,crack,0.9999603033065796,0.9999603033065796,3.151968485326506e-05,8.253173291450366e-06,False
wood-multitask-final/data_processed/classification_crops/external_test/normal/vnwoodknot_001218_normal.jpg,VNWoodKnot/VNWoodKnot A High-Quality Image Dataset for Wood K/VNWoodKnot/VNWoodKnot/train/0/IMG_4993.jpg,vnwoodknot,verified_negative,vnwoodknot:train:img_4993,normal,crack,1.0,1.0,1.9050042099344466e-10,9.71349181644321e-11,False
wood-multitask-final/data_processed/classification_crops/external_test/normal/vnwoodknot_001219_normal.jpg,VNWoodKnot/VNWoodKnot A High-Quality Image Dataset for Wood K/VNWoodKnot/VNWoodKnot/train/0/IMG_4995.jpg,vnwoodknot,verified_negative,vnwoodknot:train:img_4995,normal,crack,1.0,1.0,7.874861318590831e-10,1.5233709679449668e-14,False
wood-multitask-final/data_processed/classification_crops/external_test/normal/vnwoodknot_001220_normal.jpg,VNWoodKnot/VNWoodKnot A High-Quality Image Dataset for Wood K/VNWoodKnot/VNWoodKnot/train/0/IMG_5004.jpg,vnwoodknot,verified_negative,vnwoodknot:train:img_5004,normal,crack,1.0,1.0,3.4437401819076285e-09,1.1795575627360222e-09,False
wood-multitask-final/data_processed/classification_crops/external_test/normal/vnwoodknot_001221_normal.jpg,VNWoodKnot/VNWoodKnot A High-Quality Image Dataset for Wood K/VNWoodKnot/VNWoodKnot/train/0/IMG_5008.jpg,vnwoodknot,verified_negative,vnwoodknot:train:img_5008,normal,crack,0.9999998807907104,0.9999998807907104,6.166241917071602e-08,2.1240367686914396e-08,False
wood-multitask-final/data_processed/classification_crops/external_test/normal/vnwoodknot_001222_normal.jpg,VNWoodKnot/VNWoodKnot A High-Quality Image Dataset for Wood K/VNWoodKnot/VNWoodKnot/train/0/IMG_5016.jpg,vnwoodknot,verified_negative,vnwoodknot:train:img_5016,normal,knot,0.7528391480445862,0.019084112718701363,0.7528391480445862,0.22807677090168,False
wood-multitask-final/data_processed/classification_crops/external_test/normal/vnwoodknot_001223_normal.jpg,VNWoodKnot/VNWoodKnot A High-Quality Image Dataset for Wood K/VNWoodKnot/VNWoodKnot/train/0/IMG_5017.jpg,vnwoodknot,verified_negative,vnwoodknot:train:img_5017,normal,crack,1.0,1.0,1.2943106142415672e-08,1.1178764580677125e-08,False
wood-multitask-final/data_processed/classification_crops/external_test/normal/vnwoodknot_001224_normal.jpg,VNWoodKnot/VNWoodKnot A High-Quality Image Dataset for Wood K/VNWoodKnot/VNWoodKnot/train/0/IMG_5026.jpg,vnwoodknot,verified_negative,vnwoodknot:train:img_5026,normal,crack,0.9998568296432495,0.9998568296432495,2.4634126020828262e-05,0.00011845464177895337,False
wood-multitask-final/data_processed/classification_crops/external_test/normal/vnwoodknot_001225_normal.jpg,VNWoodKnot/VNWoodKnot A High-Quality Image Dataset for Wood K/VNWoodKnot/VNWoodKnot/train/0/IMG_5030.jpg,vnwoodknot,verified_negative,vnwoodknot:train:img_5030,normal,crack,0.9996485710144043,0.9996485710144043,0.0003436321276240051,7.739472493994981e-06,False
wood-multitask-final/data_processed/classification_crops/external_test/normal/vnwoodknot_001226_normal.jpg,VNWoodKnot/VNWoodKnot A High-Quality Image Dataset for Wood K/VNWoodKnot/VNWoodKnot/train/0/IMG_5031.jpg,vnwoodknot,verified_negative,vnwoodknot:train:img_5031,normal,crack,0.9997813105583191,0.9997813105583191,0.00021862109133508056,6.284003717382802e-08,False
wood-multitask-final/data_processed/classification_crops/external_test/normal/vnwoodknot_001227_normal.jpg,VNWoodKnot/VNWoodKnot A High-Quality Image Dataset for Wood K/VNWoodKnot/VNWoodKnot/train/0/IMG_5033.jpg,vnwoodknot,verified_negative,vnwoodknot:train:img_5033,normal,crack,1.0,1.0,7.10345615662078e-10,4.073831658298055e-13,False
wood-multitask-final/data_processed/classification_crops/external_test/normal/vnwoodknot_001228_normal.jpg,VNWoodKnot/VNWoodKnot A High-Quality Image Dataset for Wood K/VNWoodKnot/VNWoodKnot/train/0/IMG_5035.jpg,vnwoodknot,verified_negative,vnwoodknot:train:img_5035,normal,crack,0.9999359846115112,0.9999359846115112,6.393232615664601e-05,9.685597746056374e-08,False
wood-multitask-final/data_processed/classification_crops/external_test/normal/vnwoodknot_001229_normal.jpg,VNWoodKnot/VNWoodKnot A High-Quality Image Dataset for Wood K/VNWoodKnot/VNWoodKnot/train/0/IMG_5040.jpg,vnwoodknot,verified_negative,vnwoodknot:train:img_5040,normal,crack,0.9999991655349731,0.9999991655349731,5.633669957205711e-07,2.3078965227796289e-07,False
wood-multitask-final/data_processed/classification_crops/external_test/normal/vnwoodknot_001230_normal.jpg,VNWoodKnot/VNWoodKnot A High-Quality Image Dataset for Wood K/VNWoodKnot/VNWoodKnot/train/0/IMG_5042.jpg,vnwoodknot,verified_negative,vnwoodknot:train:img_5042,normal,crack,1.0,1.0,1.725565645926963e-08,2.1086203894071787e-09,False
wood-multitask-final/data_processed/classification_crops/external_test/normal/vnwoodknot_001231_normal.jpg,VNWoodKnot/VNWoodKnot A High-Quality Image Dataset for Wood K/VNWoodKnot/VNWoodKnot/train/0/IMG_5044.jpg,vnwoodknot,verified_negative,vnwoodknot:train:img_5044,normal,crack,0.9955126643180847,0.9955126643180847,0.000651330454275012,0.003836037591099739,False
wood-multitask-final/data_processed/classification_crops/external_test/normal/vnwoodknot_001232_normal.jpg,VNWoodKnot/VNWoodKnot A High-Quality Image Dataset for Wood K/VNWoodKnot/VNWoodKnot/train/0/IMG_5048.jpg,vnwoodknot,verified_negative,vnwoodknot:train:img_5048,normal,crack,1.0,1.0,3.922199898198642e-09,5.9100753804774975e-12,False
wood-multitask-final/data_processed/classification_crops/external_test/normal/vnwoodknot_001233_normal.jpg,VNWoodKnot/VNWoodKnot A High-Quality Image Dataset for Wood K/VNWoodKnot/VNWoodKnot/train/0/IMG_5051.jpg,vnwoodknot,verified_negative,vnwoodknot:train:img_5051,normal,crack,0.9998475313186646,0.9998475313186646,0.00015244224050547928,5.3846463288209634e-08,False
wood-multitask-final/data_processed/classification_crops/external_test/normal/vnwoodknot_001234_normal.jpg,VNWoodKnot/VNWoodKnot A High-Quality Image Dataset for Wood K/VNWoodKnot/VNWoodKnot/train/0/IMG_5057.jpg,vnwoodknot,verified_negative,vnwoodknot:train:img_5057,normal,crack,1.0,1.0,9.877948459191543e-10,1.5399065757346758e-13,False
wood-multitask-final/data_processed/classification_crops/external_test/normal/vnwoodknot_001235_normal.jpg,VNWoodKnot/VNWoodKnot A High-Quality Image Dataset for Wood K/VNWoodKnot/VNWoodKnot/train/0/IMG_5059.jpg,vnwoodknot,verified_negative,vnwoodknot:train:img_5059,normal,crack,1.0,1.0,1.4443890528070824e-09,2.0948141225135553e-13,False
wood-multitask-final/data_processed/classification_crops/external_test/normal/vnwoodknot_001236_normal.jpg,VNWoodKnot/VNWoodKnot A High-Quality Image Dataset for Wood K/VNWoodKnot/VNWoodKnot/train/0/IMG_5060.jpg,vnwoodknot,verified_negative,vnwoodknot:train:img_5060,normal,crack,1.0,1.0,1.0135252637155645e-09,4.70189109869068e-10,False
wood-multitask-final/data_processed/classification_crops/external_test/normal/vnwoodknot_001237_normal.jpg,VNWoodKnot/VNWoodKnot A High-Quality Image Dataset for Wood K/VNWoodKnot/VNWoodKnot/train/0/IMG_5061.jpg,vnwoodknot,verified_negative,vnwoodknot:train:img_5061,normal,crack,1.0,1.0,1.7574894428662446e-08,1.2765910550882609e-09,False
wood-multitask-final/data_processed/classification_crops/external_test/normal/vnwoodknot_001238_normal.jpg,VNWoodKnot/VNWoodKnot A High-Quality Image Dataset for Wood K/VNWoodKnot/VNWoodKnot/train/0/img_4416.jpg,vnwoodknot,verified_negative,vnwoodknot:train:img_4416,normal,crack,0.5857106447219849,0.5857106447219849,0.17557743191719055,0.238711878657341,False
wood-multitask-final/data_processed/classification_crops/external_test/normal/vnwoodknot_001239_normal.jpg,VNWoodKnot/VNWoodKnot A High-Quality Image Dataset for Wood K/VNWoodKnot/VNWoodKnot/train/0/img_4424.jpg,vnwoodknot,verified_negative,vnwoodknot:train:img_4424,normal,crack,0.9999997615814209,0.9999997615814209,4.1585185073245157e-08,1.970160354858308e-07,False
wood-multitask-final/data_processed/classification_crops/external_test/normal/vnwoodknot_001240_normal.jpg,VNWoodKnot/VNWoodKnot A High-Quality Image Dataset for Wood K/VNWoodKnot/VNWoodKnot/train/0/img_4425.jpg,vnwoodknot,verified_negative,vnwoodknot:train:img_4425,normal,crack,0.9999933242797852,0.9999933242797852,5.503766715264646e-06,1.198101585941913e-06,False
wood-multitask-final/data_processed/classification_crops/external_test/normal/vnwoodknot_001241_normal.jpg,VNWoodKnot/VNWoodKnot A High-Quality Image Dataset for Wood K/VNWoodKnot/VNWoodKnot/train/0/img_4426.jpg,vnwoodknot,verified_negative,vnwoodknot:train:img_4426,normal,normal,0.9944576025009155,0.0038844665978103876,0.0016578631475567818,0.9944576025009155,True
wood-multitask-final/data_processed/classification_crops/external_test/normal/vnwoodknot_001242_normal.jpg,VNWoodKnot/VNWoodKnot A High-Quality Image Dataset for Wood K/VNWoodKnot/VNWoodKnot/train/0/img_4427.jpg,vnwoodknot,verified_negative,vnwoodknot:train:img_4427,normal,crack,0.9999998807907104,0.9999998807907104,1.1127798416055157e-07,9.501504028008867e-10,False
wood-multitask-final/data_processed/classification_crops/external_test/normal/vnwoodknot_001243_normal.jpg,VNWoodKnot/VNWoodKnot A High-Quality Image Dataset for Wood K/VNWoodKnot/VNWoodKnot/train/0/img_4429.jpg,vnwoodknot,verified_negative,vnwoodknot:train:img_4429,normal,crack,0.999995231628418,0.999995231628418,4.518687092058826e-06,2.407984709407174e-07,False
wood-multitask-final/data_processed/classification_crops/external_test/normal/vnwoodknot_001244_normal.jpg,VNWoodKnot/VNWoodKnot A High-Quality Image Dataset for Wood K/VNWoodKnot/VNWoodKnot/train/0/img_4431.jpg,vnwoodknot,verified_negative,vnwoodknot:train:img_4431,normal,crack,0.9999852180480957,0.9999852180480957,1.0623139132803772e-05,4.2147826206928585e-06,False
wood-multitask-final/data_processed/classification_crops/external_test/normal/vnwoodknot_001245_normal.jpg,VNWoodKnot/VNWoodKnot A High-Quality Image Dataset for Wood K/VNWoodKnot/VNWoodKnot/train/0/img_4433.jpg,vnwoodknot,verified_negative,vnwoodknot:train:img_4433,normal,crack,0.9999377727508545,0.9999377727508545,6.0246671637287363e-05,2.0779125406988896e-06,False
wood-multitask-final/data_processed/classification_crops/external_test/normal/vnwoodknot_001246_normal.jpg,VNWoodKnot/VNWoodKnot A High-Quality Image Dataset for Wood K/VNWoodKnot/VNWoodKnot/train/0/img_4434.jpg,vnwoodknot,verified_negative,vnwoodknot:train:img_4434,normal,crack,0.9434037208557129,0.9434037208557129,0.0011575066018849611,0.055438846349716187,False
wood-multitask-final/data_processed/classification_crops/external_test/normal/vnwoodknot_001247_normal.jpg,VNWoodKnot/VNWoodKnot A High-Quality Image Dataset for Wood K/VNWoodKnot/VNWoodKnot/train/0/img_4435.jpg,vnwoodknot,verified_negative,vnwoodknot:train:img_4435,normal,crack,1.0,1.0,1.4057642827580707e-09,3.650218738382449e-10,False
wood-multitask-final/data_processed/classification_crops/external_test/normal/vnwoodknot_001248_normal.jpg,VNWoodKnot/VNWoodKnot A High-Quality Image Dataset for Wood K/VNWoodKnot/VNWoodKnot/train/0/img_4437.jpg,vnwoodknot,verified_negative,vnwoodknot:train:img_4437,normal,crack,1.0,1.0,5.563191018964631e-10,5.565446107441696e-12,False
wood-multitask-final/data_processed/classification_crops/external_test/normal/vnwoodknot_001249_normal.jpg,VNWoodKnot/VNWoodKnot A High-Quality Image Dataset for Wood K/VNWoodKnot/VNWoodKnot/train/0/img_4438.jpg,vnwoodknot,verified_negative,vnwoodknot:train:img_4438,normal,crack,0.9788706302642822,0.9788706302642822,0.01528581976890564,0.005843531806021929,False
wood-multitask-final/data_processed/classification_crops/external_test/normal/vnwoodknot_001250_normal.jpg,VNWoodKnot/VNWoodKnot A High-Quality Image Dataset for Wood K/VNWoodKnot/VNWoodKnot/train/0/img_4440.jpg,vnwoodknot,verified_negative,vnwoodknot:train:img_4440,normal,crack,0.9999918937683105,0.9999918937683105,2.84958332485985e-06,5.232880539551843e-06,False
wood-multitask-final/data_processed/classification_crops/external_test/normal/vnwoodknot_001251_normal.jpg,VNWoodKnot/VNWoodKnot A High-Quality Image Dataset for Wood K/VNWoodKnot/VNWoodKnot/train/0/img_4441.jpg,vnwoodknot,verified_negative,vnwoodknot:train:img_4441,normal,crack,0.9999910593032837,0.9999910593032837,3.928328624169808e-06,5.02563079862739e-06,False
wood-multitask-final/data_processed/classification_crops/external_test/normal/vnwoodknot_001252_normal.jpg,VNWoodKnot/VNWoodKnot A High-Quality Image Dataset for Wood K/VNWoodKnot/VNWoodKnot/train/0/img_4442.jpg,vnwoodknot,verified_negative,vnwoodknot:train:img_4442,normal,crack,1.0,1.0,7.624913145320988e-09,1.8074461038963818e-08,False
wood-multitask-final/data_processed/classification_crops/external_test/normal/vnwoodknot_001253_normal.jpg,VNWoodKnot/VNWoodKnot A High-Quality Image Dataset for Wood K/VNWoodKnot/VNWoodKnot/train/0/img_4443.jpg,vnwoodknot,verified_negative,vnwoodknot:train:img_4443,normal,crack,0.9999434947967529,0.9999434947967529,5.652854451909661e-05,1.56172017540257e-08,False
wood-multitask-final/data_processed/classification_crops/external_test/normal/vnwoodknot_001254_normal.jpg,VNWoodKnot/VNWoodKnot A High-Quality Image Dataset for Wood K/VNWoodKnot/VNWoodKnot/train/0/img_4445.jpg,vnwoodknot,verified_negative,vnwoodknot:train:img_4445,normal,crack,0.7220273613929749,0.7220273613929749,0.2779724895954132,1.647879059873958e-07,False
wood-multitask-final/data_processed/classification_crops/external_test/normal/vnwoodknot_001255_normal.jpg,VNWoodKnot/VNWoodKnot A High-Quality Image Dataset for Wood K/VNWoodKnot/VNWoodKnot/train/0/img_4449.jpg,vnwoodknot,verified_negative,vnwoodknot:train:img_4449,normal,crack,0.9994520545005798,0.9994520545005798,0.00032183233997784555,0.00022613715555053204,False
wood-multitask-final/data_processed/classification_crops/external_test/normal/vnwoodknot_001256_normal.jpg,VNWoodKnot/VNWoodKnot A High-Quality Image Dataset for Wood K/VNWoodKnot/VNWoodKnot/train/0/img_4451.jpg,vnwoodknot,verified_negative,vnwoodknot:train:img_4451,normal,crack,0.97365403175354,0.97365403175354,0.025928936898708344,0.0004170768370386213,False
wood-multitask-final/data_processed/classification_crops/external_test/normal/vnwoodknot_001257_normal.jpg,VNWoodKnot/VNWoodKnot A High-Quality Image Dataset for Wood K/VNWoodKnot/VNWoodKnot/train/0/img_4452.jpg,vnwoodknot,verified_negative,vnwoodknot:train:img_4452,normal,crack,0.7461615204811096,0.7461615204811096,0.25258868932724,0.0012498719152063131,False
wood-multitask-final/data_processed/classification_crops/external_test/normal/vnwoodknot_001258_normal.jpg,VNWoodKnot/VNWoodKnot A High-Quality Image Dataset for Wood K/VNWoodKnot/VNWoodKnot/train/0/img_4453.jpg,vnwoodknot,verified_negative,vnwoodknot:train:img_4453,normal,crack,0.9789727330207825,0.9789727330207825,0.011419963091611862,0.009607342071831226,False
wood-multitask-final/data_processed/classification_crops/external_test/normal/vnwoodknot_001259_normal.jpg,VNWoodKnot/VNWoodKnot A High-Quality Image Dataset for Wood K/VNWoodKnot/VNWoodKnot/train/0/img_4457.jpg,vnwoodknot,verified_negative,vnwoodknot:train:img_4457,normal,crack,0.999984622001648,0.999984622001648,1.4649147487943992e-05,7.237092631839914e-07,False
wood-multitask-final/data_processed/classification_crops/external_test/normal/vnwoodknot_001260_normal.jpg,VNWoodKnot/VNWoodKnot A High-Quality Image Dataset for Wood K/VNWoodKnot/VNWoodKnot/train/0/img_4458.jpg,vnwoodknot,verified_negative,vnwoodknot:train:img_4458,normal,crack,1.0,1.0,3.322498720592648e-09,1.052557596636916e-09,False
wood-multitask-final/data_processed/classification_crops/external_test/normal/vnwoodknot_001261_normal.jpg,VNWoodKnot/VNWoodKnot A High-Quality Image Dataset for Wood K/VNWoodKnot/VNWoodKnot/train/0/img_4459.jpg,vnwoodknot,verified_negative,vnwoodknot:train:img_4459,normal,crack,0.9994469285011292,0.9994469285011292,0.00045316637260839343,9.984017378883436e-05,False
wood-multitask-final/data_processed/classification_crops/external_test/normal/vnwoodknot_001262_normal.jpg,VNWoodKnot/VNWoodKnot A High-Quality Image Dataset for Wood K/VNWoodKnot/VNWoodKnot/train/0/img_4460.jpg,vnwoodknot,verified_negative,vnwoodknot:train:img_4460,normal,crack,1.0,1.0,2.080250638414327e-08,1.689197581811186e-08,False
wood-multitask-final/data_processed/classification_crops/external_test/normal/vnwoodknot_001263_normal.jpg,VNWoodKnot/VNWoodKnot A High-Quality Image Dataset for Wood K/VNWoodKnot/VNWoodKnot/train/0/img_4461.jpg,vnwoodknot,verified_negative,vnwoodknot:train:img_4461,normal,crack,0.9977541565895081,0.9977541565895081,0.0014130340423434973,0.0008328493568114936,False
wood-multitask-final/data_processed/classification_crops/external_test/normal/vnwoodknot_001264_normal.jpg,VNWoodKnot/VNWoodKnot A High-Quality Image Dataset for Wood K/VNWoodKnot/VNWoodKnot/train/0/img_4462.jpg,vnwoodknot,verified_negative,vnwoodknot:train:img_4462,normal,crack,0.9329410195350647,0.9329410195350647,0.03814505413174629,0.028913982212543488,False
wood-multitask-final/data_processed/classification_crops/external_test/normal/vnwoodknot_001265_normal.jpg,VNWoodKnot/VNWoodKnot A High-Quality Image Dataset for Wood K/VNWoodKnot/VNWoodKnot/train/0/img_4463.jpg,vnwoodknot,verified_negative,vnwoodknot:train:img_4463,normal,crack,0.9999902248382568,0.9999902248382568,1.2861603693181678e-07,9.667232916399371e-06,False
wood-multitask-final/data_processed/classification_crops/external_test/normal/vnwoodknot_001266_normal.jpg,VNWoodKnot/VNWoodKnot A High-Quality Image Dataset for Wood K/VNWoodKnot/VNWoodKnot/train/0/img_4464.jpg,vnwoodknot,verified_negative,vnwoodknot:train:img_4464,normal,crack,1.0,1.0,4.732427227871483e-10,2.0946575030045267e-10,False
wood-multitask-final/data_processed/classification_crops/external_test/normal/vnwoodknot_001267_normal.jpg,VNWoodKnot/VNWoodKnot A High-Quality Image Dataset for Wood K/VNWoodKnot/VNWoodKnot/train/0/img_4466.jpg,vnwoodknot,verified_negative,vnwoodknot:train:img_4466,normal,crack,1.0,1.0,4.327259883751822e-09,1.183707212110141e-12,False
wood-multitask-final/data_processed/classification_crops/external_test/normal/vnwoodknot_001268_normal.jpg,VNWoodKnot/VNWoodKnot A High-Quality Image Dataset for Wood K/VNWoodKnot/VNWoodKnot/train/0/img_4467.jpg,vnwoodknot,verified_negative,vnwoodknot:train:img_4467,normal,crack,0.9997217059135437,0.9997217059135437,0.000266716000624001,1.1551149327715393e-05,False
wood-multitask-final/data_processed/classification_crops/external_test/normal/vnwoodknot_001269_normal.jpg,VNWoodKnot/VNWoodKnot A High-Quality Image Dataset for Wood K/VNWoodKnot/VNWoodKnot/train/0/img_4470.jpg,vnwoodknot,verified_negative,vnwoodknot:train:img_4470,normal,crack,0.9988090991973877,0.9988090991973877,0.0011905069695785642,3.945657454096363e-07,False
wood-multitask-final/data_processed/classification_crops/external_test/normal/vnwoodknot_001270_normal.jpg,VNWoodKnot/VNWoodKnot A High-Quality Image Dataset for Wood K/VNWoodKnot/VNWoodKnot/train/0/img_4472.jpg,vnwoodknot,verified_negative,vnwoodknot:train:img_4472,normal,crack,0.9941311478614807,0.9941311478614807,0.0058423313312232494,2.6528026864980347e-05,False
wood-multitask-final/data_processed/classification_crops/external_test/normal/vnwoodknot_001271_normal.jpg,VNWoodKnot/VNWoodKnot A High-Quality Image Dataset for Wood K/VNWoodKnot/VNWoodKnot/train/0/img_4473.jpg,vnwoodknot,verified_negative,vnwoodknot:train:img_4473,normal,crack,0.9838870167732239,0.9838870167732239,0.007513022981584072,0.008599975146353245,False
wood-multitask-final/data_processed/classification_crops/external_test/normal/vnwoodknot_001272_normal.jpg,VNWoodKnot/VNWoodKnot A High-Quality Image Dataset for Wood K/VNWoodKnot/VNWoodKnot/train/0/img_4475.jpg,vnwoodknot,verified_negative,vnwoodknot:train:img_4475,normal,crack,0.9993311166763306,0.9993311166763306,0.00011695001740008593,0.0005519271944649518,False
wood-multitask-final/data_processed/classification_crops/external_test/normal/vnwoodknot_001273_normal.jpg,VNWoodKnot/VNWoodKnot A High-Quality Image Dataset for Wood K/VNWoodKnot/VNWoodKnot/train/0/img_4477.jpg,vnwoodknot,verified_negative,vnwoodknot:train:img_4477,normal,crack,0.9999793767929077,0.9999793767929077,1.9782537492574193e-05,7.990165045157482e-07,False
wood-multitask-final/data_processed/classification_crops/external_test/normal/vnwoodknot_001274_normal.jpg,VNWoodKnot/VNWoodKnot A High-Quality Image Dataset for Wood K/VNWoodKnot/VNWoodKnot/train/0/img_4481.jpg,vnwoodknot,verified_negative,vnwoodknot:train:img_4481,normal,crack,1.0,1.0,2.5983561968700997e-09,1.2016687644944568e-09,False
wood-multitask-final/data_processed/classification_crops/external_test/normal/vnwoodknot_001275_normal.jpg,VNWoodKnot/VNWoodKnot A High-Quality Image Dataset for Wood K/VNWoodKnot/VNWoodKnot/train/0/img_4482.jpg,vnwoodknot,verified_negative,vnwoodknot:train:img_4482,normal,crack,0.9857327938079834,0.9857327938079834,0.0022913869470357895,0.011975820176303387,False
wood-multitask-final/data_processed/classification_crops/external_test/normal/vnwoodknot_001276_normal.jpg,VNWoodKnot/VNWoodKnot A High-Quality Image Dataset for Wood K/VNWoodKnot/VNWoodKnot/train/0/img_4483.jpg,vnwoodknot,verified_negative,vnwoodknot:train:img_4483,normal,crack,0.9993407130241394,0.9993407130241394,0.0006451862282119691,1.4004581316839904e-05,False
wood-multitask-final/data_processed/classification_crops/external_test/normal/vnwoodknot_001277_normal.jpg,VNWoodKnot/VNWoodKnot A High-Quality Image Dataset for Wood K/VNWoodKnot/VNWoodKnot/train/0/img_4485.jpg,vnwoodknot,verified_negative,vnwoodknot:train:img_4485,normal,crack,0.9961588382720947,0.9961588382720947,0.00011254022683715448,0.0037285801954567432,False
wood-multitask-final/data_processed/classification_crops/external_test/normal/vnwoodknot_001278_normal.jpg,VNWoodKnot/VNWoodKnot A High-Quality Image Dataset for Wood K/VNWoodKnot/VNWoodKnot/train/0/img_4487.jpg,vnwoodknot,verified_negative,vnwoodknot:train:img_4487,normal,crack,1.0,1.0,2.3774907043083715e-10,1.4228749289912912e-09,False
wood-multitask-final/data_processed/classification_crops/external_test/normal/vnwoodknot_001279_normal.jpg,VNWoodKnot/VNWoodKnot A High-Quality Image Dataset for Wood K/VNWoodKnot/VNWoodKnot/train/0/img_4488.jpg,vnwoodknot,verified_negative,vnwoodknot:train:img_4488,normal,crack,1.0,1.0,2.9342782426056147e-08,2.673230170557872e-08,False
wood-multitask-final/data_processed/classification_crops/external_test/normal/vnwoodknot_001280_normal.jpg,VNWoodKnot/VNWoodKnot A High-Quality Image Dataset for Wood K/VNWoodKnot/VNWoodKnot/train/0/img_4490.jpg,vnwoodknot,verified_negative,vnwoodknot:train:img_4490,normal,crack,0.9723572731018066,0.9723572731018066,0.00945168174803257,0.018191110342741013,False
wood-multitask-final/data_processed/classification_crops/external_test/normal/vnwoodknot_001281_normal.jpg,VNWoodKnot/VNWoodKnot A High-Quality Image Dataset for Wood K/VNWoodKnot/VNWoodKnot/train/0/img_4491.jpg,vnwoodknot,verified_negative,vnwoodknot:train:img_4491,normal,crack,1.0,1.0,4.722775059917694e-08,1.0422719978753214e-11,False
wood-multitask-final/data_processed/classification_crops/external_test/normal/vnwoodknot_001282_normal.jpg,VNWoodKnot/VNWoodKnot A High-Quality Image Dataset for Wood K/VNWoodKnot/VNWoodKnot/train/0/img_4492.jpg,vnwoodknot,verified_negative,vnwoodknot:train:img_4492,normal,crack,0.9999971389770508,0.9999971389770508,1.4759179975953884e-06,1.3984735005578841e-06,False
wood-multitask-final/data_processed/classification_crops/external_test/normal/vnwoodknot_001283_normal.jpg,VNWoodKnot/VNWoodKnot A High-Quality Image Dataset for Wood K/VNWoodKnot/VNWoodKnot/train/0/img_4495.jpg,vnwoodknot,verified_negative,vnwoodknot:train:img_4495,normal,crack,0.9880378246307373,0.9880378246307373,0.0022302349098026752,0.009731980040669441,False
wood-multitask-final/data_processed/classification_crops/external_test/normal/vnwoodknot_001284_normal.jpg,VNWoodKnot/VNWoodKnot A High-Quality Image Dataset for Wood K/VNWoodKnot/VNWoodKnot/train/0/img_4497.jpg,vnwoodknot,verified_negative,vnwoodknot:train:img_4497,normal,crack,0.9999978542327881,0.9999978542327881,1.368626953990315e-06,8.509895224051434e-07,False
wood-multitask-final/data_processed/classification_crops/external_test/normal/vnwoodknot_001285_normal.jpg,VNWoodKnot/VNWoodKnot A High-Quality Image Dataset for Wood K/VNWoodKnot/VNWoodKnot/train/0/img_4498.jpg,vnwoodknot,verified_negative,vnwoodknot:train:img_4498,normal,crack,0.9924073815345764,0.9924073815345764,0.0013462112983688712,0.006246508564800024,False
wood-multitask-final/data_processed/classification_crops/external_test/normal/vnwoodknot_001286_normal.jpg,VNWoodKnot/VNWoodKnot A High-Quality Image Dataset for Wood K/VNWoodKnot/VNWoodKnot/train/0/img_4499.jpg,vnwoodknot,verified_negative,vnwoodknot:train:img_4499,normal,crack,0.9865184426307678,0.9865184426307678,0.0004900885396637022,0.012991498224437237,False
wood-multitask-final/data_processed/classification_crops/external_test/normal/vnwoodknot_001287_normal.jpg,VNWoodKnot/VNWoodKnot A High-Quality Image Dataset for Wood K/VNWoodKnot/VNWoodKnot/train/0/img_4501.jpg,vnwoodknot,verified_negative,vnwoodknot:train:img_4501,normal,crack,0.9388566613197327,0.9388566613197327,0.0017640710575506091,0.05937928333878517,False
wood-multitask-final/data_processed/classification_crops/external_test/normal/vnwoodknot_001288_normal.jpg,VNWoodKnot/VNWoodKnot A High-Quality Image Dataset for Wood K/VNWoodKnot/VNWoodKnot/train/0/img_4502.jpg,vnwoodknot,verified_negative,vnwoodknot:train:img_4502,normal,crack,0.9988470077514648,0.9988470077514648,0.000979478470981121,0.0001734819816192612,False
wood-multitask-final/data_processed/classification_crops/external_test/normal/vnwoodknot_001289_normal.jpg,VNWoodKnot/VNWoodKnot A High-Quality Image Dataset for Wood K/VNWoodKnot/VNWoodKnot/train/0/img_4503.jpg,vnwoodknot,verified_negative,vnwoodknot:train:img_4503,normal,crack,0.9999996423721313,0.9999996423721313,3.9356311276605993e-07,2.5675412018699717e-08,False
wood-multitask-final/data_processed/classification_crops/external_test/normal/vnwoodknot_001290_normal.jpg,VNWoodKnot/VNWoodKnot A High-Quality Image Dataset for Wood K/VNWoodKnot/VNWoodKnot/train/0/img_4504.jpg,vnwoodknot,verified_negative,vnwoodknot:train:img_4504,normal,crack,0.998420000076294,0.998420000076294,0.0013346777996048331,0.00024532063980586827,False
wood-multitask-final/data_processed/classification_crops/external_test/normal/vnwoodknot_001291_normal.jpg,VNWoodKnot/VNWoodKnot A High-Quality Image Dataset for Wood K/VNWoodKnot/VNWoodKnot/train/0/img_4505.jpg,vnwoodknot,verified_negative,vnwoodknot:train:img_4505,normal,crack,0.9999746084213257,0.9999746084213257,2.5252276827814057e-05,1.7267242924390303e-07,False
wood-multitask-final/data_processed/classification_crops/external_test/normal/vnwoodknot_001292_normal.jpg,VNWoodKnot/VNWoodKnot A High-Quality Image Dataset for Wood K/VNWoodKnot/VNWoodKnot/train/0/img_4507.jpg,vnwoodknot,verified_negative,vnwoodknot:train:img_4507,normal,crack,0.9995434880256653,0.9995434880256653,0.00044545630225911736,1.1027777873096056e-05,False
wood-multitask-final/data_processed/classification_crops/external_test/normal/vnwoodknot_001293_normal.jpg,VNWoodKnot/VNWoodKnot A High-Quality Image Dataset for Wood K/VNWoodKnot/VNWoodKnot/train/0/img_4510.jpg,vnwoodknot,verified_negative,vnwoodknot:train:img_4510,normal,crack,0.9998979568481445,0.9998979568481445,0.00010160895908484235,5.20869264164503e-07,False
wood-multitask-final/data_processed/classification_crops/external_test/normal/vnwoodknot_001294_normal.jpg,VNWoodKnot/VNWoodKnot A High-Quality Image Dataset for Wood K/VNWoodKnot/VNWoodKnot/train/0/img_4511.jpg,vnwoodknot,verified_negative,vnwoodknot:train:img_4511,normal,crack,0.9999332427978516,0.9999332427978516,6.533631676575169e-05,1.4718262946189498e-06,False
wood-multitask-final/data_processed/classification_crops/external_test/normal/vnwoodknot_001295_normal.jpg,VNWoodKnot/VNWoodKnot A High-Quality Image Dataset for Wood K/VNWoodKnot/VNWoodKnot/train/0/img_4512.jpg,vnwoodknot,verified_negative,vnwoodknot:train:img_4512,normal,crack,0.999962568283081,0.999962568283081,3.197398109477945e-05,5.505376975634135e-06,False
wood-multitask-final/data_processed/classification_crops/external_test/normal/vnwoodknot_001296_normal.jpg,VNWoodKnot/VNWoodKnot A High-Quality Image Dataset for Wood K/VNWoodKnot/VNWoodKnot/train/0/img_4513.jpg,vnwoodknot,verified_negative,vnwoodknot:train:img_4513,normal,crack,0.9362226128578186,0.9362226128578186,0.017599625512957573,0.04617766663432121,False
wood-multitask-final/data_processed/classification_crops/external_test/normal/vnwoodknot_001297_normal.jpg,VNWoodKnot/VNWoodKnot A High-Quality Image Dataset for Wood K/VNWoodKnot/VNWoodKnot/train/0/img_4514.jpg,vnwoodknot,verified_negative,vnwoodknot:train:img_4514,normal,crack,0.9181181788444519,0.9181181788444519,0.047135110944509506,0.03474671021103859,False
wood-multitask-final/data_processed/classification_crops/external_test/normal/vnwoodknot_001298_normal.jpg,VNWoodKnot/VNWoodKnot A High-Quality Image Dataset for Wood K/VNWoodKnot/VNWoodKnot/train/0/img_4516.jpg,vnwoodknot,verified_negative,vnwoodknot:train:img_4516,normal,crack,1.0,1.0,1.025670393062228e-08,5.085723842057632e-09,False
wood-multitask-final/data_processed/classification_crops/external_test/normal/vnwoodknot_001299_normal.jpg,VNWoodKnot/VNWoodKnot A High-Quality Image Dataset for Wood K/VNWoodKnot/VNWoodKnot/train/0/img_4518.jpg,vnwoodknot,verified_negative,vnwoodknot:train:img_4518,normal,crack,0.9724029302597046,0.9724029302597046,0.0007081438670866191,0.026888877153396606,False
wood-multitask-final/data_processed/classification_crops/external_test/normal/vnwoodknot_001300_normal.jpg,VNWoodKnot/VNWoodKnot A High-Quality Image Dataset for Wood K/VNWoodKnot/VNWoodKnot/train/0/img_4519.jpg,vnwoodknot,verified_negative,vnwoodknot:train:img_4519,normal,crack,0.9951651096343994,0.9951651096343994,0.0032197299879044294,0.0016151960007846355,False
wood-multitask-final/data_processed/classification_crops/external_test/normal/vnwoodknot_001301_normal.jpg,VNWoodKnot/VNWoodKnot A High-Quality Image Dataset for Wood K/VNWoodKnot/VNWoodKnot/train/0/img_4521.jpg,vnwoodknot,verified_negative,vnwoodknot:train:img_4521,normal,crack,0.9604740142822266,0.9604740142822266,0.03570069000124931,0.003825357649475336,False
wood-multitask-final/data_processed/classification_crops/external_test/normal/vnwoodknot_001302_normal.jpg,VNWoodKnot/VNWoodKnot A High-Quality Image Dataset for Wood K/VNWoodKnot/VNWoodKnot/train/0/img_4523.jpg,vnwoodknot,verified_negative,vnwoodknot:train:img_4523,normal,crack,0.9999746084213257,0.9999746084213257,2.1571586330537684e-05,3.8293987927318085e-06,False
wood-multitask-final/data_processed/classification_crops/external_test/normal/vnwoodknot_001303_normal.jpg,VNWoodKnot/VNWoodKnot A High-Quality Image Dataset for Wood K/VNWoodKnot/VNWoodKnot/train/0/img_4524.jpg,vnwoodknot,verified_negative,vnwoodknot:train:img_4524,normal,crack,1.0,1.0,4.652704177487976e-08,3.661670522348004e-09,False
wood-multitask-final/data_processed/classification_crops/external_test/normal/vnwoodknot_001304_normal.jpg,VNWoodKnot/VNWoodKnot A High-Quality Image Dataset for Wood K/VNWoodKnot/VNWoodKnot/train/0/img_4525.jpg,vnwoodknot,verified_negative,vnwoodknot:train:img_4525,normal,crack,0.9993916749954224,0.9993916749954224,2.3900316591607407e-05,0.0005843997350893915,False
wood-multitask-final/data_processed/classification_crops/external_test/normal/vnwoodknot_001305_normal.jpg,VNWoodKnot/VNWoodKnot A High-Quality Image Dataset for Wood K/VNWoodKnot/VNWoodKnot/train/0/img_4526.jpg,vnwoodknot,verified_negative,vnwoodknot:train:img_4526,normal,crack,0.9999964237213135,0.9999964237213135,1.316524048888823e-06,2.289511940034572e-06,False
wood-multitask-final/data_processed/classification_crops/external_test/normal/vnwoodknot_001306_normal.jpg,VNWoodKnot/VNWoodKnot A High-Quality Image Dataset for Wood K/VNWoodKnot/VNWoodKnot/train/0/img_4527.jpg,vnwoodknot,verified_negative,vnwoodknot:train:img_4527,normal,crack,0.9998524188995361,0.9998524188995361,8.998460543807596e-05,5.757954568252899e-05,False
wood-multitask-final/data_processed/classification_crops/external_test/normal/vnwoodknot_001307_normal.jpg,VNWoodKnot/VNWoodKnot A High-Quality Image Dataset for Wood K/VNWoodKnot/VNWoodKnot/train/0/img_4529.jpg,vnwoodknot,verified_negative,vnwoodknot:train:img_4529,normal,crack,0.9993215799331665,0.9993215799331665,0.0006773561472073197,1.0831073495864985e-06,False
wood-multitask-final/data_processed/classification_crops/external_test/normal/vnwoodknot_001308_normal.jpg,VNWoodKnot/VNWoodKnot A High-Quality Image Dataset for Wood K/VNWoodKnot/VNWoodKnot/train/0/img_4531.jpg,vnwoodknot,verified_negative,vnwoodknot:train:img_4531,normal,crack,0.9983994364738464,0.9983994364738464,0.0015998325543478131,7.123224463612132e-07,False
wood-multitask-final/data_processed/classification_crops/external_test/normal/vnwoodknot_001309_normal.jpg,VNWoodKnot/VNWoodKnot A High-Quality Image Dataset for Wood K/VNWoodKnot/VNWoodKnot/train/0/img_4532.jpg,vnwoodknot,verified_negative,vnwoodknot:train:img_4532,normal,crack,0.9990901947021484,0.9990901947021484,0.000872282893396914,3.751310578081757e-05,False
wood-multitask-final/data_processed/classification_crops/external_test/normal/vnwoodknot_001310_normal.jpg,VNWoodKnot/VNWoodKnot A High-Quality Image Dataset for Wood K/VNWoodKnot/VNWoodKnot/train/0/img_4535.jpg,vnwoodknot,verified_negative,vnwoodknot:train:img_4535,normal,crack,0.9348662495613098,0.9348662495613098,0.048990119248628616,0.016143660992383957,False
wood-multitask-final/data_processed/classification_crops/external_test/normal/vnwoodknot_001311_normal.jpg,VNWoodKnot/VNWoodKnot A High-Quality Image Dataset for Wood K/VNWoodKnot/VNWoodKnot/train/0/img_4537.jpg,vnwoodknot,verified_negative,vnwoodknot:train:img_4537,normal,crack,0.9992594122886658,0.9992594122886658,0.00022771608200855553,0.0005128021584823728,False
wood-multitask-final/data_processed/classification_crops/external_test/normal/vnwoodknot_001312_normal.jpg,VNWoodKnot/VNWoodKnot A High-Quality Image Dataset for Wood K/VNWoodKnot/VNWoodKnot/train/0/img_4539.jpg,vnwoodknot,verified_negative,vnwoodknot:train:img_4539,normal,crack,0.9999943971633911,0.9999943971633911,5.55497535970062e-06,8.663162631705745e-09,False
wood-multitask-final/data_processed/classification_crops/external_test/normal/vnwoodknot_001313_normal.jpg,VNWoodKnot/VNWoodKnot A High-Quality Image Dataset for Wood K/VNWoodKnot/VNWoodKnot/train/0/img_4541.jpg,vnwoodknot,verified_negative,vnwoodknot:train:img_4541,normal,crack,1.0,1.0,3.4208746058084216e-08,9.753379437427157e-09,False
wood-multitask-final/data_processed/classification_crops/external_test/normal/vnwoodknot_001314_normal.jpg,VNWoodKnot/VNWoodKnot A High-Quality Image Dataset for Wood K/VNWoodKnot/VNWoodKnot/train/0/img_4543.jpg,vnwoodknot,verified_negative,vnwoodknot:train:img_4543,normal,crack,0.9997515082359314,0.9997515082359314,0.00023239020083565265,1.6050988051574677e-05,False
wood-multitask-final/data_processed/classification_crops/external_test/normal/vnwoodknot_001315_normal.jpg,VNWoodKnot/VNWoodKnot A High-Quality Image Dataset for Wood K/VNWoodKnot/VNWoodKnot/train/0/img_4545.jpg,vnwoodknot,verified_negative,vnwoodknot:train:img_4545,normal,normal,0.9954078793525696,0.00025664400891400874,0.004335483536124229,0.9954078793525696,True
wood-multitask-final/data_processed/classification_crops/external_test/normal/vnwoodknot_001316_normal.jpg,VNWoodKnot/VNWoodKnot A High-Quality Image Dataset for Wood K/VNWoodKnot/VNWoodKnot/train/0/img_4547.jpg,vnwoodknot,verified_negative,vnwoodknot:train:img_4547,normal,crack,0.999996542930603,0.999996542930603,9.80649929260835e-07,2.4577268504799576e-06,False
wood-multitask-final/data_processed/classification_crops/external_test/normal/vnwoodknot_001317_normal.jpg,VNWoodKnot/VNWoodKnot A High-Quality Image Dataset for Wood K/VNWoodKnot/VNWoodKnot/train/0/img_4551.jpg,vnwoodknot,verified_negative,vnwoodknot:train:img_4551,normal,knot,0.6359636783599854,0.02934957668185234,0.6359636783599854,0.334686815738678,False
wood-multitask-final/data_processed/classification_crops/external_test/normal/vnwoodknot_001318_normal.jpg,VNWoodKnot/VNWoodKnot A High-Quality Image Dataset for Wood K/VNWoodKnot/VNWoodKnot/train/0/img_4760.jpg,vnwoodknot,verified_negative,vnwoodknot:train:img_4760,normal,crack,1.0,1.0,6.880530867281465e-11,8.320453701027297e-12,False
wood-multitask-final/data_processed/classification_crops/external_test/normal/vnwoodknot_001319_normal.jpg,VNWoodKnot/VNWoodKnot A High-Quality Image Dataset for Wood K/VNWoodKnot/VNWoodKnot/train/0/img_4763.jpg,vnwoodknot,verified_negative,vnwoodknot:train:img_4763,normal,crack,0.9425113201141357,0.9425113201141357,0.00449906662106514,0.0529896505177021,False
wood-multitask-final/data_processed/classification_crops/external_test/normal/vnwoodknot_001320_normal.jpg,VNWoodKnot/VNWoodKnot A High-Quality Image Dataset for Wood K/VNWoodKnot/VNWoodKnot/train/0/img_4766.jpg,vnwoodknot,verified_negative,vnwoodknot:train:img_4766,normal,crack,1.0,1.0,1.982237485265159e-09,6.604367660395516e-12,False
wood-multitask-final/data_processed/classification_crops/external_test/normal/vnwoodknot_001321_normal.jpg,VNWoodKnot/VNWoodKnot A High-Quality Image Dataset for Wood K/VNWoodKnot/VNWoodKnot/train/0/img_4767.jpg,vnwoodknot,verified_negative,vnwoodknot:train:img_4767,normal,crack,1.0,1.0,1.922437070644989e-10,3.7142677822288306e-11,False
wood-multitask-final/data_processed/classification_crops/external_test/normal/vnwoodknot_001322_normal.jpg,VNWoodKnot/VNWoodKnot A High-Quality Image Dataset for Wood K/VNWoodKnot/VNWoodKnot/train/0/img_4770.jpg,vnwoodknot,verified_negative,vnwoodknot:train:img_4770,normal,crack,1.0,1.0,5.532288582799083e-08,1.8292103942663118e-10,False
wood-multitask-final/data_processed/classification_crops/external_test/normal/vnwoodknot_001323_normal.jpg,VNWoodKnot/VNWoodKnot A High-Quality Image Dataset for Wood K/VNWoodKnot/VNWoodKnot/train/0/img_4771.jpg,vnwoodknot,verified_negative,vnwoodknot:train:img_4771,normal,crack,0.9999973773956299,0.9999973773956299,5.988820817037777e-07,1.975309487534105e-06,False
wood-multitask-final/data_processed/classification_crops/external_test/normal/vnwoodknot_001324_normal.jpg,VNWoodKnot/VNWoodKnot A High-Quality Image Dataset for Wood K/VNWoodKnot/VNWoodKnot/train/0/img_4774.jpg,vnwoodknot,verified_negative,vnwoodknot:train:img_4774,normal,crack,1.0,1.0,2.5843007733783452e-08,4.823079158278176e-10,False
wood-multitask-final/data_processed/classification_crops/external_test/normal/vnwoodknot_001325_normal.jpg,VNWoodKnot/VNWoodKnot A High-Quality Image Dataset for Wood K/VNWoodKnot/VNWoodKnot/train/0/img_4775.jpg,vnwoodknot,verified_negative,vnwoodknot:train:img_4775,normal,crack,0.9927835464477539,0.9927835464477539,0.007216223049908876,2.441720710066875e-07,False
wood-multitask-final/data_processed/classification_crops/external_test/normal/vnwoodknot_001326_normal.jpg,VNWoodKnot/VNWoodKnot A High-Quality Image Dataset for Wood K/VNWoodKnot/VNWoodKnot/train/0/img_4783.jpg,vnwoodknot,verified_negative,vnwoodknot:train:img_4783,normal,crack,0.9995100498199463,0.9995100498199463,1.2800193871953525e-05,0.0004771834355778992,False
wood-multitask-final/data_processed/classification_crops/external_test/normal/vnwoodknot_001327_normal.jpg,VNWoodKnot/VNWoodKnot A High-Quality Image Dataset for Wood K/VNWoodKnot/VNWoodKnot/train/0/img_4787.jpg,vnwoodknot,verified_negative,vnwoodknot:train:img_4787,normal,crack,0.9924865961074829,0.9924865961074829,0.000857213162817061,0.006656154990196228,False
wood-multitask-final/data_processed/classification_crops/external_test/normal/vnwoodknot_001328_normal.jpg,VNWoodKnot/VNWoodKnot A High-Quality Image Dataset for Wood K/VNWoodKnot/VNWoodKnot/train/0/img_4789.jpg,vnwoodknot,verified_negative,vnwoodknot:train:img_4789,normal,crack,0.9999257326126099,0.9999257326126099,1.4907994227542076e-05,5.936919114901684e-05,False
wood-multitask-final/data_processed/classification_crops/external_test/normal/vnwoodknot_001329_normal.jpg,VNWoodKnot/VNWoodKnot A High-Quality Image Dataset for Wood K/VNWoodKnot/VNWoodKnot/train/0/img_4790.jpg,vnwoodknot,verified_negative,vnwoodknot:train:img_4790,normal,crack,0.9999996423721313,0.9999996423721313,7.198814699904688e-08,2.499424169855047e-07,False
wood-multitask-final/data_processed/classification_crops/external_test/normal/vnwoodknot_001330_normal.jpg,VNWoodKnot/VNWoodKnot A High-Quality Image Dataset for Wood K/VNWoodKnot/VNWoodKnot/train/0/img_4792.jpg,vnwoodknot,verified_negative,vnwoodknot:train:img_4792,normal,crack,0.999537467956543,0.999537467956543,2.930940354417544e-05,0.00043322937563061714,False
wood-multitask-final/data_processed/classification_crops/external_test/normal/vnwoodknot_001331_normal.jpg,VNWoodKnot/VNWoodKnot A High-Quality Image Dataset for Wood K/VNWoodKnot/VNWoodKnot/train/0/img_4793.jpg,vnwoodknot,verified_negative,vnwoodknot:train:img_4793,normal,crack,0.9248114824295044,0.9248114824295044,0.055617451667785645,0.0195710938423872,False
wood-multitask-final/data_processed/classification_crops/external_test/normal/vnwoodknot_001332_normal.jpg,VNWoodKnot/VNWoodKnot A High-Quality Image Dataset for Wood K/VNWoodKnot/VNWoodKnot/train/0/img_4797.jpg,vnwoodknot,verified_negative,vnwoodknot:train:img_4797,normal,crack,0.9999998807907104,0.9999998807907104,1.6531016910903418e-07,5.3426703061632e-08,False
wood-multitask-final/data_processed/classification_crops/external_test/normal/vnwoodknot_001333_normal.jpg,VNWoodKnot/VNWoodKnot A High-Quality Image Dataset for Wood K/VNWoodKnot/VNWoodKnot/train/0/img_4798.jpg,vnwoodknot,verified_negative,vnwoodknot:train:img_4798,normal,crack,1.0,1.0,1.4496882583259207e-09,3.218399058368959e-08,False
wood-multitask-final/data_processed/classification_crops/external_test/normal/vnwoodknot_001334_normal.jpg,VNWoodKnot/VNWoodKnot A High-Quality Image Dataset for Wood K/VNWoodKnot/VNWoodKnot/train/0/img_4802.jpg,vnwoodknot,verified_negative,vnwoodknot:train:img_4802,normal,crack,1.0,1.0,8.237387438825294e-10,1.066369757253549e-12,False
wood-multitask-final/data_processed/classification_crops/external_test/normal/vnwoodknot_001335_normal.jpg,VNWoodKnot/VNWoodKnot A High-Quality Image Dataset for Wood K/VNWoodKnot/VNWoodKnot/train/0/img_4806.jpg,vnwoodknot,verified_negative,vnwoodknot:train:img_4806,normal,crack,0.9999997615814209,0.9999997615814209,2.0356466734483547e-07,1.3351184158238993e-08,False
wood-multitask-final/data_processed/classification_crops/external_test/normal/vnwoodknot_001336_normal.jpg,VNWoodKnot/VNWoodKnot A High-Quality Image Dataset for Wood K/VNWoodKnot/VNWoodKnot/train/0/img_4809.jpg,vnwoodknot,verified_negative,vnwoodknot:train:img_4809,normal,crack,1.0,1.0,4.495177563512698e-09,4.027528310857065e-10,False
wood-multitask-final/data_processed/classification_crops/external_test/normal/vnwoodknot_001337_normal.jpg,VNWoodKnot/VNWoodKnot A High-Quality Image Dataset for Wood K/VNWoodKnot/VNWoodKnot/train/0/img_4812.jpg,vnwoodknot,verified_negative,vnwoodknot:train:img_4812,normal,normal,0.9613011479377747,0.033336661756038666,0.00536224152892828,0.9613011479377747,True
wood-multitask-final/data_processed/classification_crops/external_test/normal/vnwoodknot_001338_normal.jpg,VNWoodKnot/VNWoodKnot A High-Quality Image Dataset for Wood K/VNWoodKnot/VNWoodKnot/train/0/img_4813.jpg,vnwoodknot,verified_negative,vnwoodknot:train:img_4813,normal,crack,1.0,1.0,2.4999826653271384e-09,4.57208123899773e-14,False
wood-multitask-final/data_processed/classification_crops/external_test/normal/vnwoodknot_001339_normal.jpg,VNWoodKnot/VNWoodKnot A High-Quality Image Dataset for Wood K/VNWoodKnot/VNWoodKnot/train/0/img_4815.jpg,vnwoodknot,verified_negative,vnwoodknot:train:img_4815,normal,crack,0.9989927411079407,0.9989927411079407,0.0006292298785410821,0.0003780343977268785,False
wood-multitask-final/data_processed/classification_crops/external_test/normal/vnwoodknot_001340_normal.jpg,VNWoodKnot/VNWoodKnot A High-Quality Image Dataset for Wood K/VNWoodKnot/VNWoodKnot/train/0/img_4826.jpg,vnwoodknot,verified_negative,vnwoodknot:train:img_4826,normal,crack,0.9999599456787109,0.9999599456787109,4.008002633781871e-06,3.603259028750472e-05,False
wood-multitask-final/data_processed/classification_crops/external_test/normal/vnwoodknot_001341_normal.jpg,VNWoodKnot/VNWoodKnot A High-Quality Image Dataset for Wood K/VNWoodKnot/VNWoodKnot/train/0/img_4831.jpg,vnwoodknot,verified_negative,vnwoodknot:train:img_4831,normal,crack,0.9696719646453857,0.9696719646453857,0.008227190934121609,0.022100869566202164,False
wood-multitask-final/data_processed/classification_crops/external_test/normal/vnwoodknot_001342_normal.jpg,VNWoodKnot/VNWoodKnot A High-Quality Image Dataset for Wood K/VNWoodKnot/VNWoodKnot/train/0/img_4833.jpg,vnwoodknot,verified_negative,vnwoodknot:train:img_4833,normal,crack,1.0,1.0,1.1367280450258477e-09,3.042544718229699e-14,False
wood-multitask-final/data_processed/classification_crops/external_test/normal/vnwoodknot_001343_normal.jpg,VNWoodKnot/VNWoodKnot A High-Quality Image Dataset for Wood K/VNWoodKnot/VNWoodKnot/train/0/img_4838.jpg,vnwoodknot,verified_negative,vnwoodknot:train:img_4838,normal,crack,1.0,1.0,5.53576628981034e-10,7.369089227715619e-10,False
wood-multitask-final/data_processed/classification_crops/external_test/normal/vnwoodknot_001344_normal.jpg,VNWoodKnot/VNWoodKnot A High-Quality Image Dataset for Wood K/VNWoodKnot/VNWoodKnot/train/0/img_4839.jpg,vnwoodknot,verified_negative,vnwoodknot:train:img_4839,normal,crack,1.0,1.0,4.0258349542909855e-08,1.5804024755539103e-08,False
wood-multitask-final/data_processed/classification_crops/external_test/normal/vnwoodknot_001345_normal.jpg,VNWoodKnot/VNWoodKnot A High-Quality Image Dataset for Wood K/VNWoodKnot/VNWoodKnot/train/0/img_4842.jpg,vnwoodknot,verified_negative,vnwoodknot:train:img_4842,normal,normal,0.7362030744552612,0.02746693044900894,0.23632994294166565,0.7362030744552612,True
wood-multitask-final/data_processed/classification_crops/external_test/normal/vnwoodknot_001346_normal.jpg,VNWoodKnot/VNWoodKnot A High-Quality Image Dataset for Wood K/VNWoodKnot/VNWoodKnot/train/0/img_4843.jpg,vnwoodknot,verified_negative,vnwoodknot:train:img_4843,normal,crack,1.0,1.0,2.720859093585659e-08,1.9875537660141163e-08,False
wood-multitask-final/data_processed/classification_crops/external_test/normal/vnwoodknot_001347_normal.jpg,VNWoodKnot/VNWoodKnot A High-Quality Image Dataset for Wood K/VNWoodKnot/VNWoodKnot/train/0/img_4844.jpg,vnwoodknot,verified_negative,vnwoodknot:train:img_4844,normal,crack,1.0,1.0,6.776998406898826e-11,4.532352141164986e-13,False
wood-multitask-final/data_processed/classification_crops/external_test/normal/vnwoodknot_001348_normal.jpg,VNWoodKnot/VNWoodKnot A High-Quality Image Dataset for Wood K/VNWoodKnot/VNWoodKnot/train/0/img_4848.jpg,vnwoodknot,verified_negative,vnwoodknot:train:img_4848,normal,crack,1.0,1.0,4.201652714641568e-08,1.0663626925921932e-10,False
wood-multitask-final/data_processed/classification_crops/external_test/normal/vnwoodknot_001349_normal.jpg,VNWoodKnot/VNWoodKnot A High-Quality Image Dataset for Wood K/VNWoodKnot/VNWoodKnot/train/0/img_4853.jpg,vnwoodknot,verified_negative,vnwoodknot:train:img_4853,normal,crack,1.0,1.0,9.125646904806217e-10,8.204850687754117e-10,False
wood-multitask-final/data_processed/classification_crops/external_test/normal/vnwoodknot_001350_normal.jpg,VNWoodKnot/VNWoodKnot A High-Quality Image Dataset for Wood K/VNWoodKnot/VNWoodKnot/train/0/img_4855.jpg,vnwoodknot,verified_negative,vnwoodknot:train:img_4855,normal,crack,0.9999299049377441,0.9999299049377441,6.097287405282259e-05,9.048266292666085e-06,False
wood-multitask-final/data_processed/classification_crops/external_test/normal/vnwoodknot_001351_normal.jpg,VNWoodKnot/VNWoodKnot A High-Quality Image Dataset for Wood K/VNWoodKnot/VNWoodKnot/train/0/img_4857.jpg,vnwoodknot,verified_negative,vnwoodknot:train:img_4857,normal,crack,1.0,1.0,1.1704428537484546e-09,2.766087359162839e-10,False
wood-multitask-final/data_processed/classification_crops/external_test/normal/vnwoodknot_001352_normal.jpg,VNWoodKnot/VNWoodKnot A High-Quality Image Dataset for Wood K/VNWoodKnot/VNWoodKnot/train/0/img_4862.jpg,vnwoodknot,verified_negative,vnwoodknot:train:img_4862,normal,crack,0.999998927116394,0.999998927116394,9.244473062608449e-07,1.595076923877059e-07,False
wood-multitask-final/data_processed/classification_crops/external_test/normal/vnwoodknot_001353_normal.jpg,VNWoodKnot/VNWoodKnot A High-Quality Image Dataset for Wood K/VNWoodKnot/VNWoodKnot/train/0/img_4865.jpg,vnwoodknot,verified_negative,vnwoodknot:train:img_4865,normal,crack,1.0,1.0,2.2233566099316704e-09,1.7976089505822301e-09,False
wood-multitask-final/data_processed/classification_crops/external_test/normal/vnwoodknot_001354_normal.jpg,VNWoodKnot/VNWoodKnot A High-Quality Image Dataset for Wood K/VNWoodKnot/VNWoodKnot/train/0/img_4868.jpg,vnwoodknot,verified_negative,vnwoodknot:train:img_4868,normal,crack,0.9999790191650391,0.9999790191650391,1.8585065845400095e-05,2.328977188881254e-06,False
wood-multitask-final/data_processed/classification_crops/external_test/normal/vnwoodknot_001355_normal.jpg,VNWoodKnot/VNWoodKnot A High-Quality Image Dataset for Wood K/VNWoodKnot/VNWoodKnot/train/0/img_4870.jpg,vnwoodknot,verified_negative,vnwoodknot:train:img_4870,normal,crack,1.0,1.0,7.27621074503304e-10,4.8273031080271755e-14,False
wood-multitask-final/data_processed/classification_crops/external_test/normal/vnwoodknot_001356_normal.jpg,VNWoodKnot/VNWoodKnot A High-Quality Image Dataset for Wood K/VNWoodKnot/VNWoodKnot/train/0/img_4873.jpg,vnwoodknot,verified_negative,vnwoodknot:train:img_4873,normal,crack,1.0,1.0,1.84360277044604e-10,2.075674566037397e-14,False
wood-multitask-final/data_processed/classification_crops/external_test/normal/vnwoodknot_001357_normal.jpg,VNWoodKnot/VNWoodKnot A High-Quality Image Dataset for Wood K/VNWoodKnot/VNWoodKnot/train/0/img_4879.jpg,vnwoodknot,verified_negative,vnwoodknot:train:img_4879,normal,crack,1.0,1.0,3.0262732764185785e-08,1.2204131039084132e-09,False
wood-multitask-final/data_processed/classification_crops/external_test/normal/vnwoodknot_001358_normal.jpg,VNWoodKnot/VNWoodKnot A High-Quality Image Dataset for Wood K/VNWoodKnot/VNWoodKnot/train/0/img_4880.jpg,vnwoodknot,verified_negative,vnwoodknot:train:img_4880,normal,normal,0.5319439768791199,0.0364617295563221,0.43159422278404236,0.5319439768791199,True
wood-multitask-final/data_processed/classification_crops/external_test/normal/vnwoodknot_001359_normal.jpg,VNWoodKnot/VNWoodKnot A High-Quality Image Dataset for Wood K/VNWoodKnot/VNWoodKnot/train/0/img_4883.jpg,vnwoodknot,verified_negative,vnwoodknot:train:img_4883,normal,crack,0.9999873638153076,0.9999873638153076,3.9897154238133226e-06,8.65824222273659e-06,False
wood-multitask-final/data_processed/classification_crops/external_test/normal/vnwoodknot_001360_normal.jpg,VNWoodKnot/VNWoodKnot A High-Quality Image Dataset for Wood K/VNWoodKnot/VNWoodKnot/train/0/img_4886.jpg,vnwoodknot,verified_negative,vnwoodknot:train:img_4886,normal,crack,0.9999935626983643,0.9999935626983643,6.4553378251730464e-06,1.1626440254985937e-08,False
wood-multitask-final/data_processed/classification_crops/external_test/normal/vnwoodknot_001361_normal.jpg,VNWoodKnot/VNWoodKnot A High-Quality Image Dataset for Wood K/VNWoodKnot/VNWoodKnot/train/0/img_4888.jpg,vnwoodknot,verified_negative,vnwoodknot:train:img_4888,normal,crack,0.9999971389770508,0.9999971389770508,1.2466795169530087e-06,1.663332568568876e-06,False
wood-multitask-final/data_processed/classification_crops/external_test/normal/vnwoodknot_001362_normal.jpg,VNWoodKnot/VNWoodKnot A High-Quality Image Dataset for Wood K/VNWoodKnot/VNWoodKnot/train/0/img_4891.jpg,vnwoodknot,verified_negative,vnwoodknot:train:img_4891,normal,crack,0.9983258843421936,0.9983258843421936,0.00040016634739004076,0.001274028792977333,False
wood-multitask-final/data_processed/classification_crops/external_test/normal/vnwoodknot_001363_normal.jpg,VNWoodKnot/VNWoodKnot A High-Quality Image Dataset for Wood K/VNWoodKnot/VNWoodKnot/train/0/img_4892.jpg,vnwoodknot,verified_negative,vnwoodknot:train:img_4892,normal,crack,0.9129234552383423,0.9129234552383423,0.002322555985301733,0.08475404232740402,False
wood-multitask-final/data_processed/classification_crops/external_test/normal/vnwoodknot_001364_normal.jpg,VNWoodKnot/VNWoodKnot A High-Quality Image Dataset for Wood K/VNWoodKnot/VNWoodKnot/train/0/img_4895.jpg,vnwoodknot,verified_negative,vnwoodknot:train:img_4895,normal,crack,0.9999995231628418,0.9999995231628418,1.2685212880114705e-07,3.5012038779314025e-07,False
wood-multitask-final/data_processed/classification_crops/external_test/normal/vnwoodknot_001365_normal.jpg,VNWoodKnot/VNWoodKnot A High-Quality Image Dataset for Wood K/VNWoodKnot/VNWoodKnot/train/0/img_4896.jpg,vnwoodknot,verified_negative,vnwoodknot:train:img_4896,normal,crack,1.0,1.0,1.351067369093073e-09,3.9882286362313835e-10,False
wood-multitask-final/data_processed/classification_crops/external_test/normal/vnwoodknot_001366_normal.jpg,VNWoodKnot/VNWoodKnot A High-Quality Image Dataset for Wood K/VNWoodKnot/VNWoodKnot/train/0/img_4897.jpg,vnwoodknot,verified_negative,vnwoodknot:train:img_4897,normal,normal,0.685067892074585,0.3143373131752014,0.0005947608733549714,0.685067892074585,True
wood-multitask-final/data_processed/classification_crops/external_test/normal/vnwoodknot_001367_normal.jpg,VNWoodKnot/VNWoodKnot A High-Quality Image Dataset for Wood K/VNWoodKnot/VNWoodKnot/train/0/img_4899.jpg,vnwoodknot,verified_negative,vnwoodknot:train:img_4899,normal,crack,1.0,1.0,2.6280058684768903e-10,6.337804413225623e-12,False
wood-multitask-final/data_processed/classification_crops/external_test/normal/vnwoodknot_001368_normal.jpg,VNWoodKnot/VNWoodKnot A High-Quality Image Dataset for Wood K/VNWoodKnot/VNWoodKnot/train/0/img_4902.jpg,vnwoodknot,verified_negative,vnwoodknot:train:img_4902,normal,crack,0.9999855756759644,0.9999855756759644,1.442672419216251e-05,5.068123254403645e-09,False
wood-multitask-final/data_processed/classification_crops/external_test/normal/vnwoodknot_001369_normal.jpg,VNWoodKnot/VNWoodKnot A High-Quality Image Dataset for Wood K/VNWoodKnot/VNWoodKnot/train/0/img_4905.jpg,vnwoodknot,verified_negative,vnwoodknot:train:img_4905,normal,crack,0.6475618481636047,0.6475618481636047,0.3519541919231415,0.0004839940811507404,False
wood-multitask-final/data_processed/classification_crops/external_test/normal/vnwoodknot_001370_normal.jpg,VNWoodKnot/VNWoodKnot A High-Quality Image Dataset for Wood K/VNWoodKnot/VNWoodKnot/train/0/img_4910.jpg,vnwoodknot,verified_negative,vnwoodknot:train:img_4910,normal,crack,1.0,1.0,4.462669955795917e-10,7.475800534173516e-11,False
wood-multitask-final/data_processed/classification_crops/external_test/normal/vnwoodknot_001371_normal.jpg,VNWoodKnot/VNWoodKnot A High-Quality Image Dataset for Wood K/VNWoodKnot/VNWoodKnot/train/0/img_4912.jpg,vnwoodknot,verified_negative,vnwoodknot:train:img_4912,normal,crack,1.0,1.0,4.3050302211966596e-10,8.007041752723654e-13,False
wood-multitask-final/data_processed/classification_crops/external_test/normal/vnwoodknot_001372_normal.jpg,VNWoodKnot/VNWoodKnot A High-Quality Image Dataset for Wood K/VNWoodKnot/VNWoodKnot/train/0/img_4914.jpg,vnwoodknot,verified_negative,vnwoodknot:train:img_4914,normal,crack,1.0,1.0,9.469758310842735e-09,3.427549444268152e-08,False
wood-multitask-final/data_processed/classification_crops/external_test/normal/vnwoodknot_001373_normal.jpg,VNWoodKnot/VNWoodKnot A High-Quality Image Dataset for Wood K/VNWoodKnot/VNWoodKnot/train/0/img_4918.jpg,vnwoodknot,verified_negative,vnwoodknot:train:img_4918,normal,crack,0.9999997615814209,0.9999997615814209,4.281744381273711e-08,2.0059704297636927e-07,False
wood-multitask-final/data_processed/classification_crops/external_test/normal/vnwoodknot_001374_normal.jpg,VNWoodKnot/VNWoodKnot A High-Quality Image Dataset for Wood K/VNWoodKnot/VNWoodKnot/train/0/img_4927.jpg,vnwoodknot,verified_negative,vnwoodknot:train:img_4927,normal,crack,1.0,1.0,1.896333534645578e-09,4.86003814970104e-09,False
wood-multitask-final/data_processed/classification_crops/external_test/normal/vnwoodknot_001375_normal.jpg,VNWoodKnot/VNWoodKnot A High-Quality Image Dataset for Wood K/VNWoodKnot/VNWoodKnot/train/0/img_4929.jpg,vnwoodknot,verified_negative,vnwoodknot:train:img_4929,normal,crack,1.0,1.0,1.0964293362114574e-10,4.791374545384808e-13,False
wood-multitask-final/data_processed/classification_crops/external_test/normal/vnwoodknot_001376_normal.jpg,VNWoodKnot/VNWoodKnot A High-Quality Image Dataset for Wood K/VNWoodKnot/VNWoodKnot/train/0/img_4934.jpg,vnwoodknot,verified_negative,vnwoodknot:train:img_4934,normal,crack,1.0,1.0,2.0324628091650254e-10,1.8571771995701952e-13,False
wood-multitask-final/data_processed/classification_crops/external_test/normal/vnwoodknot_001377_normal.jpg,VNWoodKnot/VNWoodKnot A High-Quality Image Dataset for Wood K/VNWoodKnot/VNWoodKnot/train/0/img_4938.jpg,vnwoodknot,verified_negative,vnwoodknot:train:img_4938,normal,crack,0.9999998807907104,0.9999998807907104,9.403808398644742e-09,1.2553030614981253e-07,False
wood-multitask-final/data_processed/classification_crops/external_test/normal/vnwoodknot_001378_normal.jpg,VNWoodKnot/VNWoodKnot A High-Quality Image Dataset for Wood K/VNWoodKnot/VNWoodKnot/train/0/img_4943.jpg,vnwoodknot,verified_negative,vnwoodknot:train:img_4943,normal,crack,1.0,1.0,7.78229564124544e-11,1.5918984880292086e-12,False
wood-multitask-final/data_processed/classification_crops/external_test/normal/vnwoodknot_001379_normal.jpg,VNWoodKnot/VNWoodKnot A High-Quality Image Dataset for Wood K/VNWoodKnot/VNWoodKnot/train/0/img_4947.jpg,vnwoodknot,verified_negative,vnwoodknot:train:img_4947,normal,crack,0.966151237487793,0.966151237487793,0.02964802458882332,0.004200783558189869,False
wood-multitask-final/data_processed/classification_crops/external_test/normal/vnwoodknot_001380_normal.jpg,VNWoodKnot/VNWoodKnot A High-Quality Image Dataset for Wood K/VNWoodKnot/VNWoodKnot/train/0/img_4949.jpg,vnwoodknot,verified_negative,vnwoodknot:train:img_4949,normal,crack,1.0,1.0,4.237220019298604e-10,5.3755840924429865e-12,False
wood-multitask-final/data_processed/classification_crops/external_test/normal/vnwoodknot_001381_normal.jpg,VNWoodKnot/VNWoodKnot A High-Quality Image Dataset for Wood K/VNWoodKnot/VNWoodKnot/train/0/img_4955.jpg,vnwoodknot,verified_negative,vnwoodknot:train:img_4955,normal,crack,0.9999868869781494,0.9999868869781494,1.3137039786670357e-05,8.230028214484264e-09,False
wood-multitask-final/data_processed/classification_crops/external_test/normal/vnwoodknot_001382_normal.jpg,VNWoodKnot/VNWoodKnot A High-Quality Image Dataset for Wood K/VNWoodKnot/VNWoodKnot/train/0/img_4956.jpg,vnwoodknot,verified_negative,vnwoodknot:train:img_4956,normal,crack,1.0,1.0,5.8105329575619535e-11,4.212631632416475e-11,False
wood-multitask-final/data_processed/classification_crops/external_test/normal/vnwoodknot_001383_normal.jpg,VNWoodKnot/VNWoodKnot A High-Quality Image Dataset for Wood K/VNWoodKnot/VNWoodKnot/train/0/img_4964.jpg,vnwoodknot,verified_negative,vnwoodknot:train:img_4964,normal,crack,1.0,1.0,1.1169929564625036e-10,3.0785417617917865e-12,False
wood-multitask-final/data_processed/classification_crops/external_test/normal/vnwoodknot_001384_normal.jpg,VNWoodKnot/VNWoodKnot A High-Quality Image Dataset for Wood K/VNWoodKnot/VNWoodKnot/train/0/img_4967.jpg,vnwoodknot,verified_negative,vnwoodknot:train:img_4967,normal,crack,0.9999347925186157,0.9999347925186157,5.7104567531496286e-05,8.059422725636978e-06,False
wood-multitask-final/data_processed/classification_crops/external_test/normal/vnwoodknot_001385_normal.jpg,VNWoodKnot/VNWoodKnot A High-Quality Image Dataset for Wood K/VNWoodKnot/VNWoodKnot/train/0/img_4969.jpg,vnwoodknot,verified_negative,vnwoodknot:train:img_4969,normal,crack,0.9992102384567261,0.9992102384567261,2.427204208288458e-06,0.0007874104776419699,False
wood-multitask-final/data_processed/classification_crops/external_test/normal/vnwoodknot_001386_normal.jpg,VNWoodKnot/VNWoodKnot A High-Quality Image Dataset for Wood K/VNWoodKnot/VNWoodKnot/train/0/img_4972.jpg,vnwoodknot,verified_negative,vnwoodknot:train:img_4972,normal,normal,0.6502140760421753,0.24341078102588654,0.10637512058019638,0.6502140760421753,True
wood-multitask-final/data_processed/classification_crops/external_test/normal/vnwoodknot_001387_normal.jpg,VNWoodKnot/VNWoodKnot A High-Quality Image Dataset for Wood K/VNWoodKnot/VNWoodKnot/train/0/img_4978.jpg,vnwoodknot,verified_negative,vnwoodknot:train:img_4978,normal,crack,0.9999607801437378,0.9999607801437378,2.0558747564791702e-05,1.867149148893077e-05,False
wood-multitask-final/data_processed/classification_crops/external_test/normal/vnwoodknot_001388_normal.jpg,VNWoodKnot/VNWoodKnot A High-Quality Image Dataset for Wood K/VNWoodKnot/VNWoodKnot/train/0/img_4981.jpg,vnwoodknot,verified_negative,vnwoodknot:train:img_4981,normal,crack,0.981830894947052,0.981830894947052,0.00016737029363866895,0.018001701682806015,False
wood-multitask-final/data_processed/classification_crops/external_test/normal/vnwoodknot_001389_normal.jpg,VNWoodKnot/VNWoodKnot A High-Quality Image Dataset for Wood K/VNWoodKnot/VNWoodKnot/train/0/img_4983.jpg,vnwoodknot,verified_negative,vnwoodknot:train:img_4983,normal,crack,0.9990566372871399,0.9990566372871399,0.0008367670816369355,0.00010654686775524169,False
wood-multitask-final/data_processed/classification_crops/external_test/normal/vnwoodknot_001390_normal.jpg,VNWoodKnot/VNWoodKnot A High-Quality Image Dataset for Wood K/VNWoodKnot/VNWoodKnot/train/0/img_4985.jpg,vnwoodknot,verified_negative,vnwoodknot:train:img_4985,normal,crack,1.0,1.0,1.1768406249501595e-09,1.0122607613238799e-11,False
wood-multitask-final/data_processed/classification_crops/external_test/normal/vnwoodknot_001391_normal.jpg,VNWoodKnot/VNWoodKnot A High-Quality Image Dataset for Wood K/VNWoodKnot/VNWoodKnot/train/0/img_4990.jpg,vnwoodknot,verified_negative,vnwoodknot:train:img_4990,normal,crack,0.9999936819076538,0.9999936819076538,6.840590458523366e-07,5.546575721382396e-06,False
wood-multitask-final/data_processed/classification_crops/external_test/normal/vnwoodknot_001392_normal.jpg,VNWoodKnot/VNWoodKnot A High-Quality Image Dataset for Wood K/VNWoodKnot/VNWoodKnot/train/0/img_4991.jpg,vnwoodknot,verified_negative,vnwoodknot:train:img_4991,normal,crack,0.9999992847442627,0.9999992847442627,7.228707659123756e-07,3.645558166454066e-08,False
wood-multitask-final/data_processed/classification_crops/external_test/normal/vnwoodknot_001393_normal.jpg,VNWoodKnot/VNWoodKnot A High-Quality Image Dataset for Wood K/VNWoodKnot/VNWoodKnot/train/0/img_4992.jpg,vnwoodknot,verified_negative,vnwoodknot:train:img_4992,normal,crack,1.0,1.0,3.346694654737803e-08,9.230399777848675e-10,False
wood-multitask-final/data_processed/classification_crops/external_test/normal/vnwoodknot_001394_normal.jpg,VNWoodKnot/VNWoodKnot A High-Quality Image Dataset for Wood K/VNWoodKnot/VNWoodKnot/train/0/img_4996.jpg,vnwoodknot,verified_negative,vnwoodknot:train:img_4996,normal,crack,1.0,1.0,2.2691931667040421e-10,2.352335719876114e-13,False
wood-multitask-final/data_processed/classification_crops/external_test/normal/vnwoodknot_001395_normal.jpg,VNWoodKnot/VNWoodKnot A High-Quality Image Dataset for Wood K/VNWoodKnot/VNWoodKnot/train/0/img_4998.jpg,vnwoodknot,verified_negative,vnwoodknot:train:img_4998,normal,crack,1.0,1.0,9.610017642769364e-11,1.1646599483439157e-12,False
wood-multitask-final/data_processed/classification_crops/external_test/normal/vnwoodknot_001396_normal.jpg,VNWoodKnot/VNWoodKnot A High-Quality Image Dataset for Wood K/VNWoodKnot/VNWoodKnot/train/0/img_4999.jpg,vnwoodknot,verified_negative,vnwoodknot:train:img_4999,normal,crack,0.9999953508377075,0.9999953508377075,1.1035614022603113e-07,4.560486104310257e-06,False
wood-multitask-final/data_processed/classification_crops/external_test/normal/vnwoodknot_001397_normal.jpg,VNWoodKnot/VNWoodKnot A High-Quality Image Dataset for Wood K/VNWoodKnot/VNWoodKnot/train/0/img_5002.jpg,vnwoodknot,verified_negative,vnwoodknot:train:img_5002,normal,crack,0.9999997615814209,0.9999997615814209,6.937111152183206e-08,1.313653115175839e-07,False
wood-multitask-final/data_processed/classification_crops/external_test/normal/vnwoodknot_001398_normal.jpg,VNWoodKnot/VNWoodKnot A High-Quality Image Dataset for Wood K/VNWoodKnot/VNWoodKnot/train/0/img_5003.jpg,vnwoodknot,verified_negative,vnwoodknot:train:img_5003,normal,crack,0.9999998807907104,0.9999998807907104,1.0668361483112676e-07,4.664694741585151e-10,False
wood-multitask-final/data_processed/classification_crops/external_test/normal/vnwoodknot_001399_normal.jpg,VNWoodKnot/VNWoodKnot A High-Quality Image Dataset for Wood K/VNWoodKnot/VNWoodKnot/train/0/img_5007.jpg,vnwoodknot,verified_negative,vnwoodknot:train:img_5007,normal,crack,0.9999984502792358,0.9999984502792358,4.4460983872340876e-07,1.0263606782245915e-06,False
wood-multitask-final/data_processed/classification_crops/external_test/normal/vnwoodknot_001400_normal.jpg,VNWoodKnot/VNWoodKnot A High-Quality Image Dataset for Wood K/VNWoodKnot/VNWoodKnot/train/0/img_5010.jpg,vnwoodknot,verified_negative,vnwoodknot:train:img_5010,normal,crack,1.0,1.0,2.7224722476404395e-09,2.3906105983684256e-09,False
wood-multitask-final/data_processed/classification_crops/external_test/normal/vnwoodknot_001401_normal.jpg,VNWoodKnot/VNWoodKnot A High-Quality Image Dataset for Wood K/VNWoodKnot/VNWoodKnot/train/0/img_5012.jpg,vnwoodknot,verified_negative,vnwoodknot:train:img_5012,normal,crack,1.0,1.0,6.822160614206041e-10,6.10108463749981e-10,False
wood-multitask-final/data_processed/classification_crops/external_test/normal/vnwoodknot_001402_normal.jpg,VNWoodKnot/VNWoodKnot A High-Quality Image Dataset for Wood K/VNWoodKnot/VNWoodKnot/train/0/img_5014.jpg,vnwoodknot,verified_negative,vnwoodknot:train:img_5014,normal,crack,0.9995681643486023,0.9995681643486023,0.00042312470031902194,8.748133041081019e-06,False
wood-multitask-final/data_processed/classification_crops/external_test/normal/vnwoodknot_001403_normal.jpg,VNWoodKnot/VNWoodKnot A High-Quality Image Dataset for Wood K/VNWoodKnot/VNWoodKnot/train/0/img_5018.jpg,vnwoodknot,verified_negative,vnwoodknot:train:img_5018,normal,crack,0.9999991655349731,0.9999991655349731,2.1708156339173001e-07,6.134052341622009e-07,False
wood-multitask-final/data_processed/classification_crops/external_test/normal/vnwoodknot_001404_normal.jpg,VNWoodKnot/VNWoodKnot A High-Quality Image Dataset for Wood K/VNWoodKnot/VNWoodKnot/train/0/img_5019.jpg,vnwoodknot,verified_negative,vnwoodknot:train:img_5019,normal,crack,1.0,1.0,3.5226552230760433e-10,7.297857630705895e-12,False
wood-multitask-final/data_processed/classification_crops/external_test/normal/vnwoodknot_001405_normal.jpg,VNWoodKnot/VNWoodKnot A High-Quality Image Dataset for Wood K/VNWoodKnot/VNWoodKnot/train/0/img_5024.jpg,vnwoodknot,verified_negative,vnwoodknot:train:img_5024,normal,crack,0.9998565912246704,0.9998565912246704,1.451378375350032e-05,0.00012883178715128452,False
wood-multitask-final/data_processed/classification_crops/external_test/normal/vnwoodknot_001406_normal.jpg,VNWoodKnot/VNWoodKnot A High-Quality Image Dataset for Wood K/VNWoodKnot/VNWoodKnot/train/0/img_5025.jpg,vnwoodknot,verified_negative,vnwoodknot:train:img_5025,normal,crack,0.9999985694885254,0.9999985694885254,3.667825154707316e-08,1.4794840126342024e-06,False
wood-multitask-final/data_processed/classification_crops/external_test/normal/vnwoodknot_001407_normal.jpg,VNWoodKnot/VNWoodKnot A High-Quality Image Dataset for Wood K/VNWoodKnot/VNWoodKnot/train/0/img_5027.jpg,vnwoodknot,verified_negative,vnwoodknot:train:img_5027,normal,crack,1.0,1.0,5.3650621723022596e-09,2.1314301434927074e-09,False
wood-multitask-final/data_processed/classification_crops/external_test/normal/vnwoodknot_001408_normal.jpg,VNWoodKnot/VNWoodKnot A High-Quality Image Dataset for Wood K/VNWoodKnot/VNWoodKnot/train/0/img_5028.jpg,vnwoodknot,verified_negative,vnwoodknot:train:img_5028,normal,crack,0.9999998807907104,0.9999998807907104,1.2890461675851839e-07,2.995063397293052e-08,False
wood-multitask-final/data_processed/classification_crops/external_test/normal/vnwoodknot_001409_normal.jpg,VNWoodKnot/VNWoodKnot A High-Quality Image Dataset for Wood K/VNWoodKnot/VNWoodKnot/train/0/img_5029.jpg,vnwoodknot,verified_negative,vnwoodknot:train:img_5029,normal,crack,1.0,1.0,2.9228777620460278e-08,4.127533426157015e-09,False
wood-multitask-final/data_processed/classification_crops/external_test/normal/vnwoodknot_001410_normal.jpg,VNWoodKnot/VNWoodKnot A High-Quality Image Dataset for Wood K/VNWoodKnot/VNWoodKnot/train/0/img_5032.jpg,vnwoodknot,verified_negative,vnwoodknot:train:img_5032,normal,crack,1.0,1.0,3.3345087802061357e-10,7.684052283352116e-10,False
wood-multitask-final/data_processed/classification_crops/external_test/normal/vnwoodknot_001411_normal.jpg,VNWoodKnot/VNWoodKnot A High-Quality Image Dataset for Wood K/VNWoodKnot/VNWoodKnot/train/0/img_5034.jpg,vnwoodknot,verified_negative,vnwoodknot:train:img_5034,normal,crack,0.9995536208152771,0.9995536208152771,0.00044641492422670126,3.467581422000876e-08,False
wood-multitask-final/data_processed/classification_crops/external_test/normal/vnwoodknot_001412_normal.jpg,VNWoodKnot/VNWoodKnot A High-Quality Image Dataset for Wood K/VNWoodKnot/VNWoodKnot/train/0/img_5038.jpg,vnwoodknot,verified_negative,vnwoodknot:train:img_5038,normal,crack,1.0,1.0,9.080681984130479e-09,2.093253748114421e-08,False
wood-multitask-final/data_processed/classification_crops/external_test/normal/vnwoodknot_001413_normal.jpg,VNWoodKnot/VNWoodKnot A High-Quality Image Dataset for Wood K/VNWoodKnot/VNWoodKnot/train/0/img_5043.jpg,vnwoodknot,verified_negative,vnwoodknot:train:img_5043,normal,crack,0.9999961853027344,0.9999961853027344,3.6192268453305587e-06,2.693987255497632e-07,False
wood-multitask-final/data_processed/classification_crops/external_test/normal/vnwoodknot_001414_normal.jpg,VNWoodKnot/VNWoodKnot A High-Quality Image Dataset for Wood K/VNWoodKnot/VNWoodKnot/train/0/img_5046.jpg,vnwoodknot,verified_negative,vnwoodknot:train:img_5046,normal,crack,0.999858021736145,0.999858021736145,4.207796791888541e-06,0.0001378407032461837,False
wood-multitask-final/data_processed/classification_crops/external_test/normal/vnwoodknot_001415_normal.jpg,VNWoodKnot/VNWoodKnot A High-Quality Image Dataset for Wood K/VNWoodKnot/VNWoodKnot/train/0/img_5047.jpg,vnwoodknot,verified_negative,vnwoodknot:train:img_5047,normal,crack,0.9999996423721313,0.9999996423721313,6.788572193272557e-08,1.9563798048238823e-07,False
wood-multitask-final/data_processed/classification_crops/external_test/normal/vnwoodknot_001416_normal.jpg,VNWoodKnot/VNWoodKnot A High-Quality Image Dataset for Wood K/VNWoodKnot/VNWoodKnot/train/0/img_5052.jpg,vnwoodknot,verified_negative,vnwoodknot:train:img_5052,normal,crack,0.9998455047607422,0.9998455047607422,0.0001524625695310533,1.9947563032474136e-06,False
wood-multitask-final/data_processed/classification_crops/external_test/normal/vnwoodknot_001417_normal.jpg,VNWoodKnot/VNWoodKnot A High-Quality Image Dataset for Wood K/VNWoodKnot/VNWoodKnot/train/0/img_5054.jpg,vnwoodknot,verified_negative,vnwoodknot:train:img_5054,normal,crack,1.0,1.0,2.1308458997282287e-08,1.6416846770894722e-09,False
wood-multitask-final/data_processed/classification_crops/external_test/normal/vnwoodknot_001418_normal.jpg,VNWoodKnot/VNWoodKnot A High-Quality Image Dataset for Wood K/VNWoodKnot/VNWoodKnot/train/0/img_5058.jpg,vnwoodknot,verified_negative,vnwoodknot:train:img_5058,normal,crack,0.9946737289428711,0.9946737289428711,0.0044809733517467976,0.0008452979964204133,False
wood-multitask-final/data_processed/classification_crops/external_test/knot/vnwoodknot_001419_0001587.jpg,VNWoodKnot/VNWoodKnot A High-Quality Image Dataset for Wood K/VNWoodKnot/VNWoodKnot/train/1/IMG_3476.jpg,vnwoodknot,folder_class,vnwoodknot:train:img_3476,knot,crack,0.9953457713127136,0.9953457713127136,0.004654235206544399,4.535210911243287e-15,False
wood-multitask-final/data_processed/classification_crops/external_test/knot/vnwoodknot_001420_0001588.jpg,VNWoodKnot/VNWoodKnot A High-Quality Image Dataset for Wood K/VNWoodKnot/VNWoodKnot/train/1/IMG_3480.jpg,vnwoodknot,folder_class,vnwoodknot:train:img_3480,knot,crack,0.9999865293502808,0.9999865293502808,1.3492376638168935e-05,2.63152788448906e-09,False
wood-multitask-final/data_processed/classification_crops/external_test/knot/vnwoodknot_001421_0001589.jpg,VNWoodKnot/VNWoodKnot A High-Quality Image Dataset for Wood K/VNWoodKnot/VNWoodKnot/train/1/IMG_3488.jpg,vnwoodknot,folder_class,vnwoodknot:train:img_3488,knot,crack,0.9995396137237549,0.9995396137237549,0.0004604648274835199,6.94706653314725e-11,False
wood-multitask-final/data_processed/classification_crops/external_test/knot/vnwoodknot_001422_0001590.jpg,VNWoodKnot/VNWoodKnot A High-Quality Image Dataset for Wood K/VNWoodKnot/VNWoodKnot/train/1/IMG_3495.jpg,vnwoodknot,folder_class,vnwoodknot:train:img_3495,knot,crack,0.9992770552635193,0.9992770552635193,0.0007103871903382242,1.2598711691680364e-05,False
wood-multitask-final/data_processed/classification_crops/external_test/knot/vnwoodknot_001423_0001591.jpg,VNWoodKnot/VNWoodKnot A High-Quality Image Dataset for Wood K/VNWoodKnot/VNWoodKnot/train/1/IMG_3500.jpg,vnwoodknot,folder_class,vnwoodknot:train:img_3500,knot,crack,0.5878878831863403,0.5878878831863403,0.41051629185676575,0.0015958371805027127,False
wood-multitask-final/data_processed/classification_crops/external_test/knot/vnwoodknot_001424_0001592.jpg,VNWoodKnot/VNWoodKnot A High-Quality Image Dataset for Wood K/VNWoodKnot/VNWoodKnot/train/1/IMG_3501.jpg,vnwoodknot,folder_class,vnwoodknot:train:img_3501,knot,knot,0.909095823764801,0.09030484408140182,0.909095823764801,0.0005992657388560474,True
wood-multitask-final/data_processed/classification_crops/external_test/knot/vnwoodknot_001425_0001593.jpg,VNWoodKnot/VNWoodKnot A High-Quality Image Dataset for Wood K/VNWoodKnot/VNWoodKnot/train/1/IMG_3507.jpg,vnwoodknot,folder_class,vnwoodknot:train:img_3507,knot,crack,0.6367132067680359,0.6367132067680359,0.3529241681098938,0.010362622328102589,False
wood-multitask-final/data_processed/classification_crops/external_test/knot/vnwoodknot_001426_0001594.jpg,VNWoodKnot/VNWoodKnot A High-Quality Image Dataset for Wood K/VNWoodKnot/VNWoodKnot/train/1/IMG_3520.jpg,vnwoodknot,folder_class,vnwoodknot:train:img_3520,knot,crack,0.9999904632568359,0.9999904632568359,9.524822417006362e-06,3.656336622359646e-10,False
wood-multitask-final/data_processed/classification_crops/external_test/knot/vnwoodknot_001427_0001595.jpg,VNWoodKnot/VNWoodKnot A High-Quality Image Dataset for Wood K/VNWoodKnot/VNWoodKnot/train/1/IMG_3521.jpg,vnwoodknot,folder_class,vnwoodknot:train:img_3521,knot,crack,0.9912316203117371,0.9912316203117371,0.007602928671985865,0.0011654527625069022,False
wood-multitask-final/data_processed/classification_crops/external_test/knot/vnwoodknot_001428_0001596.jpg,VNWoodKnot/VNWoodKnot A High-Quality Image Dataset for Wood K/VNWoodKnot/VNWoodKnot/train/1/IMG_3522.jpg,vnwoodknot,folder_class,vnwoodknot:train:img_3522,knot,crack,0.9903429746627808,0.9903429746627808,0.009657064452767372,1.3526171849242985e-10,False
wood-multitask-final/data_processed/classification_crops/external_test/knot/vnwoodknot_001429_0001597.jpg,VNWoodKnot/VNWoodKnot A High-Quality Image Dataset for Wood K/VNWoodKnot/VNWoodKnot/train/1/IMG_3524.jpg,vnwoodknot,folder_class,vnwoodknot:train:img_3524,knot,crack,0.9999992847442627,0.9999992847442627,6.613455525439349e-07,6.5125318471359606e-09,False
wood-multitask-final/data_processed/classification_crops/external_test/knot/vnwoodknot_001430_0001598.jpg,VNWoodKnot/VNWoodKnot A High-Quality Image Dataset for Wood K/VNWoodKnot/VNWoodKnot/train/1/IMG_3532.jpg,vnwoodknot,folder_class,vnwoodknot:train:img_3532,knot,knot,0.9699636101722717,0.030001375824213028,0.9699636101722717,3.509151065372862e-05,True
wood-multitask-final/data_processed/classification_crops/external_test/knot/vnwoodknot_001431_0001599.jpg,VNWoodKnot/VNWoodKnot A High-Quality Image Dataset for Wood K/VNWoodKnot/VNWoodKnot/train/1/IMG_3549.jpg,vnwoodknot,folder_class,vnwoodknot:train:img_3549,knot,crack,0.869381308555603,0.869381308555603,0.0021752696484327316,0.12844343483448029,False
wood-multitask-final/data_processed/classification_crops/external_test/knot/vnwoodknot_001432_0001600.jpg,VNWoodKnot/VNWoodKnot A High-Quality Image Dataset for Wood K/VNWoodKnot/VNWoodKnot/train/1/IMG_3568.jpg,vnwoodknot,folder_class,vnwoodknot:train:img_3568,knot,crack,0.9979090690612793,0.9979090690612793,0.002073428127914667,1.7476499124313705e-05,False
wood-multitask-final/data_processed/classification_crops/external_test/knot/vnwoodknot_001433_0001601.jpg,VNWoodKnot/VNWoodKnot A High-Quality Image Dataset for Wood K/VNWoodKnot/VNWoodKnot/train/1/IMG_3577.jpg,vnwoodknot,folder_class,vnwoodknot:train:img_3577,knot,knot,0.6697531342506409,0.17719562351703644,0.6697531342506409,0.1530511975288391,True
wood-multitask-final/data_processed/classification_crops/external_test/knot/vnwoodknot_001434_0001602.jpg,VNWoodKnot/VNWoodKnot A High-Quality Image Dataset for Wood K/VNWoodKnot/VNWoodKnot/train/1/IMG_3579.jpg,vnwoodknot,folder_class,vnwoodknot:train:img_3579,knot,normal,0.9996501207351685,0.00011943780555156991,0.00023042755492497236,0.9996501207351685,False
wood-multitask-final/data_processed/classification_crops/external_test/knot/vnwoodknot_001435_0001603.jpg,VNWoodKnot/VNWoodKnot A High-Quality Image Dataset for Wood K/VNWoodKnot/VNWoodKnot/train/1/IMG_3590.jpg,vnwoodknot,folder_class,vnwoodknot:train:img_3590,knot,crack,0.9998997449874878,0.9998997449874878,0.00010019012552220374,8.231774636935363e-13,False
wood-multitask-final/data_processed/classification_crops/external_test/knot/vnwoodknot_001436_0001604.jpg,VNWoodKnot/VNWoodKnot A High-Quality Image Dataset for Wood K/VNWoodKnot/VNWoodKnot/train/1/IMG_3605.jpg,vnwoodknot,folder_class,vnwoodknot:train:img_3605,knot,crack,0.9996119141578674,0.9996119141578674,0.0003876651462633163,4.3325621845724527e-07,False
wood-multitask-final/data_processed/classification_crops/external_test/knot/vnwoodknot_001437_0001605.jpg,VNWoodKnot/VNWoodKnot A High-Quality Image Dataset for Wood K/VNWoodKnot/VNWoodKnot/train/1/IMG_3634.jpg,vnwoodknot,folder_class,vnwoodknot:train:img_3634,knot,crack,0.996894121170044,0.996894121170044,0.0020630245562642813,0.0010428173700347543,False
wood-multitask-final/data_processed/classification_crops/external_test/knot/vnwoodknot_001438_0001606.jpg,VNWoodKnot/VNWoodKnot A High-Quality Image Dataset for Wood K/VNWoodKnot/VNWoodKnot/train/1/IMG_3822.jpg,vnwoodknot,folder_class,vnwoodknot:train:img_3822,knot,crack,0.8481864333152771,0.8481864333152771,0.15173067152500153,8.28858173917979e-05,False
wood-multitask-final/data_processed/classification_crops/external_test/knot/vnwoodknot_001439_0001607.jpg,VNWoodKnot/VNWoodKnot A High-Quality Image Dataset for Wood K/VNWoodKnot/VNWoodKnot/train/1/IMG_3828.jpg,vnwoodknot,folder_class,vnwoodknot:train:img_3828,knot,crack,0.9948883652687073,0.9948883652687073,0.0051090046763420105,2.6037985207949532e-06,False
wood-multitask-final/data_processed/classification_crops/external_test/knot/vnwoodknot_001440_0001608.jpg,VNWoodKnot/VNWoodKnot A High-Quality Image Dataset for Wood K/VNWoodKnot/VNWoodKnot/train/1/IMG_3829.jpg,vnwoodknot,folder_class,vnwoodknot:train:img_3829,knot,crack,0.9441578388214111,0.9441578388214111,0.04228879138827324,0.013553448021411896,False
wood-multitask-final/data_processed/classification_crops/external_test/knot/vnwoodknot_001441_0001609.jpg,VNWoodKnot/VNWoodKnot A High-Quality Image Dataset for Wood K/VNWoodKnot/VNWoodKnot/train/1/IMG_3833.jpg,vnwoodknot,folder_class,vnwoodknot:train:img_3833,knot,crack,0.9999717473983765,0.9999717473983765,2.7717198463506065e-05,4.7287821303143573e-07,False
wood-multitask-final/data_processed/classification_crops/external_test/knot/vnwoodknot_001442_0001610.jpg,VNWoodKnot/VNWoodKnot A High-Quality Image Dataset for Wood K/VNWoodKnot/VNWoodKnot/train/1/IMG_3838.jpg,vnwoodknot,folder_class,vnwoodknot:train:img_3838,knot,crack,0.8946531414985657,0.8946531414985657,0.011891457252204418,0.09345534443855286,False
wood-multitask-final/data_processed/classification_crops/external_test/knot/vnwoodknot_001443_0001611.jpg,VNWoodKnot/VNWoodKnot A High-Quality Image Dataset for Wood K/VNWoodKnot/VNWoodKnot/train/1/IMG_3842.jpg,vnwoodknot,folder_class,vnwoodknot:train:img_3842,knot,crack,0.997510552406311,0.997510552406311,0.0022048314567655325,0.0002845021372195333,False
wood-multitask-final/data_processed/classification_crops/external_test/knot/vnwoodknot_001444_0001612.jpg,VNWoodKnot/VNWoodKnot A High-Quality Image Dataset for Wood K/VNWoodKnot/VNWoodKnot/train/1/IMG_3846.jpg,vnwoodknot,folder_class,vnwoodknot:train:img_3846,knot,crack,0.987722635269165,0.987722635269165,0.012255966663360596,2.1447667677421123e-05,False
wood-multitask-final/data_processed/classification_crops/external_test/knot/vnwoodknot_001445_0001613.jpg,VNWoodKnot/VNWoodKnot A High-Quality Image Dataset for Wood K/VNWoodKnot/VNWoodKnot/train/1/IMG_3855.jpg,vnwoodknot,folder_class,vnwoodknot:train:img_3855,knot,crack,0.586209237575531,0.586209237575531,0.14147283136844635,0.27231791615486145,False
wood-multitask-final/data_processed/classification_crops/external_test/knot/vnwoodknot_001446_0001614.jpg,VNWoodKnot/VNWoodKnot A High-Quality Image Dataset for Wood K/VNWoodKnot/VNWoodKnot/train/1/IMG_3868.jpg,vnwoodknot,folder_class,vnwoodknot:train:img_3868,knot,crack,0.5428704023361206,0.5428704023361206,0.014552105218172073,0.4425774812698364,False
wood-multitask-final/data_processed/classification_crops/external_test/knot/vnwoodknot_001447_0001615.jpg,VNWoodKnot/VNWoodKnot A High-Quality Image Dataset for Wood K/VNWoodKnot/VNWoodKnot/train/1/IMG_3871.jpg,vnwoodknot,folder_class,vnwoodknot:train:img_3871,knot,crack,0.9994358420372009,0.9994358420372009,0.0005543212173506618,9.825225788517855e-06,False
wood-multitask-final/data_processed/classification_crops/external_test/knot/vnwoodknot_001448_0001616.jpg,VNWoodKnot/VNWoodKnot A High-Quality Image Dataset for Wood K/VNWoodKnot/VNWoodKnot/train/1/IMG_3890.jpg,vnwoodknot,folder_class,vnwoodknot:train:img_3890,knot,crack,0.8259977698326111,0.8259977698326111,0.17394399642944336,5.819012221763842e-05,False
wood-multitask-final/data_processed/classification_crops/external_test/knot/vnwoodknot_001449_0001617.jpg,VNWoodKnot/VNWoodKnot A High-Quality Image Dataset for Wood K/VNWoodKnot/VNWoodKnot/train/1/IMG_3891.jpg,vnwoodknot,folder_class,vnwoodknot:train:img_3891,knot,crack,0.9999563694000244,0.9999563694000244,4.335692574386485e-05,1.934434976647026e-07,False
wood-multitask-final/data_processed/classification_crops/external_test/knot/vnwoodknot_001450_0001618.jpg,VNWoodKnot/VNWoodKnot A High-Quality Image Dataset for Wood K/VNWoodKnot/VNWoodKnot/train/1/IMG_3895.jpg,vnwoodknot,folder_class,vnwoodknot:train:img_3895,knot,crack,0.9999995231628418,0.9999995231628418,5.29277428995556e-07,3.5250815599852103e-09,False
wood-multitask-final/data_processed/classification_crops/external_test/knot/vnwoodknot_001451_0001619.jpg,VNWoodKnot/VNWoodKnot A High-Quality Image Dataset for Wood K/VNWoodKnot/VNWoodKnot/train/1/IMG_3904.jpg,vnwoodknot,folder_class,vnwoodknot:train:img_3904,knot,crack,0.7817253470420837,0.7817253470420837,0.20708736777305603,0.011187279596924782,False
wood-multitask-final/data_processed/classification_crops/external_test/knot/vnwoodknot_001452_0001620.jpg,VNWoodKnot/VNWoodKnot A High-Quality Image Dataset for Wood K/VNWoodKnot/VNWoodKnot/train/1/IMG_3912.jpg,vnwoodknot,folder_class,vnwoodknot:train:img_3912,knot,crack,0.965851902961731,0.965851902961731,0.03414754197001457,5.783022061223164e-07,False
wood-multitask-final/data_processed/classification_crops/external_test/knot/vnwoodknot_001453_0001621.jpg,VNWoodKnot/VNWoodKnot A High-Quality Image Dataset for Wood K/VNWoodKnot/VNWoodKnot/train/1/IMG_3914.jpg,vnwoodknot,folder_class,vnwoodknot:train:img_3914,knot,knot,0.9997515082359314,0.00024305489205289632,0.9997515082359314,5.476500973600196e-06,True
wood-multitask-final/data_processed/classification_crops/external_test/knot/vnwoodknot_001454_0001622.jpg,VNWoodKnot/VNWoodKnot A High-Quality Image Dataset for Wood K/VNWoodKnot/VNWoodKnot/train/1/IMG_3917.jpg,vnwoodknot,folder_class,vnwoodknot:train:img_3917,knot,crack,0.9840573668479919,0.9840573668479919,0.015939008444547653,3.6023166103404947e-06,False
wood-multitask-final/data_processed/classification_crops/external_test/knot/vnwoodknot_001455_0001623.jpg,VNWoodKnot/VNWoodKnot A High-Quality Image Dataset for Wood K/VNWoodKnot/VNWoodKnot/train/1/IMG_3920.jpg,vnwoodknot,folder_class,vnwoodknot:train:img_3920,knot,knot,0.9930665493011475,0.006929717026650906,0.9930665493011475,3.6866747450403636e-06,True
wood-multitask-final/data_processed/classification_crops/external_test/knot/vnwoodknot_001456_0001624.jpg,VNWoodKnot/VNWoodKnot A High-Quality Image Dataset for Wood K/VNWoodKnot/VNWoodKnot/train/1/IMG_3930.jpg,vnwoodknot,folder_class,vnwoodknot:train:img_3930,knot,crack,0.9733443856239319,0.9733443856239319,0.02559138834476471,0.0010642774868756533,False
wood-multitask-final/data_processed/classification_crops/external_test/knot/vnwoodknot_001457_0001625.jpg,VNWoodKnot/VNWoodKnot A High-Quality Image Dataset for Wood K/VNWoodKnot/VNWoodKnot/train/1/IMG_3940.jpg,vnwoodknot,folder_class,vnwoodknot:train:img_3940,knot,knot,0.9864770174026489,0.013520684093236923,0.9864770174026489,2.1759285573352827e-06,True
wood-multitask-final/data_processed/classification_crops/external_test/knot/vnwoodknot_001458_0001626.jpg,VNWoodKnot/VNWoodKnot A High-Quality Image Dataset for Wood K/VNWoodKnot/VNWoodKnot/train/1/IMG_3941.jpg,vnwoodknot,folder_class,vnwoodknot:train:img_3941,knot,crack,0.7937026619911194,0.7937026619911194,0.1361098289489746,0.07018741220235825,False
wood-multitask-final/data_processed/classification_crops/external_test/knot/vnwoodknot_001459_0001627.jpg,VNWoodKnot/VNWoodKnot A High-Quality Image Dataset for Wood K/VNWoodKnot/VNWoodKnot/train/1/IMG_3943.jpg,vnwoodknot,folder_class,vnwoodknot:train:img_3943,knot,crack,0.9955881834030151,0.9955881834030151,0.004396518692374229,1.536939998914022e-05,False
wood-multitask-final/data_processed/classification_crops/external_test/knot/vnwoodknot_001460_0001628.jpg,VNWoodKnot/VNWoodKnot A High-Quality Image Dataset for Wood K/VNWoodKnot/VNWoodKnot/train/1/IMG_3956.jpg,vnwoodknot,folder_class,vnwoodknot:train:img_3956,knot,crack,0.9999861717224121,0.9999861717224121,1.378468641632935e-05,3.687578020716842e-10,False
wood-multitask-final/data_processed/classification_crops/external_test/knot/vnwoodknot_001461_0001629.jpg,VNWoodKnot/VNWoodKnot A High-Quality Image Dataset for Wood K/VNWoodKnot/VNWoodKnot/train/1/IMG_3973.jpg,vnwoodknot,folder_class,vnwoodknot:train:img_3973,knot,crack,0.4499165713787079,0.4499165713787079,0.3099696636199951,0.24011370539665222,False
wood-multitask-final/data_processed/classification_crops/external_test/knot/vnwoodknot_001462_0001630.jpg,VNWoodKnot/VNWoodKnot A High-Quality Image Dataset for Wood K/VNWoodKnot/VNWoodKnot/train/1/IMG_3993.jpg,vnwoodknot,folder_class,vnwoodknot:train:img_3993,knot,knot,0.9903596639633179,0.007502477150410414,0.9903596639633179,0.002137775532901287,True
wood-multitask-final/data_processed/classification_crops/external_test/knot/vnwoodknot_001463_0001631.jpg,VNWoodKnot/VNWoodKnot A High-Quality Image Dataset for Wood K/VNWoodKnot/VNWoodKnot/train/1/IMG_4010.jpg,vnwoodknot,folder_class,vnwoodknot:train:img_4010,knot,knot,0.8626704216003418,0.13213762640953064,0.8626704216003418,0.00519199064001441,True
wood-multitask-final/data_processed/classification_crops/external_test/knot/vnwoodknot_001464_0001632.jpg,VNWoodKnot/VNWoodKnot A High-Quality Image Dataset for Wood K/VNWoodKnot/VNWoodKnot/train/1/IMG_4016.jpg,vnwoodknot,folder_class,vnwoodknot:train:img_4016,knot,knot,0.9963868856430054,0.003610260784626007,0.9963868856430054,2.907815769503941e-06,True
wood-multitask-final/data_processed/classification_crops/external_test/knot/vnwoodknot_001465_0001633.jpg,VNWoodKnot/VNWoodKnot A High-Quality Image Dataset for Wood K/VNWoodKnot/VNWoodKnot/train/1/IMG_4018.jpg,vnwoodknot,folder_class,vnwoodknot:train:img_4018,knot,knot,0.994967520236969,0.004984225612133741,0.994967520236969,4.8323909140890464e-05,True
wood-multitask-final/data_processed/classification_crops/external_test/knot/vnwoodknot_001466_0001634.jpg,VNWoodKnot/VNWoodKnot A High-Quality Image Dataset for Wood K/VNWoodKnot/VNWoodKnot/train/1/IMG_4025.jpg,vnwoodknot,folder_class,vnwoodknot:train:img_4025,knot,crack,0.9999988079071045,0.9999988079071045,1.209771085086686e-06,5.488008936183064e-10,False
wood-multitask-final/data_processed/classification_crops/external_test/knot/vnwoodknot_001467_0001635.jpg,VNWoodKnot/VNWoodKnot A High-Quality Image Dataset for Wood K/VNWoodKnot/VNWoodKnot/train/1/IMG_4027.jpg,vnwoodknot,folder_class,vnwoodknot:train:img_4027,knot,knot,0.7749798893928528,0.22463348507881165,0.7749798893928528,0.0003866658080369234,True
wood-multitask-final/data_processed/classification_crops/external_test/knot/vnwoodknot_001468_0001636.jpg,VNWoodKnot/VNWoodKnot A High-Quality Image Dataset for Wood K/VNWoodKnot/VNWoodKnot/train/1/IMG_4028.jpg,vnwoodknot,folder_class,vnwoodknot:train:img_4028,knot,knot,0.9915354251861572,0.0005558145930990577,0.9915354251861572,0.007908836007118225,True
wood-multitask-final/data_processed/classification_crops/external_test/knot/vnwoodknot_001469_0001637.jpg,VNWoodKnot/VNWoodKnot A High-Quality Image Dataset for Wood K/VNWoodKnot/VNWoodKnot/train/1/IMG_4030.jpg,vnwoodknot,folder_class,vnwoodknot:train:img_4030,knot,knot,0.7446634769439697,0.25529763102531433,0.7446634769439697,3.890830703312531e-05,True
wood-multitask-final/data_processed/classification_crops/external_test/knot/vnwoodknot_001470_0001638.jpg,VNWoodKnot/VNWoodKnot A High-Quality Image Dataset for Wood K/VNWoodKnot/VNWoodKnot/train/1/IMG_4043.jpg,vnwoodknot,folder_class,vnwoodknot:train:img_4043,knot,crack,0.989696741104126,0.989696741104126,0.01021251268684864,9.067669452633709e-05,False
wood-multitask-final/data_processed/classification_crops/external_test/knot/vnwoodknot_001471_0001639.jpg,VNWoodKnot/VNWoodKnot A High-Quality Image Dataset for Wood K/VNWoodKnot/VNWoodKnot/train/1/IMG_4046.jpg,vnwoodknot,folder_class,vnwoodknot:train:img_4046,knot,crack,0.9975937008857727,0.9975937008857727,0.0022491144482046366,0.00015717686619609594,False
wood-multitask-final/data_processed/classification_crops/external_test/knot/vnwoodknot_001472_0001640.jpg,VNWoodKnot/VNWoodKnot A High-Quality Image Dataset for Wood K/VNWoodKnot/VNWoodKnot/train/1/IMG_4049.jpg,vnwoodknot,folder_class,vnwoodknot:train:img_4049,knot,crack,0.9999738931655884,0.9999738931655884,2.565770410001278e-05,4.788331580130034e-07,False
wood-multitask-final/data_processed/classification_crops/external_test/knot/vnwoodknot_001473_0001641.jpg,VNWoodKnot/VNWoodKnot A High-Quality Image Dataset for Wood K/VNWoodKnot/VNWoodKnot/train/1/IMG_4072.jpg,vnwoodknot,folder_class,vnwoodknot:train:img_4072,knot,crack,0.9994240999221802,0.9994240999221802,0.0005759804043918848,5.447961092669429e-12,False
wood-multitask-final/data_processed/classification_crops/external_test/knot/vnwoodknot_001474_0001642.jpg,VNWoodKnot/VNWoodKnot A High-Quality Image Dataset for Wood K/VNWoodKnot/VNWoodKnot/train/1/IMG_4077.jpg,vnwoodknot,folder_class,vnwoodknot:train:img_4077,knot,knot,0.901337742805481,0.09865663945674896,0.901337742805481,5.606081231235294e-06,True
wood-multitask-final/data_processed/classification_crops/external_test/knot/vnwoodknot_001475_0001643.jpg,VNWoodKnot/VNWoodKnot A High-Quality Image Dataset for Wood K/VNWoodKnot/VNWoodKnot/train/1/IMG_4079.jpg,vnwoodknot,folder_class,vnwoodknot:train:img_4079,knot,crack,0.9920706152915955,0.9920706152915955,0.007929335348308086,1.2073107791277238e-10,False
wood-multitask-final/data_processed/classification_crops/external_test/knot/vnwoodknot_001476_0001644.jpg,VNWoodKnot/VNWoodKnot A High-Quality Image Dataset for Wood K/VNWoodKnot/VNWoodKnot/train/1/IMG_4083.jpg,vnwoodknot,folder_class,vnwoodknot:train:img_4083,knot,knot,0.9976995587348938,0.0022410163655877113,0.9976995587348938,5.9491438150871545e-05,True
wood-multitask-final/data_processed/classification_crops/external_test/knot/vnwoodknot_001477_0001645.jpg,VNWoodKnot/VNWoodKnot A High-Quality Image Dataset for Wood K/VNWoodKnot/VNWoodKnot/train/1/IMG_4085.jpg,vnwoodknot,folder_class,vnwoodknot:train:img_4085,knot,crack,0.6500566601753235,0.6500566601753235,0.349660724401474,0.00028259988175705075,False
wood-multitask-final/data_processed/classification_crops/external_test/knot/vnwoodknot_001478_0001646.jpg,VNWoodKnot/VNWoodKnot A High-Quality Image Dataset for Wood K/VNWoodKnot/VNWoodKnot/train/1/IMG_4086.jpg,vnwoodknot,folder_class,vnwoodknot:train:img_4086,knot,knot,0.999685525894165,2.0202242012601346e-05,0.999685525894165,0.00029426300898194313,True
wood-multitask-final/data_processed/classification_crops/external_test/knot/vnwoodknot_001479_0001647.jpg,VNWoodKnot/VNWoodKnot A High-Quality Image Dataset for Wood K/VNWoodKnot/VNWoodKnot/train/1/IMG_4093.jpg,vnwoodknot,folder_class,vnwoodknot:train:img_4093,knot,knot,0.8251078128814697,0.1748741865158081,0.8251078128814697,1.8018339687841944e-05,True
wood-multitask-final/data_processed/classification_crops/external_test/knot/vnwoodknot_001480_0001648.jpg,VNWoodKnot/VNWoodKnot A High-Quality Image Dataset for Wood K/VNWoodKnot/VNWoodKnot/train/1/IMG_4108.jpg,vnwoodknot,folder_class,vnwoodknot:train:img_4108,knot,crack,0.6108298897743225,0.6108298897743225,0.38916969299316406,4.6556687038901146e-07,False
wood-multitask-final/data_processed/classification_crops/external_test/knot/vnwoodknot_001481_0001649.jpg,VNWoodKnot/VNWoodKnot A High-Quality Image Dataset for Wood K/VNWoodKnot/VNWoodKnot/train/1/IMG_4111.jpg,vnwoodknot,folder_class,vnwoodknot:train:img_4111,knot,knot,0.9959904551506042,0.004009066615253687,0.9959904551506042,4.5743445298285224e-07,True
wood-multitask-final/data_processed/classification_crops/external_test/knot/vnwoodknot_001482_0001650.jpg,VNWoodKnot/VNWoodKnot A High-Quality Image Dataset for Wood K/VNWoodKnot/VNWoodKnot/train/1/IMG_4112.jpg,vnwoodknot,folder_class,vnwoodknot:train:img_4112,knot,crack,0.8347559571266174,0.8347559571266174,0.16475383937358856,0.0004901947104372084,False
wood-multitask-final/data_processed/classification_crops/external_test/knot/vnwoodknot_001483_0001651.jpg,VNWoodKnot/VNWoodKnot A High-Quality Image Dataset for Wood K/VNWoodKnot/VNWoodKnot/train/1/IMG_4114.jpg,vnwoodknot,folder_class,vnwoodknot:train:img_4114,knot,crack,0.9943296313285828,0.9943296313285828,0.005658833775669336,1.1668656952679157e-05,False
wood-multitask-final/data_processed/classification_crops/external_test/knot/vnwoodknot_001484_0001652.jpg,VNWoodKnot/VNWoodKnot A High-Quality Image Dataset for Wood K/VNWoodKnot/VNWoodKnot/train/1/IMG_4120.jpg,vnwoodknot,folder_class,vnwoodknot:train:img_4120,knot,knot,0.6141479015350342,0.38546913862228394,0.6141479015350342,0.0003829382185358554,True
wood-multitask-final/data_processed/classification_crops/external_test/knot/vnwoodknot_001485_0001653.jpg,VNWoodKnot/VNWoodKnot A High-Quality Image Dataset for Wood K/VNWoodKnot/VNWoodKnot/train/1/IMG_4122.jpg,vnwoodknot,folder_class,vnwoodknot:train:img_4122,knot,crack,0.9667370915412903,0.9667370915412903,0.03306431695818901,0.0001985375420190394,False
wood-multitask-final/data_processed/classification_crops/external_test/knot/vnwoodknot_001486_0001654.jpg,VNWoodKnot/VNWoodKnot A High-Quality Image Dataset for Wood K/VNWoodKnot/VNWoodKnot/train/1/IMG_4132.jpg,vnwoodknot,folder_class,vnwoodknot:train:img_4132,knot,knot,0.9917844533920288,0.006100238300859928,0.9917844533920288,0.00211531319655478,True
wood-multitask-final/data_processed/classification_crops/external_test/knot/vnwoodknot_001487_0001655.jpg,VNWoodKnot/VNWoodKnot A High-Quality Image Dataset for Wood K/VNWoodKnot/VNWoodKnot/train/1/IMG_4140.jpg,vnwoodknot,folder_class,vnwoodknot:train:img_4140,knot,crack,0.9986189603805542,0.9986189603805542,4.0555161831434816e-05,0.0013404178898781538,False
wood-multitask-final/data_processed/classification_crops/external_test/knot/vnwoodknot_001488_0001656.jpg,VNWoodKnot/VNWoodKnot A High-Quality Image Dataset for Wood K/VNWoodKnot/VNWoodKnot/train/1/IMG_4141.jpg,vnwoodknot,folder_class,vnwoodknot:train:img_4141,knot,crack,0.8547093272209167,0.8547093272209167,0.1452343463897705,5.634271292365156e-05,False
wood-multitask-final/data_processed/classification_crops/external_test/knot/vnwoodknot_001489_0001657.jpg,VNWoodKnot/VNWoodKnot A High-Quality Image Dataset for Wood K/VNWoodKnot/VNWoodKnot/train/1/IMG_4146.jpg,vnwoodknot,folder_class,vnwoodknot:train:img_4146,knot,crack,1.0,1.0,5.750958465000622e-08,2.4029062634513092e-14,False
wood-multitask-final/data_processed/classification_crops/external_test/knot/vnwoodknot_001490_0001658.jpg,VNWoodKnot/VNWoodKnot A High-Quality Image Dataset for Wood K/VNWoodKnot/VNWoodKnot/train/1/IMG_4148.jpg,vnwoodknot,folder_class,vnwoodknot:train:img_4148,knot,crack,1.0,1.0,4.602659919861196e-11,1.1194488261714874e-12,False
wood-multitask-final/data_processed/classification_crops/external_test/knot/vnwoodknot_001491_0001659.jpg,VNWoodKnot/VNWoodKnot A High-Quality Image Dataset for Wood K/VNWoodKnot/VNWoodKnot/train/1/IMG_4150.jpg,vnwoodknot,folder_class,vnwoodknot:train:img_4150,knot,knot,0.825402557849884,0.01456315629184246,0.825402557849884,0.16003429889678955,True
wood-multitask-final/data_processed/classification_crops/external_test/knot/vnwoodknot_001492_0001660.jpg,VNWoodKnot/VNWoodKnot A High-Quality Image Dataset for Wood K/VNWoodKnot/VNWoodKnot/train/1/IMG_4151.jpg,vnwoodknot,folder_class,vnwoodknot:train:img_4151,knot,crack,0.9999558925628662,0.9999558925628662,4.404862556839362e-05,2.818972966167621e-08,False
wood-multitask-final/data_processed/classification_crops/external_test/knot/vnwoodknot_001493_0001661.jpg,VNWoodKnot/VNWoodKnot A High-Quality Image Dataset for Wood K/VNWoodKnot/VNWoodKnot/train/1/IMG_4152.jpg,vnwoodknot,folder_class,vnwoodknot:train:img_4152,knot,knot,0.9921873807907104,0.0078056794591248035,0.9921873807907104,7.009471119090449e-06,True
wood-multitask-final/data_processed/classification_crops/external_test/knot/vnwoodknot_001494_0001662.jpg,VNWoodKnot/VNWoodKnot A High-Quality Image Dataset for Wood K/VNWoodKnot/VNWoodKnot/train/1/IMG_4162.jpg,vnwoodknot,folder_class,vnwoodknot:train:img_4162,knot,knot,0.9804948568344116,0.01948934607207775,0.9804948568344116,1.5750922102597542e-05,True
wood-multitask-final/data_processed/classification_crops/external_test/knot/vnwoodknot_001495_0001663.jpg,VNWoodKnot/VNWoodKnot A High-Quality Image Dataset for Wood K/VNWoodKnot/VNWoodKnot/train/1/IMG_4167.jpg,vnwoodknot,folder_class,vnwoodknot:train:img_4167,knot,knot,0.9435261487960815,0.056470468640327454,0.9435261487960815,3.3826331673481036e-06,True
wood-multitask-final/data_processed/classification_crops/external_test/knot/vnwoodknot_001496_0001664.jpg,VNWoodKnot/VNWoodKnot A High-Quality Image Dataset for Wood K/VNWoodKnot/VNWoodKnot/train/1/IMG_4168.jpg,vnwoodknot,folder_class,vnwoodknot:train:img_4168,knot,knot,0.8983163237571716,0.10168354213237762,0.8983163237571716,7.00656599406102e-08,True
wood-multitask-final/data_processed/classification_crops/external_test/knot/vnwoodknot_001497_0001665.jpg,VNWoodKnot/VNWoodKnot A High-Quality Image Dataset for Wood K/VNWoodKnot/VNWoodKnot/train/1/IMG_4170.jpg,vnwoodknot,folder_class,vnwoodknot:train:img_4170,knot,knot,0.9970216155052185,0.002978140953928232,0.9970216155052185,2.397527225639351e-07,True
wood-multitask-final/data_processed/classification_crops/external_test/knot/vnwoodknot_001498_0001666.jpg,VNWoodKnot/VNWoodKnot A High-Quality Image Dataset for Wood K/VNWoodKnot/VNWoodKnot/train/1/IMG_4176.jpg,vnwoodknot,folder_class,vnwoodknot:train:img_4176,knot,knot,0.9957544803619385,0.00013274502998683602,0.9957544803619385,0.004112849477678537,True
wood-multitask-final/data_processed/classification_crops/external_test/knot/vnwoodknot_001499_0001667.jpg,VNWoodKnot/VNWoodKnot A High-Quality Image Dataset for Wood K/VNWoodKnot/VNWoodKnot/train/1/IMG_4185.jpg,vnwoodknot,folder_class,vnwoodknot:train:img_4185,knot,crack,0.9999934434890747,0.9999934434890747,6.387782832462108e-06,1.1386573817162571e-07,False
wood-multitask-final/data_processed/classification_crops/external_test/knot/vnwoodknot_001500_0001668.jpg,VNWoodKnot/VNWoodKnot A High-Quality Image Dataset for Wood K/VNWoodKnot/VNWoodKnot/train/1/IMG_4186.jpg,vnwoodknot,folder_class,vnwoodknot:train:img_4186,knot,knot,0.9462971091270447,0.053661495447158813,0.9462971091270447,4.13809648307506e-05,True
wood-multitask-final/data_processed/classification_crops/external_test/knot/vnwoodknot_001501_0001669.jpg,VNWoodKnot/VNWoodKnot A High-Quality Image Dataset for Wood K/VNWoodKnot/VNWoodKnot/train/1/IMG_4188.jpg,vnwoodknot,folder_class,vnwoodknot:train:img_4188,knot,crack,0.9999936819076538,0.9999936819076538,6.3542393036186695e-06,5.475614628380754e-09,False
wood-multitask-final/data_processed/classification_crops/external_test/knot/vnwoodknot_001502_0001670.jpg,VNWoodKnot/VNWoodKnot A High-Quality Image Dataset for Wood K/VNWoodKnot/VNWoodKnot/train/1/IMG_4191.jpg,vnwoodknot,folder_class,vnwoodknot:train:img_4191,knot,knot,0.8460010290145874,0.12752605974674225,0.8460010290145874,0.026472946628928185,True
wood-multitask-final/data_processed/classification_crops/external_test/knot/vnwoodknot_001503_0001671.jpg,VNWoodKnot/VNWoodKnot A High-Quality Image Dataset for Wood K/VNWoodKnot/VNWoodKnot/train/1/IMG_4194.jpg,vnwoodknot,folder_class,vnwoodknot:train:img_4194,knot,crack,0.5229788422584534,0.5229788422584534,0.477016806602478,4.418362550495658e-06,False
wood-multitask-final/data_processed/classification_crops/external_test/knot/vnwoodknot_001504_0001672.jpg,VNWoodKnot/VNWoodKnot A High-Quality Image Dataset for Wood K/VNWoodKnot/VNWoodKnot/train/1/IMG_4198.jpg,vnwoodknot,folder_class,vnwoodknot:train:img_4198,knot,crack,0.999085545539856,0.999085545539856,0.0009097938891500235,4.6017266868148e-06,False
wood-multitask-final/data_processed/classification_crops/external_test/knot/vnwoodknot_001505_0001673.jpg,VNWoodKnot/VNWoodKnot A High-Quality Image Dataset for Wood K/VNWoodKnot/VNWoodKnot/train/1/IMG_4200.jpg,vnwoodknot,folder_class,vnwoodknot:train:img_4200,knot,crack,0.8830016851425171,0.8830016851425171,0.11348491162061691,0.0035133915953338146,False
wood-multitask-final/data_processed/classification_crops/external_test/knot/vnwoodknot_001506_0001674.jpg,VNWoodKnot/VNWoodKnot A High-Quality Image Dataset for Wood K/VNWoodKnot/VNWoodKnot/train/1/IMG_4205.jpg,vnwoodknot,folder_class,vnwoodknot:train:img_4205,knot,knot,0.86797034740448,0.04249901324510574,0.86797034740448,0.08953061699867249,True
wood-multitask-final/data_processed/classification_crops/external_test/knot/vnwoodknot_001507_0001675.jpg,VNWoodKnot/VNWoodKnot A High-Quality Image Dataset for Wood K/VNWoodKnot/VNWoodKnot/train/1/IMG_4206.jpg,vnwoodknot,folder_class,vnwoodknot:train:img_4206,knot,knot,0.9980319142341614,0.0003454546967986971,0.9980319142341614,0.0016226025763899088,True
wood-multitask-final/data_processed/classification_crops/external_test/knot/vnwoodknot_001508_0001676.jpg,VNWoodKnot/VNWoodKnot A High-Quality Image Dataset for Wood K/VNWoodKnot/VNWoodKnot/train/1/IMG_4207.jpg,vnwoodknot,folder_class,vnwoodknot:train:img_4207,knot,knot,0.6111457347869873,0.32716286182403564,0.6111457347869873,0.06169145554304123,True
wood-multitask-final/data_processed/classification_crops/external_test/knot/vnwoodknot_001509_0001677.jpg,VNWoodKnot/VNWoodKnot A High-Quality Image Dataset for Wood K/VNWoodKnot/VNWoodKnot/train/1/IMG_4208.jpg,vnwoodknot,folder_class,vnwoodknot:train:img_4208,knot,knot,0.9973334074020386,1.3273310287331697e-05,0.9973334074020386,0.002653351053595543,True
wood-multitask-final/data_processed/classification_crops/external_test/knot/vnwoodknot_001510_0001678.jpg,VNWoodKnot/VNWoodKnot A High-Quality Image Dataset for Wood K/VNWoodKnot/VNWoodKnot/train/1/IMG_4209.jpg,vnwoodknot,folder_class,vnwoodknot:train:img_4209,knot,crack,0.9948931932449341,0.9948931932449341,0.005102604161947966,4.296914994483814e-06,False
wood-multitask-final/data_processed/classification_crops/external_test/knot/vnwoodknot_001511_0001679.jpg,VNWoodKnot/VNWoodKnot A High-Quality Image Dataset for Wood K/VNWoodKnot/VNWoodKnot/train/1/img_3473.jpg,vnwoodknot,folder_class,vnwoodknot:train:img_3473,knot,crack,0.9895601272583008,0.9895601272583008,0.010439813137054443,1.6517961398676562e-07,False
wood-multitask-final/data_processed/classification_crops/external_test/knot/vnwoodknot_001512_0001680.jpg,VNWoodKnot/VNWoodKnot A High-Quality Image Dataset for Wood K/VNWoodKnot/VNWoodKnot/train/1/img_3475.jpg,vnwoodknot,folder_class,vnwoodknot:train:img_3475,knot,crack,0.9995546936988831,0.9995546936988831,0.0004452126449905336,9.639799714022956e-08,False
wood-multitask-final/data_processed/classification_crops/external_test/knot/vnwoodknot_001513_0001681.jpg,VNWoodKnot/VNWoodKnot A High-Quality Image Dataset for Wood K/VNWoodKnot/VNWoodKnot/train/1/img_3477.jpg,vnwoodknot,folder_class,vnwoodknot:train:img_3477,knot,crack,0.9999963045120239,0.9999963045120239,3.670763589980197e-06,3.004841113343065e-13,False
wood-multitask-final/data_processed/classification_crops/external_test/knot/vnwoodknot_001514_0001682.jpg,VNWoodKnot/VNWoodKnot A High-Quality Image Dataset for Wood K/VNWoodKnot/VNWoodKnot/train/1/img_3478.jpg,vnwoodknot,folder_class,vnwoodknot:train:img_3478,knot,crack,0.9999998807907104,0.9999998807907104,1.0892021862218826e-07,3.019346994648231e-09,False
wood-multitask-final/data_processed/classification_crops/external_test/knot/vnwoodknot_001515_0001683.jpg,VNWoodKnot/VNWoodKnot A High-Quality Image Dataset for Wood K/VNWoodKnot/VNWoodKnot/train/1/img_3479.jpg,vnwoodknot,folder_class,vnwoodknot:train:img_3479,knot,crack,0.9999985694885254,0.9999985694885254,1.3824728739564307e-06,8.855271182994784e-09,False
wood-multitask-final/data_processed/classification_crops/external_test/knot/vnwoodknot_001516_0001684.jpg,VNWoodKnot/VNWoodKnot A High-Quality Image Dataset for Wood K/VNWoodKnot/VNWoodKnot/train/1/img_3483.jpg,vnwoodknot,folder_class,vnwoodknot:train:img_3483,knot,crack,0.602963924407959,0.602963924407959,0.39548856019973755,0.001547460095025599,False
wood-multitask-final/data_processed/classification_crops/external_test/knot/vnwoodknot_001517_0001685.jpg,VNWoodKnot/VNWoodKnot A High-Quality Image Dataset for Wood K/VNWoodKnot/VNWoodKnot/train/1/img_3486.jpg,vnwoodknot,folder_class,vnwoodknot:train:img_3486,knot,knot,0.9866265654563904,0.00924662034958601,0.9866265654563904,0.00412676390260458,True
wood-multitask-final/data_processed/classification_crops/external_test/knot/vnwoodknot_001518_0001686.jpg,VNWoodKnot/VNWoodKnot A High-Quality Image Dataset for Wood K/VNWoodKnot/VNWoodKnot/train/1/img_3487.jpg,vnwoodknot,folder_class,vnwoodknot:train:img_3487,knot,crack,0.976185142993927,0.976185142993927,0.023814868181943893,3.3374458752177816e-08,False
wood-multitask-final/data_processed/classification_crops/external_test/knot/vnwoodknot_001519_0001687.jpg,VNWoodKnot/VNWoodKnot A High-Quality Image Dataset for Wood K/VNWoodKnot/VNWoodKnot/train/1/img_3490.jpg,vnwoodknot,folder_class,vnwoodknot:train:img_3490,knot,crack,0.9998475313186646,0.9998475313186646,0.00015236185572575778,8.415693031338378e-08,False
wood-multitask-final/data_processed/classification_crops/external_test/knot/vnwoodknot_001520_0001688.jpg,VNWoodKnot/VNWoodKnot A High-Quality Image Dataset for Wood K/VNWoodKnot/VNWoodKnot/train/1/img_3494.jpg,vnwoodknot,folder_class,vnwoodknot:train:img_3494,knot,normal,0.8255755305290222,0.17051593959331512,0.003908502869307995,0.8255755305290222,False
wood-multitask-final/data_processed/classification_crops/external_test/knot/vnwoodknot_001521_0001689.jpg,VNWoodKnot/VNWoodKnot A High-Quality Image Dataset for Wood K/VNWoodKnot/VNWoodKnot/train/1/img_3503.jpg,vnwoodknot,folder_class,vnwoodknot:train:img_3503,knot,crack,0.8574329018592834,0.8574329018592834,0.13119827210903168,0.011368882842361927,False
wood-multitask-final/data_processed/classification_crops/external_test/knot/vnwoodknot_001522_0001690.jpg,VNWoodKnot/VNWoodKnot A High-Quality Image Dataset for Wood K/VNWoodKnot/VNWoodKnot/train/1/img_3505.jpg,vnwoodknot,folder_class,vnwoodknot:train:img_3505,knot,crack,0.9999995231628418,0.9999995231628418,4.231675916344102e-07,2.9300377235585984e-08,False
wood-multitask-final/data_processed/classification_crops/external_test/knot/vnwoodknot_001523_0001691.jpg,VNWoodKnot/VNWoodKnot A High-Quality Image Dataset for Wood K/VNWoodKnot/VNWoodKnot/train/1/img_3506.jpg,vnwoodknot,folder_class,vnwoodknot:train:img_3506,knot,crack,0.9999973773956299,0.9999973773956299,2.599255367385922e-06,1.262441928773228e-09,False
wood-multitask-final/data_processed/classification_crops/external_test/knot/vnwoodknot_001524_0001692.jpg,VNWoodKnot/VNWoodKnot A High-Quality Image Dataset for Wood K/VNWoodKnot/VNWoodKnot/train/1/img_3509.jpg,vnwoodknot,folder_class,vnwoodknot:train:img_3509,knot,knot,0.7006171941757202,0.29933544993400574,0.7006171941757202,4.738153438665904e-05,True
wood-multitask-final/data_processed/classification_crops/external_test/knot/vnwoodknot_001525_0001693.jpg,VNWoodKnot/VNWoodKnot A High-Quality Image Dataset for Wood K/VNWoodKnot/VNWoodKnot/train/1/img_3510.jpg,vnwoodknot,folder_class,vnwoodknot:train:img_3510,knot,knot,0.9909698367118835,0.00902582611888647,0.9909698367118835,4.36376103607472e-06,True
wood-multitask-final/data_processed/classification_crops/external_test/knot/vnwoodknot_001526_0001694.jpg,VNWoodKnot/VNWoodKnot A High-Quality Image Dataset for Wood K/VNWoodKnot/VNWoodKnot/train/1/img_3511.jpg,vnwoodknot,folder_class,vnwoodknot:train:img_3511,knot,crack,0.9999634027481079,0.9999634027481079,3.529660898493603e-05,1.307635216107883e-06,False
wood-multitask-final/data_processed/classification_crops/external_test/knot/vnwoodknot_001527_0001695.jpg,VNWoodKnot/VNWoodKnot A High-Quality Image Dataset for Wood K/VNWoodKnot/VNWoodKnot/train/1/img_3512.jpg,vnwoodknot,folder_class,vnwoodknot:train:img_3512,knot,crack,0.9999891519546509,0.9999891519546509,1.030213479680242e-05,6.121508135947806e-07,False
wood-multitask-final/data_processed/classification_crops/external_test/knot/vnwoodknot_001528_0001696.jpg,VNWoodKnot/VNWoodKnot A High-Quality Image Dataset for Wood K/VNWoodKnot/VNWoodKnot/train/1/img_3514.jpg,vnwoodknot,folder_class,vnwoodknot:train:img_3514,knot,crack,0.9999921321868896,0.9999921321868896,4.852347501582699e-06,3.0358235107996734e-06,False
wood-multitask-final/data_processed/classification_crops/external_test/knot/vnwoodknot_001529_0001697.jpg,VNWoodKnot/VNWoodKnot A High-Quality Image Dataset for Wood K/VNWoodKnot/VNWoodKnot/train/1/img_3517.jpg,vnwoodknot,folder_class,vnwoodknot:train:img_3517,knot,knot,0.999811589717865,0.0001881274947663769,0.999811589717865,3.2433163710265944e-07,True
wood-multitask-final/data_processed/classification_crops/external_test/knot/vnwoodknot_001530_0001698.jpg,VNWoodKnot/VNWoodKnot A High-Quality Image Dataset for Wood K/VNWoodKnot/VNWoodKnot/train/1/img_3518.jpg,vnwoodknot,folder_class,vnwoodknot:train:img_3518,knot,crack,0.9974454641342163,0.9974454641342163,0.0025524580851197243,2.145325197489001e-06,False
wood-multitask-final/data_processed/classification_crops/external_test/knot/vnwoodknot_001531_0001699.jpg,VNWoodKnot/VNWoodKnot A High-Quality Image Dataset for Wood K/VNWoodKnot/VNWoodKnot/train/1/img_3519.jpg,vnwoodknot,folder_class,vnwoodknot:train:img_3519,knot,crack,0.9999998807907104,0.9999998807907104,1.411868026934826e-07,3.930774372662427e-09,False
wood-multitask-final/data_processed/classification_crops/external_test/knot/vnwoodknot_001532_0001700.jpg,VNWoodKnot/VNWoodKnot A High-Quality Image Dataset for Wood K/VNWoodKnot/VNWoodKnot/train/1/img_3523.jpg,vnwoodknot,folder_class,vnwoodknot:train:img_3523,knot,crack,0.9999961853027344,0.9999961853027344,3.834528342849808e-06,2.025077883160975e-08,False
wood-multitask-final/data_processed/classification_crops/external_test/knot/vnwoodknot_001533_0001701.jpg,VNWoodKnot/VNWoodKnot A High-Quality Image Dataset for Wood K/VNWoodKnot/VNWoodKnot/train/1/img_3526.jpg,vnwoodknot,folder_class,vnwoodknot:train:img_3526,knot,crack,0.999134361743927,0.999134361743927,0.0008656794670969248,6.836074373239853e-09,False
wood-multitask-final/data_processed/classification_crops/external_test/knot/vnwoodknot_001534_0001702.jpg,VNWoodKnot/VNWoodKnot A High-Quality Image Dataset for Wood K/VNWoodKnot/VNWoodKnot/train/1/img_3530.jpg,vnwoodknot,folder_class,vnwoodknot:train:img_3530,knot,crack,1.0,1.0,2.1173294229015482e-09,1.789446812949791e-09,False
wood-multitask-final/data_processed/classification_crops/external_test/knot/vnwoodknot_001535_0001703.jpg,VNWoodKnot/VNWoodKnot A High-Quality Image Dataset for Wood K/VNWoodKnot/VNWoodKnot/train/1/img_3531.jpg,vnwoodknot,folder_class,vnwoodknot:train:img_3531,knot,crack,0.8373139500617981,0.8373139500617981,0.16223660111427307,0.00044945371337234974,False
wood-multitask-final/data_processed/classification_crops/external_test/knot/vnwoodknot_001536_0001704.jpg,VNWoodKnot/VNWoodKnot A High-Quality Image Dataset for Wood K/VNWoodKnot/VNWoodKnot/train/1/img_3534.jpg,vnwoodknot,folder_class,vnwoodknot:train:img_3534,knot,crack,0.9999760389328003,0.9999760389328003,2.22967573790811e-05,1.6201748849198339e-06,False
wood-multitask-final/data_processed/classification_crops/external_test/knot/vnwoodknot_001537_0001705.jpg,VNWoodKnot/VNWoodKnot A High-Quality Image Dataset for Wood K/VNWoodKnot/VNWoodKnot/train/1/img_3535.jpg,vnwoodknot,folder_class,vnwoodknot:train:img_3535,knot,crack,0.9472359418869019,0.9472359418869019,0.05274788290262222,1.6149784642038867e-05,False
wood-multitask-final/data_processed/classification_crops/external_test/knot/vnwoodknot_001538_0001706.jpg,VNWoodKnot/VNWoodKnot A High-Quality Image Dataset for Wood K/VNWoodKnot/VNWoodKnot/train/1/img_3538.jpg,vnwoodknot,folder_class,vnwoodknot:train:img_3538,knot,crack,0.7628200650215149,0.7628200650215149,0.21083587408065796,0.026344027370214462,False
wood-multitask-final/data_processed/classification_crops/external_test/knot/vnwoodknot_001539_0001707.jpg,VNWoodKnot/VNWoodKnot A High-Quality Image Dataset for Wood K/VNWoodKnot/VNWoodKnot/train/1/img_3539.jpg,vnwoodknot,folder_class,vnwoodknot:train:img_3539,knot,knot,0.9914270639419556,0.0041077109053730965,0.9914270639419556,0.004465226549655199,True
wood-multitask-final/data_processed/classification_crops/external_test/knot/vnwoodknot_001540_0001708.jpg,VNWoodKnot/VNWoodKnot A High-Quality Image Dataset for Wood K/VNWoodKnot/VNWoodKnot/train/1/img_3540.jpg,vnwoodknot,folder_class,vnwoodknot:train:img_3540,knot,knot,0.9984475374221802,0.001552410889416933,0.9984475374221802,2.981835223181406e-09,True
wood-multitask-final/data_processed/classification_crops/external_test/knot/vnwoodknot_001541_0001709.jpg,VNWoodKnot/VNWoodKnot A High-Quality Image Dataset for Wood K/VNWoodKnot/VNWoodKnot/train/1/img_3543.jpg,vnwoodknot,folder_class,vnwoodknot:train:img_3543,knot,crack,1.0,1.0,3.7106815398146864e-09,6.287350640121758e-10,False
wood-multitask-final/data_processed/classification_crops/external_test/knot/vnwoodknot_001542_0001710.jpg,VNWoodKnot/VNWoodKnot A High-Quality Image Dataset for Wood K/VNWoodKnot/VNWoodKnot/train/1/img_3546.jpg,vnwoodknot,folder_class,vnwoodknot:train:img_3546,knot,normal,0.4165031313896179,0.35105839371681213,0.23243850469589233,0.4165031313896179,False
wood-multitask-final/data_processed/classification_crops/external_test/knot/vnwoodknot_001543_0001711.jpg,VNWoodKnot/VNWoodKnot A High-Quality Image Dataset for Wood K/VNWoodKnot/VNWoodKnot/train/1/img_3552.jpg,vnwoodknot,folder_class,vnwoodknot:train:img_3552,knot,knot,0.9993032217025757,0.0006961277103982866,0.9993032217025757,6.204713258739503e-07,True
wood-multitask-final/data_processed/classification_crops/external_test/knot/vnwoodknot_001544_0001712.jpg,VNWoodKnot/VNWoodKnot A High-Quality Image Dataset for Wood K/VNWoodKnot/VNWoodKnot/train/1/img_3553.jpg,vnwoodknot,folder_class,vnwoodknot:train:img_3553,knot,normal,0.7355507612228394,0.24411360919475555,0.020335599780082703,0.7355507612228394,False
wood-multitask-final/data_processed/classification_crops/external_test/knot/vnwoodknot_001545_0001713.jpg,VNWoodKnot/VNWoodKnot A High-Quality Image Dataset for Wood K/VNWoodKnot/VNWoodKnot/train/1/img_3554.jpg,vnwoodknot,folder_class,vnwoodknot:train:img_3554,knot,crack,0.9999998807907104,0.9999998807907104,1.6232193900123093e-07,5.977759953701423e-11,False
wood-multitask-final/data_processed/classification_crops/external_test/knot/vnwoodknot_001546_0001714.jpg,VNWoodKnot/VNWoodKnot A High-Quality Image Dataset for Wood K/VNWoodKnot/VNWoodKnot/train/1/img_3555.jpg,vnwoodknot,folder_class,vnwoodknot:train:img_3555,knot,crack,0.9994062185287476,0.9994062185287476,0.0005653369589708745,2.844175833160989e-05,False
wood-multitask-final/data_processed/classification_crops/external_test/knot/vnwoodknot_001547_0001715.jpg,VNWoodKnot/VNWoodKnot A High-Quality Image Dataset for Wood K/VNWoodKnot/VNWoodKnot/train/1/img_3557.jpg,vnwoodknot,folder_class,vnwoodknot:train:img_3557,knot,crack,0.6561899185180664,0.6561899185180664,0.3423590064048767,0.0014510463224723935,False
wood-multitask-final/data_processed/classification_crops/external_test/knot/vnwoodknot_001548_0001716.jpg,VNWoodKnot/VNWoodKnot A High-Quality Image Dataset for Wood K/VNWoodKnot/VNWoodKnot/train/1/img_3558.jpg,vnwoodknot,folder_class,vnwoodknot:train:img_3558,knot,crack,0.9999995231628418,0.9999995231628418,5.23921471540234e-07,1.3913670215970342e-09,False
wood-multitask-final/data_processed/classification_crops/external_test/knot/vnwoodknot_001549_0001717.jpg,VNWoodKnot/VNWoodKnot A High-Quality Image Dataset for Wood K/VNWoodKnot/VNWoodKnot/train/1/img_3559.jpg,vnwoodknot,folder_class,vnwoodknot:train:img_3559,knot,crack,0.999411940574646,0.999411940574646,4.747262573800981e-05,0.000540594628546387,False
wood-multitask-final/data_processed/classification_crops/external_test/knot/vnwoodknot_001550_0001718.jpg,VNWoodKnot/VNWoodKnot A High-Quality Image Dataset for Wood K/VNWoodKnot/VNWoodKnot/train/1/img_3561.jpg,vnwoodknot,folder_class,vnwoodknot:train:img_3561,knot,crack,0.8582510948181152,0.8582510948181152,0.1417485773563385,2.7215307341066364e-07,False
wood-multitask-final/data_processed/classification_crops/external_test/knot/vnwoodknot_001551_0001719.jpg,VNWoodKnot/VNWoodKnot A High-Quality Image Dataset for Wood K/VNWoodKnot/VNWoodKnot/train/1/img_3562.jpg,vnwoodknot,folder_class,vnwoodknot:train:img_3562,knot,crack,0.9999995231628418,0.9999995231628418,4.6434843170573004e-07,4.78212192067673e-10,False
wood-multitask-final/data_processed/classification_crops/external_test/knot/vnwoodknot_001552_0001720.jpg,VNWoodKnot/VNWoodKnot A High-Quality Image Dataset for Wood K/VNWoodKnot/VNWoodKnot/train/1/img_3563.jpg,vnwoodknot,folder_class,vnwoodknot:train:img_3563,knot,crack,0.8114563226699829,0.8114563226699829,0.1881318837404251,0.00041178386891260743,False
wood-multitask-final/data_processed/classification_crops/external_test/knot/vnwoodknot_001553_0001721.jpg,VNWoodKnot/VNWoodKnot A High-Quality Image Dataset for Wood K/VNWoodKnot/VNWoodKnot/train/1/img_3565.jpg,vnwoodknot,folder_class,vnwoodknot:train:img_3565,knot,knot,0.890221893787384,0.10972947627305984,0.890221893787384,4.8599544243188575e-05,True
wood-multitask-final/data_processed/classification_crops/external_test/knot/vnwoodknot_001554_0001722.jpg,VNWoodKnot/VNWoodKnot A High-Quality Image Dataset for Wood K/VNWoodKnot/VNWoodKnot/train/1/img_3567.jpg,vnwoodknot,folder_class,vnwoodknot:train:img_3567,knot,crack,0.9993663430213928,0.9993663430213928,0.0006337016238830984,8.325469480485737e-11,False
wood-multitask-final/data_processed/classification_crops/external_test/knot/vnwoodknot_001555_0001723.jpg,VNWoodKnot/VNWoodKnot A High-Quality Image Dataset for Wood K/VNWoodKnot/VNWoodKnot/train/1/img_3569.jpg,vnwoodknot,folder_class,vnwoodknot:train:img_3569,knot,crack,0.9983824491500854,0.9983824491500854,0.0016173786716535687,1.2264867166322801e-07,False
wood-multitask-final/data_processed/classification_crops/external_test/knot/vnwoodknot_001556_0001724.jpg,VNWoodKnot/VNWoodKnot A High-Quality Image Dataset for Wood K/VNWoodKnot/VNWoodKnot/train/1/img_3570.jpg,vnwoodknot,folder_class,vnwoodknot:train:img_3570,knot,crack,0.989406168460846,0.989406168460846,0.010592930018901825,9.480098128733516e-07,False
wood-multitask-final/data_processed/classification_crops/external_test/knot/vnwoodknot_001557_0001725.jpg,VNWoodKnot/VNWoodKnot A High-Quality Image Dataset for Wood K/VNWoodKnot/VNWoodKnot/train/1/img_3572.jpg,vnwoodknot,folder_class,vnwoodknot:train:img_3572,knot,crack,0.9999996423721313,0.9999996423721313,3.215889705643349e-07,2.9707927090560915e-11,False
wood-multitask-final/data_processed/classification_crops/external_test/knot/vnwoodknot_001558_0001726.jpg,VNWoodKnot/VNWoodKnot A High-Quality Image Dataset for Wood K/VNWoodKnot/VNWoodKnot/train/1/img_3573.jpg,vnwoodknot,folder_class,vnwoodknot:train:img_3573,knot,crack,0.9072296023368835,0.9072296023368835,0.09276900440454483,1.383469225402223e-06,False
wood-multitask-final/data_processed/classification_crops/external_test/knot/vnwoodknot_001559_0001727.jpg,VNWoodKnot/VNWoodKnot A High-Quality Image Dataset for Wood K/VNWoodKnot/VNWoodKnot/train/1/img_3575.jpg,vnwoodknot,folder_class,vnwoodknot:train:img_3575,knot,crack,1.0,1.0,1.588759168669185e-08,5.7243782630722606e-11,False
wood-multitask-final/data_processed/classification_crops/external_test/knot/vnwoodknot_001560_0001728.jpg,VNWoodKnot/VNWoodKnot A High-Quality Image Dataset for Wood K/VNWoodKnot/VNWoodKnot/train/1/img_3576.jpg,vnwoodknot,folder_class,vnwoodknot:train:img_3576,knot,crack,0.7038776874542236,0.7038776874542236,0.0026048715226352215,0.29351747035980225,False
wood-multitask-final/data_processed/classification_crops/external_test/knot/vnwoodknot_001561_0001729.jpg,VNWoodKnot/VNWoodKnot A High-Quality Image Dataset for Wood K/VNWoodKnot/VNWoodKnot/train/1/img_3580.jpg,vnwoodknot,folder_class,vnwoodknot:train:img_3580,knot,normal,0.41640496253967285,0.22879990935325623,0.35479509830474854,0.41640496253967285,False
wood-multitask-final/data_processed/classification_crops/external_test/knot/vnwoodknot_001562_0001730.jpg,VNWoodKnot/VNWoodKnot A High-Quality Image Dataset for Wood K/VNWoodKnot/VNWoodKnot/train/1/img_3581.jpg,vnwoodknot,folder_class,vnwoodknot:train:img_3581,knot,crack,0.9999814033508301,0.9999814033508301,5.33975526195718e-06,1.3268354450701736e-05,False
wood-multitask-final/data_processed/classification_crops/external_test/knot/vnwoodknot_001563_0001731.jpg,VNWoodKnot/VNWoodKnot A High-Quality Image Dataset for Wood K/VNWoodKnot/VNWoodKnot/train/1/img_3582.jpg,vnwoodknot,folder_class,vnwoodknot:train:img_3582,knot,knot,0.6548647880554199,0.345127671957016,0.6548647880554199,7.546116648882162e-06,True
wood-multitask-final/data_processed/classification_crops/external_test/knot/vnwoodknot_001564_0001732.jpg,VNWoodKnot/VNWoodKnot A High-Quality Image Dataset for Wood K/VNWoodKnot/VNWoodKnot/train/1/img_3584.jpg,vnwoodknot,folder_class,vnwoodknot:train:img_3584,knot,knot,0.581122875213623,0.4187279939651489,0.581122875213623,0.000149139465065673,True
wood-multitask-final/data_processed/classification_crops/external_test/knot/vnwoodknot_001565_0001733.jpg,VNWoodKnot/VNWoodKnot A High-Quality Image Dataset for Wood K/VNWoodKnot/VNWoodKnot/train/1/img_3588.jpg,vnwoodknot,folder_class,vnwoodknot:train:img_3588,knot,crack,0.9983348250389099,0.9983348250389099,0.0014792055590078235,0.00018601219926495105,False
wood-multitask-final/data_processed/classification_crops/external_test/knot/vnwoodknot_001566_0001734.jpg,VNWoodKnot/VNWoodKnot A High-Quality Image Dataset for Wood K/VNWoodKnot/VNWoodKnot/train/1/img_3591.jpg,vnwoodknot,folder_class,vnwoodknot:train:img_3591,knot,crack,0.6687952876091003,0.6687952876091003,0.2700466215610504,0.06115802377462387,False
wood-multitask-final/data_processed/classification_crops/external_test/knot/vnwoodknot_001567_0001735.jpg,VNWoodKnot/VNWoodKnot A High-Quality Image Dataset for Wood K/VNWoodKnot/VNWoodKnot/train/1/img_3595.jpg,vnwoodknot,folder_class,vnwoodknot:train:img_3595,knot,crack,0.9952880144119263,0.9952880144119263,0.00027581260656006634,0.004436120856553316,False
wood-multitask-final/data_processed/classification_crops/external_test/knot/vnwoodknot_001568_0001736.jpg,VNWoodKnot/VNWoodKnot A High-Quality Image Dataset for Wood K/VNWoodKnot/VNWoodKnot/train/1/img_3599.jpg,vnwoodknot,folder_class,vnwoodknot:train:img_3599,knot,crack,0.9998846054077148,0.9998846054077148,0.00010886743984883651,6.542607479786966e-06,False
wood-multitask-final/data_processed/classification_crops/external_test/knot/vnwoodknot_001569_0001737.jpg,VNWoodKnot/VNWoodKnot A High-Quality Image Dataset for Wood K/VNWoodKnot/VNWoodKnot/train/1/img_3600.jpg,vnwoodknot,folder_class,vnwoodknot:train:img_3600,knot,crack,0.9785053730010986,0.9785053730010986,0.021491754800081253,2.973197524624993e-06,False
wood-multitask-final/data_processed/classification_crops/external_test/knot/vnwoodknot_001570_0001738.jpg,VNWoodKnot/VNWoodKnot A High-Quality Image Dataset for Wood K/VNWoodKnot/VNWoodKnot/train/1/img_3601.jpg,vnwoodknot,folder_class,vnwoodknot:train:img_3601,knot,crack,0.9935858845710754,0.9935858845710754,0.0064140139147639275,1.0992522447850206e-07,False
wood-multitask-final/data_processed/classification_crops/external_test/knot/vnwoodknot_001571_0001739.jpg,VNWoodKnot/VNWoodKnot A High-Quality Image Dataset for Wood K/VNWoodKnot/VNWoodKnot/train/1/img_3602.jpg,vnwoodknot,folder_class,vnwoodknot:train:img_3602,knot,crack,0.9999974966049194,0.9999974966049194,2.532761072870926e-06,3.568364093098353e-08,False
wood-multitask-final/data_processed/classification_crops/external_test/knot/vnwoodknot_001572_0001740.jpg,VNWoodKnot/VNWoodKnot A High-Quality Image Dataset for Wood K/VNWoodKnot/VNWoodKnot/train/1/img_3604.jpg,vnwoodknot,folder_class,vnwoodknot:train:img_3604,knot,crack,0.9999876022338867,0.9999876022338867,1.1389972314646002e-05,9.72635916696163e-07,False
wood-multitask-final/data_processed/classification_crops/external_test/knot/vnwoodknot_001573_0001741.jpg,VNWoodKnot/VNWoodKnot A High-Quality Image Dataset for Wood K/VNWoodKnot/VNWoodKnot/train/1/img_3606.jpg,vnwoodknot,folder_class,vnwoodknot:train:img_3606,knot,crack,0.9965908527374268,0.9965908527374268,0.00339555274695158,1.3619071978610009e-05,False
wood-multitask-final/data_processed/classification_crops/external_test/knot/vnwoodknot_001574_0001742.jpg,VNWoodKnot/VNWoodKnot A High-Quality Image Dataset for Wood K/VNWoodKnot/VNWoodKnot/train/1/img_3607.jpg,vnwoodknot,folder_class,vnwoodknot:train:img_3607,knot,crack,0.9986390471458435,0.9986390471458435,0.0013609540183097124,7.477975572101059e-09,False
wood-multitask-final/data_processed/classification_crops/external_test/knot/vnwoodknot_001575_0001743.jpg,VNWoodKnot/VNWoodKnot A High-Quality Image Dataset for Wood K/VNWoodKnot/VNWoodKnot/train/1/img_3609.jpg,vnwoodknot,folder_class,vnwoodknot:train:img_3609,knot,knot,0.9990906715393066,0.0009093405678868294,0.9990906715393066,1.538709781812031e-08,True
wood-multitask-final/data_processed/classification_crops/external_test/knot/vnwoodknot_001576_0001744.jpg,VNWoodKnot/VNWoodKnot A High-Quality Image Dataset for Wood K/VNWoodKnot/VNWoodKnot/train/1/img_3610.jpg,vnwoodknot,folder_class,vnwoodknot:train:img_3610,knot,crack,0.7962306141853333,0.7962306141853333,0.20353999733924866,0.00022938930487725884,False
wood-multitask-final/data_processed/classification_crops/external_test/knot/vnwoodknot_001577_0001745.jpg,VNWoodKnot/VNWoodKnot A High-Quality Image Dataset for Wood K/VNWoodKnot/VNWoodKnot/train/1/img_3611.jpg,vnwoodknot,folder_class,vnwoodknot:train:img_3611,knot,knot,0.8827847242355347,0.11720680445432663,0.8827847242355347,8.484213140036445e-06,True
wood-multitask-final/data_processed/classification_crops/external_test/knot/vnwoodknot_001578_0001746.jpg,VNWoodKnot/VNWoodKnot A High-Quality Image Dataset for Wood K/VNWoodKnot/VNWoodKnot/train/1/img_3612.jpg,vnwoodknot,folder_class,vnwoodknot:train:img_3612,knot,crack,0.9538701772689819,0.9538701772689819,0.04595597833395004,0.00017391960136592388,False
wood-multitask-final/data_processed/classification_crops/external_test/knot/vnwoodknot_001579_0001747.jpg,VNWoodKnot/VNWoodKnot A High-Quality Image Dataset for Wood K/VNWoodKnot/VNWoodKnot/train/1/img_3613.jpg,vnwoodknot,folder_class,vnwoodknot:train:img_3613,knot,crack,0.9995704293251038,0.9995704293251038,0.00033050263300538063,9.90085827652365e-05,False
wood-multitask-final/data_processed/classification_crops/external_test/knot/vnwoodknot_001580_0001748.jpg,VNWoodKnot/VNWoodKnot A High-Quality Image Dataset for Wood K/VNWoodKnot/VNWoodKnot/train/1/img_3616.jpg,vnwoodknot,folder_class,vnwoodknot:train:img_3616,knot,knot,0.9763195514678955,0.0022103984374552965,0.9763195514678955,0.021469976752996445,True
wood-multitask-final/data_processed/classification_crops/external_test/knot/vnwoodknot_001581_0001749.jpg,VNWoodKnot/VNWoodKnot A High-Quality Image Dataset for Wood K/VNWoodKnot/VNWoodKnot/train/1/img_3618.jpg,vnwoodknot,folder_class,vnwoodknot:train:img_3618,knot,knot,0.9991664886474609,0.0007553818868473172,0.9991664886474609,7.809572707628831e-05,True
wood-multitask-final/data_processed/classification_crops/external_test/knot/vnwoodknot_001582_0001750.jpg,VNWoodKnot/VNWoodKnot A High-Quality Image Dataset for Wood K/VNWoodKnot/VNWoodKnot/train/1/img_3621.jpg,vnwoodknot,folder_class,vnwoodknot:train:img_3621,knot,crack,0.9999836683273315,0.9999836683273315,6.174963345983997e-06,1.0096961887029465e-05,False
wood-multitask-final/data_processed/classification_crops/external_test/knot/vnwoodknot_001583_0001751.jpg,VNWoodKnot/VNWoodKnot A High-Quality Image Dataset for Wood K/VNWoodKnot/VNWoodKnot/train/1/img_3622.jpg,vnwoodknot,folder_class,vnwoodknot:train:img_3622,knot,knot,0.6987475156784058,0.30025339126586914,0.6987475156784058,0.0009990646503865719,True
wood-multitask-final/data_processed/classification_crops/external_test/knot/vnwoodknot_001584_0001752.jpg,VNWoodKnot/VNWoodKnot A High-Quality Image Dataset for Wood K/VNWoodKnot/VNWoodKnot/train/1/img_3624.jpg,vnwoodknot,folder_class,vnwoodknot:train:img_3624,knot,crack,0.9971861243247986,0.9971861243247986,0.00278019648976624,3.361129347467795e-05,False
wood-multitask-final/data_processed/classification_crops/external_test/knot/vnwoodknot_001585_0001753.jpg,VNWoodKnot/VNWoodKnot A High-Quality Image Dataset for Wood K/VNWoodKnot/VNWoodKnot/train/1/img_3625(1).jpg,vnwoodknot,folder_class,vnwoodknot:train:img_3625(1),knot,knot,0.9969438910484314,0.002711442532017827,0.9969438910484314,0.00034465501084923744,True
wood-multitask-final/data_processed/classification_crops/external_test/knot/vnwoodknot_001586_0001754.jpg,VNWoodKnot/VNWoodKnot A High-Quality Image Dataset for Wood K/VNWoodKnot/VNWoodKnot/train/1/img_3627(1).jpg,vnwoodknot,folder_class,vnwoodknot:train:img_3627(1),knot,crack,0.9998098015785217,0.9998098015785217,0.0001902242365758866,7.548711100646699e-10,False
wood-multitask-final/data_processed/classification_crops/external_test/knot/vnwoodknot_001587_0001755.jpg,VNWoodKnot/VNWoodKnot A High-Quality Image Dataset for Wood K/VNWoodKnot/VNWoodKnot/train/1/img_3631.jpg,vnwoodknot,folder_class,vnwoodknot:train:img_3631,knot,crack,0.7193613052368164,0.7193613052368164,0.280638724565506,3.0383540128298137e-09,False
wood-multitask-final/data_processed/classification_crops/external_test/knot/vnwoodknot_001588_0001756.jpg,VNWoodKnot/VNWoodKnot A High-Quality Image Dataset for Wood K/VNWoodKnot/VNWoodKnot/train/1/img_3632.jpg,vnwoodknot,folder_class,vnwoodknot:train:img_3632,knot,knot,0.9233214259147644,9.485801274422556e-05,0.9233214259147644,0.076583631336689,True
wood-multitask-final/data_processed/classification_crops/external_test/knot/vnwoodknot_001589_0001757.jpg,VNWoodKnot/VNWoodKnot A High-Quality Image Dataset for Wood K/VNWoodKnot/VNWoodKnot/train/1/img_3633.jpg,vnwoodknot,folder_class,vnwoodknot:train:img_3633,knot,crack,0.9993664622306824,0.9993664622306824,0.0006335125654004514,1.544713512657836e-08,False
wood-multitask-final/data_processed/classification_crops/external_test/knot/vnwoodknot_001590_0001758.jpg,VNWoodKnot/VNWoodKnot A High-Quality Image Dataset for Wood K/VNWoodKnot/VNWoodKnot/train/1/img_3635.jpg,vnwoodknot,folder_class,vnwoodknot:train:img_3635,knot,crack,0.509579062461853,0.509579062461853,0.49031731486320496,0.00010362578177591786,False
wood-multitask-final/data_processed/classification_crops/external_test/knot/vnwoodknot_001591_0001759.jpg,VNWoodKnot/VNWoodKnot A High-Quality Image Dataset for Wood K/VNWoodKnot/VNWoodKnot/train/1/img_3636.jpg,vnwoodknot,folder_class,vnwoodknot:train:img_3636,knot,knot,0.8024150133132935,0.13305887579917908,0.8024150133132935,0.06452611088752747,True
wood-multitask-final/data_processed/classification_crops/external_test/knot/vnwoodknot_001592_0001760.jpg,VNWoodKnot/VNWoodKnot A High-Quality Image Dataset for Wood K/VNWoodKnot/VNWoodKnot/train/1/img_3637.jpg,vnwoodknot,folder_class,vnwoodknot:train:img_3637,knot,knot,0.9411819577217102,0.054228197783231735,0.9411819577217102,0.004589947406202555,True
wood-multitask-final/data_processed/classification_crops/external_test/knot/vnwoodknot_001593_0001761.jpg,VNWoodKnot/VNWoodKnot A High-Quality Image Dataset for Wood K/VNWoodKnot/VNWoodKnot/train/1/img_3639.jpg,vnwoodknot,folder_class,vnwoodknot:train:img_3639,knot,crack,0.6570736169815063,0.6570736169815063,0.342827707529068,9.872622467810288e-05,False
wood-multitask-final/data_processed/classification_crops/external_test/knot/vnwoodknot_001594_0001762.jpg,VNWoodKnot/VNWoodKnot A High-Quality Image Dataset for Wood K/VNWoodKnot/VNWoodKnot/train/1/img_3640.jpg,vnwoodknot,folder_class,vnwoodknot:train:img_3640,knot,knot,0.5904424786567688,0.40955740213394165,0.5904424786567688,9.708589487900099e-08,True
wood-multitask-final/data_processed/classification_crops/external_test/knot/vnwoodknot_001595_0001763.jpg,VNWoodKnot/VNWoodKnot A High-Quality Image Dataset for Wood K/VNWoodKnot/VNWoodKnot/train/1/img_3641(1).jpg,vnwoodknot,folder_class,vnwoodknot:train:img_3641(1),knot,crack,0.9637253880500793,0.9637253880500793,0.03624224290251732,3.243634637328796e-05,False
wood-multitask-final/data_processed/classification_crops/external_test/knot/vnwoodknot_001596_0001764.jpg,VNWoodKnot/VNWoodKnot A High-Quality Image Dataset for Wood K/VNWoodKnot/VNWoodKnot/train/1/img_3821.jpg,vnwoodknot,folder_class,vnwoodknot:train:img_3821,knot,knot,0.9832053780555725,0.0015536841237917542,0.9832053780555725,0.015240938402712345,True
wood-multitask-final/data_processed/classification_crops/external_test/knot/vnwoodknot_001597_0001765.jpg,VNWoodKnot/VNWoodKnot A High-Quality Image Dataset for Wood K/VNWoodKnot/VNWoodKnot/train/1/img_3823.jpg,vnwoodknot,folder_class,vnwoodknot:train:img_3823,knot,knot,0.9572866559028625,0.04224656894803047,0.9572866559028625,0.0004668713372666389,True
wood-multitask-final/data_processed/classification_crops/external_test/knot/vnwoodknot_001598_0001766.jpg,VNWoodKnot/VNWoodKnot A High-Quality Image Dataset for Wood K/VNWoodKnot/VNWoodKnot/train/1/img_3824.jpg,vnwoodknot,folder_class,vnwoodknot:train:img_3824,knot,crack,0.827079713344574,0.827079713344574,0.1689700037240982,0.003950354643166065,False
wood-multitask-final/data_processed/classification_crops/external_test/knot/vnwoodknot_001599_0001767.jpg,VNWoodKnot/VNWoodKnot A High-Quality Image Dataset for Wood K/VNWoodKnot/VNWoodKnot/train/1/img_3825.jpg,vnwoodknot,folder_class,vnwoodknot:train:img_3825,knot,crack,0.9999871253967285,0.9999871253967285,1.2914267244923394e-05,7.283934566615358e-10,False
wood-multitask-final/data_processed/classification_crops/external_test/knot/vnwoodknot_001600_0001768.jpg,VNWoodKnot/VNWoodKnot A High-Quality Image Dataset for Wood K/VNWoodKnot/VNWoodKnot/train/1/img_3826.jpg,vnwoodknot,folder_class,vnwoodknot:train:img_3826,knot,crack,0.9999265670776367,0.9999265670776367,6.560436304425821e-05,7.833567906345706e-06,False
wood-multitask-final/data_processed/classification_crops/external_test/knot/vnwoodknot_001601_0001769.jpg,VNWoodKnot/VNWoodKnot A High-Quality Image Dataset for Wood K/VNWoodKnot/VNWoodKnot/train/1/img_3830.jpg,vnwoodknot,folder_class,vnwoodknot:train:img_3830,knot,crack,0.999947190284729,0.999947190284729,5.252417759038508e-05,2.1169452679714595e-07,False
wood-multitask-final/data_processed/classification_crops/external_test/knot/vnwoodknot_001602_0001770.jpg,VNWoodKnot/VNWoodKnot A High-Quality Image Dataset for Wood K/VNWoodKnot/VNWoodKnot/train/1/img_3832.jpg,vnwoodknot,folder_class,vnwoodknot:train:img_3832,knot,crack,0.9981062412261963,0.9981062412261963,0.0018937377026304603,1.6391862089903952e-08,False
wood-multitask-final/data_processed/classification_crops/external_test/knot/vnwoodknot_001603_0001771.jpg,VNWoodKnot/VNWoodKnot A High-Quality Image Dataset for Wood K/VNWoodKnot/VNWoodKnot/train/1/img_3836.jpg,vnwoodknot,folder_class,vnwoodknot:train:img_3836,knot,crack,0.9995903372764587,0.9995903372764587,0.0003953026025556028,1.4402714441530406e-05,False
wood-multitask-final/data_processed/classification_crops/external_test/knot/vnwoodknot_001604_0001772.jpg,VNWoodKnot/VNWoodKnot A High-Quality Image Dataset for Wood K/VNWoodKnot/VNWoodKnot/train/1/img_3840.jpg,vnwoodknot,folder_class,vnwoodknot:train:img_3840,knot,crack,0.8611836433410645,0.8611836433410645,0.12738996744155884,0.011426424607634544,False
wood-multitask-final/data_processed/classification_crops/external_test/knot/vnwoodknot_001605_0001773.jpg,VNWoodKnot/VNWoodKnot A High-Quality Image Dataset for Wood K/VNWoodKnot/VNWoodKnot/train/1/img_3841.jpg,vnwoodknot,folder_class,vnwoodknot:train:img_3841,knot,crack,0.9999959468841553,0.9999959468841553,4.035490292153554e-06,1.090485590715673e-09,False
wood-multitask-final/data_processed/classification_crops/external_test/knot/vnwoodknot_001606_0001774.jpg,VNWoodKnot/VNWoodKnot A High-Quality Image Dataset for Wood K/VNWoodKnot/VNWoodKnot/train/1/img_3843.jpg,vnwoodknot,folder_class,vnwoodknot:train:img_3843,knot,knot,0.4991036653518677,0.042913757264614105,0.4991036653518677,0.4579825699329376,True
wood-multitask-final/data_processed/classification_crops/external_test/knot/vnwoodknot_001607_0001775.jpg,VNWoodKnot/VNWoodKnot A High-Quality Image Dataset for Wood K/VNWoodKnot/VNWoodKnot/train/1/img_3844.jpg,vnwoodknot,folder_class,vnwoodknot:train:img_3844,knot,crack,0.9999501705169678,0.9999501705169678,2.3658163627260365e-05,2.623299224069342e-05,False
wood-multitask-final/data_processed/classification_crops/external_test/knot/vnwoodknot_001608_0001776.jpg,VNWoodKnot/VNWoodKnot A High-Quality Image Dataset for Wood K/VNWoodKnot/VNWoodKnot/train/1/img_3845.jpg,vnwoodknot,folder_class,vnwoodknot:train:img_3845,knot,crack,0.9997261166572571,0.9997261166572571,0.00027387987938709557,3.1266217392911244e-10,False
wood-multitask-final/data_processed/classification_crops/external_test/knot/vnwoodknot_001609_0001777.jpg,VNWoodKnot/VNWoodKnot A High-Quality Image Dataset for Wood K/VNWoodKnot/VNWoodKnot/train/1/img_3848.jpg,vnwoodknot,folder_class,vnwoodknot:train:img_3848,knot,crack,0.9999425411224365,0.9999425411224365,5.7462562836008146e-05,1.3974025492302644e-08,False
wood-multitask-final/data_processed/classification_crops/external_test/knot/vnwoodknot_001610_0001778.jpg,VNWoodKnot/VNWoodKnot A High-Quality Image Dataset for Wood K/VNWoodKnot/VNWoodKnot/train/1/img_3850.jpg,vnwoodknot,folder_class,vnwoodknot:train:img_3850,knot,normal,0.8349729776382446,0.07108654826879501,0.09394041448831558,0.8349729776382446,False
wood-multitask-final/data_processed/classification_crops/external_test/knot/vnwoodknot_001611_0001779.jpg,VNWoodKnot/VNWoodKnot A High-Quality Image Dataset for Wood K/VNWoodKnot/VNWoodKnot/train/1/img_3851.jpg,vnwoodknot,folder_class,vnwoodknot:train:img_3851,knot,crack,0.9467644095420837,0.9467644095420837,0.053092364221811295,0.0001431694399798289,False
wood-multitask-final/data_processed/classification_crops/external_test/knot/vnwoodknot_001612_0001780.jpg,VNWoodKnot/VNWoodKnot A High-Quality Image Dataset for Wood K/VNWoodKnot/VNWoodKnot/train/1/img_3852.jpg,vnwoodknot,folder_class,vnwoodknot:train:img_3852,knot,knot,0.9689308404922485,0.02762557566165924,0.9689308404922485,0.0034436038695275784,True
wood-multitask-final/data_processed/classification_crops/external_test/knot/vnwoodknot_001613_0001781.jpg,VNWoodKnot/VNWoodKnot A High-Quality Image Dataset for Wood K/VNWoodKnot/VNWoodKnot/train/1/img_3853.jpg,vnwoodknot,folder_class,vnwoodknot:train:img_3853,knot,crack,0.9999843835830688,0.9999843835830688,1.5598334357491694e-05,3.946045268321541e-09,False
wood-multitask-final/data_processed/classification_crops/external_test/knot/vnwoodknot_001614_0001782.jpg,VNWoodKnot/VNWoodKnot A High-Quality Image Dataset for Wood K/VNWoodKnot/VNWoodKnot/train/1/img_3857.jpg,vnwoodknot,folder_class,vnwoodknot:train:img_3857,knot,knot,0.9051744937896729,0.04932694509625435,0.9051744937896729,0.04549859091639519,True
wood-multitask-final/data_processed/classification_crops/external_test/knot/vnwoodknot_001615_0001783.jpg,VNWoodKnot/VNWoodKnot A High-Quality Image Dataset for Wood K/VNWoodKnot/VNWoodKnot/train/1/img_3858.jpg,vnwoodknot,folder_class,vnwoodknot:train:img_3858,knot,normal,0.8135651350021362,0.09456417709589005,0.0918707624077797,0.8135651350021362,False
wood-multitask-final/data_processed/classification_crops/external_test/knot/vnwoodknot_001616_0001784.jpg,VNWoodKnot/VNWoodKnot A High-Quality Image Dataset for Wood K/VNWoodKnot/VNWoodKnot/train/1/img_3859.jpg,vnwoodknot,folder_class,vnwoodknot:train:img_3859,knot,knot,0.9985899329185486,0.0014077143277972937,0.9985899329185486,2.334962800887297e-06,True
wood-multitask-final/data_processed/classification_crops/external_test/knot/vnwoodknot_001617_0001785.jpg,VNWoodKnot/VNWoodKnot A High-Quality Image Dataset for Wood K/VNWoodKnot/VNWoodKnot/train/1/img_3861.jpg,vnwoodknot,folder_class,vnwoodknot:train:img_3861,knot,crack,0.3890734016895294,0.3890734016895294,0.23776331543922424,0.37316328287124634,False
wood-multitask-final/data_processed/classification_crops/external_test/knot/vnwoodknot_001618_0001786.jpg,VNWoodKnot/VNWoodKnot A High-Quality Image Dataset for Wood K/VNWoodKnot/VNWoodKnot/train/1/img_3863.jpg,vnwoodknot,folder_class,vnwoodknot:train:img_3863,knot,crack,0.9259353876113892,0.9259353876113892,0.0740542933344841,1.0314507562725339e-05,False
wood-multitask-final/data_processed/classification_crops/external_test/knot/vnwoodknot_001619_0001787.jpg,VNWoodKnot/VNWoodKnot A High-Quality Image Dataset for Wood K/VNWoodKnot/VNWoodKnot/train/1/img_3866.jpg,vnwoodknot,folder_class,vnwoodknot:train:img_3866,knot,crack,0.6350177526473999,0.6350177526473999,0.35259994864463806,0.01238231547176838,False
wood-multitask-final/data_processed/classification_crops/external_test/knot/vnwoodknot_001620_0001788.jpg,VNWoodKnot/VNWoodKnot A High-Quality Image Dataset for Wood K/VNWoodKnot/VNWoodKnot/train/1/img_3867.jpg,vnwoodknot,folder_class,vnwoodknot:train:img_3867,knot,crack,0.908403754234314,0.908403754234314,0.04973861947655678,0.04185766354203224,False
wood-multitask-final/data_processed/classification_crops/external_test/knot/vnwoodknot_001621_0001789.jpg,VNWoodKnot/VNWoodKnot A High-Quality Image Dataset for Wood K/VNWoodKnot/VNWoodKnot/train/1/img_3870.jpg,vnwoodknot,folder_class,vnwoodknot:train:img_3870,knot,crack,0.9992700219154358,0.9992700219154358,0.000729600724298507,3.7005830222369696e-07,False
wood-multitask-final/data_processed/classification_crops/external_test/knot/vnwoodknot_001622_0001790.jpg,VNWoodKnot/VNWoodKnot A High-Quality Image Dataset for Wood K/VNWoodKnot/VNWoodKnot/train/1/img_3875.jpg,vnwoodknot,folder_class,vnwoodknot:train:img_3875,knot,normal,0.8697617053985596,0.011875145137310028,0.11836313456296921,0.8697617053985596,False
wood-multitask-final/data_processed/classification_crops/external_test/knot/vnwoodknot_001623_0001791.jpg,VNWoodKnot/VNWoodKnot A High-Quality Image Dataset for Wood K/VNWoodKnot/VNWoodKnot/train/1/img_3878.jpg,vnwoodknot,folder_class,vnwoodknot:train:img_3878,knot,knot,0.9995008707046509,0.0002070924820145592,0.9995008707046509,0.00029209008789621294,True
wood-multitask-final/data_processed/classification_crops/external_test/knot/vnwoodknot_001624_0001792.jpg,VNWoodKnot/VNWoodKnot A High-Quality Image Dataset for Wood K/VNWoodKnot/VNWoodKnot/train/1/img_3879.jpg,vnwoodknot,folder_class,vnwoodknot:train:img_3879,knot,crack,0.9221933484077454,0.9221933484077454,0.0773996040225029,0.0004071302246302366,False
wood-multitask-final/data_processed/classification_crops/external_test/knot/vnwoodknot_001625_0001793.jpg,VNWoodKnot/VNWoodKnot A High-Quality Image Dataset for Wood K/VNWoodKnot/VNWoodKnot/train/1/img_3884.jpg,vnwoodknot,folder_class,vnwoodknot:train:img_3884,knot,crack,0.999420166015625,0.999420166015625,0.0003932775289285928,0.0001865468075266108,False
wood-multitask-final/data_processed/classification_crops/external_test/knot/vnwoodknot_001626_0001794.jpg,VNWoodKnot/VNWoodKnot A High-Quality Image Dataset for Wood K/VNWoodKnot/VNWoodKnot/train/1/img_3885.jpg,vnwoodknot,folder_class,vnwoodknot:train:img_3885,knot,knot,0.5985445380210876,0.4012902081012726,0.5985445380210876,0.00016523158410564065,True
wood-multitask-final/data_processed/classification_crops/external_test/knot/vnwoodknot_001627_0001795.jpg,VNWoodKnot/VNWoodKnot A High-Quality Image Dataset for Wood K/VNWoodKnot/VNWoodKnot/train/1/img_3886.jpg,vnwoodknot,folder_class,vnwoodknot:train:img_3886,knot,normal,0.7437364459037781,0.005493353586643934,0.2507702112197876,0.7437364459037781,False
wood-multitask-final/data_processed/classification_crops/external_test/knot/vnwoodknot_001628_0001796.jpg,VNWoodKnot/VNWoodKnot A High-Quality Image Dataset for Wood K/VNWoodKnot/VNWoodKnot/train/1/img_3887.jpg,vnwoodknot,folder_class,vnwoodknot:train:img_3887,knot,crack,0.9743334650993347,0.9743334650993347,0.025552088394761086,0.00011439621448516846,False
wood-multitask-final/data_processed/classification_crops/external_test/knot/vnwoodknot_001629_0001797.jpg,VNWoodKnot/VNWoodKnot A High-Quality Image Dataset for Wood K/VNWoodKnot/VNWoodKnot/train/1/img_3893.jpg,vnwoodknot,folder_class,vnwoodknot:train:img_3893,knot,knot,0.9881618618965149,0.011787883937358856,0.9881618618965149,5.021533070248552e-05,True
wood-multitask-final/data_processed/classification_crops/external_test/knot/vnwoodknot_001630_0001798.jpg,VNWoodKnot/VNWoodKnot A High-Quality Image Dataset for Wood K/VNWoodKnot/VNWoodKnot/train/1/img_3894.jpg,vnwoodknot,folder_class,vnwoodknot:train:img_3894,knot,crack,0.984584629535675,0.984584629535675,0.01541057974100113,4.761699983646395e-06,False
wood-multitask-final/data_processed/classification_crops/external_test/knot/vnwoodknot_001631_0001799.jpg,VNWoodKnot/VNWoodKnot A High-Quality Image Dataset for Wood K/VNWoodKnot/VNWoodKnot/train/1/img_3896.jpg,vnwoodknot,folder_class,vnwoodknot:train:img_3896,knot,crack,0.9148280024528503,0.9148280024528503,0.029638949781656265,0.05553309991955757,False
wood-multitask-final/data_processed/classification_crops/external_test/knot/vnwoodknot_001632_0001800.jpg,VNWoodKnot/VNWoodKnot A High-Quality Image Dataset for Wood K/VNWoodKnot/VNWoodKnot/train/1/img_3897.jpg,vnwoodknot,folder_class,vnwoodknot:train:img_3897,knot,normal,0.9632261991500854,0.015527168288826942,0.02124662883579731,0.9632261991500854,False
wood-multitask-final/data_processed/classification_crops/external_test/knot/vnwoodknot_001633_0001801.jpg,VNWoodKnot/VNWoodKnot A High-Quality Image Dataset for Wood K/VNWoodKnot/VNWoodKnot/train/1/img_3898.jpg,vnwoodknot,folder_class,vnwoodknot:train:img_3898,knot,crack,0.7505641579627991,0.7505641579627991,0.23656179010868073,0.012874056585133076,False
wood-multitask-final/data_processed/classification_crops/external_test/knot/vnwoodknot_001634_0001802.jpg,VNWoodKnot/VNWoodKnot A High-Quality Image Dataset for Wood K/VNWoodKnot/VNWoodKnot/train/1/img_3899.jpg,vnwoodknot,folder_class,vnwoodknot:train:img_3899,knot,crack,0.9937329888343811,0.9937329888343811,0.0026329595129936934,0.00363410753197968,False
wood-multitask-final/data_processed/classification_crops/external_test/knot/vnwoodknot_001635_0001803.jpg,VNWoodKnot/VNWoodKnot A High-Quality Image Dataset for Wood K/VNWoodKnot/VNWoodKnot/train/1/img_3900.jpg,vnwoodknot,folder_class,vnwoodknot:train:img_3900,knot,knot,0.8049559593200684,0.1917577087879181,0.8049559593200684,0.0032862687949091196,True
wood-multitask-final/data_processed/classification_crops/external_test/knot/vnwoodknot_001636_0001804.jpg,VNWoodKnot/VNWoodKnot A High-Quality Image Dataset for Wood K/VNWoodKnot/VNWoodKnot/train/1/img_3906.jpg,vnwoodknot,folder_class,vnwoodknot:train:img_3906,knot,crack,0.6918439269065857,0.6918439269065857,0.30763840675354004,0.000517692940775305,False
wood-multitask-final/data_processed/classification_crops/external_test/knot/vnwoodknot_001637_0001805.jpg,VNWoodKnot/VNWoodKnot A High-Quality Image Dataset for Wood K/VNWoodKnot/VNWoodKnot/train/1/img_3907.jpg,vnwoodknot,folder_class,vnwoodknot:train:img_3907,knot,crack,0.999920129776001,0.999920129776001,7.982220995472744e-05,2.8373291671886236e-13,False
wood-multitask-final/data_processed/classification_crops/external_test/knot/vnwoodknot_001638_0001806.jpg,VNWoodKnot/VNWoodKnot A High-Quality Image Dataset for Wood K/VNWoodKnot/VNWoodKnot/train/1/img_3910.jpg,vnwoodknot,folder_class,vnwoodknot:train:img_3910,knot,crack,0.9189122915267944,0.9189122915267944,0.08108656853437424,1.1045037808798952e-06,False
wood-multitask-final/data_processed/classification_crops/external_test/knot/vnwoodknot_001639_0001807.jpg,VNWoodKnot/VNWoodKnot A High-Quality Image Dataset for Wood K/VNWoodKnot/VNWoodKnot/train/1/img_3911.jpg,vnwoodknot,folder_class,vnwoodknot:train:img_3911,knot,crack,0.991809070110321,0.991809070110321,0.008184079080820084,6.8200979512766935e-06,False
wood-multitask-final/data_processed/classification_crops/external_test/knot/vnwoodknot_001640_0001808.jpg,VNWoodKnot/VNWoodKnot A High-Quality Image Dataset for Wood K/VNWoodKnot/VNWoodKnot/train/1/img_3913.jpg,vnwoodknot,folder_class,vnwoodknot:train:img_3913,knot,crack,0.9997554421424866,0.9997554421424866,0.0002445089048705995,2.5442907780615087e-09,False
wood-multitask-final/data_processed/classification_crops/external_test/knot/vnwoodknot_001641_0001809.jpg,VNWoodKnot/VNWoodKnot A High-Quality Image Dataset for Wood K/VNWoodKnot/VNWoodKnot/train/1/img_3915.jpg,vnwoodknot,folder_class,vnwoodknot:train:img_3915,knot,normal,0.9236984252929688,0.028837937861680984,0.04746365174651146,0.9236984252929688,False
wood-multitask-final/data_processed/classification_crops/external_test/knot/vnwoodknot_001642_0001810.jpg,VNWoodKnot/VNWoodKnot A High-Quality Image Dataset for Wood K/VNWoodKnot/VNWoodKnot/train/1/img_3919.jpg,vnwoodknot,folder_class,vnwoodknot:train:img_3919,knot,knot,0.9998010993003845,0.00019252250785939395,0.9998010993003845,6.3847878664091695e-06,True
wood-multitask-final/data_processed/classification_crops/external_test/knot/vnwoodknot_001643_0001811.jpg,VNWoodKnot/VNWoodKnot A High-Quality Image Dataset for Wood K/VNWoodKnot/VNWoodKnot/train/1/img_3922.jpg,vnwoodknot,folder_class,vnwoodknot:train:img_3922,knot,crack,0.9993882179260254,0.9993882179260254,0.0006118200835771859,2.844288360392966e-08,False
wood-multitask-final/data_processed/classification_crops/external_test/knot/vnwoodknot_001644_0001812.jpg,VNWoodKnot/VNWoodKnot A High-Quality Image Dataset for Wood K/VNWoodKnot/VNWoodKnot/train/1/img_3923.jpg,vnwoodknot,folder_class,vnwoodknot:train:img_3923,knot,crack,0.9999997615814209,0.9999997615814209,1.8270247892360203e-07,1.0869471989138901e-09,False
wood-multitask-final/data_processed/classification_crops/external_test/knot/vnwoodknot_001645_0001813.jpg,VNWoodKnot/VNWoodKnot A High-Quality Image Dataset for Wood K/VNWoodKnot/VNWoodKnot/train/1/img_3924.jpg,vnwoodknot,folder_class,vnwoodknot:train:img_3924,knot,knot,0.9886296987533569,0.011329513043165207,0.9886296987533569,4.0721432014834136e-05,True
wood-multitask-final/data_processed/classification_crops/external_test/knot/vnwoodknot_001646_0001814.jpg,VNWoodKnot/VNWoodKnot A High-Quality Image Dataset for Wood K/VNWoodKnot/VNWoodKnot/train/1/img_3925.jpg,vnwoodknot,folder_class,vnwoodknot:train:img_3925,knot,crack,0.9967080354690552,0.9967080354690552,0.0011890510795637965,0.002102905185893178,False
wood-multitask-final/data_processed/classification_crops/external_test/knot/vnwoodknot_001647_0001815.jpg,VNWoodKnot/VNWoodKnot A High-Quality Image Dataset for Wood K/VNWoodKnot/VNWoodKnot/train/1/img_3926.jpg,vnwoodknot,folder_class,vnwoodknot:train:img_3926,knot,knot,0.9999440908432007,4.02805490011815e-05,0.9999440908432007,1.563115256431047e-05,True
wood-multitask-final/data_processed/classification_crops/external_test/knot/vnwoodknot_001648_0001816.jpg,VNWoodKnot/VNWoodKnot A High-Quality Image Dataset for Wood K/VNWoodKnot/VNWoodKnot/train/1/img_3927.jpg,vnwoodknot,folder_class,vnwoodknot:train:img_3927,knot,crack,0.9993434548377991,0.9993434548377991,0.0005609233630821109,9.563267667545006e-05,False
wood-multitask-final/data_processed/classification_crops/external_test/knot/vnwoodknot_001649_0001817.jpg,VNWoodKnot/VNWoodKnot A High-Quality Image Dataset for Wood K/VNWoodKnot/VNWoodKnot/train/1/img_3928.jpg,vnwoodknot,folder_class,vnwoodknot:train:img_3928,knot,crack,0.9990781545639038,0.9990781545639038,0.0007864625076763332,0.0001354441774310544,False
wood-multitask-final/data_processed/classification_crops/external_test/knot/vnwoodknot_001650_0001818.jpg,VNWoodKnot/VNWoodKnot A High-Quality Image Dataset for Wood K/VNWoodKnot/VNWoodKnot/train/1/img_3932.jpg,vnwoodknot,folder_class,vnwoodknot:train:img_3932,knot,crack,0.9999996423721313,0.9999996423721313,3.9273041352316795e-07,1.336191313844326e-11,False
wood-multitask-final/data_processed/classification_crops/external_test/knot/vnwoodknot_001651_0001819.jpg,VNWoodKnot/VNWoodKnot A High-Quality Image Dataset for Wood K/VNWoodKnot/VNWoodKnot/train/1/img_3933.jpg,vnwoodknot,folder_class,vnwoodknot:train:img_3933,knot,crack,0.9994726777076721,0.9994726777076721,0.0005192612879909575,8.10959409136558e-06,False
wood-multitask-final/data_processed/classification_crops/external_test/knot/vnwoodknot_001652_0001820.jpg,VNWoodKnot/VNWoodKnot A High-Quality Image Dataset for Wood K/VNWoodKnot/VNWoodKnot/train/1/img_3934.jpg,vnwoodknot,folder_class,vnwoodknot:train:img_3934,knot,crack,0.9992747902870178,0.9992747902870178,0.0007145653362385929,1.055258690030314e-05,False
wood-multitask-final/data_processed/classification_crops/external_test/knot/vnwoodknot_001653_0001821.jpg,VNWoodKnot/VNWoodKnot A High-Quality Image Dataset for Wood K/VNWoodKnot/VNWoodKnot/train/1/img_3935.jpg,vnwoodknot,folder_class,vnwoodknot:train:img_3935,knot,crack,0.9984350800514221,0.9984350800514221,0.0006233503809198737,0.0009415492531843483,False
wood-multitask-final/data_processed/classification_crops/external_test/knot/vnwoodknot_001654_0001822.jpg,VNWoodKnot/VNWoodKnot A High-Quality Image Dataset for Wood K/VNWoodKnot/VNWoodKnot/train/1/img_3939.jpg,vnwoodknot,folder_class,vnwoodknot:train:img_3939,knot,knot,0.7978554368019104,0.1952022761106491,0.7978554368019104,0.006942287553101778,True
wood-multitask-final/data_processed/classification_crops/external_test/knot/vnwoodknot_001655_0001823.jpg,VNWoodKnot/VNWoodKnot A High-Quality Image Dataset for Wood K/VNWoodKnot/VNWoodKnot/train/1/img_3944.jpg,vnwoodknot,folder_class,vnwoodknot:train:img_3944,knot,knot,0.9853025674819946,0.014413824304938316,0.9853025674819946,0.00028352701338008046,True
wood-multitask-final/data_processed/classification_crops/external_test/knot/vnwoodknot_001656_0001824.jpg,VNWoodKnot/VNWoodKnot A High-Quality Image Dataset for Wood K/VNWoodKnot/VNWoodKnot/train/1/img_3950.jpg,vnwoodknot,folder_class,vnwoodknot:train:img_3950,knot,crack,0.999874472618103,0.999874472618103,0.00012187184620415792,3.7053700907563325e-06,False
wood-multitask-final/data_processed/classification_crops/external_test/knot/vnwoodknot_001657_0001825.jpg,VNWoodKnot/VNWoodKnot A High-Quality Image Dataset for Wood K/VNWoodKnot/VNWoodKnot/train/1/img_3951.jpg,vnwoodknot,folder_class,vnwoodknot:train:img_3951,knot,crack,0.9963678121566772,0.9963678121566772,0.003625702578574419,6.5846174948092084e-06,False
wood-multitask-final/data_processed/classification_crops/external_test/knot/vnwoodknot_001658_0001826.jpg,VNWoodKnot/VNWoodKnot A High-Quality Image Dataset for Wood K/VNWoodKnot/VNWoodKnot/train/1/img_3952.jpg,vnwoodknot,folder_class,vnwoodknot:train:img_3952,knot,crack,0.8297417163848877,0.8297417163848877,0.17023731768131256,2.0933784981025383e-05,False
wood-multitask-final/data_processed/classification_crops/external_test/knot/vnwoodknot_001659_0001827.jpg,VNWoodKnot/VNWoodKnot A High-Quality Image Dataset for Wood K/VNWoodKnot/VNWoodKnot/train/1/img_3953.jpg,vnwoodknot,folder_class,vnwoodknot:train:img_3953,knot,crack,0.9999995231628418,0.9999995231628418,4.647569085136638e-07,3.7563346211300086e-08,False
wood-multitask-final/data_processed/classification_crops/external_test/knot/vnwoodknot_001660_0001828.jpg,VNWoodKnot/VNWoodKnot A High-Quality Image Dataset for Wood K/VNWoodKnot/VNWoodKnot/train/1/img_3954.jpg,vnwoodknot,folder_class,vnwoodknot:train:img_3954,knot,knot,0.7219812273979187,0.2778072953224182,0.7219812273979187,0.00021147234656382352,True
wood-multitask-final/data_processed/classification_crops/external_test/knot/vnwoodknot_001661_0001829.jpg,VNWoodKnot/VNWoodKnot A High-Quality Image Dataset for Wood K/VNWoodKnot/VNWoodKnot/train/1/img_3955.jpg,vnwoodknot,folder_class,vnwoodknot:train:img_3955,knot,crack,0.9999980926513672,0.9999980926513672,1.918044063131674e-06,5.005652559120222e-10,False
wood-multitask-final/data_processed/classification_crops/external_test/knot/vnwoodknot_001662_0001830.jpg,VNWoodKnot/VNWoodKnot A High-Quality Image Dataset for Wood K/VNWoodKnot/VNWoodKnot/train/1/img_3957.jpg,vnwoodknot,folder_class,vnwoodknot:train:img_3957,knot,knot,0.5136445760726929,0.4863518178462982,0.5136445760726929,3.695479790621903e-06,True
wood-multitask-final/data_processed/classification_crops/external_test/knot/vnwoodknot_001663_0001831.jpg,VNWoodKnot/VNWoodKnot A High-Quality Image Dataset for Wood K/VNWoodKnot/VNWoodKnot/train/1/img_3958.jpg,vnwoodknot,folder_class,vnwoodknot:train:img_3958,knot,crack,0.8430297374725342,0.8430297374725342,0.08658847957849503,0.07038175314664841,False
wood-multitask-final/data_processed/classification_crops/external_test/knot/vnwoodknot_001664_0001832.jpg,VNWoodKnot/VNWoodKnot A High-Quality Image Dataset for Wood K/VNWoodKnot/VNWoodKnot/train/1/img_3960.jpg,vnwoodknot,folder_class,vnwoodknot:train:img_3960,knot,knot,0.9992033839225769,0.0003515502030495554,0.9992033839225769,0.0004451792628969997,True
wood-multitask-final/data_processed/classification_crops/external_test/knot/vnwoodknot_001665_0001833.jpg,VNWoodKnot/VNWoodKnot A High-Quality Image Dataset for Wood K/VNWoodKnot/VNWoodKnot/train/1/img_3961.jpg,vnwoodknot,folder_class,vnwoodknot:train:img_3961,knot,knot,0.8086294531822205,0.18626205623149872,0.8086294531822205,0.005108480341732502,True
wood-multitask-final/data_processed/classification_crops/external_test/knot/vnwoodknot_001666_0001834.jpg,VNWoodKnot/VNWoodKnot A High-Quality Image Dataset for Wood K/VNWoodKnot/VNWoodKnot/train/1/img_3962.jpg,vnwoodknot,folder_class,vnwoodknot:train:img_3962,knot,knot,0.9808556437492371,0.019139641895890236,0.9808556437492371,4.714567239716416e-06,True
wood-multitask-final/data_processed/classification_crops/external_test/knot/vnwoodknot_001667_0001835.jpg,VNWoodKnot/VNWoodKnot A High-Quality Image Dataset for Wood K/VNWoodKnot/VNWoodKnot/train/1/img_3963.jpg,vnwoodknot,folder_class,vnwoodknot:train:img_3963,knot,knot,0.6023059487342834,0.39768990874290466,0.6023059487342834,4.115978299523704e-06,True
wood-multitask-final/data_processed/classification_crops/external_test/knot/vnwoodknot_001668_0001836.jpg,VNWoodKnot/VNWoodKnot A High-Quality Image Dataset for Wood K/VNWoodKnot/VNWoodKnot/train/1/img_3966.jpg,vnwoodknot,folder_class,vnwoodknot:train:img_3966,knot,knot,0.9807690382003784,0.019194304943084717,0.9807690382003784,3.660806396510452e-05,True
wood-multitask-final/data_processed/classification_crops/external_test/knot/vnwoodknot_001669_0001837.jpg,VNWoodKnot/VNWoodKnot A High-Quality Image Dataset for Wood K/VNWoodKnot/VNWoodKnot/train/1/img_3967.jpg,vnwoodknot,folder_class,vnwoodknot:train:img_3967,knot,knot,0.9965368509292603,0.0009202191140502691,0.9965368509292603,0.002542978385463357,True
wood-multitask-final/data_processed/classification_crops/external_test/knot/vnwoodknot_001670_0001838.jpg,VNWoodKnot/VNWoodKnot A High-Quality Image Dataset for Wood K/VNWoodKnot/VNWoodKnot/train/1/img_3969.jpg,vnwoodknot,folder_class,vnwoodknot:train:img_3969,knot,crack,0.725239098072052,0.725239098072052,0.2747006416320801,6.023306559654884e-05,False
wood-multitask-final/data_processed/classification_crops/external_test/knot/vnwoodknot_001671_0001839.jpg,VNWoodKnot/VNWoodKnot A High-Quality Image Dataset for Wood K/VNWoodKnot/VNWoodKnot/train/1/img_3970.jpg,vnwoodknot,folder_class,vnwoodknot:train:img_3970,knot,crack,0.992820680141449,0.992820680141449,0.007178907748311758,3.740194642887218e-07,False
wood-multitask-final/data_processed/classification_crops/external_test/knot/vnwoodknot_001672_0001840.jpg,VNWoodKnot/VNWoodKnot A High-Quality Image Dataset for Wood K/VNWoodKnot/VNWoodKnot/train/1/img_3972.jpg,vnwoodknot,folder_class,vnwoodknot:train:img_3972,knot,knot,0.9936645030975342,0.005170690827071667,0.9936645030975342,0.0011649142252281308,True
wood-multitask-final/data_processed/classification_crops/external_test/knot/vnwoodknot_001673_0001841.jpg,VNWoodKnot/VNWoodKnot A High-Quality Image Dataset for Wood K/VNWoodKnot/VNWoodKnot/train/1/img_3974.jpg,vnwoodknot,folder_class,vnwoodknot:train:img_3974,knot,crack,0.9999997615814209,0.9999997615814209,2.000712555627615e-07,2.1096606406256768e-10,False
wood-multitask-final/data_processed/classification_crops/external_test/knot/vnwoodknot_001674_0001842.jpg,VNWoodKnot/VNWoodKnot A High-Quality Image Dataset for Wood K/VNWoodKnot/VNWoodKnot/train/1/img_3975.jpg,vnwoodknot,folder_class,vnwoodknot:train:img_3975,knot,knot,0.9662970304489136,0.000954584451392293,0.9662970304489136,0.03274840861558914,True
wood-multitask-final/data_processed/classification_crops/external_test/knot/vnwoodknot_001675_0001843.jpg,VNWoodKnot/VNWoodKnot A High-Quality Image Dataset for Wood K/VNWoodKnot/VNWoodKnot/train/1/img_3976.jpg,vnwoodknot,folder_class,vnwoodknot:train:img_3976,knot,crack,0.8922568559646606,0.8922568559646606,0.10698380321264267,0.0007593322661705315,False
wood-multitask-final/data_processed/classification_crops/external_test/knot/vnwoodknot_001676_0001844.jpg,VNWoodKnot/VNWoodKnot A High-Quality Image Dataset for Wood K/VNWoodKnot/VNWoodKnot/train/1/img_3977.jpg,vnwoodknot,folder_class,vnwoodknot:train:img_3977,knot,crack,1.0,1.0,1.0044958642652091e-08,3.212189403356547e-10,False
wood-multitask-final/data_processed/classification_crops/external_test/knot/vnwoodknot_001677_0001845.jpg,VNWoodKnot/VNWoodKnot A High-Quality Image Dataset for Wood K/VNWoodKnot/VNWoodKnot/train/1/img_3978.jpg,vnwoodknot,folder_class,vnwoodknot:train:img_3978,knot,crack,0.9982321858406067,0.9982321858406067,0.001551750348880887,0.0002160691365133971,False
wood-multitask-final/data_processed/classification_crops/external_test/knot/vnwoodknot_001678_0001846.jpg,VNWoodKnot/VNWoodKnot A High-Quality Image Dataset for Wood K/VNWoodKnot/VNWoodKnot/train/1/img_3979.jpg,vnwoodknot,folder_class,vnwoodknot:train:img_3979,knot,knot,0.9952527284622192,0.0047472198493778706,0.9952527284622192,5.695929772286945e-08,True
wood-multitask-final/data_processed/classification_crops/external_test/knot/vnwoodknot_001679_0001847.jpg,VNWoodKnot/VNWoodKnot A High-Quality Image Dataset for Wood K/VNWoodKnot/VNWoodKnot/train/1/img_3981.jpg,vnwoodknot,folder_class,vnwoodknot:train:img_3981,knot,knot,0.9574013352394104,0.04259869456291199,0.9574013352394104,4.669269770829487e-08,True
wood-multitask-final/data_processed/classification_crops/external_test/knot/vnwoodknot_001680_0001848.jpg,VNWoodKnot/VNWoodKnot A High-Quality Image Dataset for Wood K/VNWoodKnot/VNWoodKnot/train/1/img_3983.jpg,vnwoodknot,folder_class,vnwoodknot:train:img_3983,knot,knot,0.9223280549049377,0.07661513984203339,0.9223280549049377,0.0010566890705376863,True
wood-multitask-final/data_processed/classification_crops/external_test/knot/vnwoodknot_001681_0001849.jpg,VNWoodKnot/VNWoodKnot A High-Quality Image Dataset for Wood K/VNWoodKnot/VNWoodKnot/train/1/img_3986.jpg,vnwoodknot,folder_class,vnwoodknot:train:img_3986,knot,crack,0.8804405927658081,0.8804405927658081,0.11064432561397552,0.008915157988667488,False
wood-multitask-final/data_processed/classification_crops/external_test/knot/vnwoodknot_001682_0001850.jpg,VNWoodKnot/VNWoodKnot A High-Quality Image Dataset for Wood K/VNWoodKnot/VNWoodKnot/train/1/img_3987.jpg,vnwoodknot,folder_class,vnwoodknot:train:img_3987,knot,knot,0.9865899085998535,0.013344308361411095,0.9865899085998535,6.573183054570109e-05,True
wood-multitask-final/data_processed/classification_crops/external_test/knot/vnwoodknot_001683_0001851.jpg,VNWoodKnot/VNWoodKnot A High-Quality Image Dataset for Wood K/VNWoodKnot/VNWoodKnot/train/1/img_3989.jpg,vnwoodknot,folder_class,vnwoodknot:train:img_3989,knot,crack,0.9548184275627136,0.9548184275627136,0.022318532690405846,0.02286294661462307,False
wood-multitask-final/data_processed/classification_crops/external_test/knot/vnwoodknot_001684_0001852.jpg,VNWoodKnot/VNWoodKnot A High-Quality Image Dataset for Wood K/VNWoodKnot/VNWoodKnot/train/1/img_3991.jpg,vnwoodknot,folder_class,vnwoodknot:train:img_3991,knot,crack,0.9647787809371948,0.9647787809371948,0.03522065654397011,5.413368171502952e-07,False
wood-multitask-final/data_processed/classification_crops/external_test/knot/vnwoodknot_001685_0001853.jpg,VNWoodKnot/VNWoodKnot A High-Quality Image Dataset for Wood K/VNWoodKnot/VNWoodKnot/train/1/img_3992.jpg,vnwoodknot,folder_class,vnwoodknot:train:img_3992,knot,normal,0.40529656410217285,0.23136992752552032,0.363333523273468,0.40529656410217285,False
wood-multitask-final/data_processed/classification_crops/external_test/knot/vnwoodknot_001686_0001854.jpg,VNWoodKnot/VNWoodKnot A High-Quality Image Dataset for Wood K/VNWoodKnot/VNWoodKnot/train/1/img_3994.jpg,vnwoodknot,folder_class,vnwoodknot:train:img_3994,knot,crack,0.6221544742584229,0.6221544742584229,0.3504987061023712,0.027346745133399963,False
wood-multitask-final/data_processed/classification_crops/external_test/knot/vnwoodknot_001687_0001855.jpg,VNWoodKnot/VNWoodKnot A High-Quality Image Dataset for Wood K/VNWoodKnot/VNWoodKnot/train/1/img_3996.jpg,vnwoodknot,folder_class,vnwoodknot:train:img_3996,knot,knot,0.9944759011268616,0.004507571924477816,0.9944759011268616,0.00101652427110821,True
wood-multitask-final/data_processed/classification_crops/external_test/knot/vnwoodknot_001688_0001856.jpg,VNWoodKnot/VNWoodKnot A High-Quality Image Dataset for Wood K/VNWoodKnot/VNWoodKnot/train/1/img_3998.jpg,vnwoodknot,folder_class,vnwoodknot:train:img_3998,knot,normal,0.5219439268112183,0.4780142307281494,4.1889161366270855e-05,0.5219439268112183,False
wood-multitask-final/data_processed/classification_crops/external_test/knot/vnwoodknot_001689_0001857.jpg,VNWoodKnot/VNWoodKnot A High-Quality Image Dataset for Wood K/VNWoodKnot/VNWoodKnot/train/1/img_3999.jpg,vnwoodknot,folder_class,vnwoodknot:train:img_3999,knot,knot,0.9967735409736633,0.0032259151339530945,0.9967735409736633,5.332367436494678e-07,True
wood-multitask-final/data_processed/classification_crops/external_test/knot/vnwoodknot_001690_0001858.jpg,VNWoodKnot/VNWoodKnot A High-Quality Image Dataset for Wood K/VNWoodKnot/VNWoodKnot/train/1/img_4001.jpg,vnwoodknot,folder_class,vnwoodknot:train:img_4001,knot,crack,0.7671528458595276,0.7671528458595276,0.12913477420806885,0.1037122830748558,False
wood-multitask-final/data_processed/classification_crops/external_test/knot/vnwoodknot_001691_0001859.jpg,VNWoodKnot/VNWoodKnot A High-Quality Image Dataset for Wood K/VNWoodKnot/VNWoodKnot/train/1/img_4005.jpg,vnwoodknot,folder_class,vnwoodknot:train:img_4005,knot,knot,0.7997637987136841,0.19792567193508148,0.7997637987136841,0.0023105014115571976,True
wood-multitask-final/data_processed/classification_crops/external_test/knot/vnwoodknot_001692_0001860.jpg,VNWoodKnot/VNWoodKnot A High-Quality Image Dataset for Wood K/VNWoodKnot/VNWoodKnot/train/1/img_4006.jpg,vnwoodknot,folder_class,vnwoodknot:train:img_4006,knot,crack,0.8992917537689209,0.8992917537689209,0.09922150522470474,0.001486735069192946,False
wood-multitask-final/data_processed/classification_crops/external_test/knot/vnwoodknot_001693_0001861.jpg,VNWoodKnot/VNWoodKnot A High-Quality Image Dataset for Wood K/VNWoodKnot/VNWoodKnot/train/1/img_4007.jpg,vnwoodknot,folder_class,vnwoodknot:train:img_4007,knot,crack,0.996178388595581,0.996178388595581,0.003821625141426921,1.2654945535928164e-08,False
wood-multitask-final/data_processed/classification_crops/external_test/knot/vnwoodknot_001694_0001862.jpg,VNWoodKnot/VNWoodKnot A High-Quality Image Dataset for Wood K/VNWoodKnot/VNWoodKnot/train/1/img_4009.jpg,vnwoodknot,folder_class,vnwoodknot:train:img_4009,knot,crack,0.9999277591705322,0.9999277591705322,7.166689465520903e-05,5.381990604291786e-07,False
wood-multitask-final/data_processed/classification_crops/external_test/knot/vnwoodknot_001695_0001863.jpg,VNWoodKnot/VNWoodKnot A High-Quality Image Dataset for Wood K/VNWoodKnot/VNWoodKnot/train/1/img_4011.jpg,vnwoodknot,folder_class,vnwoodknot:train:img_4011,knot,knot,0.9987446069717407,0.0012476753909140825,0.9987446069717407,7.76764045440359e-06,True
wood-multitask-final/data_processed/classification_crops/external_test/knot/vnwoodknot_001696_0001864.jpg,VNWoodKnot/VNWoodKnot A High-Quality Image Dataset for Wood K/VNWoodKnot/VNWoodKnot/train/1/img_4014.jpg,vnwoodknot,folder_class,vnwoodknot:train:img_4014,knot,knot,0.996570348739624,0.003227706765756011,0.996570348739624,0.00020199542632326484,True
wood-multitask-final/data_processed/classification_crops/external_test/knot/vnwoodknot_001697_0001865.jpg,VNWoodKnot/VNWoodKnot A High-Quality Image Dataset for Wood K/VNWoodKnot/VNWoodKnot/train/1/img_4015.jpg,vnwoodknot,folder_class,vnwoodknot:train:img_4015,knot,knot,0.872146725654602,0.1278531402349472,0.872146725654602,5.820265513989398e-08,True
wood-multitask-final/data_processed/classification_crops/external_test/knot/vnwoodknot_001698_0001866.jpg,VNWoodKnot/VNWoodKnot A High-Quality Image Dataset for Wood K/VNWoodKnot/VNWoodKnot/train/1/img_4017.jpg,vnwoodknot,folder_class,vnwoodknot:train:img_4017,knot,knot,0.9692127704620361,0.03045094944536686,0.9692127704620361,0.0003362938005011529,True
wood-multitask-final/data_processed/classification_crops/external_test/knot/vnwoodknot_001699_0001867.jpg,VNWoodKnot/VNWoodKnot A High-Quality Image Dataset for Wood K/VNWoodKnot/VNWoodKnot/train/1/img_4019.jpg,vnwoodknot,folder_class,vnwoodknot:train:img_4019,knot,knot,0.5836769342422485,0.4163169860839844,0.5836769342422485,6.142616712168092e-06,True
wood-multitask-final/data_processed/classification_crops/external_test/knot/vnwoodknot_001700_0001868.jpg,VNWoodKnot/VNWoodKnot A High-Quality Image Dataset for Wood K/VNWoodKnot/VNWoodKnot/train/1/img_4022.jpg,vnwoodknot,folder_class,vnwoodknot:train:img_4022,knot,knot,0.7345576286315918,0.14125597476959229,0.7345576286315918,0.12418632954359055,True
wood-multitask-final/data_processed/classification_crops/external_test/knot/vnwoodknot_001701_0001869.jpg,VNWoodKnot/VNWoodKnot A High-Quality Image Dataset for Wood K/VNWoodKnot/VNWoodKnot/train/1/img_4024.jpg,vnwoodknot,folder_class,vnwoodknot:train:img_4024,knot,crack,0.5281317234039307,0.5281317234039307,0.289055734872818,0.18281252682209015,False
wood-multitask-final/data_processed/classification_crops/external_test/knot/vnwoodknot_001702_0001870.jpg,VNWoodKnot/VNWoodKnot A High-Quality Image Dataset for Wood K/VNWoodKnot/VNWoodKnot/train/1/img_4026.jpg,vnwoodknot,folder_class,vnwoodknot:train:img_4026,knot,crack,0.9984931945800781,0.9984931945800781,0.0014859026996418834,2.0973029677406885e-05,False
wood-multitask-final/data_processed/classification_crops/external_test/knot/vnwoodknot_001703_0001871.jpg,VNWoodKnot/VNWoodKnot A High-Quality Image Dataset for Wood K/VNWoodKnot/VNWoodKnot/train/1/img_4031.jpg,vnwoodknot,folder_class,vnwoodknot:train:img_4031,knot,knot,0.9964413046836853,0.0033442811109125614,0.9964413046836853,0.0002143786841770634,True
wood-multitask-final/data_processed/classification_crops/external_test/knot/vnwoodknot_001704_0001872.jpg,VNWoodKnot/VNWoodKnot A High-Quality Image Dataset for Wood K/VNWoodKnot/VNWoodKnot/train/1/img_4033.jpg,vnwoodknot,folder_class,vnwoodknot:train:img_4033,knot,knot,0.9928838014602661,0.007116109598428011,0.9928838014602661,8.765731962512291e-08,True
wood-multitask-final/data_processed/classification_crops/external_test/knot/vnwoodknot_001705_0001873.jpg,VNWoodKnot/VNWoodKnot A High-Quality Image Dataset for Wood K/VNWoodKnot/VNWoodKnot/train/1/img_4034.jpg,vnwoodknot,folder_class,vnwoodknot:train:img_4034,knot,crack,0.9989258646965027,0.9989258646965027,0.0009719346417114139,0.00010221661068499088,False
wood-multitask-final/data_processed/classification_crops/external_test/knot/vnwoodknot_001706_0001874.jpg,VNWoodKnot/VNWoodKnot A High-Quality Image Dataset for Wood K/VNWoodKnot/VNWoodKnot/train/1/img_4037.jpg,vnwoodknot,folder_class,vnwoodknot:train:img_4037,knot,crack,0.9999980926513672,0.9999980926513672,1.7655885358180967e-06,1.0483971379926516e-07,False
wood-multitask-final/data_processed/classification_crops/external_test/knot/vnwoodknot_001707_0001875.jpg,VNWoodKnot/VNWoodKnot A High-Quality Image Dataset for Wood K/VNWoodKnot/VNWoodKnot/train/1/img_4038.jpg,vnwoodknot,folder_class,vnwoodknot:train:img_4038,knot,knot,0.9628591537475586,0.03587336465716362,0.9628591537475586,0.0012675018515437841,True
wood-multitask-final/data_processed/classification_crops/external_test/knot/vnwoodknot_001708_0001876.jpg,VNWoodKnot/VNWoodKnot A High-Quality Image Dataset for Wood K/VNWoodKnot/VNWoodKnot/train/1/img_4040.jpg,vnwoodknot,folder_class,vnwoodknot:train:img_4040,knot,knot,0.7454176545143127,0.25458046793937683,0.7454176545143127,1.948329327206011e-06,True
wood-multitask-final/data_processed/classification_crops/external_test/knot/vnwoodknot_001709_0001877.jpg,VNWoodKnot/VNWoodKnot A High-Quality Image Dataset for Wood K/VNWoodKnot/VNWoodKnot/train/1/img_4041.jpg,vnwoodknot,folder_class,vnwoodknot:train:img_4041,knot,crack,0.884231448173523,0.884231448173523,0.11576861143112183,1.7164415666570676e-08,False
wood-multitask-final/data_processed/classification_crops/external_test/knot/vnwoodknot_001710_0001878.jpg,VNWoodKnot/VNWoodKnot A High-Quality Image Dataset for Wood K/VNWoodKnot/VNWoodKnot/train/1/img_4044.jpg,vnwoodknot,folder_class,vnwoodknot:train:img_4044,knot,crack,0.926156222820282,0.926156222820282,0.07384245842695236,1.2773033404300804e-06,False
wood-multitask-final/data_processed/classification_crops/external_test/knot/vnwoodknot_001711_0001879.jpg,VNWoodKnot/VNWoodKnot A High-Quality Image Dataset for Wood K/VNWoodKnot/VNWoodKnot/train/1/img_4047.jpg,vnwoodknot,folder_class,vnwoodknot:train:img_4047,knot,crack,0.999985933303833,0.999985933303833,7.697836736042518e-06,6.279401077335933e-06,False
wood-multitask-final/data_processed/classification_crops/external_test/knot/vnwoodknot_001712_0001880.jpg,VNWoodKnot/VNWoodKnot A High-Quality Image Dataset for Wood K/VNWoodKnot/VNWoodKnot/train/1/img_4050.jpg,vnwoodknot,folder_class,vnwoodknot:train:img_4050,knot,crack,0.9998806715011597,0.9998806715011597,0.00011836858902825043,9.668021903053159e-07,False
wood-multitask-final/data_processed/classification_crops/external_test/knot/vnwoodknot_001713_0001881.jpg,VNWoodKnot/VNWoodKnot A High-Quality Image Dataset for Wood K/VNWoodKnot/VNWoodKnot/train/1/img_4053.jpg,vnwoodknot,folder_class,vnwoodknot:train:img_4053,knot,crack,0.9906482100486755,0.9906482100486755,0.009320240467786789,3.1499741453444585e-05,False
wood-multitask-final/data_processed/classification_crops/external_test/knot/vnwoodknot_001714_0001882.jpg,VNWoodKnot/VNWoodKnot A High-Quality Image Dataset for Wood K/VNWoodKnot/VNWoodKnot/train/1/img_4054.jpg,vnwoodknot,folder_class,vnwoodknot:train:img_4054,knot,knot,0.9959238767623901,0.00045445290743373334,0.9959238767623901,0.0036216771695762873,True
wood-multitask-final/data_processed/classification_crops/external_test/knot/vnwoodknot_001715_0001883.jpg,VNWoodKnot/VNWoodKnot A High-Quality Image Dataset for Wood K/VNWoodKnot/VNWoodKnot/train/1/img_4055.jpg,vnwoodknot,folder_class,vnwoodknot:train:img_4055,knot,crack,0.999985933303833,0.999985933303833,1.4069704775465652e-05,2.2674630173469268e-08,False
wood-multitask-final/data_processed/classification_crops/external_test/knot/vnwoodknot_001716_0001884.jpg,VNWoodKnot/VNWoodKnot A High-Quality Image Dataset for Wood K/VNWoodKnot/VNWoodKnot/train/1/img_4056.jpg,vnwoodknot,folder_class,vnwoodknot:train:img_4056,knot,crack,0.999602735042572,0.999602735042572,0.00029078847728669643,0.00010647423914633691,False
wood-multitask-final/data_processed/classification_crops/external_test/knot/vnwoodknot_001717_0001885.jpg,VNWoodKnot/VNWoodKnot A High-Quality Image Dataset for Wood K/VNWoodKnot/VNWoodKnot/train/1/img_4058.jpg,vnwoodknot,folder_class,vnwoodknot:train:img_4058,knot,knot,0.9806671142578125,0.019332531839609146,0.9806671142578125,3.4137539728362754e-07,True
wood-multitask-final/data_processed/classification_crops/external_test/knot/vnwoodknot_001718_0001886.jpg,VNWoodKnot/VNWoodKnot A High-Quality Image Dataset for Wood K/VNWoodKnot/VNWoodKnot/train/1/img_4061.jpg,vnwoodknot,folder_class,vnwoodknot:train:img_4061,knot,knot,0.9292980432510376,0.070701964199543,0.9292980432510376,1.3378876673186824e-08,True
wood-multitask-final/data_processed/classification_crops/external_test/knot/vnwoodknot_001719_0001887.jpg,VNWoodKnot/VNWoodKnot A High-Quality Image Dataset for Wood K/VNWoodKnot/VNWoodKnot/train/1/img_4064.jpg,vnwoodknot,folder_class,vnwoodknot:train:img_4064,knot,crack,0.9999961853027344,0.9999961853027344,3.785422450164333e-06,3.641618340211039e-09,False
wood-multitask-final/data_processed/classification_crops/external_test/knot/vnwoodknot_001720_0001888.jpg,VNWoodKnot/VNWoodKnot A High-Quality Image Dataset for Wood K/VNWoodKnot/VNWoodKnot/train/1/img_4065.jpg,vnwoodknot,folder_class,vnwoodknot:train:img_4065,knot,knot,0.8836191296577454,0.015379229560494423,0.8836191296577454,0.10100162774324417,True
wood-multitask-final/data_processed/classification_crops/external_test/knot/vnwoodknot_001721_0001889.jpg,VNWoodKnot/VNWoodKnot A High-Quality Image Dataset for Wood K/VNWoodKnot/VNWoodKnot/train/1/img_4068.jpg,vnwoodknot,folder_class,vnwoodknot:train:img_4068,knot,crack,0.999954342842102,0.999954342842102,4.56447851320263e-05,1.3582296398695348e-09,False
wood-multitask-final/data_processed/classification_crops/external_test/knot/vnwoodknot_001722_0001890.jpg,VNWoodKnot/VNWoodKnot A High-Quality Image Dataset for Wood K/VNWoodKnot/VNWoodKnot/train/1/img_4069.jpg,vnwoodknot,folder_class,vnwoodknot:train:img_4069,knot,knot,0.9926444292068481,0.007355575915426016,0.9926444292068481,7.714047178808414e-09,True
wood-multitask-final/data_processed/classification_crops/external_test/knot/vnwoodknot_001723_0001891.jpg,VNWoodKnot/VNWoodKnot A High-Quality Image Dataset for Wood K/VNWoodKnot/VNWoodKnot/train/1/img_4070.jpg,vnwoodknot,folder_class,vnwoodknot:train:img_4070,knot,crack,0.9806402921676636,0.9806402921676636,0.019359653815627098,2.2044177247493302e-11,False
wood-multitask-final/data_processed/classification_crops/external_test/knot/vnwoodknot_001724_0001892.jpg,VNWoodKnot/VNWoodKnot A High-Quality Image Dataset for Wood K/VNWoodKnot/VNWoodKnot/train/1/img_4071.jpg,vnwoodknot,folder_class,vnwoodknot:train:img_4071,knot,knot,0.9991742968559265,0.0008251930121332407,0.9991742968559265,5.303962780089932e-07,True
wood-multitask-final/data_processed/classification_crops/external_test/knot/vnwoodknot_001725_0001893.jpg,VNWoodKnot/VNWoodKnot A High-Quality Image Dataset for Wood K/VNWoodKnot/VNWoodKnot/train/1/img_4074.jpg,vnwoodknot,folder_class,vnwoodknot:train:img_4074,knot,knot,0.7626147270202637,0.05840729922056198,0.7626147270202637,0.17897804081439972,True
wood-multitask-final/data_processed/classification_crops/external_test/knot/vnwoodknot_001726_0001894.jpg,VNWoodKnot/VNWoodKnot A High-Quality Image Dataset for Wood K/VNWoodKnot/VNWoodKnot/train/1/img_4075.jpg,vnwoodknot,folder_class,vnwoodknot:train:img_4075,knot,crack,0.9981581568717957,0.9981581568717957,0.0018316798377782106,1.0065177775686607e-05,False
wood-multitask-final/data_processed/classification_crops/external_test/knot/vnwoodknot_001727_0001895.jpg,VNWoodKnot/VNWoodKnot A High-Quality Image Dataset for Wood K/VNWoodKnot/VNWoodKnot/train/1/img_4076.jpg,vnwoodknot,folder_class,vnwoodknot:train:img_4076,knot,crack,0.9999105930328369,0.9999105930328369,7.327755156438798e-05,1.604276621947065e-05,False
wood-multitask-final/data_processed/classification_crops/external_test/knot/vnwoodknot_001728_0001896.jpg,VNWoodKnot/VNWoodKnot A High-Quality Image Dataset for Wood K/VNWoodKnot/VNWoodKnot/train/1/img_4078.jpg,vnwoodknot,folder_class,vnwoodknot:train:img_4078,knot,knot,0.8161382079124451,0.18351802229881287,0.8161382079124451,0.00034372578375041485,True
wood-multitask-final/data_processed/classification_crops/external_test/knot/vnwoodknot_001729_0001897.jpg,VNWoodKnot/VNWoodKnot A High-Quality Image Dataset for Wood K/VNWoodKnot/VNWoodKnot/train/1/img_4081.jpg,vnwoodknot,folder_class,vnwoodknot:train:img_4081,knot,knot,0.8167170882225037,0.183192178606987,0.8167170882225037,9.069195220945403e-05,True
wood-multitask-final/data_processed/classification_crops/external_test/knot/vnwoodknot_001730_0001898.jpg,VNWoodKnot/VNWoodKnot A High-Quality Image Dataset for Wood K/VNWoodKnot/VNWoodKnot/train/1/img_4084.jpg,vnwoodknot,folder_class,vnwoodknot:train:img_4084,knot,crack,0.7004461884498596,0.7004461884498596,0.29954662919044495,7.167247531469911e-06,False
wood-multitask-final/data_processed/classification_crops/external_test/knot/vnwoodknot_001731_0001899.jpg,VNWoodKnot/VNWoodKnot A High-Quality Image Dataset for Wood K/VNWoodKnot/VNWoodKnot/train/1/img_4088.jpg,vnwoodknot,folder_class,vnwoodknot:train:img_4088,knot,crack,0.9999998807907104,0.9999998807907104,1.1221708007269626e-07,9.002176781791604e-10,False
wood-multitask-final/data_processed/classification_crops/external_test/knot/vnwoodknot_001732_0001900.jpg,VNWoodKnot/VNWoodKnot A High-Quality Image Dataset for Wood K/VNWoodKnot/VNWoodKnot/train/1/img_4089.jpg,vnwoodknot,folder_class,vnwoodknot:train:img_4089,knot,knot,0.9850217700004578,0.013826185837388039,0.9850217700004578,0.0011520151747390628,True
wood-multitask-final/data_processed/classification_crops/external_test/knot/vnwoodknot_001733_0001901.jpg,VNWoodKnot/VNWoodKnot A High-Quality Image Dataset for Wood K/VNWoodKnot/VNWoodKnot/train/1/img_4091.jpg,vnwoodknot,folder_class,vnwoodknot:train:img_4091,knot,knot,0.9321116805076599,0.0672544315457344,0.9321116805076599,0.0006338959792628884,True
wood-multitask-final/data_processed/classification_crops/external_test/knot/vnwoodknot_001734_0001902.jpg,VNWoodKnot/VNWoodKnot A High-Quality Image Dataset for Wood K/VNWoodKnot/VNWoodKnot/train/1/img_4094.jpg,vnwoodknot,folder_class,vnwoodknot:train:img_4094,knot,crack,0.9999940395355225,0.9999940395355225,5.989272267470369e-06,7.501437665480282e-11,False
wood-multitask-final/data_processed/classification_crops/external_test/knot/vnwoodknot_001735_0001903.jpg,VNWoodKnot/VNWoodKnot A High-Quality Image Dataset for Wood K/VNWoodKnot/VNWoodKnot/train/1/img_4096.jpg,vnwoodknot,folder_class,vnwoodknot:train:img_4096,knot,crack,0.9879228472709656,0.9879228472709656,0.01207551546394825,1.6692983990651555e-06,False
wood-multitask-final/data_processed/classification_crops/external_test/knot/vnwoodknot_001736_0001904.jpg,VNWoodKnot/VNWoodKnot A High-Quality Image Dataset for Wood K/VNWoodKnot/VNWoodKnot/train/1/img_4097.jpg,vnwoodknot,folder_class,vnwoodknot:train:img_4097,knot,crack,0.9997128844261169,0.9997128844261169,0.00028132961597293615,5.682846222043736e-06,False
wood-multitask-final/data_processed/classification_crops/external_test/knot/vnwoodknot_001737_0001905.jpg,VNWoodKnot/VNWoodKnot A High-Quality Image Dataset for Wood K/VNWoodKnot/VNWoodKnot/train/1/img_4100.jpg,vnwoodknot,folder_class,vnwoodknot:train:img_4100,knot,crack,0.998449444770813,0.998449444770813,0.0015101562021300197,4.0386577893514186e-05,False
wood-multitask-final/data_processed/classification_crops/external_test/knot/vnwoodknot_001738_0001906.jpg,VNWoodKnot/VNWoodKnot A High-Quality Image Dataset for Wood K/VNWoodKnot/VNWoodKnot/train/1/img_4101.jpg,vnwoodknot,folder_class,vnwoodknot:train:img_4101,knot,crack,0.7482480406761169,0.7482480406761169,0.2515946626663208,0.00015722625539638102,False
wood-multitask-final/data_processed/classification_crops/external_test/knot/vnwoodknot_001739_0001907.jpg,VNWoodKnot/VNWoodKnot A High-Quality Image Dataset for Wood K/VNWoodKnot/VNWoodKnot/train/1/img_4103.jpg,vnwoodknot,folder_class,vnwoodknot:train:img_4103,knot,crack,0.8969143033027649,0.8969143033027649,0.10282466560602188,0.00026099191745743155,False
wood-multitask-final/data_processed/classification_crops/external_test/knot/vnwoodknot_001740_0001908.jpg,VNWoodKnot/VNWoodKnot A High-Quality Image Dataset for Wood K/VNWoodKnot/VNWoodKnot/train/1/img_4106.jpg,vnwoodknot,folder_class,vnwoodknot:train:img_4106,knot,crack,0.7321705222129822,0.7321705222129822,0.258079469203949,0.009750074706971645,False
wood-multitask-final/data_processed/classification_crops/external_test/knot/vnwoodknot_001741_0001909.jpg,VNWoodKnot/VNWoodKnot A High-Quality Image Dataset for Wood K/VNWoodKnot/VNWoodKnot/train/1/img_4107.jpg,vnwoodknot,folder_class,vnwoodknot:train:img_4107,knot,knot,0.564373254776001,0.2256956696510315,0.564373254776001,0.20993107557296753,True
wood-multitask-final/data_processed/classification_crops/external_test/knot/vnwoodknot_001742_0001910.jpg,VNWoodKnot/VNWoodKnot A High-Quality Image Dataset for Wood K/VNWoodKnot/VNWoodKnot/train/1/img_4109.jpg,vnwoodknot,folder_class,vnwoodknot:train:img_4109,knot,knot,0.9986717700958252,0.0008772655855864286,0.9986717700958252,0.0004509738355409354,True
wood-multitask-final/data_processed/classification_crops/external_test/knot/vnwoodknot_001743_0001911.jpg,VNWoodKnot/VNWoodKnot A High-Quality Image Dataset for Wood K/VNWoodKnot/VNWoodKnot/train/1/img_4113.jpg,vnwoodknot,folder_class,vnwoodknot:train:img_4113,knot,knot,0.9997013211250305,0.00019755272660404444,0.9997013211250305,0.00010105751425726339,True
wood-multitask-final/data_processed/classification_crops/external_test/knot/vnwoodknot_001744_0001912.jpg,VNWoodKnot/VNWoodKnot A High-Quality Image Dataset for Wood K/VNWoodKnot/VNWoodKnot/train/1/img_4115.jpg,vnwoodknot,folder_class,vnwoodknot:train:img_4115,knot,crack,0.9217795729637146,0.9217795729637146,0.0231604166328907,0.055060043931007385,False
wood-multitask-final/data_processed/classification_crops/external_test/knot/vnwoodknot_001745_0001913.jpg,VNWoodKnot/VNWoodKnot A High-Quality Image Dataset for Wood K/VNWoodKnot/VNWoodKnot/train/1/img_4117.jpg,vnwoodknot,folder_class,vnwoodknot:train:img_4117,knot,knot,0.5651945471763611,0.3091176748275757,0.5651945471763611,0.12568777799606323,True
wood-multitask-final/data_processed/classification_crops/external_test/knot/vnwoodknot_001746_0001914.jpg,VNWoodKnot/VNWoodKnot A High-Quality Image Dataset for Wood K/VNWoodKnot/VNWoodKnot/train/1/img_4118.jpg,vnwoodknot,folder_class,vnwoodknot:train:img_4118,knot,crack,0.5417108535766602,0.5417108535766602,0.2560455799102783,0.20224353671073914,False
wood-multitask-final/data_processed/classification_crops/external_test/knot/vnwoodknot_001747_0001915.jpg,VNWoodKnot/VNWoodKnot A High-Quality Image Dataset for Wood K/VNWoodKnot/VNWoodKnot/train/1/img_4119.jpg,vnwoodknot,folder_class,vnwoodknot:train:img_4119,knot,crack,0.9999697208404541,0.9999697208404541,2.9534359782701358e-05,7.198795515250822e-07,False
wood-multitask-final/data_processed/classification_crops/external_test/knot/vnwoodknot_001748_0001916.jpg,VNWoodKnot/VNWoodKnot A High-Quality Image Dataset for Wood K/VNWoodKnot/VNWoodKnot/train/1/img_4124.jpg,vnwoodknot,folder_class,vnwoodknot:train:img_4124,knot,crack,0.5111834406852722,0.5111834406852722,0.48804423213005066,0.0007722621667198837,False
wood-multitask-final/data_processed/classification_crops/external_test/knot/vnwoodknot_001749_0001917.jpg,VNWoodKnot/VNWoodKnot A High-Quality Image Dataset for Wood K/VNWoodKnot/VNWoodKnot/train/1/img_4125.jpg,vnwoodknot,folder_class,vnwoodknot:train:img_4125,knot,crack,0.9957535266876221,0.9957535266876221,0.003298507770523429,0.0009480026783421636,False
wood-multitask-final/data_processed/classification_crops/external_test/knot/vnwoodknot_001750_0001918.jpg,VNWoodKnot/VNWoodKnot A High-Quality Image Dataset for Wood K/VNWoodKnot/VNWoodKnot/train/1/img_4131.jpg,vnwoodknot,folder_class,vnwoodknot:train:img_4131,knot,crack,0.9970576763153076,0.9970576763153076,0.002942355116829276,6.4921725773103844e-09,False
wood-multitask-final/data_processed/classification_crops/external_test/knot/vnwoodknot_001751_0001919.jpg,VNWoodKnot/VNWoodKnot A High-Quality Image Dataset for Wood K/VNWoodKnot/VNWoodKnot/train/1/img_4133.jpg,vnwoodknot,folder_class,vnwoodknot:train:img_4133,knot,knot,0.6776297092437744,0.319213330745697,0.6776297092437744,0.0031569767743349075,True
wood-multitask-final/data_processed/classification_crops/external_test/knot/vnwoodknot_001752_0001920.jpg,VNWoodKnot/VNWoodKnot A High-Quality Image Dataset for Wood K/VNWoodKnot/VNWoodKnot/train/1/img_4134.jpg,vnwoodknot,folder_class,vnwoodknot:train:img_4134,knot,knot,0.9323040246963501,0.040245458483695984,0.9323040246963501,0.02745051495730877,True
wood-multitask-final/data_processed/classification_crops/external_test/knot/vnwoodknot_001753_0001921.jpg,VNWoodKnot/VNWoodKnot A High-Quality Image Dataset for Wood K/VNWoodKnot/VNWoodKnot/train/1/img_4136.jpg,vnwoodknot,folder_class,vnwoodknot:train:img_4136,knot,crack,0.967140793800354,0.967140793800354,0.03284849226474762,1.0707450201152824e-05,False
wood-multitask-final/data_processed/classification_crops/external_test/knot/vnwoodknot_001754_0001922.jpg,VNWoodKnot/VNWoodKnot A High-Quality Image Dataset for Wood K/VNWoodKnot/VNWoodKnot/train/1/img_4137.jpg,vnwoodknot,folder_class,vnwoodknot:train:img_4137,knot,crack,0.9999911785125732,0.9999911785125732,8.697801604284905e-06,1.0637242553457327e-07,False
wood-multitask-final/data_processed/classification_crops/external_test/knot/vnwoodknot_001755_0001923.jpg,VNWoodKnot/VNWoodKnot A High-Quality Image Dataset for Wood K/VNWoodKnot/VNWoodKnot/train/1/img_4142.jpg,vnwoodknot,folder_class,vnwoodknot:train:img_4142,knot,crack,0.9965673685073853,0.9965673685073853,0.003432377940043807,1.9530500594555633e-07,False
wood-multitask-final/data_processed/classification_crops/external_test/knot/vnwoodknot_001756_0001924.jpg,VNWoodKnot/VNWoodKnot A High-Quality Image Dataset for Wood K/VNWoodKnot/VNWoodKnot/train/1/img_4144.jpg,vnwoodknot,folder_class,vnwoodknot:train:img_4144,knot,crack,0.8248339295387268,0.8248339295387268,0.17283877730369568,0.0023273329716175795,False
wood-multitask-final/data_processed/classification_crops/external_test/knot/vnwoodknot_001757_0001925.jpg,VNWoodKnot/VNWoodKnot A High-Quality Image Dataset for Wood K/VNWoodKnot/VNWoodKnot/train/1/img_4145.jpg,vnwoodknot,folder_class,vnwoodknot:train:img_4145,knot,crack,0.9999570846557617,0.9999570846557617,4.285644899937324e-05,1.5748071291454835e-08,False
wood-multitask-final/data_processed/classification_crops/external_test/knot/vnwoodknot_001758_0001926.jpg,VNWoodKnot/VNWoodKnot A High-Quality Image Dataset for Wood K/VNWoodKnot/VNWoodKnot/train/1/img_4149.jpg,vnwoodknot,folder_class,vnwoodknot:train:img_4149,knot,crack,0.5160229802131653,0.5160229802131653,0.48397597670555115,1.0601004305499373e-06,False
wood-multitask-final/data_processed/classification_crops/external_test/knot/vnwoodknot_001759_0001927.jpg,VNWoodKnot/VNWoodKnot A High-Quality Image Dataset for Wood K/VNWoodKnot/VNWoodKnot/train/1/img_4156.jpg,vnwoodknot,folder_class,vnwoodknot:train:img_4156,knot,normal,0.8112229704856873,0.06392370164394379,0.12485328316688538,0.8112229704856873,False
wood-multitask-final/data_processed/classification_crops/external_test/knot/vnwoodknot_001760_0001928.jpg,VNWoodKnot/VNWoodKnot A High-Quality Image Dataset for Wood K/VNWoodKnot/VNWoodKnot/train/1/img_4157.jpg,vnwoodknot,folder_class,vnwoodknot:train:img_4157,knot,crack,0.9992639422416687,0.9992639422416687,0.0006088513182476163,0.0001272718800464645,False
wood-multitask-final/data_processed/classification_crops/external_test/knot/vnwoodknot_001761_0001929.jpg,VNWoodKnot/VNWoodKnot A High-Quality Image Dataset for Wood K/VNWoodKnot/VNWoodKnot/train/1/img_4158.jpg,vnwoodknot,folder_class,vnwoodknot:train:img_4158,knot,crack,0.9998199343681335,0.9998199343681335,0.00016755907563492656,1.2547110600280575e-05,False
wood-multitask-final/data_processed/classification_crops/external_test/knot/vnwoodknot_001762_0001930.jpg,VNWoodKnot/VNWoodKnot A High-Quality Image Dataset for Wood K/VNWoodKnot/VNWoodKnot/train/1/img_4159.jpg,vnwoodknot,folder_class,vnwoodknot:train:img_4159,knot,crack,0.9979711174964905,0.9979711174964905,0.0020270892418920994,1.7462114101363113e-06,False
wood-multitask-final/data_processed/classification_crops/external_test/knot/vnwoodknot_001763_0001931.jpg,VNWoodKnot/VNWoodKnot A High-Quality Image Dataset for Wood K/VNWoodKnot/VNWoodKnot/train/1/img_4160.jpg,vnwoodknot,folder_class,vnwoodknot:train:img_4160,knot,knot,0.8562496900558472,0.12870123982429504,0.8562496900558472,0.015049018897116184,True
wood-multitask-final/data_processed/classification_crops/external_test/knot/vnwoodknot_001764_0001932.jpg,VNWoodKnot/VNWoodKnot A High-Quality Image Dataset for Wood K/VNWoodKnot/VNWoodKnot/train/1/img_4163.jpg,vnwoodknot,folder_class,vnwoodknot:train:img_4163,knot,knot,0.9930447936058044,0.0069365971721708775,0.9930447936058044,1.8616312445374206e-05,True
wood-multitask-final/data_processed/classification_crops/external_test/knot/vnwoodknot_001765_0001933.jpg,VNWoodKnot/VNWoodKnot A High-Quality Image Dataset for Wood K/VNWoodKnot/VNWoodKnot/train/1/img_4165.jpg,vnwoodknot,folder_class,vnwoodknot:train:img_4165,knot,crack,0.5540434122085571,0.5540434122085571,0.44593510031700134,2.1551632016780786e-05,False
wood-multitask-final/data_processed/classification_crops/external_test/knot/vnwoodknot_001766_0001934.jpg,VNWoodKnot/VNWoodKnot A High-Quality Image Dataset for Wood K/VNWoodKnot/VNWoodKnot/train/1/img_4166.jpg,vnwoodknot,folder_class,vnwoodknot:train:img_4166,knot,knot,0.7801679372787476,0.004827740136533976,0.7801679372787476,0.21500436961650848,True
wood-multitask-final/data_processed/classification_crops/external_test/knot/vnwoodknot_001767_0001935.jpg,VNWoodKnot/VNWoodKnot A High-Quality Image Dataset for Wood K/VNWoodKnot/VNWoodKnot/train/1/img_4172.jpg,vnwoodknot,folder_class,vnwoodknot:train:img_4172,knot,crack,1.0,1.0,2.4637380136027787e-08,8.048014837024053e-13,False
wood-multitask-final/data_processed/classification_crops/external_test/knot/vnwoodknot_001768_0001936.jpg,VNWoodKnot/VNWoodKnot A High-Quality Image Dataset for Wood K/VNWoodKnot/VNWoodKnot/train/1/img_4174.jpg,vnwoodknot,folder_class,vnwoodknot:train:img_4174,knot,knot,0.8146003484725952,0.18539904057979584,0.8146003484725952,5.461347427626606e-07,True
wood-multitask-final/data_processed/classification_crops/external_test/knot/vnwoodknot_001769_0001937.jpg,VNWoodKnot/VNWoodKnot A High-Quality Image Dataset for Wood K/VNWoodKnot/VNWoodKnot/train/1/img_4175.jpg,vnwoodknot,folder_class,vnwoodknot:train:img_4175,knot,crack,0.9998776912689209,0.9998776912689209,0.00012229196727275848,2.360998115763513e-12,False
wood-multitask-final/data_processed/classification_crops/external_test/knot/vnwoodknot_001770_0001938.jpg,VNWoodKnot/VNWoodKnot A High-Quality Image Dataset for Wood K/VNWoodKnot/VNWoodKnot/train/1/img_4180.jpg,vnwoodknot,folder_class,vnwoodknot:train:img_4180,knot,knot,0.9989781379699707,0.00037017607246525586,0.9989781379699707,0.0006517411093227565,True
wood-multitask-final/data_processed/classification_crops/external_test/knot/vnwoodknot_001771_0001939.jpg,VNWoodKnot/VNWoodKnot A High-Quality Image Dataset for Wood K/VNWoodKnot/VNWoodKnot/train/1/img_4184.jpg,vnwoodknot,folder_class,vnwoodknot:train:img_4184,knot,crack,0.9982220530509949,0.9982220530509949,0.0017776945605874062,2.6480935844119813e-07,False
wood-multitask-final/data_processed/classification_crops/external_test/knot/vnwoodknot_001772_0001940.jpg,VNWoodKnot/VNWoodKnot A High-Quality Image Dataset for Wood K/VNWoodKnot/VNWoodKnot/train/1/img_4201.jpg,vnwoodknot,folder_class,vnwoodknot:train:img_4201,knot,crack,0.978857696056366,0.978857696056366,0.021131088957190514,1.122911817219574e-05,False
wood-multitask-final/data_processed/classification_crops/external_test/knot/vnwoodknot_001773_0001941.jpg,VNWoodKnot/VNWoodKnot A High-Quality Image Dataset for Wood K/VNWoodKnot/VNWoodKnot/train/1/img_4203.jpg,vnwoodknot,folder_class,vnwoodknot:train:img_4203,knot,knot,0.9971139430999756,0.002879741135984659,0.9971139430999756,6.272441169130616e-06,True
wood-multitask-final/data_processed/classification_crops/external_test/knot/vnwoodknot_001774_0001942.jpg,VNWoodKnot/VNWoodKnot A High-Quality Image Dataset for Wood K/VNWoodKnot/VNWoodKnot/train/1/z6578627388506.jpg,vnwoodknot,folder_class,vnwoodknot:train:z6578627388506,knot,knot,0.8155450224876404,0.00018080700829159468,0.8155450224876404,0.1842741072177887,True
wood-multitask-final/data_processed/classification_crops/external_test/knot/vnwoodknot_001775_0001943.jpg,VNWoodKnot/VNWoodKnot A High-Quality Image Dataset for Wood K/VNWoodKnot/VNWoodKnot/train/1/z6578627400530.jpg,vnwoodknot,folder_class,vnwoodknot:train:z6578627400530,knot,knot,0.6408064961433411,0.3513372540473938,0.6408064961433411,0.007856283336877823,True
wood-multitask-final/data_processed/classification_crops/external_test/knot/vnwoodknot_001776_0001944.jpg,VNWoodKnot/VNWoodKnot A High-Quality Image Dataset for Wood K/VNWoodKnot/VNWoodKnot/train/1/z6578627402837.jpg,vnwoodknot,folder_class,vnwoodknot:train:z6578627402837,knot,knot,0.7729570865631104,0.22704283893108368,0.7729570865631104,1.381209386863702e-07,True
wood-multitask-final/data_processed/classification_crops/external_test/knot/vnwoodknot_001777_0001945.jpg,VNWoodKnot/VNWoodKnot A High-Quality Image Dataset for Wood K/VNWoodKnot/VNWoodKnot/train/1/z6578627408793.jpg,vnwoodknot,folder_class,vnwoodknot:train:z6578627408793,knot,crack,0.9997554421424866,0.9997554421424866,0.00015851233911234885,8.602958405390382e-05,False
wood-multitask-final/data_processed/classification_crops/external_test/knot/vnwoodknot_001778_0001946.jpg,VNWoodKnot/VNWoodKnot A High-Quality Image Dataset for Wood K/VNWoodKnot/VNWoodKnot/train/1/z6578627429350.jpg,vnwoodknot,folder_class,vnwoodknot:train:z6578627429350,knot,crack,0.9991470575332642,0.9991470575332642,0.0008529131882824004,1.422583495447327e-09,False
wood-multitask-final/data_processed/classification_crops/external_test/knot/vnwoodknot_001779_0001947.jpg,VNWoodKnot/VNWoodKnot A High-Quality Image Dataset for Wood K/VNWoodKnot/VNWoodKnot/train/1/z6578627433207.jpg,vnwoodknot,folder_class,vnwoodknot:train:z6578627433207,knot,knot,0.999440610408783,0.0005561146535910666,0.999440610408783,3.263198550484958e-06,True
wood-multitask-final/data_processed/classification_crops/external_test/knot/vnwoodknot_001780_0001948.jpg,VNWoodKnot/VNWoodKnot A High-Quality Image Dataset for Wood K/VNWoodKnot/VNWoodKnot/train/1/z6578627434339.jpg,vnwoodknot,folder_class,vnwoodknot:train:z6578627434339,knot,crack,0.9999626874923706,0.9999626874923706,3.731124525074847e-05,4.330597269674996e-10,False
wood-multitask-final/data_processed/classification_crops/external_test/knot/vnwoodknot_001781_0001949.jpg,VNWoodKnot/VNWoodKnot A High-Quality Image Dataset for Wood K/VNWoodKnot/VNWoodKnot/train/1/z6578627444958.jpg,vnwoodknot,folder_class,vnwoodknot:train:z6578627444958,knot,crack,0.5029743313789368,0.5029743313789368,0.4967342019081116,0.0002915186632890254,False
wood-multitask-final/data_processed/classification_crops/external_test/knot/vnwoodknot_001782_0001950.jpg,VNWoodKnot/VNWoodKnot A High-Quality Image Dataset for Wood K/VNWoodKnot/VNWoodKnot/train/2/IMG_3646.jpg,vnwoodknot,folder_class,vnwoodknot:train:img_3646,knot,knot,0.9989719390869141,0.0008430550224147737,0.9989719390869141,0.0001850752450991422,True
wood-multitask-final/data_processed/classification_crops/external_test/knot/vnwoodknot_001783_0001951.jpg,VNWoodKnot/VNWoodKnot A High-Quality Image Dataset for Wood K/VNWoodKnot/VNWoodKnot/train/2/IMG_3652.jpg,vnwoodknot,folder_class,vnwoodknot:train:img_3652,knot,knot,0.8664119243621826,0.13358809053897858,0.8664119243621826,2.58738974689976e-10,True
wood-multitask-final/data_processed/classification_crops/external_test/knot/vnwoodknot_001784_0001952.jpg,VNWoodKnot/VNWoodKnot A High-Quality Image Dataset for Wood K/VNWoodKnot/VNWoodKnot/train/2/IMG_3686.jpg,vnwoodknot,folder_class,vnwoodknot:train:img_3686,knot,crack,0.9572279453277588,0.9572279453277588,0.042649153620004654,0.00012294917542021722,False
wood-multitask-final/data_processed/classification_crops/external_test/knot/vnwoodknot_001785_0001953.jpg,VNWoodKnot/VNWoodKnot A High-Quality Image Dataset for Wood K/VNWoodKnot/VNWoodKnot/train/2/IMG_3693.jpg,vnwoodknot,folder_class,vnwoodknot:train:img_3693,knot,crack,0.9992747902870178,0.9992747902870178,0.0007251908537000418,1.84883983678219e-08,False
wood-multitask-final/data_processed/classification_crops/external_test/knot/vnwoodknot_001786_0001954.jpg,VNWoodKnot/VNWoodKnot A High-Quality Image Dataset for Wood K/VNWoodKnot/VNWoodKnot/train/2/IMG_3697.jpg,vnwoodknot,folder_class,vnwoodknot:train:img_3697,knot,crack,0.9997239708900452,0.9997239708900452,0.00027606499497778714,2.2759584439313585e-08,False
wood-multitask-final/data_processed/classification_crops/external_test/knot/vnwoodknot_001787_0001955.jpg,VNWoodKnot/VNWoodKnot A High-Quality Image Dataset for Wood K/VNWoodKnot/VNWoodKnot/train/2/IMG_3698.jpg,vnwoodknot,folder_class,vnwoodknot:train:img_3698,knot,crack,1.0,1.0,7.296310222670854e-09,2.0709843752018606e-14,False
wood-multitask-final/data_processed/classification_crops/external_test/knot/vnwoodknot_001788_0001956.jpg,VNWoodKnot/VNWoodKnot A High-Quality Image Dataset for Wood K/VNWoodKnot/VNWoodKnot/train/2/IMG_3701.jpg,vnwoodknot,folder_class,vnwoodknot:train:img_3701,knot,crack,0.9982543587684631,0.9982543587684631,0.0017433189786970615,2.229428446298698e-06,False
wood-multitask-final/data_processed/classification_crops/external_test/knot/vnwoodknot_001789_0001957.jpg,VNWoodKnot/VNWoodKnot A High-Quality Image Dataset for Wood K/VNWoodKnot/VNWoodKnot/train/2/IMG_3707.jpg,vnwoodknot,folder_class,vnwoodknot:train:img_3707,knot,knot,0.8076443672180176,0.19231268763542175,0.8076443672180176,4.296469342079945e-05,True
wood-multitask-final/data_processed/classification_crops/external_test/knot/vnwoodknot_001790_0001958.jpg,VNWoodKnot/VNWoodKnot A High-Quality Image Dataset for Wood K/VNWoodKnot/VNWoodKnot/train/2/IMG_3711.jpg,vnwoodknot,folder_class,vnwoodknot:train:img_3711,knot,crack,0.5931754112243652,0.5931754112243652,0.3988800644874573,0.007944595068693161,False
wood-multitask-final/data_processed/classification_crops/external_test/knot/vnwoodknot_001791_0001959.jpg,VNWoodKnot/VNWoodKnot A High-Quality Image Dataset for Wood K/VNWoodKnot/VNWoodKnot/train/2/IMG_3722.jpg,vnwoodknot,folder_class,vnwoodknot:train:img_3722,knot,crack,0.9999933242797852,0.9999933242797852,6.674849828414153e-06,2.0033256997731286e-10,False
wood-multitask-final/data_processed/classification_crops/external_test/knot/vnwoodknot_001792_0001960.jpg,VNWoodKnot/VNWoodKnot A High-Quality Image Dataset for Wood K/VNWoodKnot/VNWoodKnot/train/2/IMG_3727.jpg,vnwoodknot,folder_class,vnwoodknot:train:img_3727,knot,crack,0.9996439218521118,0.9996439218521118,0.00035602800198830664,1.7610204849916045e-08,False
wood-multitask-final/data_processed/classification_crops/external_test/knot/vnwoodknot_001793_0001961.jpg,VNWoodKnot/VNWoodKnot A High-Quality Image Dataset for Wood K/VNWoodKnot/VNWoodKnot/train/2/IMG_3735.jpg,vnwoodknot,folder_class,vnwoodknot:train:img_3735,knot,knot,0.9995916485786438,0.0004080163489561528,0.9995916485786438,3.281047611380927e-07,True
wood-multitask-final/data_processed/classification_crops/external_test/knot/vnwoodknot_001794_0001962.jpg,VNWoodKnot/VNWoodKnot A High-Quality Image Dataset for Wood K/VNWoodKnot/VNWoodKnot/train/2/IMG_3738.jpg,vnwoodknot,folder_class,vnwoodknot:train:img_3738,knot,crack,0.9999995231628418,0.9999995231628418,4.5868438292018254e-07,3.0176315005819854e-12,False
wood-multitask-final/data_processed/classification_crops/external_test/knot/vnwoodknot_001795_0001963.jpg,VNWoodKnot/VNWoodKnot A High-Quality Image Dataset for Wood K/VNWoodKnot/VNWoodKnot/train/2/IMG_3740.jpg,vnwoodknot,folder_class,vnwoodknot:train:img_3740,knot,knot,0.9620130062103271,0.02227337844669819,0.9620130062103271,0.015713660046458244,True
wood-multitask-final/data_processed/classification_crops/external_test/knot/vnwoodknot_001796_0001964.jpg,VNWoodKnot/VNWoodKnot A High-Quality Image Dataset for Wood K/VNWoodKnot/VNWoodKnot/train/2/IMG_3753.jpg,vnwoodknot,folder_class,vnwoodknot:train:img_3753,knot,crack,0.9977384805679321,0.9977384805679321,0.0022613094188272953,2.2392801213300118e-07,False
wood-multitask-final/data_processed/classification_crops/external_test/knot/vnwoodknot_001797_0001965.jpg,VNWoodKnot/VNWoodKnot A High-Quality Image Dataset for Wood K/VNWoodKnot/VNWoodKnot/train/2/IMG_3766.jpg,vnwoodknot,folder_class,vnwoodknot:train:img_3766,knot,knot,0.990328848361969,0.009669284336268902,0.990328848361969,1.8574862679088255e-06,True
wood-multitask-final/data_processed/classification_crops/external_test/knot/vnwoodknot_001798_0001966.jpg,VNWoodKnot/VNWoodKnot A High-Quality Image Dataset for Wood K/VNWoodKnot/VNWoodKnot/train/2/IMG_3771.jpg,vnwoodknot,folder_class,vnwoodknot:train:img_3771,knot,crack,0.9999151229858398,0.9999151229858398,8.491009066347033e-05,1.0566122199406891e-08,False
wood-multitask-final/data_processed/classification_crops/external_test/knot/vnwoodknot_001799_0001967.jpg,VNWoodKnot/VNWoodKnot A High-Quality Image Dataset for Wood K/VNWoodKnot/VNWoodKnot/train/2/IMG_3773.jpg,vnwoodknot,folder_class,vnwoodknot:train:img_3773,knot,crack,0.998977780342102,0.998977780342102,0.001022160635329783,6.726050116867555e-08,False
wood-multitask-final/data_processed/classification_crops/external_test/knot/vnwoodknot_001800_0001968.jpg,VNWoodKnot/VNWoodKnot A High-Quality Image Dataset for Wood K/VNWoodKnot/VNWoodKnot/train/2/IMG_3787.jpg,vnwoodknot,folder_class,vnwoodknot:train:img_3787,knot,crack,0.9999939203262329,0.9999939203262329,6.100588507251814e-06,3.103153367947642e-12,False
wood-multitask-final/data_processed/classification_crops/external_test/knot/vnwoodknot_001801_0001969.jpg,VNWoodKnot/VNWoodKnot A High-Quality Image Dataset for Wood K/VNWoodKnot/VNWoodKnot/train/2/IMG_3791.jpg,vnwoodknot,folder_class,vnwoodknot:train:img_3791,knot,crack,0.9906589984893799,0.9906589984893799,0.0074084154330194,0.0019326724577695131,False
wood-multitask-final/data_processed/classification_crops/external_test/knot/vnwoodknot_001802_0001970.jpg,VNWoodKnot/VNWoodKnot A High-Quality Image Dataset for Wood K/VNWoodKnot/VNWoodKnot/train/2/IMG_3798.jpg,vnwoodknot,folder_class,vnwoodknot:train:img_3798,knot,knot,0.8958578705787659,0.10363196581602097,0.8958578705787659,0.0005101392744109035,True
wood-multitask-final/data_processed/classification_crops/external_test/knot/vnwoodknot_001803_0001971.jpg,VNWoodKnot/VNWoodKnot A High-Quality Image Dataset for Wood K/VNWoodKnot/VNWoodKnot/train/2/IMG_3799.jpg,vnwoodknot,folder_class,vnwoodknot:train:img_3799,knot,crack,0.9897332787513733,0.9897332787513733,0.008596782572567463,0.0016699964180588722,False
wood-multitask-final/data_processed/classification_crops/external_test/knot/vnwoodknot_001804_0001972.jpg,VNWoodKnot/VNWoodKnot A High-Quality Image Dataset for Wood K/VNWoodKnot/VNWoodKnot/train/2/IMG_3807.jpg,vnwoodknot,folder_class,vnwoodknot:train:img_3807,knot,knot,0.9998284578323364,0.00017139999545179307,0.9998284578323364,1.0392569294026544e-07,True
wood-multitask-final/data_processed/classification_crops/external_test/knot/vnwoodknot_001805_0001973.jpg,VNWoodKnot/VNWoodKnot A High-Quality Image Dataset for Wood K/VNWoodKnot/VNWoodKnot/train/2/IMG_3813.jpg,vnwoodknot,folder_class,vnwoodknot:train:img_3813,knot,knot,0.9950624108314514,0.004855576436966658,0.9950624108314514,8.192671521101147e-05,True
wood-multitask-final/data_processed/classification_crops/external_test/knot/vnwoodknot_001806_0001974.jpg,VNWoodKnot/VNWoodKnot A High-Quality Image Dataset for Wood K/VNWoodKnot/VNWoodKnot/train/2/IMG_4212.jpg,vnwoodknot,folder_class,vnwoodknot:train:img_4212,knot,crack,0.790175199508667,0.790175199508667,0.20980443060398102,2.044969005510211e-05,False
wood-multitask-final/data_processed/classification_crops/external_test/knot/vnwoodknot_001807_0001975.jpg,VNWoodKnot/VNWoodKnot A High-Quality Image Dataset for Wood K/VNWoodKnot/VNWoodKnot/train/2/IMG_4213.jpg,vnwoodknot,folder_class,vnwoodknot:train:img_4213,knot,knot,0.9985741376876831,0.0014144846936687827,0.9985741376876831,1.1370359061402269e-05,True
wood-multitask-final/data_processed/classification_crops/external_test/knot/vnwoodknot_001808_0001976.jpg,VNWoodKnot/VNWoodKnot A High-Quality Image Dataset for Wood K/VNWoodKnot/VNWoodKnot/train/2/IMG_4214.jpg,vnwoodknot,folder_class,vnwoodknot:train:img_4214,knot,knot,0.9997861981391907,0.00021360197570174932,0.9997861981391907,2.885227274873614e-07,True
wood-multitask-final/data_processed/classification_crops/external_test/knot/vnwoodknot_001809_0001977.jpg,VNWoodKnot/VNWoodKnot A High-Quality Image Dataset for Wood K/VNWoodKnot/VNWoodKnot/train/2/IMG_4215.jpg,vnwoodknot,folder_class,vnwoodknot:train:img_4215,knot,knot,0.9936926364898682,0.006306266877800226,0.9936926364898682,1.0458664974066778e-06,True
wood-multitask-final/data_processed/classification_crops/external_test/knot/vnwoodknot_001810_0001978.jpg,VNWoodKnot/VNWoodKnot A High-Quality Image Dataset for Wood K/VNWoodKnot/VNWoodKnot/train/2/IMG_4218.jpg,vnwoodknot,folder_class,vnwoodknot:train:img_4218,knot,crack,0.9797559976577759,0.9797559976577759,0.020244063809514046,8.855628230719503e-09,False
wood-multitask-final/data_processed/classification_crops/external_test/knot/vnwoodknot_001811_0001979.jpg,VNWoodKnot/VNWoodKnot A High-Quality Image Dataset for Wood K/VNWoodKnot/VNWoodKnot/train/2/IMG_4220.jpg,vnwoodknot,folder_class,vnwoodknot:train:img_4220,knot,crack,0.9991732239723206,0.9991732239723206,0.0008268026285804808,7.349138186896198e-09,False
wood-multitask-final/data_processed/classification_crops/external_test/knot/vnwoodknot_001812_0001980.jpg,VNWoodKnot/VNWoodKnot A High-Quality Image Dataset for Wood K/VNWoodKnot/VNWoodKnot/train/2/IMG_4221.jpg,vnwoodknot,folder_class,vnwoodknot:train:img_4221,knot,crack,1.0,1.0,8.481984004049536e-09,1.445976116620784e-10,False
wood-multitask-final/data_processed/classification_crops/external_test/knot/vnwoodknot_001813_0001981.jpg,VNWoodKnot/VNWoodKnot A High-Quality Image Dataset for Wood K/VNWoodKnot/VNWoodKnot/train/2/IMG_4229.jpg,vnwoodknot,folder_class,vnwoodknot:train:img_4229,knot,knot,0.7542092800140381,0.0003465171030256897,0.7542092800140381,0.24544422328472137,True
wood-multitask-final/data_processed/classification_crops/external_test/knot/vnwoodknot_001814_0001982.jpg,VNWoodKnot/VNWoodKnot A High-Quality Image Dataset for Wood K/VNWoodKnot/VNWoodKnot/train/2/IMG_4232.jpg,vnwoodknot,folder_class,vnwoodknot:train:img_4232,knot,crack,0.9889547824859619,0.9889547824859619,0.011045146733522415,9.105226439487524e-08,False
wood-multitask-final/data_processed/classification_crops/external_test/knot/vnwoodknot_001815_0001983.jpg,VNWoodKnot/VNWoodKnot A High-Quality Image Dataset for Wood K/VNWoodKnot/VNWoodKnot/train/2/IMG_4233.jpg,vnwoodknot,folder_class,vnwoodknot:train:img_4233,knot,knot,0.7205315828323364,0.2790204584598541,0.7205315828323364,0.00044795151916332543,True
wood-multitask-final/data_processed/classification_crops/external_test/knot/vnwoodknot_001816_0001984.jpg,VNWoodKnot/VNWoodKnot A High-Quality Image Dataset for Wood K/VNWoodKnot/VNWoodKnot/train/2/IMG_4237.jpg,vnwoodknot,folder_class,vnwoodknot:train:img_4237,knot,knot,0.983217716217041,0.01641962304711342,0.983217716217041,0.00036259263288229704,True
wood-multitask-final/data_processed/classification_crops/external_test/knot/vnwoodknot_001817_0001985.jpg,VNWoodKnot/VNWoodKnot A High-Quality Image Dataset for Wood K/VNWoodKnot/VNWoodKnot/train/2/IMG_4242.jpg,vnwoodknot,folder_class,vnwoodknot:train:img_4242,knot,crack,0.9999845027923584,0.9999845027923584,1.1487548363220412e-05,4.070901013619732e-06,False
wood-multitask-final/data_processed/classification_crops/external_test/knot/vnwoodknot_001818_0001986.jpg,VNWoodKnot/VNWoodKnot A High-Quality Image Dataset for Wood K/VNWoodKnot/VNWoodKnot/train/2/IMG_4249.jpg,vnwoodknot,folder_class,vnwoodknot:train:img_4249,knot,knot,0.998961329460144,0.001038599293678999,0.998961329460144,1.2414672312388575e-07,True
wood-multitask-final/data_processed/classification_crops/external_test/knot/vnwoodknot_001819_0001987.jpg,VNWoodKnot/VNWoodKnot A High-Quality Image Dataset for Wood K/VNWoodKnot/VNWoodKnot/train/2/IMG_4254.jpg,vnwoodknot,folder_class,vnwoodknot:train:img_4254,knot,knot,0.7221168875694275,0.2778782546520233,0.7221168875694275,4.785057626577327e-06,True
wood-multitask-final/data_processed/classification_crops/external_test/knot/vnwoodknot_001820_0001988.jpg,VNWoodKnot/VNWoodKnot A High-Quality Image Dataset for Wood K/VNWoodKnot/VNWoodKnot/train/2/IMG_4258.jpg,vnwoodknot,folder_class,vnwoodknot:train:img_4258,knot,knot,0.995924711227417,0.00257498980499804,0.995924711227417,0.0015002902364358306,True
wood-multitask-final/data_processed/classification_crops/external_test/knot/vnwoodknot_001821_0001989.jpg,VNWoodKnot/VNWoodKnot A High-Quality Image Dataset for Wood K/VNWoodKnot/VNWoodKnot/train/2/IMG_4259.jpg,vnwoodknot,folder_class,vnwoodknot:train:img_4259,knot,knot,0.908802330493927,0.08957067877054214,0.908802330493927,0.0016270230989903212,True
wood-multitask-final/data_processed/classification_crops/external_test/knot/vnwoodknot_001822_0001990.jpg,VNWoodKnot/VNWoodKnot A High-Quality Image Dataset for Wood K/VNWoodKnot/VNWoodKnot/train/2/IMG_4264.jpg,vnwoodknot,folder_class,vnwoodknot:train:img_4264,knot,knot,0.9999567270278931,4.3186133552808315e-05,0.9999567270278931,8.466120959838008e-08,True
wood-multitask-final/data_processed/classification_crops/external_test/knot/vnwoodknot_001823_0001991.jpg,VNWoodKnot/VNWoodKnot A High-Quality Image Dataset for Wood K/VNWoodKnot/VNWoodKnot/train/2/IMG_4266.jpg,vnwoodknot,folder_class,vnwoodknot:train:img_4266,knot,crack,0.9999997615814209,0.9999997615814209,1.8634663945249486e-07,1.9919993432537808e-10,False
wood-multitask-final/data_processed/classification_crops/external_test/knot/vnwoodknot_001824_0001992.jpg,VNWoodKnot/VNWoodKnot A High-Quality Image Dataset for Wood K/VNWoodKnot/VNWoodKnot/train/2/IMG_4269.jpg,vnwoodknot,folder_class,vnwoodknot:train:img_4269,knot,crack,0.994631290435791,0.994631290435791,0.005312785040587187,5.592373418039642e-05,False
wood-multitask-final/data_processed/classification_crops/external_test/knot/vnwoodknot_001825_0001993.jpg,VNWoodKnot/VNWoodKnot A High-Quality Image Dataset for Wood K/VNWoodKnot/VNWoodKnot/train/2/IMG_4270.jpg,vnwoodknot,folder_class,vnwoodknot:train:img_4270,knot,crack,0.8334485292434692,0.8334485292434692,0.1277201920747757,0.03883128613233566,False
wood-multitask-final/data_processed/classification_crops/external_test/knot/vnwoodknot_001826_0001994.jpg,VNWoodKnot/VNWoodKnot A High-Quality Image Dataset for Wood K/VNWoodKnot/VNWoodKnot/train/2/IMG_4286.jpg,vnwoodknot,folder_class,vnwoodknot:train:img_4286,knot,crack,0.9818451404571533,0.9818451404571533,0.018099717795848846,5.510393748409115e-05,False
wood-multitask-final/data_processed/classification_crops/external_test/knot/vnwoodknot_001827_0001995.jpg,VNWoodKnot/VNWoodKnot A High-Quality Image Dataset for Wood K/VNWoodKnot/VNWoodKnot/train/2/IMG_4295.jpg,vnwoodknot,folder_class,vnwoodknot:train:img_4295,knot,crack,0.9994074106216431,0.9994074106216431,0.0005909521714784205,1.7087694459405611e-06,False
wood-multitask-final/data_processed/classification_crops/external_test/knot/vnwoodknot_001828_0001996.jpg,VNWoodKnot/VNWoodKnot A High-Quality Image Dataset for Wood K/VNWoodKnot/VNWoodKnot/train/2/IMG_4300.jpg,vnwoodknot,folder_class,vnwoodknot:train:img_4300,knot,crack,0.9997888207435608,0.9997888207435608,0.00021118084259796888,5.457731333535776e-08,False
wood-multitask-final/data_processed/classification_crops/external_test/knot/vnwoodknot_001829_0001997.jpg,VNWoodKnot/VNWoodKnot A High-Quality Image Dataset for Wood K/VNWoodKnot/VNWoodKnot/train/2/IMG_4304.jpg,vnwoodknot,folder_class,vnwoodknot:train:img_4304,knot,crack,0.999995231628418,0.999995231628418,4.730636646854691e-06,5.81720616121828e-10,False
wood-multitask-final/data_processed/classification_crops/external_test/knot/vnwoodknot_001830_0001998.jpg,VNWoodKnot/VNWoodKnot A High-Quality Image Dataset for Wood K/VNWoodKnot/VNWoodKnot/train/2/IMG_4309.jpg,vnwoodknot,folder_class,vnwoodknot:train:img_4309,knot,crack,0.999822199344635,0.999822199344635,0.0001778717851266265,2.6007709763575804e-08,False
wood-multitask-final/data_processed/classification_crops/external_test/knot/vnwoodknot_001831_0001999.jpg,VNWoodKnot/VNWoodKnot A High-Quality Image Dataset for Wood K/VNWoodKnot/VNWoodKnot/train/2/IMG_4310.jpg,vnwoodknot,folder_class,vnwoodknot:train:img_4310,knot,crack,0.9997312426567078,0.9997312426567078,0.00026879479992203414,6.482372860716623e-09,False
wood-multitask-final/data_processed/classification_crops/external_test/knot/vnwoodknot_001832_0002000.jpg,VNWoodKnot/VNWoodKnot A High-Quality Image Dataset for Wood K/VNWoodKnot/VNWoodKnot/train/2/IMG_4312.jpg,vnwoodknot,folder_class,vnwoodknot:train:img_4312,knot,knot,0.9988111257553101,0.001181277446448803,0.9988111257553101,7.596354407723993e-06,True
wood-multitask-final/data_processed/classification_crops/external_test/knot/vnwoodknot_001833_0002001.jpg,VNWoodKnot/VNWoodKnot A High-Quality Image Dataset for Wood K/VNWoodKnot/VNWoodKnot/train/2/IMG_4316.jpg,vnwoodknot,folder_class,vnwoodknot:train:img_4316,knot,crack,0.999762237071991,0.999762237071991,0.00023781933123245835,4.6129677855333284e-09,False
wood-multitask-final/data_processed/classification_crops/external_test/knot/vnwoodknot_001834_0002002.jpg,VNWoodKnot/VNWoodKnot A High-Quality Image Dataset for Wood K/VNWoodKnot/VNWoodKnot/train/2/IMG_4321.jpg,vnwoodknot,folder_class,vnwoodknot:train:img_4321,knot,crack,0.9996685981750488,0.9996685981750488,0.00033141541643999517,7.635969634378625e-11,False
wood-multitask-final/data_processed/classification_crops/external_test/knot/vnwoodknot_001834_0002003.jpg,VNWoodKnot/VNWoodKnot A High-Quality Image Dataset for Wood K/VNWoodKnot/VNWoodKnot/train/2/IMG_4321.jpg,vnwoodknot,folder_class,vnwoodknot:train:img_4321,knot,crack,0.9996404647827148,0.9996404647827148,0.0003002508310601115,5.916733789490536e-05,False
wood-multitask-final/data_processed/classification_crops/external_test/knot/vnwoodknot_001835_0002004.jpg,VNWoodKnot/VNWoodKnot A High-Quality Image Dataset for Wood K/VNWoodKnot/VNWoodKnot/train/2/IMG_4556.jpg,vnwoodknot,folder_class,vnwoodknot:train:img_4556,knot,normal,0.9577640295028687,0.002011696109548211,0.04022430628538132,0.9577640295028687,False
wood-multitask-final/data_processed/classification_crops/external_test/knot/vnwoodknot_001836_0002005.jpg,VNWoodKnot/VNWoodKnot A High-Quality Image Dataset for Wood K/VNWoodKnot/VNWoodKnot/train/2/IMG_4559.jpg,vnwoodknot,folder_class,vnwoodknot:train:img_4559,knot,crack,0.9999556541442871,0.9999556541442871,4.4320149754639715e-05,3.766199085930566e-08,False
wood-multitask-final/data_processed/classification_crops/external_test/knot/vnwoodknot_001837_0002006.jpg,VNWoodKnot/VNWoodKnot A High-Quality Image Dataset for Wood K/VNWoodKnot/VNWoodKnot/train/2/IMG_4569.jpg,vnwoodknot,folder_class,vnwoodknot:train:img_4569,knot,knot,0.9522777199745178,0.04772210121154785,0.9522777199745178,7.902435328333013e-08,True
wood-multitask-final/data_processed/classification_crops/external_test/knot/vnwoodknot_001838_0002007.jpg,VNWoodKnot/VNWoodKnot A High-Quality Image Dataset for Wood K/VNWoodKnot/VNWoodKnot/train/2/IMG_4574.jpg,vnwoodknot,folder_class,vnwoodknot:train:img_4574,knot,knot,0.8148064017295837,0.1851819008588791,0.8148064017295837,1.1613286915235221e-05,True
wood-multitask-final/data_processed/classification_crops/external_test/knot/vnwoodknot_001839_0002008.jpg,VNWoodKnot/VNWoodKnot A High-Quality Image Dataset for Wood K/VNWoodKnot/VNWoodKnot/train/2/IMG_4580.jpg,vnwoodknot,folder_class,vnwoodknot:train:img_4580,knot,crack,0.9999904632568359,0.9999904632568359,9.544372005620971e-06,1.325242346417177e-11,False
wood-multitask-final/data_processed/classification_crops/external_test/knot/vnwoodknot_001840_0002009.jpg,VNWoodKnot/VNWoodKnot A High-Quality Image Dataset for Wood K/VNWoodKnot/VNWoodKnot/train/2/IMG_4583.jpg,vnwoodknot,folder_class,vnwoodknot:train:img_4583,knot,crack,0.7418176531791687,0.7418176531791687,0.23157885670661926,0.026603445410728455,False
wood-multitask-final/data_processed/classification_crops/external_test/knot/vnwoodknot_001841_0002010.jpg,VNWoodKnot/VNWoodKnot A High-Quality Image Dataset for Wood K/VNWoodKnot/VNWoodKnot/train/2/IMG_4596.jpg,vnwoodknot,folder_class,vnwoodknot:train:img_4596,knot,knot,0.9325012564659119,0.0674930140376091,0.9325012564659119,5.638265065499581e-06,True
wood-multitask-final/data_processed/classification_crops/external_test/knot/vnwoodknot_001842_0002011.jpg,VNWoodKnot/VNWoodKnot A High-Quality Image Dataset for Wood K/VNWoodKnot/VNWoodKnot/train/2/IMG_4603.jpg,vnwoodknot,folder_class,vnwoodknot:train:img_4603,knot,crack,0.9996451139450073,0.9996451139450073,0.0003548746753949672,7.046229821838779e-09,False
wood-multitask-final/data_processed/classification_crops/external_test/knot/vnwoodknot_001843_0002012.jpg,VNWoodKnot/VNWoodKnot A High-Quality Image Dataset for Wood K/VNWoodKnot/VNWoodKnot/train/2/IMG_4612.jpg,vnwoodknot,folder_class,vnwoodknot:train:img_4612,knot,crack,1.0,1.0,7.335199114777424e-09,2.799549871437823e-12,False
wood-multitask-final/data_processed/classification_crops/external_test/knot/vnwoodknot_001844_0002013.jpg,VNWoodKnot/VNWoodKnot A High-Quality Image Dataset for Wood K/VNWoodKnot/VNWoodKnot/train/2/IMG_4619.jpg,vnwoodknot,folder_class,vnwoodknot:train:img_4619,knot,crack,0.5042956471443176,0.5042956471443176,0.49566757678985596,3.6805438867304474e-05,False
wood-multitask-final/data_processed/classification_crops/external_test/knot/vnwoodknot_001845_0002014.jpg,VNWoodKnot/VNWoodKnot A High-Quality Image Dataset for Wood K/VNWoodKnot/VNWoodKnot/train/2/IMG_4625.jpg,vnwoodknot,folder_class,vnwoodknot:train:img_4625,knot,crack,0.9998499155044556,0.9998499155044556,0.00015011212963145226,6.539264241212095e-09,False
wood-multitask-final/data_processed/classification_crops/external_test/knot/vnwoodknot_001846_0002015.jpg,VNWoodKnot/VNWoodKnot A High-Quality Image Dataset for Wood K/VNWoodKnot/VNWoodKnot/train/2/IMG_4632.jpg,vnwoodknot,folder_class,vnwoodknot:train:img_4632,knot,crack,0.9752859473228455,0.9752859473228455,0.024521637707948685,0.00019238768436480314,False
wood-multitask-final/data_processed/classification_crops/external_test/knot/vnwoodknot_001847_0002016.jpg,VNWoodKnot/VNWoodKnot A High-Quality Image Dataset for Wood K/VNWoodKnot/VNWoodKnot/train/2/IMG_4646.jpg,vnwoodknot,folder_class,vnwoodknot:train:img_4646,knot,knot,0.9996305704116821,0.0003691819147206843,0.9996305704116821,2.8827130904574005e-07,True
wood-multitask-final/data_processed/classification_crops/external_test/knot/vnwoodknot_001848_0002017.jpg,VNWoodKnot/VNWoodKnot A High-Quality Image Dataset for Wood K/VNWoodKnot/VNWoodKnot/train/2/IMG_4647.jpg,vnwoodknot,folder_class,vnwoodknot:train:img_4647,knot,crack,0.9999932050704956,0.9999932050704956,6.414568360924022e-06,3.049486565487314e-07,False
wood-multitask-final/data_processed/classification_crops/external_test/knot/vnwoodknot_001849_0002018.jpg,VNWoodKnot/VNWoodKnot A High-Quality Image Dataset for Wood K/VNWoodKnot/VNWoodKnot/train/2/IMG_4653.jpg,vnwoodknot,folder_class,vnwoodknot:train:img_4653,knot,crack,0.9999266862869263,0.9999266862869263,7.333669054787606e-05,1.9635200132483988e-08,False
wood-multitask-final/data_processed/classification_crops/external_test/knot/vnwoodknot_001850_0002019.jpg,VNWoodKnot/VNWoodKnot A High-Quality Image Dataset for Wood K/VNWoodKnot/VNWoodKnot/train/2/IMG_4657.jpg,vnwoodknot,folder_class,vnwoodknot:train:img_4657,knot,crack,0.6117057204246521,0.6117057204246521,0.2748841941356659,0.11341007053852081,False
wood-multitask-final/data_processed/classification_crops/external_test/knot/vnwoodknot_001851_0002020.jpg,VNWoodKnot/VNWoodKnot A High-Quality Image Dataset for Wood K/VNWoodKnot/VNWoodKnot/train/2/IMG_4662.jpg,vnwoodknot,folder_class,vnwoodknot:train:img_4662,knot,knot,0.9984778761863708,0.001037688460201025,0.9984778761863708,0.0004844611685257405,True
wood-multitask-final/data_processed/classification_crops/external_test/knot/vnwoodknot_001852_0002021.jpg,VNWoodKnot/VNWoodKnot A High-Quality Image Dataset for Wood K/VNWoodKnot/VNWoodKnot/train/2/IMG_4669.jpg,vnwoodknot,folder_class,vnwoodknot:train:img_4669,knot,knot,0.9467985033988953,0.003506904933601618,0.9467985033988953,0.04969467967748642,True
wood-multitask-final/data_processed/classification_crops/external_test/knot/vnwoodknot_001853_0002022.jpg,VNWoodKnot/VNWoodKnot A High-Quality Image Dataset for Wood K/VNWoodKnot/VNWoodKnot/train/2/IMG_4674.jpg,vnwoodknot,folder_class,vnwoodknot:train:img_4674,knot,crack,0.9999948740005493,0.9999948740005493,5.1590245675470214e-06,4.780448814578619e-10,False
wood-multitask-final/data_processed/classification_crops/external_test/knot/vnwoodknot_001854_0002023.jpg,VNWoodKnot/VNWoodKnot A High-Quality Image Dataset for Wood K/VNWoodKnot/VNWoodKnot/train/2/IMG_4676.jpg,vnwoodknot,folder_class,vnwoodknot:train:img_4676,knot,crack,0.999904990196228,0.999904990196228,9.449185017729178e-05,4.991346713723033e-07,False
wood-multitask-final/data_processed/classification_crops/external_test/knot/vnwoodknot_001855_0002024.jpg,VNWoodKnot/VNWoodKnot A High-Quality Image Dataset for Wood K/VNWoodKnot/VNWoodKnot/train/2/IMG_4682.jpg,vnwoodknot,folder_class,vnwoodknot:train:img_4682,knot,crack,0.9999680519104004,0.9999680519104004,3.19949904223904e-05,2.561913702014973e-11,False
wood-multitask-final/data_processed/classification_crops/external_test/knot/vnwoodknot_001856_0002025.jpg,VNWoodKnot/VNWoodKnot A High-Quality Image Dataset for Wood K/VNWoodKnot/VNWoodKnot/train/2/IMG_4695.jpg,vnwoodknot,folder_class,vnwoodknot:train:img_4695,knot,crack,0.44756725430488586,0.44756725430488586,0.36572179198265076,0.18671096861362457,False
wood-multitask-final/data_processed/classification_crops/external_test/knot/vnwoodknot_001857_0002026.jpg,VNWoodKnot/VNWoodKnot A High-Quality Image Dataset for Wood K/VNWoodKnot/VNWoodKnot/train/2/IMG_4706.jpg,vnwoodknot,folder_class,vnwoodknot:train:img_4706,knot,knot,0.5358948707580566,0.45363831520080566,0.5358948707580566,0.010466868057847023,True
wood-multitask-final/data_processed/classification_crops/external_test/knot/vnwoodknot_001858_0002027.jpg,VNWoodKnot/VNWoodKnot A High-Quality Image Dataset for Wood K/VNWoodKnot/VNWoodKnot/train/2/IMG_4713.jpg,vnwoodknot,folder_class,vnwoodknot:train:img_4713,knot,knot,0.9925715327262878,0.007264852523803711,0.9925715327262878,0.000163612567121163,True
wood-multitask-final/data_processed/classification_crops/external_test/knot/vnwoodknot_001859_0002028.jpg,VNWoodKnot/VNWoodKnot A High-Quality Image Dataset for Wood K/VNWoodKnot/VNWoodKnot/train/2/IMG_4721.jpg,vnwoodknot,folder_class,vnwoodknot:train:img_4721,knot,crack,1.0,1.0,8.773760384883644e-09,1.0751906092884567e-12,False
wood-multitask-final/data_processed/classification_crops/external_test/knot/vnwoodknot_001860_0002029.jpg,VNWoodKnot/VNWoodKnot A High-Quality Image Dataset for Wood K/VNWoodKnot/VNWoodKnot/train/2/IMG_4733.jpg,vnwoodknot,folder_class,vnwoodknot:train:img_4733,knot,crack,0.9867536425590515,0.9867536425590515,0.001429474214091897,0.011816845275461674,False
wood-multitask-final/data_processed/classification_crops/external_test/knot/vnwoodknot_001861_0002030.jpg,VNWoodKnot/VNWoodKnot A High-Quality Image Dataset for Wood K/VNWoodKnot/VNWoodKnot/train/2/IMG_4737.jpg,vnwoodknot,folder_class,vnwoodknot:train:img_4737,knot,crack,0.9876735806465149,0.9876735806465149,0.012326437048614025,1.168125596251457e-10,False
wood-multitask-final/data_processed/classification_crops/external_test/knot/vnwoodknot_001862_0002031.jpg,VNWoodKnot/VNWoodKnot A High-Quality Image Dataset for Wood K/VNWoodKnot/VNWoodKnot/train/2/IMG_4738.jpg,vnwoodknot,folder_class,vnwoodknot:train:img_4738,knot,crack,0.9999994039535522,0.9999994039535522,6.394985234692285e-07,4.084876326082565e-10,False
wood-multitask-final/data_processed/classification_crops/external_test/knot/vnwoodknot_001863_0002032.jpg,VNWoodKnot/VNWoodKnot A High-Quality Image Dataset for Wood K/VNWoodKnot/VNWoodKnot/train/2/IMG_4757.jpg,vnwoodknot,folder_class,vnwoodknot:train:img_4757,knot,crack,0.3754630982875824,0.3754630982875824,0.3667996823787689,0.2577371895313263,False
wood-multitask-final/data_processed/classification_crops/external_test/knot/vnwoodknot_001864_0002033.jpg,VNWoodKnot/VNWoodKnot A High-Quality Image Dataset for Wood K/VNWoodKnot/VNWoodKnot/train/2/img_3647.jpg,vnwoodknot,folder_class,vnwoodknot:train:img_3647,knot,crack,0.7789208889007568,0.7789208889007568,0.2209499478340149,0.0001291868684347719,False
wood-multitask-final/data_processed/classification_crops/external_test/knot/vnwoodknot_001865_0002034.jpg,VNWoodKnot/VNWoodKnot A High-Quality Image Dataset for Wood K/VNWoodKnot/VNWoodKnot/train/2/img_3650.jpg,vnwoodknot,folder_class,vnwoodknot:train:img_3650,knot,crack,0.9886583685874939,0.9886583685874939,0.011341245844960213,4.0048618643595546e-07,False
wood-multitask-final/data_processed/classification_crops/external_test/knot/vnwoodknot_001866_0002035.jpg,VNWoodKnot/VNWoodKnot A High-Quality Image Dataset for Wood K/VNWoodKnot/VNWoodKnot/train/2/img_3651.jpg,vnwoodknot,folder_class,vnwoodknot:train:img_3651,knot,knot,0.6007474064826965,0.39924201369285583,0.6007474064826965,1.0528970051382203e-05,True
wood-multitask-final/data_processed/classification_crops/external_test/knot/vnwoodknot_001867_0002036.jpg,VNWoodKnot/VNWoodKnot A High-Quality Image Dataset for Wood K/VNWoodKnot/VNWoodKnot/train/2/img_3653.jpg,vnwoodknot,folder_class,vnwoodknot:train:img_3653,knot,crack,0.979207456111908,0.979207456111908,0.020792534574866295,4.157941005389354e-11,False
wood-multitask-final/data_processed/classification_crops/external_test/knot/vnwoodknot_001868_0002037.jpg,VNWoodKnot/VNWoodKnot A High-Quality Image Dataset for Wood K/VNWoodKnot/VNWoodKnot/train/2/img_3654.jpg,vnwoodknot,folder_class,vnwoodknot:train:img_3654,knot,crack,0.999990701675415,0.999990701675415,9.250645234715194e-06,7.61915364133614e-10,False
wood-multitask-final/data_processed/classification_crops/external_test/knot/vnwoodknot_001869_0002038.jpg,VNWoodKnot/VNWoodKnot A High-Quality Image Dataset for Wood K/VNWoodKnot/VNWoodKnot/train/2/img_3655.jpg,vnwoodknot,folder_class,vnwoodknot:train:img_3655,knot,knot,0.5640519857406616,0.43594759702682495,0.5640519857406616,3.868358646741399e-07,True
wood-multitask-final/data_processed/classification_crops/external_test/knot/vnwoodknot_001870_0002039.jpg,VNWoodKnot/VNWoodKnot A High-Quality Image Dataset for Wood K/VNWoodKnot/VNWoodKnot/train/2/img_3656.jpg,vnwoodknot,folder_class,vnwoodknot:train:img_3656,knot,knot,0.9947850108146667,0.005014315247535706,0.9947850108146667,0.00020061468239873648,True
wood-multitask-final/data_processed/classification_crops/external_test/knot/vnwoodknot_001871_0002040.jpg,VNWoodKnot/VNWoodKnot A High-Quality Image Dataset for Wood K/VNWoodKnot/VNWoodKnot/train/2/img_3657.jpg,vnwoodknot,folder_class,vnwoodknot:train:img_3657,knot,crack,0.9999784231185913,0.9999784231185913,2.1537607608479448e-05,3.523776593867406e-13,False
wood-multitask-final/data_processed/classification_crops/external_test/knot/vnwoodknot_001872_0002041.jpg,VNWoodKnot/VNWoodKnot A High-Quality Image Dataset for Wood K/VNWoodKnot/VNWoodKnot/train/2/img_3660.jpg,vnwoodknot,folder_class,vnwoodknot:train:img_3660,knot,crack,1.0,1.0,4.110718154759496e-10,2.1898845584122917e-13,False
wood-multitask-final/data_processed/classification_crops/external_test/knot/vnwoodknot_001873_0002042.jpg,VNWoodKnot/VNWoodKnot A High-Quality Image Dataset for Wood K/VNWoodKnot/VNWoodKnot/train/2/img_3661.jpg,vnwoodknot,folder_class,vnwoodknot:train:img_3661,knot,crack,0.991766631603241,0.991766631603241,0.008226179517805576,7.1963054324442055e-06,False
wood-multitask-final/data_processed/classification_crops/external_test/knot/vnwoodknot_001874_0002043.jpg,VNWoodKnot/VNWoodKnot A High-Quality Image Dataset for Wood K/VNWoodKnot/VNWoodKnot/train/2/img_3663.jpg,vnwoodknot,folder_class,vnwoodknot:train:img_3663,knot,crack,0.9730719327926636,0.9730719327926636,0.026884831488132477,4.322405220591463e-05,False
wood-multitask-final/data_processed/classification_crops/external_test/knot/vnwoodknot_001875_0002044.jpg,VNWoodKnot/VNWoodKnot A High-Quality Image Dataset for Wood K/VNWoodKnot/VNWoodKnot/train/2/img_3665.jpg,vnwoodknot,folder_class,vnwoodknot:train:img_3665,knot,crack,0.9743626713752747,0.9743626713752747,0.025637224316596985,1.6632536414817878e-07,False
wood-multitask-final/data_processed/classification_crops/external_test/knot/vnwoodknot_001876_0002045.jpg,VNWoodKnot/VNWoodKnot A High-Quality Image Dataset for Wood K/VNWoodKnot/VNWoodKnot/train/2/img_3666.jpg,vnwoodknot,folder_class,vnwoodknot:train:img_3666,knot,knot,0.8502057790756226,0.14826425909996033,0.8502057790756226,0.0015300433151423931,True
wood-multitask-final/data_processed/classification_crops/external_test/knot/vnwoodknot_001877_0002046.jpg,VNWoodKnot/VNWoodKnot A High-Quality Image Dataset for Wood K/VNWoodKnot/VNWoodKnot/train/2/img_3669.jpg,vnwoodknot,folder_class,vnwoodknot:train:img_3669,knot,crack,0.9992824196815491,0.9992824196815491,0.0006679010111838579,4.971502858097665e-05,False
wood-multitask-final/data_processed/classification_crops/external_test/knot/vnwoodknot_001878_0002047.jpg,VNWoodKnot/VNWoodKnot A High-Quality Image Dataset for Wood K/VNWoodKnot/VNWoodKnot/train/2/img_3671.jpg,vnwoodknot,folder_class,vnwoodknot:train:img_3671,knot,crack,0.7641618847846985,0.7641618847846985,0.23583804070949554,1.0846306963685493e-07,False
wood-multitask-final/data_processed/classification_crops/external_test/knot/vnwoodknot_001879_0002048.jpg,VNWoodKnot/VNWoodKnot A High-Quality Image Dataset for Wood K/VNWoodKnot/VNWoodKnot/train/2/img_3675.jpg,vnwoodknot,folder_class,vnwoodknot:train:img_3675,knot,crack,0.9999353885650635,0.9999353885650635,6.456658593378961e-05,4.115981513952427e-11,False
wood-multitask-final/data_processed/classification_crops/external_test/knot/vnwoodknot_001880_0002049.jpg,VNWoodKnot/VNWoodKnot A High-Quality Image Dataset for Wood K/VNWoodKnot/VNWoodKnot/train/2/img_3676.jpg,vnwoodknot,folder_class,vnwoodknot:train:img_3676,knot,knot,0.9493235945701599,0.022723689675331116,0.9493235945701599,0.027952654287219048,True
wood-multitask-final/data_processed/classification_crops/external_test/knot/vnwoodknot_001881_0002050.jpg,VNWoodKnot/VNWoodKnot A High-Quality Image Dataset for Wood K/VNWoodKnot/VNWoodKnot/train/2/img_3679.jpg,vnwoodknot,folder_class,vnwoodknot:train:img_3679,knot,knot,0.6831793189048767,0.31680285930633545,0.6831793189048767,1.7795775420381688e-05,True
wood-multitask-final/data_processed/classification_crops/external_test/knot/vnwoodknot_001882_0002051.jpg,VNWoodKnot/VNWoodKnot A High-Quality Image Dataset for Wood K/VNWoodKnot/VNWoodKnot/train/2/img_3680.jpg,vnwoodknot,folder_class,vnwoodknot:train:img_3680,knot,crack,1.0,1.0,9.553363655712133e-11,1.1519786860536563e-12,False
wood-multitask-final/data_processed/classification_crops/external_test/knot/vnwoodknot_001883_0002052.jpg,VNWoodKnot/VNWoodKnot A High-Quality Image Dataset for Wood K/VNWoodKnot/VNWoodKnot/train/2/img_3682.jpg,vnwoodknot,folder_class,vnwoodknot:train:img_3682,knot,knot,0.9410130381584167,0.0577675960958004,0.9410130381584167,0.0012193340808153152,True
wood-multitask-final/data_processed/classification_crops/external_test/knot/vnwoodknot_001884_0002053.jpg,VNWoodKnot/VNWoodKnot A High-Quality Image Dataset for Wood K/VNWoodKnot/VNWoodKnot/train/2/img_3683.jpg,vnwoodknot,folder_class,vnwoodknot:train:img_3683,knot,knot,0.9990329742431641,0.0007379628950729966,0.9990329742431641,0.00022909301333129406,True
wood-multitask-final/data_processed/classification_crops/external_test/knot/vnwoodknot_001885_0002054.jpg,VNWoodKnot/VNWoodKnot A High-Quality Image Dataset for Wood K/VNWoodKnot/VNWoodKnot/train/2/img_3684.jpg,vnwoodknot,folder_class,vnwoodknot:train:img_3684,knot,crack,0.9976434111595154,0.9976434111595154,0.0023565476294606924,3.196378439707104e-10,False
wood-multitask-final/data_processed/classification_crops/external_test/knot/vnwoodknot_001886_0002055.jpg,VNWoodKnot/VNWoodKnot A High-Quality Image Dataset for Wood K/VNWoodKnot/VNWoodKnot/train/2/img_3687.jpg,vnwoodknot,folder_class,vnwoodknot:train:img_3687,knot,crack,1.0,1.0,4.404560272064373e-09,1.1836219504512968e-11,False
wood-multitask-final/data_processed/classification_crops/external_test/knot/vnwoodknot_001887_0002056.jpg,VNWoodKnot/VNWoodKnot A High-Quality Image Dataset for Wood K/VNWoodKnot/VNWoodKnot/train/2/img_3688.jpg,vnwoodknot,folder_class,vnwoodknot:train:img_3688,knot,knot,0.9994626641273499,9.9673263321165e-05,0.9994626641273499,0.00043767824536189437,True
wood-multitask-final/data_processed/classification_crops/external_test/knot/vnwoodknot_001888_0002057.jpg,VNWoodKnot/VNWoodKnot A High-Quality Image Dataset for Wood K/VNWoodKnot/VNWoodKnot/train/2/img_3691.jpg,vnwoodknot,folder_class,vnwoodknot:train:img_3691,knot,knot,0.5679315328598022,0.42955389618873596,0.5679315328598022,0.002514558145776391,True
wood-multitask-final/data_processed/classification_crops/external_test/knot/vnwoodknot_001889_0002058.jpg,VNWoodKnot/VNWoodKnot A High-Quality Image Dataset for Wood K/VNWoodKnot/VNWoodKnot/train/2/img_3692.jpg,vnwoodknot,folder_class,vnwoodknot:train:img_3692,knot,crack,0.9999982118606567,0.9999982118606567,1.7394513633917086e-06,5.536830369190504e-11,False
wood-multitask-final/data_processed/classification_crops/external_test/knot/vnwoodknot_001890_0002059.jpg,VNWoodKnot/VNWoodKnot A High-Quality Image Dataset for Wood K/VNWoodKnot/VNWoodKnot/train/2/img_3695.jpg,vnwoodknot,folder_class,vnwoodknot:train:img_3695,knot,crack,0.9999994039535522,0.9999994039535522,6.388110023181071e-07,4.003113812656167e-12,False
wood-multitask-final/data_processed/classification_crops/external_test/knot/vnwoodknot_001891_0002060.jpg,VNWoodKnot/VNWoodKnot A High-Quality Image Dataset for Wood K/VNWoodKnot/VNWoodKnot/train/2/img_3696.jpg,vnwoodknot,folder_class,vnwoodknot:train:img_3696,knot,crack,0.5496345162391663,0.5496345162391663,0.4483374059200287,0.0020280040334910154,False
wood-multitask-final/data_processed/classification_crops/external_test/knot/vnwoodknot_001892_0002061.jpg,VNWoodKnot/VNWoodKnot A High-Quality Image Dataset for Wood K/VNWoodKnot/VNWoodKnot/train/2/img_3699.jpg,vnwoodknot,folder_class,vnwoodknot:train:img_3699,knot,crack,0.9777835011482239,0.9777835011482239,0.02220192924141884,1.4601526345359161e-05,False
wood-multitask-final/data_processed/classification_crops/external_test/knot/vnwoodknot_001893_0002062.jpg,VNWoodKnot/VNWoodKnot A High-Quality Image Dataset for Wood K/VNWoodKnot/VNWoodKnot/train/2/img_3702.jpg,vnwoodknot,folder_class,vnwoodknot:train:img_3702,knot,crack,0.9999990463256836,0.9999990463256836,1.790677686130948e-07,6.853524041616765e-07,False
wood-multitask-final/data_processed/classification_crops/external_test/knot/vnwoodknot_001894_0002063.jpg,VNWoodKnot/VNWoodKnot A High-Quality Image Dataset for Wood K/VNWoodKnot/VNWoodKnot/train/2/img_3708.jpg,vnwoodknot,folder_class,vnwoodknot:train:img_3708,knot,crack,0.9999890327453613,0.9999890327453613,1.092230922949966e-05,4.896464900205899e-10,False
wood-multitask-final/data_processed/classification_crops/external_test/knot/vnwoodknot_001895_0002064.jpg,VNWoodKnot/VNWoodKnot A High-Quality Image Dataset for Wood K/VNWoodKnot/VNWoodKnot/train/2/img_3713.jpg,vnwoodknot,folder_class,vnwoodknot:train:img_3713,knot,knot,0.9918459057807922,0.0014807365369051695,0.9918459057807922,0.00667340075597167,True
wood-multitask-final/data_processed/classification_crops/external_test/knot/vnwoodknot_001896_0002065.jpg,VNWoodKnot/VNWoodKnot A High-Quality Image Dataset for Wood K/VNWoodKnot/VNWoodKnot/train/2/img_3714.jpg,vnwoodknot,folder_class,vnwoodknot:train:img_3714,knot,knot,0.9918427467346191,0.008104708977043629,0.9918427467346191,5.257809243630618e-05,True
wood-multitask-final/data_processed/classification_crops/external_test/knot/vnwoodknot_001897_0002066.jpg,VNWoodKnot/VNWoodKnot A High-Quality Image Dataset for Wood K/VNWoodKnot/VNWoodKnot/train/2/img_3715.jpg,vnwoodknot,folder_class,vnwoodknot:train:img_3715,knot,knot,0.9839861392974854,0.015976758673787117,0.9839861392974854,3.70367597497534e-05,True
wood-multitask-final/data_processed/classification_crops/external_test/knot/vnwoodknot_001898_0002067.jpg,VNWoodKnot/VNWoodKnot A High-Quality Image Dataset for Wood K/VNWoodKnot/VNWoodKnot/train/2/img_3717.jpg,vnwoodknot,folder_class,vnwoodknot:train:img_3717,knot,crack,0.9982759952545166,0.9982759952545166,0.0016761389560997486,4.7807850933168083e-05,False
wood-multitask-final/data_processed/classification_crops/external_test/knot/vnwoodknot_001899_0002068.jpg,VNWoodKnot/VNWoodKnot A High-Quality Image Dataset for Wood K/VNWoodKnot/VNWoodKnot/train/2/img_3718.jpg,vnwoodknot,folder_class,vnwoodknot:train:img_3718,knot,knot,0.9598261713981628,9.244264219887555e-05,0.9598261713981628,0.040081433951854706,True
wood-multitask-final/data_processed/classification_crops/external_test/knot/vnwoodknot_001900_0002069.jpg,VNWoodKnot/VNWoodKnot A High-Quality Image Dataset for Wood K/VNWoodKnot/VNWoodKnot/train/2/img_3721.jpg,vnwoodknot,folder_class,vnwoodknot:train:img_3721,knot,crack,0.9999991655349731,0.9999991655349731,8.314225397043629e-07,1.9223924674349746e-09,False
wood-multitask-final/data_processed/classification_crops/external_test/knot/vnwoodknot_001901_0002070.jpg,VNWoodKnot/VNWoodKnot A High-Quality Image Dataset for Wood K/VNWoodKnot/VNWoodKnot/train/2/img_3723.jpg,vnwoodknot,folder_class,vnwoodknot:train:img_3723,knot,crack,1.0,1.0,1.1552384743263033e-10,3.2633881880838765e-15,False
wood-multitask-final/data_processed/classification_crops/external_test/knot/vnwoodknot_001902_0002071.jpg,VNWoodKnot/VNWoodKnot A High-Quality Image Dataset for Wood K/VNWoodKnot/VNWoodKnot/train/2/img_3724.jpg,vnwoodknot,folder_class,vnwoodknot:train:img_3724,knot,crack,0.9940008521080017,0.9940008521080017,0.0059990668669342995,3.364094010413661e-14,False
wood-multitask-final/data_processed/classification_crops/external_test/knot/vnwoodknot_001903_0002072.jpg,VNWoodKnot/VNWoodKnot A High-Quality Image Dataset for Wood K/VNWoodKnot/VNWoodKnot/train/2/img_3728.jpg,vnwoodknot,folder_class,vnwoodknot:train:img_3728,knot,crack,0.9999868869781494,0.9999868869781494,1.3152458450349513e-05,1.6425886692483793e-11,False
wood-multitask-final/data_processed/classification_crops/external_test/knot/vnwoodknot_001904_0002073.jpg,VNWoodKnot/VNWoodKnot A High-Quality Image Dataset for Wood K/VNWoodKnot/VNWoodKnot/train/2/img_3729.jpg,vnwoodknot,folder_class,vnwoodknot:train:img_3729,knot,crack,0.9999796152114868,0.9999796152114868,2.0339077309472486e-05,3.008186144626279e-09,False
wood-multitask-final/data_processed/classification_crops/external_test/knot/vnwoodknot_001905_0002074.jpg,VNWoodKnot/VNWoodKnot A High-Quality Image Dataset for Wood K/VNWoodKnot/VNWoodKnot/train/2/img_3730.jpg,vnwoodknot,folder_class,vnwoodknot:train:img_3730,knot,crack,0.9999853372573853,0.9999853372573853,1.472128315072041e-05,2.7571043226259917e-09,False
wood-multitask-final/data_processed/classification_crops/external_test/knot/vnwoodknot_001906_0002075.jpg,VNWoodKnot/VNWoodKnot A High-Quality Image Dataset for Wood K/VNWoodKnot/VNWoodKnot/train/2/img_3731.jpg,vnwoodknot,folder_class,vnwoodknot:train:img_3731,knot,crack,0.999987006187439,0.999987006187439,1.3024718100496102e-05,1.1166878088886278e-08,False
wood-multitask-final/data_processed/classification_crops/external_test/knot/vnwoodknot_001907_0002076.jpg,VNWoodKnot/VNWoodKnot A High-Quality Image Dataset for Wood K/VNWoodKnot/VNWoodKnot/train/2/img_3732.jpg,vnwoodknot,folder_class,vnwoodknot:train:img_3732,knot,knot,0.8270047903060913,0.1729952096939087,0.8270047903060913,4.005927145556143e-09,True
wood-multitask-final/data_processed/classification_crops/external_test/knot/vnwoodknot_001908_0002077.jpg,VNWoodKnot/VNWoodKnot A High-Quality Image Dataset for Wood K/VNWoodKnot/VNWoodKnot/train/2/img_3736.jpg,vnwoodknot,folder_class,vnwoodknot:train:img_3736,knot,knot,0.9958985447883606,0.0001810866961022839,0.9958985447883606,0.003920405637472868,True
wood-multitask-final/data_processed/classification_crops/external_test/knot/vnwoodknot_001909_0002078.jpg,VNWoodKnot/VNWoodKnot A High-Quality Image Dataset for Wood K/VNWoodKnot/VNWoodKnot/train/2/img_3739.jpg,vnwoodknot,folder_class,vnwoodknot:train:img_3739,knot,crack,0.953667402267456,0.953667402267456,0.0462469682097435,8.556872489862144e-05,False
wood-multitask-final/data_processed/classification_crops/external_test/knot/vnwoodknot_001909_0002079.jpg,VNWoodKnot/VNWoodKnot A High-Quality Image Dataset for Wood K/VNWoodKnot/VNWoodKnot/train/2/img_3739.jpg,vnwoodknot,folder_class,vnwoodknot:train:img_3739,knot,crack,0.9999712705612183,0.9999712705612183,2.8442455004551448e-05,2.6455313673068304e-07,False
wood-multitask-final/data_processed/classification_crops/external_test/knot/vnwoodknot_001910_0002080.jpg,VNWoodKnot/VNWoodKnot A High-Quality Image Dataset for Wood K/VNWoodKnot/VNWoodKnot/train/2/img_3741.jpg,vnwoodknot,folder_class,vnwoodknot:train:img_3741,knot,crack,0.9999998807907104,0.9999998807907104,7.846995231375331e-08,2.9002003576472646e-10,False
wood-multitask-final/data_processed/classification_crops/external_test/knot/vnwoodknot_001911_0002081.jpg,VNWoodKnot/VNWoodKnot A High-Quality Image Dataset for Wood K/VNWoodKnot/VNWoodKnot/train/2/img_3742.jpg,vnwoodknot,folder_class,vnwoodknot:train:img_3742,knot,knot,0.9903834462165833,0.000611527357250452,0.9903834462165833,0.009005026891827583,True
wood-multitask-final/data_processed/classification_crops/external_test/knot/vnwoodknot_001912_0002082.jpg,VNWoodKnot/VNWoodKnot A High-Quality Image Dataset for Wood K/VNWoodKnot/VNWoodKnot/train/2/img_3744.jpg,vnwoodknot,folder_class,vnwoodknot:train:img_3744,knot,crack,1.0,1.0,2.9427022596451025e-08,1.265445200341296e-15,False
wood-multitask-final/data_processed/classification_crops/external_test/knot/vnwoodknot_001913_0002083.jpg,VNWoodKnot/VNWoodKnot A High-Quality Image Dataset for Wood K/VNWoodKnot/VNWoodKnot/train/2/img_3748.jpg,vnwoodknot,folder_class,vnwoodknot:train:img_3748,knot,crack,1.0,1.0,5.839773820071059e-08,3.244812057934254e-11,False
wood-multitask-final/data_processed/classification_crops/external_test/knot/vnwoodknot_001914_0002084.jpg,VNWoodKnot/VNWoodKnot A High-Quality Image Dataset for Wood K/VNWoodKnot/VNWoodKnot/train/2/img_3749.jpg,vnwoodknot,folder_class,vnwoodknot:train:img_3749,knot,crack,0.9997602105140686,0.9997602105140686,0.00023980984406080097,1.3231487017151267e-08,False
wood-multitask-final/data_processed/classification_crops/external_test/knot/vnwoodknot_001915_0002085.jpg,VNWoodKnot/VNWoodKnot A High-Quality Image Dataset for Wood K/VNWoodKnot/VNWoodKnot/train/2/img_3750.jpg,vnwoodknot,folder_class,vnwoodknot:train:img_3750,knot,crack,1.0,1.0,2.6620211812655725e-08,1.4075860477191782e-09,False
wood-multitask-final/data_processed/classification_crops/external_test/knot/vnwoodknot_001916_0002086.jpg,VNWoodKnot/VNWoodKnot A High-Quality Image Dataset for Wood K/VNWoodKnot/VNWoodKnot/train/2/img_3751.jpg,vnwoodknot,folder_class,vnwoodknot:train:img_3751,knot,knot,0.9993828535079956,0.0006171106360852718,0.9993828535079956,7.858455219889038e-09,True
wood-multitask-final/data_processed/classification_crops/external_test/knot/vnwoodknot_001917_0002087.jpg,VNWoodKnot/VNWoodKnot A High-Quality Image Dataset for Wood K/VNWoodKnot/VNWoodKnot/train/2/img_3752.jpg,vnwoodknot,folder_class,vnwoodknot:train:img_3752,knot,crack,0.9999992847442627,0.9999992847442627,7.2399325290462e-07,1.4654838453864727e-09,False
wood-multitask-final/data_processed/classification_crops/external_test/knot/vnwoodknot_001918_0002088.jpg,VNWoodKnot/VNWoodKnot A High-Quality Image Dataset for Wood K/VNWoodKnot/VNWoodKnot/train/2/img_3754.jpg,vnwoodknot,folder_class,vnwoodknot:train:img_3754,knot,crack,0.6297675967216492,0.6297675967216492,0.37021809816360474,1.4299431313702371e-05,False
wood-multitask-final/data_processed/classification_crops/external_test/knot/vnwoodknot_001919_0002089.jpg,VNWoodKnot/VNWoodKnot A High-Quality Image Dataset for Wood K/VNWoodKnot/VNWoodKnot/train/2/img_3759.jpg,vnwoodknot,folder_class,vnwoodknot:train:img_3759,knot,crack,0.9999403953552246,0.9999403953552246,5.9610047173919156e-05,1.454509512832658e-09,False
wood-multitask-final/data_processed/classification_crops/external_test/knot/vnwoodknot_001920_0002090.jpg,VNWoodKnot/VNWoodKnot A High-Quality Image Dataset for Wood K/VNWoodKnot/VNWoodKnot/train/2/img_3760.jpg,vnwoodknot,folder_class,vnwoodknot:train:img_3760,knot,crack,0.9999997615814209,0.9999997615814209,2.6691475341067417e-07,1.0754569977622364e-12,False
wood-multitask-final/data_processed/classification_crops/external_test/knot/vnwoodknot_001921_0002091.jpg,VNWoodKnot/VNWoodKnot A High-Quality Image Dataset for Wood K/VNWoodKnot/VNWoodKnot/train/2/img_3762.jpg,vnwoodknot,folder_class,vnwoodknot:train:img_3762,knot,crack,0.9998247027397156,0.9998247027397156,0.00017536258383188397,1.4077895793551676e-10,False
wood-multitask-final/data_processed/classification_crops/external_test/knot/vnwoodknot_001922_0002092.jpg,VNWoodKnot/VNWoodKnot A High-Quality Image Dataset for Wood K/VNWoodKnot/VNWoodKnot/train/2/img_3763.jpg,vnwoodknot,folder_class,vnwoodknot:train:img_3763,knot,knot,0.8779745697975159,0.12202542275190353,0.8779745697975159,3.525013880789629e-08,True
wood-multitask-final/data_processed/classification_crops/external_test/knot/vnwoodknot_001923_0002093.jpg,VNWoodKnot/VNWoodKnot A High-Quality Image Dataset for Wood K/VNWoodKnot/VNWoodKnot/train/2/img_3764.jpg,vnwoodknot,folder_class,vnwoodknot:train:img_3764,knot,crack,0.9998793601989746,0.9998793601989746,0.00012058752326993272,1.8913270949383332e-08,False
wood-multitask-final/data_processed/classification_crops/external_test/knot/vnwoodknot_001924_0002094.jpg,VNWoodKnot/VNWoodKnot A High-Quality Image Dataset for Wood K/VNWoodKnot/VNWoodKnot/train/2/img_3765.jpg,vnwoodknot,folder_class,vnwoodknot:train:img_3765,knot,knot,0.9997943043708801,8.800932118901983e-05,0.9997943043708801,0.00011771200661314651,True
wood-multitask-final/data_processed/classification_crops/external_test/knot/vnwoodknot_001925_0002095.jpg,VNWoodKnot/VNWoodKnot A High-Quality Image Dataset for Wood K/VNWoodKnot/VNWoodKnot/train/2/img_3767.jpg,vnwoodknot,folder_class,vnwoodknot:train:img_3767,knot,crack,0.9999970197677612,0.9999970197677612,2.993227781189489e-06,4.538481146454387e-09,False
wood-multitask-final/data_processed/classification_crops/external_test/knot/vnwoodknot_001926_0002096.jpg,VNWoodKnot/VNWoodKnot A High-Quality Image Dataset for Wood K/VNWoodKnot/VNWoodKnot/train/2/img_3769.jpg,vnwoodknot,folder_class,vnwoodknot:train:img_3769,knot,crack,0.5917661190032959,0.5917661190032959,0.24374626576900482,0.16448765993118286,False
wood-multitask-final/data_processed/classification_crops/external_test/knot/vnwoodknot_001927_0002097.jpg,VNWoodKnot/VNWoodKnot A High-Quality Image Dataset for Wood K/VNWoodKnot/VNWoodKnot/train/2/img_3770.jpg,vnwoodknot,folder_class,vnwoodknot:train:img_3770,knot,knot,0.7878715395927429,0.21212272346019745,0.7878715395927429,5.72678072785493e-06,True
wood-multitask-final/data_processed/classification_crops/external_test/knot/vnwoodknot_001928_0002098.jpg,VNWoodKnot/VNWoodKnot A High-Quality Image Dataset for Wood K/VNWoodKnot/VNWoodKnot/train/2/img_3772.jpg,vnwoodknot,folder_class,vnwoodknot:train:img_3772,knot,knot,0.9973199963569641,0.002679963130503893,0.9973199963569641,3.900615108687333e-10,True
wood-multitask-final/data_processed/classification_crops/external_test/knot/vnwoodknot_001929_0002099.jpg,VNWoodKnot/VNWoodKnot A High-Quality Image Dataset for Wood K/VNWoodKnot/VNWoodKnot/train/2/img_3774.jpg,vnwoodknot,folder_class,vnwoodknot:train:img_3774,knot,crack,0.9999994039535522,0.9999994039535522,6.318920782177884e-07,3.4059408071662745e-10,False
wood-multitask-final/data_processed/classification_crops/external_test/knot/vnwoodknot_001930_0002100.jpg,VNWoodKnot/VNWoodKnot A High-Quality Image Dataset for Wood K/VNWoodKnot/VNWoodKnot/train/2/img_3775.jpg,vnwoodknot,folder_class,vnwoodknot:train:img_3775,knot,normal,0.8072502017021179,0.0016657579690217972,0.191084086894989,0.8072502017021179,False
wood-multitask-final/data_processed/classification_crops/external_test/knot/vnwoodknot_001931_0002101.jpg,VNWoodKnot/VNWoodKnot A High-Quality Image Dataset for Wood K/VNWoodKnot/VNWoodKnot/train/2/img_3776.jpg,vnwoodknot,folder_class,vnwoodknot:train:img_3776,knot,crack,0.9754436016082764,0.9754436016082764,0.024378333240747452,0.00017815797764342278,False
wood-multitask-final/data_processed/classification_crops/external_test/knot/vnwoodknot_001932_0002102.jpg,VNWoodKnot/VNWoodKnot A High-Quality Image Dataset for Wood K/VNWoodKnot/VNWoodKnot/train/2/img_3779.jpg,vnwoodknot,folder_class,vnwoodknot:train:img_3779,knot,crack,1.0,1.0,3.02945544206068e-08,7.41892519640075e-11,False
wood-multitask-final/data_processed/classification_crops/external_test/knot/vnwoodknot_001933_0002103.jpg,VNWoodKnot/VNWoodKnot A High-Quality Image Dataset for Wood K/VNWoodKnot/VNWoodKnot/train/2/img_3780.jpg,vnwoodknot,folder_class,vnwoodknot:train:img_3780,knot,crack,0.9999994039535522,0.9999994039535522,6.539150376738689e-07,5.700616844891981e-13,False
wood-multitask-final/data_processed/classification_crops/external_test/knot/vnwoodknot_001934_0002104.jpg,VNWoodKnot/VNWoodKnot A High-Quality Image Dataset for Wood K/VNWoodKnot/VNWoodKnot/train/2/img_3785.jpg,vnwoodknot,folder_class,vnwoodknot:train:img_3785,knot,crack,1.0,1.0,5.248583345718316e-09,1.2814363285762465e-12,False
wood-multitask-final/data_processed/classification_crops/external_test/knot/vnwoodknot_001935_0002105.jpg,VNWoodKnot/VNWoodKnot A High-Quality Image Dataset for Wood K/VNWoodKnot/VNWoodKnot/train/2/img_3788.jpg,vnwoodknot,folder_class,vnwoodknot:train:img_3788,knot,crack,0.999998927116394,0.999998927116394,1.0888445558521198e-06,1.978197472366286e-13,False
wood-multitask-final/data_processed/classification_crops/external_test/knot/vnwoodknot_001936_0002106.jpg,VNWoodKnot/VNWoodKnot A High-Quality Image Dataset for Wood K/VNWoodKnot/VNWoodKnot/train/2/img_3789.jpg,vnwoodknot,folder_class,vnwoodknot:train:img_3789,knot,crack,1.0,1.0,4.5667589709808e-09,2.454104627847009e-12,False
wood-multitask-final/data_processed/classification_crops/external_test/knot/vnwoodknot_001937_0002107.jpg,VNWoodKnot/VNWoodKnot A High-Quality Image Dataset for Wood K/VNWoodKnot/VNWoodKnot/train/2/img_3793.jpg,vnwoodknot,folder_class,vnwoodknot:train:img_3793,knot,crack,0.9673177003860474,0.9673177003860474,0.032677046954631805,5.31123805558309e-06,False
wood-multitask-final/data_processed/classification_crops/external_test/knot/vnwoodknot_001938_0002108.jpg,VNWoodKnot/VNWoodKnot A High-Quality Image Dataset for Wood K/VNWoodKnot/VNWoodKnot/train/2/img_3794.jpg,vnwoodknot,folder_class,vnwoodknot:train:img_3794,knot,crack,0.9999603033065796,0.9999603033065796,3.974332503275946e-05,1.4738836817684842e-09,False
wood-multitask-final/data_processed/classification_crops/external_test/knot/vnwoodknot_001939_0002109.jpg,VNWoodKnot/VNWoodKnot A High-Quality Image Dataset for Wood K/VNWoodKnot/VNWoodKnot/train/2/img_3796.jpg,vnwoodknot,folder_class,vnwoodknot:train:img_3796,knot,knot,0.9779437780380249,0.022055890411138535,0.9779437780380249,3.306701898964093e-07,True
wood-multitask-final/data_processed/classification_crops/external_test/knot/vnwoodknot_001940_0002110.jpg,VNWoodKnot/VNWoodKnot A High-Quality Image Dataset for Wood K/VNWoodKnot/VNWoodKnot/train/2/img_3797.jpg,vnwoodknot,folder_class,vnwoodknot:train:img_3797,knot,knot,0.7959218621253967,0.20407812297344208,0.7959218621253967,4.718360813171785e-09,True
wood-multitask-final/data_processed/classification_crops/external_test/knot/vnwoodknot_001941_0002111.jpg,VNWoodKnot/VNWoodKnot A High-Quality Image Dataset for Wood K/VNWoodKnot/VNWoodKnot/train/2/img_3800.jpg,vnwoodknot,folder_class,vnwoodknot:train:img_3800,knot,crack,0.9998636245727539,0.9998636245727539,0.00013634255446959287,4.620808510130692e-12,False
wood-multitask-final/data_processed/classification_crops/external_test/knot/vnwoodknot_001942_0002112.jpg,VNWoodKnot/VNWoodKnot A High-Quality Image Dataset for Wood K/VNWoodKnot/VNWoodKnot/train/2/img_3801.jpg,vnwoodknot,folder_class,vnwoodknot:train:img_3801,knot,knot,0.9818614721298218,0.018138369545340538,0.9818614721298218,1.5898190497409814e-07,True
wood-multitask-final/data_processed/classification_crops/external_test/knot/vnwoodknot_001943_0002113.jpg,VNWoodKnot/VNWoodKnot A High-Quality Image Dataset for Wood K/VNWoodKnot/VNWoodKnot/train/2/img_3802.jpg,vnwoodknot,folder_class,vnwoodknot:train:img_3802,knot,knot,0.9990547299385071,0.0007264507585205138,0.9990547299385071,0.00021878413099329919,True
wood-multitask-final/data_processed/classification_crops/external_test/knot/vnwoodknot_001944_0002114.jpg,VNWoodKnot/VNWoodKnot A High-Quality Image Dataset for Wood K/VNWoodKnot/VNWoodKnot/train/2/img_3803.jpg,vnwoodknot,folder_class,vnwoodknot:train:img_3803,knot,crack,0.9989734888076782,0.9989734888076782,0.001026582787744701,4.8573301825172166e-08,False
wood-multitask-final/data_processed/classification_crops/external_test/knot/vnwoodknot_001945_0002115.jpg,VNWoodKnot/VNWoodKnot A High-Quality Image Dataset for Wood K/VNWoodKnot/VNWoodKnot/train/2/img_3804.jpg,vnwoodknot,folder_class,vnwoodknot:train:img_3804,knot,knot,0.9938596487045288,0.006140355486422777,0.9938596487045288,6.418509473915535e-11,True
wood-multitask-final/data_processed/classification_crops/external_test/knot/vnwoodknot_001946_0002116.jpg,VNWoodKnot/VNWoodKnot A High-Quality Image Dataset for Wood K/VNWoodKnot/VNWoodKnot/train/2/img_3805.jpg,vnwoodknot,folder_class,vnwoodknot:train:img_3805,knot,knot,0.9999567270278931,4.286902549210936e-05,0.9999567270278931,3.136026975880668e-07,True
wood-multitask-final/data_processed/classification_crops/external_test/knot/vnwoodknot_001947_0002117.jpg,VNWoodKnot/VNWoodKnot A High-Quality Image Dataset for Wood K/VNWoodKnot/VNWoodKnot/train/2/img_3806.jpg,vnwoodknot,folder_class,vnwoodknot:train:img_3806,knot,knot,0.998976469039917,0.00022754394740331918,0.998976469039917,0.0007960179354995489,True
wood-multitask-final/data_processed/classification_crops/external_test/knot/vnwoodknot_001948_0002118.jpg,VNWoodKnot/VNWoodKnot A High-Quality Image Dataset for Wood K/VNWoodKnot/VNWoodKnot/train/2/img_3810.jpg,vnwoodknot,folder_class,vnwoodknot:train:img_3810,knot,knot,0.9021232724189758,0.0978105440735817,0.9021232724189758,6.608602416235954e-05,True
wood-multitask-final/data_processed/classification_crops/external_test/knot/vnwoodknot_001949_0002119.jpg,VNWoodKnot/VNWoodKnot A High-Quality Image Dataset for Wood K/VNWoodKnot/VNWoodKnot/train/2/img_3811.jpg,vnwoodknot,folder_class,vnwoodknot:train:img_3811,knot,crack,0.9998886585235596,0.9998886585235596,0.00011127119068987668,4.316937918247277e-08,False
wood-multitask-final/data_processed/classification_crops/external_test/knot/vnwoodknot_001950_0002120.jpg,VNWoodKnot/VNWoodKnot A High-Quality Image Dataset for Wood K/VNWoodKnot/VNWoodKnot/train/2/img_3812.jpg,vnwoodknot,folder_class,vnwoodknot:train:img_3812,knot,crack,0.7658764719963074,0.7658764719963074,0.23412322998046875,3.3903168628057756e-07,False
wood-multitask-final/data_processed/classification_crops/external_test/knot/vnwoodknot_001951_0002121.jpg,VNWoodKnot/VNWoodKnot A High-Quality Image Dataset for Wood K/VNWoodKnot/VNWoodKnot/train/2/img_3814.jpg,vnwoodknot,folder_class,vnwoodknot:train:img_3814,knot,crack,0.9999197721481323,0.9999197721481323,8.027954754652455e-05,2.6041373502039278e-08,False
wood-multitask-final/data_processed/classification_crops/external_test/knot/vnwoodknot_001952_0002122.jpg,VNWoodKnot/VNWoodKnot A High-Quality Image Dataset for Wood K/VNWoodKnot/VNWoodKnot/train/2/img_3815.jpg,vnwoodknot,folder_class,vnwoodknot:train:img_3815,knot,knot,0.9754453897476196,0.024531979113817215,0.9754453897476196,2.2695327061228454e-05,True
wood-multitask-final/data_processed/classification_crops/external_test/knot/vnwoodknot_001953_0002123.jpg,VNWoodKnot/VNWoodKnot A High-Quality Image Dataset for Wood K/VNWoodKnot/VNWoodKnot/train/2/img_3817.jpg,vnwoodknot,folder_class,vnwoodknot:train:img_3817,knot,crack,0.988713264465332,0.988713264465332,0.011130288243293762,0.00015652526053600013,False
wood-multitask-final/data_processed/classification_crops/external_test/knot/vnwoodknot_001954_0002124.jpg,VNWoodKnot/VNWoodKnot A High-Quality Image Dataset for Wood K/VNWoodKnot/VNWoodKnot/train/2/img_3819.jpg,vnwoodknot,folder_class,vnwoodknot:train:img_3819,knot,crack,0.7157159447669983,0.7157159447669983,0.28428325057029724,7.911975217211875e-07,False
wood-multitask-final/data_processed/classification_crops/external_test/knot/vnwoodknot_001955_0002125.jpg,VNWoodKnot/VNWoodKnot A High-Quality Image Dataset for Wood K/VNWoodKnot/VNWoodKnot/train/2/img_4211.jpg,vnwoodknot,folder_class,vnwoodknot:train:img_4211,knot,crack,0.550281822681427,0.550281822681427,0.449718177318573,3.0187592425789944e-09,False
wood-multitask-final/data_processed/classification_crops/external_test/knot/vnwoodknot_001956_0002126.jpg,VNWoodKnot/VNWoodKnot A High-Quality Image Dataset for Wood K/VNWoodKnot/VNWoodKnot/train/2/img_4216.jpg,vnwoodknot,folder_class,vnwoodknot:train:img_4216,knot,crack,0.9862110018730164,0.9862110018730164,0.013787996023893356,1.0008715207732166e-06,False
wood-multitask-final/data_processed/classification_crops/external_test/knot/vnwoodknot_001957_0002127.jpg,VNWoodKnot/VNWoodKnot A High-Quality Image Dataset for Wood K/VNWoodKnot/VNWoodKnot/train/2/img_4219.jpg,vnwoodknot,folder_class,vnwoodknot:train:img_4219,knot,crack,0.9886256456375122,0.9886256456375122,0.01125187985599041,0.00012243175297044218,False
wood-multitask-final/data_processed/classification_crops/external_test/knot/vnwoodknot_001958_0002128.jpg,VNWoodKnot/VNWoodKnot A High-Quality Image Dataset for Wood K/VNWoodKnot/VNWoodKnot/train/2/img_4222.jpg,vnwoodknot,folder_class,vnwoodknot:train:img_4222,knot,crack,0.9980049729347229,0.9980049729347229,0.001995070604607463,2.668661472360334e-11,False
wood-multitask-final/data_processed/classification_crops/external_test/knot/vnwoodknot_001959_0002129.jpg,VNWoodKnot/VNWoodKnot A High-Quality Image Dataset for Wood K/VNWoodKnot/VNWoodKnot/train/2/img_4224.jpg,vnwoodknot,folder_class,vnwoodknot:train:img_4224,knot,knot,0.803567111492157,0.1960233598947525,0.803567111492157,0.00040948184323497117,True
wood-multitask-final/data_processed/classification_crops/external_test/knot/vnwoodknot_001960_0002130.jpg,VNWoodKnot/VNWoodKnot A High-Quality Image Dataset for Wood K/VNWoodKnot/VNWoodKnot/train/2/img_4227.jpg,vnwoodknot,folder_class,vnwoodknot:train:img_4227,knot,knot,0.6296221017837524,0.37035977840423584,0.6296221017837524,1.8118333173333667e-05,True
wood-multitask-final/data_processed/classification_crops/external_test/knot/vnwoodknot_001961_0002131.jpg,VNWoodKnot/VNWoodKnot A High-Quality Image Dataset for Wood K/VNWoodKnot/VNWoodKnot/train/2/img_4228.jpg,vnwoodknot,folder_class,vnwoodknot:train:img_4228,knot,crack,0.9989646673202515,0.9989646673202515,0.0010352908866479993,8.444077104208247e-10,False
wood-multitask-final/data_processed/classification_crops/external_test/knot/vnwoodknot_001962_0002132.jpg,VNWoodKnot/VNWoodKnot A High-Quality Image Dataset for Wood K/VNWoodKnot/VNWoodKnot/train/2/img_4230.jpg,vnwoodknot,folder_class,vnwoodknot:train:img_4230,knot,knot,0.9976755976676941,0.002219115849584341,0.9976755976676941,0.00010527869744691998,True
wood-multitask-final/data_processed/classification_crops/external_test/knot/vnwoodknot_001963_0002133.jpg,VNWoodKnot/VNWoodKnot A High-Quality Image Dataset for Wood K/VNWoodKnot/VNWoodKnot/train/2/img_4231.jpg,vnwoodknot,folder_class,vnwoodknot:train:img_4231,knot,crack,0.9952724575996399,0.9952724575996399,0.0029247282072901726,0.0018028353806585073,False
wood-multitask-final/data_processed/classification_crops/external_test/knot/vnwoodknot_001964_0002134.jpg,VNWoodKnot/VNWoodKnot A High-Quality Image Dataset for Wood K/VNWoodKnot/VNWoodKnot/train/2/img_4234.jpg,vnwoodknot,folder_class,vnwoodknot:train:img_4234,knot,crack,0.9933052659034729,0.9933052659034729,0.0016145552508533,0.005080152302980423,False
wood-multitask-final/data_processed/classification_crops/external_test/knot/vnwoodknot_001965_0002135.jpg,VNWoodKnot/VNWoodKnot A High-Quality Image Dataset for Wood K/VNWoodKnot/VNWoodKnot/train/2/img_4235.jpg,vnwoodknot,folder_class,vnwoodknot:train:img_4235,knot,crack,0.9842150807380676,0.9842150807380676,0.015762999653816223,2.190368286392186e-05,False
wood-multitask-final/data_processed/classification_crops/external_test/knot/vnwoodknot_001966_0002136.jpg,VNWoodKnot/VNWoodKnot A High-Quality Image Dataset for Wood K/VNWoodKnot/VNWoodKnot/train/2/img_4236.jpg,vnwoodknot,folder_class,vnwoodknot:train:img_4236,knot,crack,0.9271792769432068,0.9271792769432068,0.07282010465860367,6.12537007782521e-07,False
wood-multitask-final/data_processed/classification_crops/external_test/knot/vnwoodknot_001967_0002137.jpg,VNWoodKnot/VNWoodKnot A High-Quality Image Dataset for Wood K/VNWoodKnot/VNWoodKnot/train/2/img_4238.jpg,vnwoodknot,folder_class,vnwoodknot:train:img_4238,knot,crack,0.9996615648269653,0.9996615648269653,0.0003384771407581866,2.2981225811236072e-09,False
wood-multitask-final/data_processed/classification_crops/external_test/knot/vnwoodknot_001968_0002138.jpg,VNWoodKnot/VNWoodKnot A High-Quality Image Dataset for Wood K/VNWoodKnot/VNWoodKnot/train/2/img_4239.jpg,vnwoodknot,folder_class,vnwoodknot:train:img_4239,knot,crack,0.9999738931655884,0.9999738931655884,1.9345261534908786e-05,6.746048711647745e-06,False
wood-multitask-final/data_processed/classification_crops/external_test/knot/vnwoodknot_001969_0002139.jpg,VNWoodKnot/VNWoodKnot A High-Quality Image Dataset for Wood K/VNWoodKnot/VNWoodKnot/train/2/img_4240.jpg,vnwoodknot,folder_class,vnwoodknot:train:img_4240,knot,knot,0.9941065311431885,0.005825595464557409,0.9941065311431885,6.796266825404018e-05,True
wood-multitask-final/data_processed/classification_crops/external_test/knot/vnwoodknot_001970_0002140.jpg,VNWoodKnot/VNWoodKnot A High-Quality Image Dataset for Wood K/VNWoodKnot/VNWoodKnot/train/2/img_4243.jpg,vnwoodknot,folder_class,vnwoodknot:train:img_4243,knot,crack,0.9999362230300903,0.9999362230300903,6.3718507590238e-05,3.179119120733098e-11,False
wood-multitask-final/data_processed/classification_crops/external_test/knot/vnwoodknot_001971_0002141.jpg,VNWoodKnot/VNWoodKnot A High-Quality Image Dataset for Wood K/VNWoodKnot/VNWoodKnot/train/2/img_4246.jpg,vnwoodknot,folder_class,vnwoodknot:train:img_4246,knot,crack,0.9886849522590637,0.9886849522590637,0.00797632709145546,0.0033387294970452785,False
wood-multitask-final/data_processed/classification_crops/external_test/knot/vnwoodknot_001972_0002142.jpg,VNWoodKnot/VNWoodKnot A High-Quality Image Dataset for Wood K/VNWoodKnot/VNWoodKnot/train/2/img_4248.jpg,vnwoodknot,folder_class,vnwoodknot:train:img_4248,knot,crack,0.9996395111083984,0.9996395111083984,0.0001571305765537545,0.00020328021491877735,False
wood-multitask-final/data_processed/classification_crops/external_test/knot/vnwoodknot_001973_0002143.jpg,VNWoodKnot/VNWoodKnot A High-Quality Image Dataset for Wood K/VNWoodKnot/VNWoodKnot/train/2/img_4250.jpg,vnwoodknot,folder_class,vnwoodknot:train:img_4250,knot,crack,0.9999233484268188,0.9999233484268188,7.669097976759076e-05,1.2056854126196725e-10,False
wood-multitask-final/data_processed/classification_crops/external_test/knot/vnwoodknot_001974_0002144.jpg,VNWoodKnot/VNWoodKnot A High-Quality Image Dataset for Wood K/VNWoodKnot/VNWoodKnot/train/2/img_4257.jpg,vnwoodknot,folder_class,vnwoodknot:train:img_4257,knot,crack,0.9998427629470825,0.9998427629470825,0.0001572340406710282,7.995056172660497e-09,False
wood-multitask-final/data_processed/classification_crops/external_test/knot/vnwoodknot_001975_0002145.jpg,VNWoodKnot/VNWoodKnot A High-Quality Image Dataset for Wood K/VNWoodKnot/VNWoodKnot/train/2/img_4263.jpg,vnwoodknot,folder_class,vnwoodknot:train:img_4263,knot,crack,0.8594581484794617,0.8594581484794617,0.1399150937795639,0.0006267705466598272,False
wood-multitask-final/data_processed/classification_crops/external_test/knot/vnwoodknot_001976_0002146.jpg,VNWoodKnot/VNWoodKnot A High-Quality Image Dataset for Wood K/VNWoodKnot/VNWoodKnot/train/2/img_4268.jpg,vnwoodknot,folder_class,vnwoodknot:train:img_4268,knot,crack,1.0,1.0,3.735657116976654e-09,2.087885393005015e-13,False
wood-multitask-final/data_processed/classification_crops/external_test/knot/vnwoodknot_001977_0002147.jpg,VNWoodKnot/VNWoodKnot A High-Quality Image Dataset for Wood K/VNWoodKnot/VNWoodKnot/train/2/img_4271.jpg,vnwoodknot,folder_class,vnwoodknot:train:img_4271,knot,crack,0.9993196725845337,0.9993196725845337,0.0006794860819354653,8.523700216755969e-07,False
wood-multitask-final/data_processed/classification_crops/external_test/knot/vnwoodknot_001978_0002148.jpg,VNWoodKnot/VNWoodKnot A High-Quality Image Dataset for Wood K/VNWoodKnot/VNWoodKnot/train/2/img_4272.jpg,vnwoodknot,folder_class,vnwoodknot:train:img_4272,knot,knot,0.9990323781967163,0.0009667050326243043,0.9990323781967163,9.816798183237552e-07,True
wood-multitask-final/data_processed/classification_crops/external_test/knot/vnwoodknot_001979_0002149.jpg,VNWoodKnot/VNWoodKnot A High-Quality Image Dataset for Wood K/VNWoodKnot/VNWoodKnot/train/2/img_4273.jpg,vnwoodknot,folder_class,vnwoodknot:train:img_4273,knot,crack,0.9998729228973389,0.9998729228973389,0.00012702365347649902,1.4035308470994323e-09,False
wood-multitask-final/data_processed/classification_crops/external_test/knot/vnwoodknot_001980_0002150.jpg,VNWoodKnot/VNWoodKnot A High-Quality Image Dataset for Wood K/VNWoodKnot/VNWoodKnot/train/2/img_4274.jpg,vnwoodknot,folder_class,vnwoodknot:train:img_4274,knot,knot,0.9764330983161926,0.02353985235095024,0.9764330983161926,2.6979971153195947e-05,True
wood-multitask-final/data_processed/classification_crops/external_test/knot/vnwoodknot_001981_0002151.jpg,VNWoodKnot/VNWoodKnot A High-Quality Image Dataset for Wood K/VNWoodKnot/VNWoodKnot/train/2/img_4275.jpg,vnwoodknot,folder_class,vnwoodknot:train:img_4275,knot,knot,0.9310256242752075,0.06892931461334229,0.9310256242752075,4.5055556256556883e-05,True
wood-multitask-final/data_processed/classification_crops/external_test/knot/vnwoodknot_001982_0002152.jpg,VNWoodKnot/VNWoodKnot A High-Quality Image Dataset for Wood K/VNWoodKnot/VNWoodKnot/train/2/img_4276.jpg,vnwoodknot,folder_class,vnwoodknot:train:img_4276,knot,crack,0.9972923398017883,0.9972923398017883,0.002707631094381213,1.3634252147426418e-12,False
wood-multitask-final/data_processed/classification_crops/external_test/knot/vnwoodknot_001983_0002153.jpg,VNWoodKnot/VNWoodKnot A High-Quality Image Dataset for Wood K/VNWoodKnot/VNWoodKnot/train/2/img_4278.jpg,vnwoodknot,folder_class,vnwoodknot:train:img_4278,knot,knot,0.83491051197052,0.1650892049074173,0.83491051197052,3.026536603556451e-07,True
wood-multitask-final/data_processed/classification_crops/external_test/knot/vnwoodknot_001984_0002154.jpg,VNWoodKnot/VNWoodKnot A High-Quality Image Dataset for Wood K/VNWoodKnot/VNWoodKnot/train/2/img_4279.jpg,vnwoodknot,folder_class,vnwoodknot:train:img_4279,knot,crack,0.7346063852310181,0.7346063852310181,0.2653826177120209,1.0930606549663935e-05,False
wood-multitask-final/data_processed/classification_crops/external_test/knot/vnwoodknot_001985_0002155.jpg,VNWoodKnot/VNWoodKnot A High-Quality Image Dataset for Wood K/VNWoodKnot/VNWoodKnot/train/2/img_4281.jpg,vnwoodknot,folder_class,vnwoodknot:train:img_4281,knot,knot,0.9928961396217346,0.007103830575942993,0.9928961396217346,8.498554748825882e-09,True
wood-multitask-final/data_processed/classification_crops/external_test/knot/vnwoodknot_001986_0002156.jpg,VNWoodKnot/VNWoodKnot A High-Quality Image Dataset for Wood K/VNWoodKnot/VNWoodKnot/train/2/img_4282.jpg,vnwoodknot,folder_class,vnwoodknot:train:img_4282,knot,crack,0.9945354461669922,0.9945354461669922,0.00546453520655632,4.2418911050390307e-08,False
wood-multitask-final/data_processed/classification_crops/external_test/knot/vnwoodknot_001987_0002157.jpg,VNWoodKnot/VNWoodKnot A High-Quality Image Dataset for Wood K/VNWoodKnot/VNWoodKnot/train/2/img_4283.jpg,vnwoodknot,folder_class,vnwoodknot:train:img_4283,knot,crack,0.9920171499252319,0.9920171499252319,0.00788038782775402,0.00010251804633298889,False
wood-multitask-final/data_processed/classification_crops/external_test/knot/vnwoodknot_001988_0002158.jpg,VNWoodKnot/VNWoodKnot A High-Quality Image Dataset for Wood K/VNWoodKnot/VNWoodKnot/train/2/img_4284.jpg,vnwoodknot,folder_class,vnwoodknot:train:img_4284,knot,crack,0.9657279849052429,0.9657279849052429,0.034271787852048874,2.823470595103572e-07,False
wood-multitask-final/data_processed/classification_crops/external_test/knot/vnwoodknot_001989_0002159.jpg,VNWoodKnot/VNWoodKnot A High-Quality Image Dataset for Wood K/VNWoodKnot/VNWoodKnot/train/2/img_4288.jpg,vnwoodknot,folder_class,vnwoodknot:train:img_4288,knot,crack,0.999760091304779,0.999760091304779,0.00017981148266699165,6.000805660733022e-05,False
wood-multitask-final/data_processed/classification_crops/external_test/knot/vnwoodknot_001990_0002160.jpg,VNWoodKnot/VNWoodKnot A High-Quality Image Dataset for Wood K/VNWoodKnot/VNWoodKnot/train/2/img_4289.jpg,vnwoodknot,folder_class,vnwoodknot:train:img_4289,knot,crack,0.9999971389770508,0.9999971389770508,2.8298882170929573e-06,2.2285076561878725e-10,False
wood-multitask-final/data_processed/classification_crops/external_test/knot/vnwoodknot_001990_0002161.jpg,VNWoodKnot/VNWoodKnot A High-Quality Image Dataset for Wood K/VNWoodKnot/VNWoodKnot/train/2/img_4289.jpg,vnwoodknot,folder_class,vnwoodknot:train:img_4289,knot,knot,0.9953997731208801,0.0046002790331840515,0.9953997731208801,1.8604493945417744e-08,True
wood-multitask-final/data_processed/classification_crops/external_test/knot/vnwoodknot_001991_0002162.jpg,VNWoodKnot/VNWoodKnot A High-Quality Image Dataset for Wood K/VNWoodKnot/VNWoodKnot/train/2/img_4290.jpg,vnwoodknot,folder_class,vnwoodknot:train:img_4290,knot,crack,0.9999682903289795,0.9999682903289795,3.163883593515493e-05,6.631751858776624e-08,False
wood-multitask-final/data_processed/classification_crops/external_test/knot/vnwoodknot_001992_0002163.jpg,VNWoodKnot/VNWoodKnot A High-Quality Image Dataset for Wood K/VNWoodKnot/VNWoodKnot/train/2/img_4291.jpg,vnwoodknot,folder_class,vnwoodknot:train:img_4291,knot,crack,1.0,1.0,6.880170211331915e-09,9.511771795547852e-13,False
wood-multitask-final/data_processed/classification_crops/external_test/knot/vnwoodknot_001993_0002164.jpg,VNWoodKnot/VNWoodKnot A High-Quality Image Dataset for Wood K/VNWoodKnot/VNWoodKnot/train/2/img_4293.jpg,vnwoodknot,folder_class,vnwoodknot:train:img_4293,knot,knot,0.9921935796737671,0.003656859742477536,0.9921935796737671,0.0041495682671666145,True
wood-multitask-final/data_processed/classification_crops/external_test/knot/vnwoodknot_001994_0002165.jpg,VNWoodKnot/VNWoodKnot A High-Quality Image Dataset for Wood K/VNWoodKnot/VNWoodKnot/train/2/img_4294.jpg,vnwoodknot,folder_class,vnwoodknot:train:img_4294,knot,crack,0.9345468282699585,0.9345468282699585,0.06545078754425049,2.4374933218496153e-06,False
wood-multitask-final/data_processed/classification_crops/external_test/knot/vnwoodknot_001995_0002166.jpg,VNWoodKnot/VNWoodKnot A High-Quality Image Dataset for Wood K/VNWoodKnot/VNWoodKnot/train/2/img_4296.jpg,vnwoodknot,folder_class,vnwoodknot:train:img_4296,knot,knot,0.9998546838760376,0.00014452231698669493,0.9998546838760376,6.573077371285763e-07,True
wood-multitask-final/data_processed/classification_crops/external_test/knot/vnwoodknot_001996_0002167.jpg,VNWoodKnot/VNWoodKnot A High-Quality Image Dataset for Wood K/VNWoodKnot/VNWoodKnot/train/2/img_4297.jpg,vnwoodknot,folder_class,vnwoodknot:train:img_4297,knot,crack,0.9165947437286377,0.9165947437286377,0.083404541015625,7.466038027814648e-07,False
wood-multitask-final/data_processed/classification_crops/external_test/knot/vnwoodknot_001997_0002168.jpg,VNWoodKnot/VNWoodKnot A High-Quality Image Dataset for Wood K/VNWoodKnot/VNWoodKnot/train/2/img_4299.jpg,vnwoodknot,folder_class,vnwoodknot:train:img_4299,knot,crack,0.9999963045120239,0.9999963045120239,3.707454652612796e-06,1.433295843122906e-10,False
wood-multitask-final/data_processed/classification_crops/external_test/knot/vnwoodknot_001998_0002169.jpg,VNWoodKnot/VNWoodKnot A High-Quality Image Dataset for Wood K/VNWoodKnot/VNWoodKnot/train/2/img_4305.jpg,vnwoodknot,folder_class,vnwoodknot:train:img_4305,knot,knot,0.9998984336853027,0.00010157480573980138,0.9998984336853027,3.922070668238575e-09,True
wood-multitask-final/data_processed/classification_crops/external_test/knot/vnwoodknot_001999_0002170.jpg,VNWoodKnot/VNWoodKnot A High-Quality Image Dataset for Wood K/VNWoodKnot/VNWoodKnot/train/2/img_4306.jpg,vnwoodknot,folder_class,vnwoodknot:train:img_4306,knot,crack,0.9999419450759888,0.9999419450759888,5.810063885292038e-05,3.310087013513874e-12,False
wood-multitask-final/data_processed/classification_crops/external_test/knot/vnwoodknot_002000_0002171.jpg,VNWoodKnot/VNWoodKnot A High-Quality Image Dataset for Wood K/VNWoodKnot/VNWoodKnot/train/2/img_4307.jpg,vnwoodknot,folder_class,vnwoodknot:train:img_4307,knot,crack,0.9896382093429565,0.9896382093429565,0.010361733846366405,3.053906294514519e-10,False
wood-multitask-final/data_processed/classification_crops/external_test/knot/vnwoodknot_002001_0002172.jpg,VNWoodKnot/VNWoodKnot A High-Quality Image Dataset for Wood K/VNWoodKnot/VNWoodKnot/train/2/img_4311.jpg,vnwoodknot,folder_class,vnwoodknot:train:img_4311,knot,crack,0.9983108043670654,0.9983108043670654,0.001687895506620407,1.309124627368874e-06,False
wood-multitask-final/data_processed/classification_crops/external_test/knot/vnwoodknot_002002_0002173.jpg,VNWoodKnot/VNWoodKnot A High-Quality Image Dataset for Wood K/VNWoodKnot/VNWoodKnot/train/2/img_4313.jpg,vnwoodknot,folder_class,vnwoodknot:train:img_4313,knot,crack,0.9563753008842468,0.9563753008842468,0.019861949607729912,0.023762773722410202,False
wood-multitask-final/data_processed/classification_crops/external_test/knot/vnwoodknot_002003_0002174.jpg,VNWoodKnot/VNWoodKnot A High-Quality Image Dataset for Wood K/VNWoodKnot/VNWoodKnot/train/2/img_4314.jpg,vnwoodknot,folder_class,vnwoodknot:train:img_4314,knot,crack,0.9999822378158569,0.9999822378158569,1.7786505850381218e-05,1.8347651176142676e-10,False
wood-multitask-final/data_processed/classification_crops/external_test/knot/vnwoodknot_002004_0002175.jpg,VNWoodKnot/VNWoodKnot A High-Quality Image Dataset for Wood K/VNWoodKnot/VNWoodKnot/train/2/img_4317.jpg,vnwoodknot,folder_class,vnwoodknot:train:img_4317,knot,crack,0.9958071708679199,0.9958071708679199,0.004133727867156267,5.913322820561007e-05,False
wood-multitask-final/data_processed/classification_crops/external_test/knot/vnwoodknot_002005_0002176.jpg,VNWoodKnot/VNWoodKnot A High-Quality Image Dataset for Wood K/VNWoodKnot/VNWoodKnot/train/2/img_4318.jpg,vnwoodknot,folder_class,vnwoodknot:train:img_4318,knot,knot,0.8656972646713257,0.1343027949333191,0.8656972646713257,1.7542282293447897e-08,True
wood-multitask-final/data_processed/classification_crops/external_test/knot/vnwoodknot_002006_0002177.jpg,VNWoodKnot/VNWoodKnot A High-Quality Image Dataset for Wood K/VNWoodKnot/VNWoodKnot/train/2/img_4319.jpg,vnwoodknot,folder_class,vnwoodknot:train:img_4319,knot,knot,0.966608464717865,0.03321969881653786,0.966608464717865,0.00017181689327117056,True
wood-multitask-final/data_processed/classification_crops/external_test/knot/vnwoodknot_002007_0002178.jpg,VNWoodKnot/VNWoodKnot A High-Quality Image Dataset for Wood K/VNWoodKnot/VNWoodKnot/train/2/img_4322.jpg,vnwoodknot,folder_class,vnwoodknot:train:img_4322,knot,crack,0.7350630164146423,0.7350630164146423,0.15765753388404846,0.1072794571518898,False
wood-multitask-final/data_processed/classification_crops/external_test/knot/vnwoodknot_002008_0002179.jpg,VNWoodKnot/VNWoodKnot A High-Quality Image Dataset for Wood K/VNWoodKnot/VNWoodKnot/train/2/img_4323.jpg,vnwoodknot,folder_class,vnwoodknot:train:img_4323,knot,crack,0.9999992847442627,0.9999992847442627,6.827398806308338e-07,1.4084470623208084e-13,False
wood-multitask-final/data_processed/classification_crops/external_test/knot/vnwoodknot_002009_0002180.jpg,VNWoodKnot/VNWoodKnot A High-Quality Image Dataset for Wood K/VNWoodKnot/VNWoodKnot/train/2/img_4325.jpg,vnwoodknot,folder_class,vnwoodknot:train:img_4325,knot,crack,0.9996486902236938,0.9996486902236938,0.00035135383950546384,2.5751709653576427e-09,False
wood-multitask-final/data_processed/classification_crops/external_test/knot/vnwoodknot_002010_0002181.jpg,VNWoodKnot/VNWoodKnot A High-Quality Image Dataset for Wood K/VNWoodKnot/VNWoodKnot/train/2/img_4326.jpg,vnwoodknot,folder_class,vnwoodknot:train:img_4326,knot,crack,0.9684703350067139,0.9684703350067139,0.03145328909158707,7.644494326086715e-05,False
wood-multitask-final/data_processed/classification_crops/external_test/knot/vnwoodknot_002011_0002182.jpg,VNWoodKnot/VNWoodKnot A High-Quality Image Dataset for Wood K/VNWoodKnot/VNWoodKnot/train/2/img_4553.jpg,vnwoodknot,folder_class,vnwoodknot:train:img_4553,knot,crack,0.9988811612129211,0.9988811612129211,0.0011187860509380698,9.6685992545531e-10,False
wood-multitask-final/data_processed/classification_crops/external_test/knot/vnwoodknot_002012_0002183.jpg,VNWoodKnot/VNWoodKnot A High-Quality Image Dataset for Wood K/VNWoodKnot/VNWoodKnot/train/2/img_4554.jpg,vnwoodknot,folder_class,vnwoodknot:train:img_4554,knot,normal,0.9789791703224182,0.0036922490689903498,0.017328616231679916,0.9789791703224182,False
wood-multitask-final/data_processed/classification_crops/external_test/knot/vnwoodknot_002013_0002184.jpg,VNWoodKnot/VNWoodKnot A High-Quality Image Dataset for Wood K/VNWoodKnot/VNWoodKnot/train/2/img_4555.jpg,vnwoodknot,folder_class,vnwoodknot:train:img_4555,knot,crack,0.9999966621398926,0.9999966621398926,3.371912498550955e-06,8.690688169110672e-09,False
wood-multitask-final/data_processed/classification_crops/external_test/knot/vnwoodknot_002014_0002185.jpg,VNWoodKnot/VNWoodKnot A High-Quality Image Dataset for Wood K/VNWoodKnot/VNWoodKnot/train/2/img_4558.jpg,vnwoodknot,folder_class,vnwoodknot:train:img_4558,knot,crack,0.9999580383300781,0.9999580383300781,4.197273665340617e-05,5.766863608869244e-08,False
wood-multitask-final/data_processed/classification_crops/external_test/knot/vnwoodknot_002015_0002186.jpg,VNWoodKnot/VNWoodKnot A High-Quality Image Dataset for Wood K/VNWoodKnot/VNWoodKnot/train/2/img_4561.jpg,vnwoodknot,folder_class,vnwoodknot:train:img_4561,knot,crack,1.0,1.0,6.67027988399127e-10,3.818402926882231e-15,False
wood-multitask-final/data_processed/classification_crops/external_test/knot/vnwoodknot_002016_0002187.jpg,VNWoodKnot/VNWoodKnot A High-Quality Image Dataset for Wood K/VNWoodKnot/VNWoodKnot/train/2/img_4563.jpg,vnwoodknot,folder_class,vnwoodknot:train:img_4563,knot,crack,0.9998078942298889,0.9998078942298889,0.00019213736231904477,3.4773446344615877e-09,False
wood-multitask-final/data_processed/classification_crops/external_test/knot/vnwoodknot_002017_0002188.jpg,VNWoodKnot/VNWoodKnot A High-Quality Image Dataset for Wood K/VNWoodKnot/VNWoodKnot/train/2/img_4565.jpg,vnwoodknot,folder_class,vnwoodknot:train:img_4565,knot,crack,0.8960212469100952,0.8960212469100952,0.10369790345430374,0.00028088988619856536,False
wood-multitask-final/data_processed/classification_crops/external_test/knot/vnwoodknot_002018_0002189.jpg,VNWoodKnot/VNWoodKnot A High-Quality Image Dataset for Wood K/VNWoodKnot/VNWoodKnot/train/2/img_4566.jpg,vnwoodknot,folder_class,vnwoodknot:train:img_4566,knot,normal,0.7649503946304321,0.004261835012584925,0.23078776895999908,0.7649503946304321,False
wood-multitask-final/data_processed/classification_crops/external_test/knot/vnwoodknot_002019_0002190.jpg,VNWoodKnot/VNWoodKnot A High-Quality Image Dataset for Wood K/VNWoodKnot/VNWoodKnot/train/2/img_4567.jpg,vnwoodknot,folder_class,vnwoodknot:train:img_4567,knot,crack,1.0,1.0,4.6844043311011774e-08,2.8454216760565032e-08,False
wood-multitask-final/data_processed/classification_crops/external_test/knot/vnwoodknot_002020_0002191.jpg,VNWoodKnot/VNWoodKnot A High-Quality Image Dataset for Wood K/VNWoodKnot/VNWoodKnot/train/2/img_4568.jpg,vnwoodknot,folder_class,vnwoodknot:train:img_4568,knot,crack,0.8266347050666809,0.8266347050666809,0.17327789962291718,8.736256859265268e-05,False
wood-multitask-final/data_processed/classification_crops/external_test/knot/vnwoodknot_002021_0002192.jpg,VNWoodKnot/VNWoodKnot A High-Quality Image Dataset for Wood K/VNWoodKnot/VNWoodKnot/train/2/img_4572.jpg,vnwoodknot,folder_class,vnwoodknot:train:img_4572,knot,crack,0.9365171790122986,0.9365171790122986,0.0634828433394432,2.3953405925425386e-09,False
wood-multitask-final/data_processed/classification_crops/external_test/knot/vnwoodknot_002022_0002193.jpg,VNWoodKnot/VNWoodKnot A High-Quality Image Dataset for Wood K/VNWoodKnot/VNWoodKnot/train/2/img_4573.jpg,vnwoodknot,folder_class,vnwoodknot:train:img_4573,knot,crack,0.9999991655349731,0.9999991655349731,8.56048700370593e-07,3.455196684321038e-10,False
wood-multitask-final/data_processed/classification_crops/external_test/knot/vnwoodknot_002023_0002194.jpg,VNWoodKnot/VNWoodKnot A High-Quality Image Dataset for Wood K/VNWoodKnot/VNWoodKnot/train/2/img_4576.jpg,vnwoodknot,folder_class,vnwoodknot:train:img_4576,knot,knot,0.9953780174255371,0.0046200440265238285,0.9953780174255371,1.908671038108878e-06,True
wood-multitask-final/data_processed/classification_crops/external_test/knot/vnwoodknot_002024_0002195.jpg,VNWoodKnot/VNWoodKnot A High-Quality Image Dataset for Wood K/VNWoodKnot/VNWoodKnot/train/2/img_4578.jpg,vnwoodknot,folder_class,vnwoodknot:train:img_4578,knot,knot,0.9973464012145996,6.653418495261576e-06,0.9973464012145996,0.0026469205040484667,True
wood-multitask-final/data_processed/classification_crops/external_test/knot/vnwoodknot_002025_0002196.jpg,VNWoodKnot/VNWoodKnot A High-Quality Image Dataset for Wood K/VNWoodKnot/VNWoodKnot/train/2/img_4582.jpg,vnwoodknot,folder_class,vnwoodknot:train:img_4582,knot,crack,0.9942091703414917,0.9942091703414917,0.0057892766781151295,1.4898691915732343e-06,False
wood-multitask-final/data_processed/classification_crops/external_test/knot/vnwoodknot_002026_0002197.jpg,VNWoodKnot/VNWoodKnot A High-Quality Image Dataset for Wood K/VNWoodKnot/VNWoodKnot/train/2/img_4584.jpg,vnwoodknot,folder_class,vnwoodknot:train:img_4584,knot,knot,0.9984580278396606,0.00036544527392834425,0.9984580278396606,0.0011765914969146252,True
wood-multitask-final/data_processed/classification_crops/external_test/knot/vnwoodknot_002027_0002198.jpg,VNWoodKnot/VNWoodKnot A High-Quality Image Dataset for Wood K/VNWoodKnot/VNWoodKnot/train/2/img_4587.jpg,vnwoodknot,folder_class,vnwoodknot:train:img_4587,knot,knot,0.9992658495903015,0.0006797644309699535,0.9992658495903015,5.446121213026345e-05,True
wood-multitask-final/data_processed/classification_crops/external_test/knot/vnwoodknot_002028_0002199.jpg,VNWoodKnot/VNWoodKnot A High-Quality Image Dataset for Wood K/VNWoodKnot/VNWoodKnot/train/2/img_4588.jpg,vnwoodknot,folder_class,vnwoodknot:train:img_4588,knot,crack,0.9999995231628418,0.9999995231628418,4.383325915569003e-07,1.3769215101433474e-08,False
wood-multitask-final/data_processed/classification_crops/external_test/knot/vnwoodknot_002029_0002200.jpg,VNWoodKnot/VNWoodKnot A High-Quality Image Dataset for Wood K/VNWoodKnot/VNWoodKnot/train/2/img_4589.jpg,vnwoodknot,folder_class,vnwoodknot:train:img_4589,knot,crack,0.9217678308486938,0.9217678308486938,0.07823195308446884,2.092502455752765e-07,False
wood-multitask-final/data_processed/classification_crops/external_test/knot/vnwoodknot_002030_0002201.jpg,VNWoodKnot/VNWoodKnot A High-Quality Image Dataset for Wood K/VNWoodKnot/VNWoodKnot/train/2/img_4592.jpg,vnwoodknot,folder_class,vnwoodknot:train:img_4592,knot,crack,1.0,1.0,4.9918419620098575e-08,1.625202750155097e-10,False
wood-multitask-final/data_processed/classification_crops/external_test/knot/vnwoodknot_002031_0002202.jpg,VNWoodKnot/VNWoodKnot A High-Quality Image Dataset for Wood K/VNWoodKnot/VNWoodKnot/train/2/img_4595.jpg,vnwoodknot,folder_class,vnwoodknot:train:img_4595,knot,knot,0.9685429930686951,0.002055221237242222,0.9685429930686951,0.029401816427707672,True
wood-multitask-final/data_processed/classification_crops/external_test/knot/vnwoodknot_002032_0002203.jpg,VNWoodKnot/VNWoodKnot A High-Quality Image Dataset for Wood K/VNWoodKnot/VNWoodKnot/train/2/img_4599.jpg,vnwoodknot,folder_class,vnwoodknot:train:img_4599,knot,crack,0.9999899864196777,0.9999899864196777,1.0017150998464786e-05,2.3374692403876907e-08,False
wood-multitask-final/data_processed/classification_crops/external_test/knot/vnwoodknot_002033_0002204.jpg,VNWoodKnot/VNWoodKnot A High-Quality Image Dataset for Wood K/VNWoodKnot/VNWoodKnot/train/2/img_4601.jpg,vnwoodknot,folder_class,vnwoodknot:train:img_4601,knot,knot,0.9115238189697266,0.08847508579492569,0.9115238189697266,1.0748499335022643e-06,True
wood-multitask-final/data_processed/classification_crops/external_test/knot/vnwoodknot_002034_0002205.jpg,VNWoodKnot/VNWoodKnot A High-Quality Image Dataset for Wood K/VNWoodKnot/VNWoodKnot/train/2/img_4604.jpg,vnwoodknot,folder_class,vnwoodknot:train:img_4604,knot,crack,0.9996459484100342,0.9996459484100342,0.0003539299941621721,6.00675846840204e-08,False
wood-multitask-final/data_processed/classification_crops/external_test/knot/vnwoodknot_002035_0002206.jpg,VNWoodKnot/VNWoodKnot A High-Quality Image Dataset for Wood K/VNWoodKnot/VNWoodKnot/train/2/img_4605.jpg,vnwoodknot,folder_class,vnwoodknot:train:img_4605,knot,crack,0.996199905872345,0.996199905872345,0.003800114383921027,7.163115101072037e-10,False
wood-multitask-final/data_processed/classification_crops/external_test/knot/vnwoodknot_002036_0002207.jpg,VNWoodKnot/VNWoodKnot A High-Quality Image Dataset for Wood K/VNWoodKnot/VNWoodKnot/train/2/img_4607.jpg,vnwoodknot,folder_class,vnwoodknot:train:img_4607,knot,crack,0.99983811378479,0.99983811378479,0.00016181265527848154,4.932801900281447e-08,False
wood-multitask-final/data_processed/classification_crops/external_test/knot/vnwoodknot_002037_0002208.jpg,VNWoodKnot/VNWoodKnot A High-Quality Image Dataset for Wood K/VNWoodKnot/VNWoodKnot/train/2/img_4608.jpg,vnwoodknot,folder_class,vnwoodknot:train:img_4608,knot,crack,0.9999383687973022,0.9999383687973022,6.159101030789316e-05,1.2252763907649733e-11,False
wood-multitask-final/data_processed/classification_crops/external_test/knot/vnwoodknot_002038_0002209.jpg,VNWoodKnot/VNWoodKnot A High-Quality Image Dataset for Wood K/VNWoodKnot/VNWoodKnot/train/2/img_4611.jpg,vnwoodknot,folder_class,vnwoodknot:train:img_4611,knot,crack,0.7492010593414307,0.7492010593414307,0.21124526858329773,0.039553701877593994,False
wood-multitask-final/data_processed/classification_crops/external_test/knot/vnwoodknot_002039_0002210.jpg,VNWoodKnot/VNWoodKnot A High-Quality Image Dataset for Wood K/VNWoodKnot/VNWoodKnot/train/2/img_4615.jpg,vnwoodknot,folder_class,vnwoodknot:train:img_4615,knot,crack,0.9977503418922424,0.9977503418922424,0.002249686513096094,2.6538674036125087e-10,False
wood-multitask-final/data_processed/classification_crops/external_test/knot/vnwoodknot_002040_0002211.jpg,VNWoodKnot/VNWoodKnot A High-Quality Image Dataset for Wood K/VNWoodKnot/VNWoodKnot/train/2/img_4616.jpg,vnwoodknot,folder_class,vnwoodknot:train:img_4616,knot,crack,0.9999905824661255,0.9999905824661255,9.42715269047767e-06,1.6017866200090936e-10,False
wood-multitask-final/data_processed/classification_crops/external_test/knot/vnwoodknot_002041_0002212.jpg,VNWoodKnot/VNWoodKnot A High-Quality Image Dataset for Wood K/VNWoodKnot/VNWoodKnot/train/2/img_4618.jpg,vnwoodknot,folder_class,vnwoodknot:train:img_4618,knot,crack,1.0,1.0,3.898140032987385e-09,6.48777296534224e-14,False
wood-multitask-final/data_processed/classification_crops/external_test/knot/vnwoodknot_002042_0002213.jpg,VNWoodKnot/VNWoodKnot A High-Quality Image Dataset for Wood K/VNWoodKnot/VNWoodKnot/train/2/img_4621.jpg,vnwoodknot,folder_class,vnwoodknot:train:img_4621,knot,crack,0.9967648983001709,0.9967648983001709,0.0032350465189665556,2.4288011601925064e-08,False
wood-multitask-final/data_processed/classification_crops/external_test/knot/vnwoodknot_002043_0002214.jpg,VNWoodKnot/VNWoodKnot A High-Quality Image Dataset for Wood K/VNWoodKnot/VNWoodKnot/train/2/img_4624.jpg,vnwoodknot,folder_class,vnwoodknot:train:img_4624,knot,knot,0.5819277763366699,0.4180639982223511,0.5819277763366699,8.156353942467831e-06,True
wood-multitask-final/data_processed/classification_crops/external_test/knot/vnwoodknot_002044_0002215.jpg,VNWoodKnot/VNWoodKnot A High-Quality Image Dataset for Wood K/VNWoodKnot/VNWoodKnot/train/2/img_4626.jpg,vnwoodknot,folder_class,vnwoodknot:train:img_4626,knot,crack,0.9827736616134644,0.9827736616134644,0.01259123906493187,0.004635091871023178,False
wood-multitask-final/data_processed/classification_crops/external_test/knot/vnwoodknot_002045_0002216.jpg,VNWoodKnot/VNWoodKnot A High-Quality Image Dataset for Wood K/VNWoodKnot/VNWoodKnot/train/2/img_4627.jpg,vnwoodknot,folder_class,vnwoodknot:train:img_4627,knot,knot,0.9996750354766846,8.57780541991815e-05,0.9996750354766846,0.0002391522575635463,True
wood-multitask-final/data_processed/classification_crops/external_test/knot/vnwoodknot_002046_0002217.jpg,VNWoodKnot/VNWoodKnot A High-Quality Image Dataset for Wood K/VNWoodKnot/VNWoodKnot/train/2/img_4629.jpg,vnwoodknot,folder_class,vnwoodknot:train:img_4629,knot,crack,0.9974232912063599,0.9974232912063599,0.002519944217056036,5.686724034603685e-05,False
wood-multitask-final/data_processed/classification_crops/external_test/knot/vnwoodknot_002047_0002218.jpg,VNWoodKnot/VNWoodKnot A High-Quality Image Dataset for Wood K/VNWoodKnot/VNWoodKnot/train/2/img_4630.jpg,vnwoodknot,folder_class,vnwoodknot:train:img_4630,knot,crack,0.9982327222824097,0.9982327222824097,0.0017667977372184396,4.2790463794517564e-07,False
wood-multitask-final/data_processed/classification_crops/external_test/knot/vnwoodknot_002048_0002219.jpg,VNWoodKnot/VNWoodKnot A High-Quality Image Dataset for Wood K/VNWoodKnot/VNWoodKnot/train/2/img_4631.jpg,vnwoodknot,folder_class,vnwoodknot:train:img_4631,knot,crack,0.999586284160614,0.999586284160614,0.00041376770241186023,9.829145497519676e-09,False
wood-multitask-final/data_processed/classification_crops/external_test/knot/vnwoodknot_002049_0002220.jpg,VNWoodKnot/VNWoodKnot A High-Quality Image Dataset for Wood K/VNWoodKnot/VNWoodKnot/train/2/img_4633.jpg,vnwoodknot,folder_class,vnwoodknot:train:img_4633,knot,crack,0.9068207740783691,0.9068207740783691,0.0930747464299202,0.00010449054389027879,False
wood-multitask-final/data_processed/classification_crops/external_test/knot/vnwoodknot_002050_0002221.jpg,VNWoodKnot/VNWoodKnot A High-Quality Image Dataset for Wood K/VNWoodKnot/VNWoodKnot/train/2/img_4639.jpg,vnwoodknot,folder_class,vnwoodknot:train:img_4639,knot,crack,0.9995232820510864,0.9995232820510864,0.00041870371205732226,5.802737359772436e-05,False
wood-multitask-final/data_processed/classification_crops/external_test/knot/vnwoodknot_002051_0002222.jpg,VNWoodKnot/VNWoodKnot A High-Quality Image Dataset for Wood K/VNWoodKnot/VNWoodKnot/train/2/img_4640.jpg,vnwoodknot,folder_class,vnwoodknot:train:img_4640,knot,crack,0.9984385371208191,0.9984385371208191,0.0015612686984241009,2.8656771178248164e-07,False
wood-multitask-final/data_processed/classification_crops/external_test/knot/vnwoodknot_002052_0002223.jpg,VNWoodKnot/VNWoodKnot A High-Quality Image Dataset for Wood K/VNWoodKnot/VNWoodKnot/train/2/img_4642.jpg,vnwoodknot,folder_class,vnwoodknot:train:img_4642,knot,crack,0.9989742040634155,0.9989742040634155,0.00030587532091885805,0.0007199111860245466,False
wood-multitask-final/data_processed/classification_crops/external_test/knot/vnwoodknot_002053_0002224.jpg,VNWoodKnot/VNWoodKnot A High-Quality Image Dataset for Wood K/VNWoodKnot/VNWoodKnot/train/2/img_4643.jpg,vnwoodknot,folder_class,vnwoodknot:train:img_4643,knot,crack,0.984377920627594,0.984377920627594,0.009216897189617157,0.006405120715498924,False
wood-multitask-final/data_processed/classification_crops/external_test/knot/vnwoodknot_002054_0002225.jpg,VNWoodKnot/VNWoodKnot A High-Quality Image Dataset for Wood K/VNWoodKnot/VNWoodKnot/train/2/img_4644.jpg,vnwoodknot,folder_class,vnwoodknot:train:img_4644,knot,crack,0.9999909400939941,0.9999909400939941,9.035839866555762e-06,2.2634795426856869e-10,False
wood-multitask-final/data_processed/classification_crops/external_test/knot/vnwoodknot_002055_0002226.jpg,VNWoodKnot/VNWoodKnot A High-Quality Image Dataset for Wood K/VNWoodKnot/VNWoodKnot/train/2/img_4649.jpg,vnwoodknot,folder_class,vnwoodknot:train:img_4649,knot,crack,0.9939777851104736,0.9939777851104736,0.005251872353255749,0.0007703498704358935,False
wood-multitask-final/data_processed/classification_crops/external_test/knot/vnwoodknot_002056_0002227.jpg,VNWoodKnot/VNWoodKnot A High-Quality Image Dataset for Wood K/VNWoodKnot/VNWoodKnot/train/2/img_4651.jpg,vnwoodknot,folder_class,vnwoodknot:train:img_4651,knot,knot,0.9999985694885254,1.244497866537131e-06,0.9999985694885254,2.940601007139776e-07,True
wood-multitask-final/data_processed/classification_crops/external_test/knot/vnwoodknot_002057_0002228.jpg,VNWoodKnot/VNWoodKnot A High-Quality Image Dataset for Wood K/VNWoodKnot/VNWoodKnot/train/2/img_4652.jpg,vnwoodknot,folder_class,vnwoodknot:train:img_4652,knot,crack,0.9999972581863403,0.9999972581863403,2.771115305222338e-06,1.2072831623299862e-08,False
wood-multitask-final/data_processed/classification_crops/external_test/knot/vnwoodknot_002058_0002229.jpg,VNWoodKnot/VNWoodKnot A High-Quality Image Dataset for Wood K/VNWoodKnot/VNWoodKnot/train/2/img_4655.jpg,vnwoodknot,folder_class,vnwoodknot:train:img_4655,knot,crack,0.9992478489875793,0.9992478489875793,0.0007520841900259256,1.5303329436999746e-10,False
wood-multitask-final/data_processed/classification_crops/external_test/knot/vnwoodknot_002059_0002230.jpg,VNWoodKnot/VNWoodKnot A High-Quality Image Dataset for Wood K/VNWoodKnot/VNWoodKnot/train/2/img_4656.jpg,vnwoodknot,folder_class,vnwoodknot:train:img_4656,knot,crack,0.9997634291648865,0.9997634291648865,0.00023655855329707265,2.6901705751924965e-08,False
wood-multitask-final/data_processed/classification_crops/external_test/knot/vnwoodknot_002060_0002231.jpg,VNWoodKnot/VNWoodKnot A High-Quality Image Dataset for Wood K/VNWoodKnot/VNWoodKnot/train/2/img_4658.jpg,vnwoodknot,folder_class,vnwoodknot:train:img_4658,knot,crack,1.0,1.0,2.2015157696841925e-08,3.1443885039131314e-13,False
wood-multitask-final/data_processed/classification_crops/external_test/knot/vnwoodknot_002060_0002232.jpg,VNWoodKnot/VNWoodKnot A High-Quality Image Dataset for Wood K/VNWoodKnot/VNWoodKnot/train/2/img_4658.jpg,vnwoodknot,folder_class,vnwoodknot:train:img_4658,knot,crack,0.9970320463180542,0.9970320463180542,0.002967833075672388,1.256296400242718e-07,False
wood-multitask-final/data_processed/classification_crops/external_test/knot/vnwoodknot_002061_0002233.jpg,VNWoodKnot/VNWoodKnot A High-Quality Image Dataset for Wood K/VNWoodKnot/VNWoodKnot/train/2/img_4661.jpg,vnwoodknot,folder_class,vnwoodknot:train:img_4661,knot,knot,0.6750221848487854,0.3249419033527374,0.6750221848487854,3.5900447983294725e-05,True
wood-multitask-final/data_processed/classification_crops/external_test/knot/vnwoodknot_002062_0002234.jpg,VNWoodKnot/VNWoodKnot A High-Quality Image Dataset for Wood K/VNWoodKnot/VNWoodKnot/train/2/img_4664.jpg,vnwoodknot,folder_class,vnwoodknot:train:img_4664,knot,crack,0.999915361404419,0.999915361404419,8.231560059357435e-05,2.2502813408209477e-06,False
wood-multitask-final/data_processed/classification_crops/external_test/knot/vnwoodknot_002063_0002235.jpg,VNWoodKnot/VNWoodKnot A High-Quality Image Dataset for Wood K/VNWoodKnot/VNWoodKnot/train/2/img_4665.jpg,vnwoodknot,folder_class,vnwoodknot:train:img_4665,knot,knot,0.8956261873245239,0.10437033325433731,0.8956261873245239,3.3653611808404094e-06,True
wood-multitask-final/data_processed/classification_crops/external_test/knot/vnwoodknot_002064_0002236.jpg,VNWoodKnot/VNWoodKnot A High-Quality Image Dataset for Wood K/VNWoodKnot/VNWoodKnot/train/2/img_4666.jpg,vnwoodknot,folder_class,vnwoodknot:train:img_4666,knot,crack,1.0,1.0,2.201048676653272e-09,2.5149697388125898e-14,False
wood-multitask-final/data_processed/classification_crops/external_test/knot/vnwoodknot_002065_0002237.jpg,VNWoodKnot/VNWoodKnot A High-Quality Image Dataset for Wood K/VNWoodKnot/VNWoodKnot/train/2/img_4667.jpg,vnwoodknot,folder_class,vnwoodknot:train:img_4667,knot,crack,0.8040302395820618,0.8040302395820618,0.19511733949184418,0.000852503755595535,False
wood-multitask-final/data_processed/classification_crops/external_test/knot/vnwoodknot_002066_0002238.jpg,VNWoodKnot/VNWoodKnot A High-Quality Image Dataset for Wood K/VNWoodKnot/VNWoodKnot/train/2/img_4668.jpg,vnwoodknot,folder_class,vnwoodknot:train:img_4668,knot,crack,0.9999988079071045,0.9999988079071045,1.2257463595233276e-06,4.594236657773365e-10,False
wood-multitask-final/data_processed/classification_crops/external_test/knot/vnwoodknot_002067_0002239.jpg,VNWoodKnot/VNWoodKnot A High-Quality Image Dataset for Wood K/VNWoodKnot/VNWoodKnot/train/2/img_4675.jpg,vnwoodknot,folder_class,vnwoodknot:train:img_4675,knot,crack,0.8498115539550781,0.8498115539550781,0.15017782151699066,1.0662942258932162e-05,False
wood-multitask-final/data_processed/classification_crops/external_test/knot/vnwoodknot_002068_0002240.jpg,VNWoodKnot/VNWoodKnot A High-Quality Image Dataset for Wood K/VNWoodKnot/VNWoodKnot/train/2/img_4677.jpg,vnwoodknot,folder_class,vnwoodknot:train:img_4677,knot,crack,0.9999994039535522,0.9999994039535522,5.812968879581604e-07,5.859724927503862e-10,False
wood-multitask-final/data_processed/classification_crops/external_test/knot/vnwoodknot_002069_0002241.jpg,VNWoodKnot/VNWoodKnot A High-Quality Image Dataset for Wood K/VNWoodKnot/VNWoodKnot/train/2/img_4678.jpg,vnwoodknot,folder_class,vnwoodknot:train:img_4678,knot,crack,0.7458156943321228,0.7458156943321228,0.18602950870990753,0.06815484166145325,False
wood-multitask-final/data_processed/classification_crops/external_test/knot/vnwoodknot_002070_0002242.jpg,VNWoodKnot/VNWoodKnot A High-Quality Image Dataset for Wood K/VNWoodKnot/VNWoodKnot/train/2/img_4679.jpg,vnwoodknot,folder_class,vnwoodknot:train:img_4679,knot,crack,0.9999920129776001,0.9999920129776001,7.94380139268469e-06,1.3694020960589026e-12,False
wood-multitask-final/data_processed/classification_crops/external_test/knot/vnwoodknot_002071_0002243.jpg,VNWoodKnot/VNWoodKnot A High-Quality Image Dataset for Wood K/VNWoodKnot/VNWoodKnot/train/2/img_4681.jpg,vnwoodknot,folder_class,vnwoodknot:train:img_4681,knot,crack,0.9999998807907104,0.9999998807907104,9.712338311373969e-08,3.228913523614153e-15,False
wood-multitask-final/data_processed/classification_crops/external_test/knot/vnwoodknot_002072_0002244.jpg,VNWoodKnot/VNWoodKnot A High-Quality Image Dataset for Wood K/VNWoodKnot/VNWoodKnot/train/2/img_4683.jpg,vnwoodknot,folder_class,vnwoodknot:train:img_4683,knot,crack,0.9999834299087524,0.9999834299087524,1.5683941455790773e-05,8.12099528957333e-07,False
wood-multitask-final/data_processed/classification_crops/external_test/knot/vnwoodknot_002073_0002245.jpg,VNWoodKnot/VNWoodKnot A High-Quality Image Dataset for Wood K/VNWoodKnot/VNWoodKnot/train/2/img_4684.jpg,vnwoodknot,folder_class,vnwoodknot:train:img_4684,knot,knot,0.9681593775749207,0.03182400390505791,0.9681593775749207,1.661124588281382e-05,True
wood-multitask-final/data_processed/classification_crops/external_test/knot/vnwoodknot_002074_0002246.jpg,VNWoodKnot/VNWoodKnot A High-Quality Image Dataset for Wood K/VNWoodKnot/VNWoodKnot/train/2/img_4685.jpg,vnwoodknot,folder_class,vnwoodknot:train:img_4685,knot,crack,0.9999936819076538,0.9999936819076538,6.331446911644889e-06,5.454883506700314e-12,False
wood-multitask-final/data_processed/classification_crops/external_test/knot/vnwoodknot_002075_0002247.jpg,VNWoodKnot/VNWoodKnot A High-Quality Image Dataset for Wood K/VNWoodKnot/VNWoodKnot/train/2/img_4686.jpg,vnwoodknot,folder_class,vnwoodknot:train:img_4686,knot,crack,0.9999996423721313,0.9999996423721313,4.0089551589517214e-07,2.3256424563911082e-10,False
wood-multitask-final/data_processed/classification_crops/external_test/knot/vnwoodknot_002076_0002248.jpg,VNWoodKnot/VNWoodKnot A High-Quality Image Dataset for Wood K/VNWoodKnot/VNWoodKnot/train/2/img_4687.jpg,vnwoodknot,folder_class,vnwoodknot:train:img_4687,knot,crack,0.9999991655349731,0.9999991655349731,8.048078257161251e-07,3.821876148890624e-11,False
wood-multitask-final/data_processed/classification_crops/external_test/knot/vnwoodknot_002077_0002249.jpg,VNWoodKnot/VNWoodKnot A High-Quality Image Dataset for Wood K/VNWoodKnot/VNWoodKnot/train/2/img_4688.jpg,vnwoodknot,folder_class,vnwoodknot:train:img_4688,knot,knot,0.9759842157363892,0.024000464007258415,0.9759842157363892,1.5209236153168604e-05,True
wood-multitask-final/data_processed/classification_crops/external_test/knot/vnwoodknot_002078_0002250.jpg,VNWoodKnot/VNWoodKnot A High-Quality Image Dataset for Wood K/VNWoodKnot/VNWoodKnot/train/2/img_4689.jpg,vnwoodknot,folder_class,vnwoodknot:train:img_4689,knot,knot,0.9948829412460327,0.005117039196193218,0.9948829412460327,5.865837260365936e-10,True
wood-multitask-final/data_processed/classification_crops/external_test/knot/vnwoodknot_002079_0002251.jpg,VNWoodKnot/VNWoodKnot A High-Quality Image Dataset for Wood K/VNWoodKnot/VNWoodKnot/train/2/img_4690.jpg,vnwoodknot,folder_class,vnwoodknot:train:img_4690,knot,crack,0.4097142219543457,0.4097142219543457,0.33848628401756287,0.2517995238304138,False
wood-multitask-final/data_processed/classification_crops/external_test/knot/vnwoodknot_002080_0002252.jpg,VNWoodKnot/VNWoodKnot A High-Quality Image Dataset for Wood K/VNWoodKnot/VNWoodKnot/train/2/img_4691.jpg,vnwoodknot,folder_class,vnwoodknot:train:img_4691,knot,knot,0.8003501892089844,0.0005069231847301126,0.8003501892089844,0.19914285838603973,True
wood-multitask-final/data_processed/classification_crops/external_test/knot/vnwoodknot_002081_0002253.jpg,VNWoodKnot/VNWoodKnot A High-Quality Image Dataset for Wood K/VNWoodKnot/VNWoodKnot/train/2/img_4692.jpg,vnwoodknot,folder_class,vnwoodknot:train:img_4692,knot,crack,0.9948810338973999,0.9948810338973999,0.005079385358840227,3.957702574552968e-05,False
wood-multitask-final/data_processed/classification_crops/external_test/knot/vnwoodknot_002082_0002254.jpg,VNWoodKnot/VNWoodKnot A High-Quality Image Dataset for Wood K/VNWoodKnot/VNWoodKnot/train/2/img_4694.jpg,vnwoodknot,folder_class,vnwoodknot:train:img_4694,knot,crack,0.9999731779098511,0.9999731779098511,2.6861804144573398e-05,6.0773825971693896e-09,False
wood-multitask-final/data_processed/classification_crops/external_test/knot/vnwoodknot_002083_0002255.jpg,VNWoodKnot/VNWoodKnot A High-Quality Image Dataset for Wood K/VNWoodKnot/VNWoodKnot/train/2/img_4696.jpg,vnwoodknot,folder_class,vnwoodknot:train:img_4696,knot,crack,0.9997866749763489,0.9997866749763489,0.00021007881150580943,3.196608304278925e-06,False
wood-multitask-final/data_processed/classification_crops/external_test/knot/vnwoodknot_002084_0002256.jpg,VNWoodKnot/VNWoodKnot A High-Quality Image Dataset for Wood K/VNWoodKnot/VNWoodKnot/train/2/img_4697.jpg,vnwoodknot,folder_class,vnwoodknot:train:img_4697,knot,crack,0.9999761581420898,0.9999761581420898,1.9485696611809544e-05,4.36115988122765e-06,False
wood-multitask-final/data_processed/classification_crops/external_test/knot/vnwoodknot_002085_0002257.jpg,VNWoodKnot/VNWoodKnot A High-Quality Image Dataset for Wood K/VNWoodKnot/VNWoodKnot/train/2/img_4698.jpg,vnwoodknot,folder_class,vnwoodknot:train:img_4698,knot,crack,0.9999983310699463,0.9999983310699463,1.6498632930961321e-06,4.105516204777615e-10,False
wood-multitask-final/data_processed/classification_crops/external_test/knot/vnwoodknot_002086_0002258.jpg,VNWoodKnot/VNWoodKnot A High-Quality Image Dataset for Wood K/VNWoodKnot/VNWoodKnot/train/2/img_4699.jpg,vnwoodknot,folder_class,vnwoodknot:train:img_4699,knot,knot,0.7071071267127991,0.2928868532180786,0.7071071267127991,5.977700311632361e-06,True
wood-multitask-final/data_processed/classification_crops/external_test/knot/vnwoodknot_002087_0002259.jpg,VNWoodKnot/VNWoodKnot A High-Quality Image Dataset for Wood K/VNWoodKnot/VNWoodKnot/train/2/img_4700.jpg,vnwoodknot,folder_class,vnwoodknot:train:img_4700,knot,crack,0.9999923706054688,0.9999923706054688,7.603691301483195e-06,7.570421511893244e-10,False
wood-multitask-final/data_processed/classification_crops/external_test/knot/vnwoodknot_002088_0002260.jpg,VNWoodKnot/VNWoodKnot A High-Quality Image Dataset for Wood K/VNWoodKnot/VNWoodKnot/train/2/img_4701.jpg,vnwoodknot,folder_class,vnwoodknot:train:img_4701,knot,crack,0.9999997615814209,0.9999997615814209,2.10806689437959e-07,5.853742823802577e-09,False
wood-multitask-final/data_processed/classification_crops/external_test/knot/vnwoodknot_002089_0002261.jpg,VNWoodKnot/VNWoodKnot A High-Quality Image Dataset for Wood K/VNWoodKnot/VNWoodKnot/train/2/img_4702.jpg,vnwoodknot,folder_class,vnwoodknot:train:img_4702,knot,crack,0.9999990463256836,0.9999990463256836,1.0118309319295804e-06,6.039918565292623e-11,False
wood-multitask-final/data_processed/classification_crops/external_test/knot/vnwoodknot_002090_0002262.jpg,VNWoodKnot/VNWoodKnot A High-Quality Image Dataset for Wood K/VNWoodKnot/VNWoodKnot/train/2/img_4703.jpg,vnwoodknot,folder_class,vnwoodknot:train:img_4703,knot,knot,0.8389565944671631,0.15730343759059906,0.8389565944671631,0.0037399244029074907,True
wood-multitask-final/data_processed/classification_crops/external_test/knot/vnwoodknot_002091_0002263.jpg,VNWoodKnot/VNWoodKnot A High-Quality Image Dataset for Wood K/VNWoodKnot/VNWoodKnot/train/2/img_4705.jpg,vnwoodknot,folder_class,vnwoodknot:train:img_4705,knot,crack,0.9997075200080872,0.9997075200080872,0.0002924353757407516,1.1767521093837552e-13,False
wood-multitask-final/data_processed/classification_crops/external_test/knot/vnwoodknot_002092_0002264.jpg,VNWoodKnot/VNWoodKnot A High-Quality Image Dataset for Wood K/VNWoodKnot/VNWoodKnot/train/2/img_4707.jpg,vnwoodknot,folder_class,vnwoodknot:train:img_4707,knot,crack,0.9999940395355225,0.9999940395355225,6.0035176829842385e-06,4.614149340387286e-10,False
wood-multitask-final/data_processed/classification_crops/external_test/knot/vnwoodknot_002093_0002265.jpg,VNWoodKnot/VNWoodKnot A High-Quality Image Dataset for Wood K/VNWoodKnot/VNWoodKnot/train/2/img_4708.jpg,vnwoodknot,folder_class,vnwoodknot:train:img_4708,knot,knot,0.9096419215202332,0.0302088875323534,0.9096419215202332,0.06014912202954292,True
wood-multitask-final/data_processed/classification_crops/external_test/knot/vnwoodknot_002094_0002266.jpg,VNWoodKnot/VNWoodKnot A High-Quality Image Dataset for Wood K/VNWoodKnot/VNWoodKnot/train/2/img_4709.jpg,vnwoodknot,folder_class,vnwoodknot:train:img_4709,knot,crack,0.9993396401405334,0.9993396401405334,0.0006601118948310614,2.611618299397378e-07,False
wood-multitask-final/data_processed/classification_crops/external_test/knot/vnwoodknot_002095_0002267.jpg,VNWoodKnot/VNWoodKnot A High-Quality Image Dataset for Wood K/VNWoodKnot/VNWoodKnot/train/2/img_4710.jpg,vnwoodknot,folder_class,vnwoodknot:train:img_4710,knot,crack,0.9999828338623047,0.9999828338623047,1.7149848645203747e-05,6.94656832056495e-11,False
wood-multitask-final/data_processed/classification_crops/external_test/knot/vnwoodknot_002096_0002268.jpg,VNWoodKnot/VNWoodKnot A High-Quality Image Dataset for Wood K/VNWoodKnot/VNWoodKnot/train/2/img_4712.jpg,vnwoodknot,folder_class,vnwoodknot:train:img_4712,knot,crack,0.9999912977218628,0.9999912977218628,8.7264752437477e-06,1.2482971600835668e-10,False
wood-multitask-final/data_processed/classification_crops/external_test/knot/vnwoodknot_002097_0002269.jpg,VNWoodKnot/VNWoodKnot A High-Quality Image Dataset for Wood K/VNWoodKnot/VNWoodKnot/train/2/img_4715.jpg,vnwoodknot,folder_class,vnwoodknot:train:img_4715,knot,crack,0.9982067346572876,0.9982067346572876,0.0017932866467162967,8.409301699430216e-09,False
wood-multitask-final/data_processed/classification_crops/external_test/knot/vnwoodknot_002098_0002270.jpg,VNWoodKnot/VNWoodKnot A High-Quality Image Dataset for Wood K/VNWoodKnot/VNWoodKnot/train/2/img_4716.jpg,vnwoodknot,folder_class,vnwoodknot:train:img_4716,knot,crack,0.7256460189819336,0.7256460189819336,0.27435392141342163,1.0062040445291132e-07,False
wood-multitask-final/data_processed/classification_crops/external_test/knot/vnwoodknot_002099_0002271.jpg,VNWoodKnot/VNWoodKnot A High-Quality Image Dataset for Wood K/VNWoodKnot/VNWoodKnot/train/2/img_4717.jpg,vnwoodknot,folder_class,vnwoodknot:train:img_4717,knot,knot,0.9098342657089233,0.011904963292181492,0.9098342657089233,0.07826076447963715,True
wood-multitask-final/data_processed/classification_crops/external_test/knot/vnwoodknot_002100_0002272.jpg,VNWoodKnot/VNWoodKnot A High-Quality Image Dataset for Wood K/VNWoodKnot/VNWoodKnot/train/2/img_4718.jpg,vnwoodknot,folder_class,vnwoodknot:train:img_4718,knot,crack,0.9999995231628418,0.9999995231628418,5.298501264405786e-07,9.16523020672022e-12,False
wood-multitask-final/data_processed/classification_crops/external_test/knot/vnwoodknot_002101_0002273.jpg,VNWoodKnot/VNWoodKnot A High-Quality Image Dataset for Wood K/VNWoodKnot/VNWoodKnot/train/2/img_4719.jpg,vnwoodknot,folder_class,vnwoodknot:train:img_4719,knot,crack,0.9996839761734009,0.9996839761734009,0.00027560489252209663,4.0455142880091444e-05,False
wood-multitask-final/data_processed/classification_crops/external_test/knot/vnwoodknot_002102_0002274.jpg,VNWoodKnot/VNWoodKnot A High-Quality Image Dataset for Wood K/VNWoodKnot/VNWoodKnot/train/2/img_4722.jpg,vnwoodknot,folder_class,vnwoodknot:train:img_4722,knot,crack,0.9999955892562866,0.9999955892562866,4.2321617002016865e-06,7.114876865443875e-08,False
wood-multitask-final/data_processed/classification_crops/external_test/knot/vnwoodknot_002103_0002275.jpg,VNWoodKnot/VNWoodKnot A High-Quality Image Dataset for Wood K/VNWoodKnot/VNWoodKnot/train/2/img_4723.jpg,vnwoodknot,folder_class,vnwoodknot:train:img_4723,knot,crack,0.9061079621315002,0.9061079621315002,0.09380041807889938,9.163027425529435e-05,False
wood-multitask-final/data_processed/classification_crops/external_test/knot/vnwoodknot_002104_0002276.jpg,VNWoodKnot/VNWoodKnot A High-Quality Image Dataset for Wood K/VNWoodKnot/VNWoodKnot/train/2/img_4724.jpg,vnwoodknot,folder_class,vnwoodknot:train:img_4724,knot,crack,0.9992399215698242,0.9992399215698242,0.000753269821871072,6.841444246674655e-06,False
wood-multitask-final/data_processed/classification_crops/external_test/knot/vnwoodknot_002105_0002277.jpg,VNWoodKnot/VNWoodKnot A High-Quality Image Dataset for Wood K/VNWoodKnot/VNWoodKnot/train/2/img_4725.jpg,vnwoodknot,folder_class,vnwoodknot:train:img_4725,knot,crack,0.9970024228096008,0.9970024228096008,0.002997444709762931,1.272163814292071e-07,False
wood-multitask-final/data_processed/classification_crops/external_test/knot/vnwoodknot_002106_0002278.jpg,VNWoodKnot/VNWoodKnot A High-Quality Image Dataset for Wood K/VNWoodKnot/VNWoodKnot/train/2/img_4726.jpg,vnwoodknot,folder_class,vnwoodknot:train:img_4726,knot,crack,0.9792113304138184,0.9792113304138184,0.02078789845108986,6.553499360961723e-07,False
wood-multitask-final/data_processed/classification_crops/external_test/knot/vnwoodknot_002107_0002279.jpg,VNWoodKnot/VNWoodKnot A High-Quality Image Dataset for Wood K/VNWoodKnot/VNWoodKnot/train/2/img_4728.jpg,vnwoodknot,folder_class,vnwoodknot:train:img_4728,knot,crack,0.9986129999160767,0.9986129999160767,0.0013870259281247854,1.3821188638019066e-09,False
wood-multitask-final/data_processed/classification_crops/external_test/knot/vnwoodknot_002108_0002280.jpg,VNWoodKnot/VNWoodKnot A High-Quality Image Dataset for Wood K/VNWoodKnot/VNWoodKnot/train/2/img_4729.jpg,vnwoodknot,folder_class,vnwoodknot:train:img_4729,knot,knot,0.9496795535087585,0.0038481189403682947,0.9496795535087585,0.04647226631641388,True
wood-multitask-final/data_processed/classification_crops/external_test/knot/vnwoodknot_002109_0002281.jpg,VNWoodKnot/VNWoodKnot A High-Quality Image Dataset for Wood K/VNWoodKnot/VNWoodKnot/train/2/img_4730.jpg,vnwoodknot,folder_class,vnwoodknot:train:img_4730,knot,knot,0.9981410503387451,0.0017975929658859968,0.9981410503387451,6.142744678072631e-05,True
wood-multitask-final/data_processed/classification_crops/external_test/knot/vnwoodknot_002110_0002282.jpg,VNWoodKnot/VNWoodKnot A High-Quality Image Dataset for Wood K/VNWoodKnot/VNWoodKnot/train/2/img_4731.jpg,vnwoodknot,folder_class,vnwoodknot:train:img_4731,knot,crack,0.8510282039642334,0.8510282039642334,0.0993504598736763,0.04962139576673508,False
wood-multitask-final/data_processed/classification_crops/external_test/knot/vnwoodknot_002111_0002283.jpg,VNWoodKnot/VNWoodKnot A High-Quality Image Dataset for Wood K/VNWoodKnot/VNWoodKnot/train/2/img_4732.jpg,vnwoodknot,folder_class,vnwoodknot:train:img_4732,knot,knot,0.8771454691886902,0.12285402417182922,0.8771454691886902,5.585474696090387e-07,True
wood-multitask-final/data_processed/classification_crops/external_test/knot/vnwoodknot_002112_0002284.jpg,VNWoodKnot/VNWoodKnot A High-Quality Image Dataset for Wood K/VNWoodKnot/VNWoodKnot/train/2/img_4734.jpg,vnwoodknot,folder_class,vnwoodknot:train:img_4734,knot,crack,1.0,1.0,1.581958564145225e-08,2.294213267712425e-13,False
wood-multitask-final/data_processed/classification_crops/external_test/knot/vnwoodknot_002113_0002285.jpg,VNWoodKnot/VNWoodKnot A High-Quality Image Dataset for Wood K/VNWoodKnot/VNWoodKnot/train/2/img_4735.jpg,vnwoodknot,folder_class,vnwoodknot:train:img_4735,knot,knot,0.708013653755188,0.2919863164424896,0.708013653755188,2.6370846839540718e-08,True
wood-multitask-final/data_processed/classification_crops/external_test/knot/vnwoodknot_002114_0002286.jpg,VNWoodKnot/VNWoodKnot A High-Quality Image Dataset for Wood K/VNWoodKnot/VNWoodKnot/train/2/img_4736.jpg,vnwoodknot,folder_class,vnwoodknot:train:img_4736,knot,crack,0.9773428440093994,0.9773428440093994,0.022657159715890884,4.587357160801275e-09,False
wood-multitask-final/data_processed/classification_crops/external_test/knot/vnwoodknot_002115_0002287.jpg,VNWoodKnot/VNWoodKnot A High-Quality Image Dataset for Wood K/VNWoodKnot/VNWoodKnot/train/2/img_4739.jpg,vnwoodknot,folder_class,vnwoodknot:train:img_4739,knot,crack,0.9875298738479614,0.9875298738479614,0.012469589710235596,5.966620051367499e-07,False
wood-multitask-final/data_processed/classification_crops/external_test/knot/vnwoodknot_002116_0002288.jpg,VNWoodKnot/VNWoodKnot A High-Quality Image Dataset for Wood K/VNWoodKnot/VNWoodKnot/train/2/img_4743.jpg,vnwoodknot,folder_class,vnwoodknot:train:img_4743,knot,crack,0.9913787841796875,0.9913787841796875,0.008329425938427448,0.0002918034151662141,False
wood-multitask-final/data_processed/classification_crops/external_test/knot/vnwoodknot_002117_0002289.jpg,VNWoodKnot/VNWoodKnot A High-Quality Image Dataset for Wood K/VNWoodKnot/VNWoodKnot/train/2/img_4746.jpg,vnwoodknot,folder_class,vnwoodknot:train:img_4746,knot,knot,0.801893949508667,1.791585782484617e-05,0.801893949508667,0.19808810949325562,True
wood-multitask-final/data_processed/classification_crops/external_test/knot/vnwoodknot_002118_0002290.jpg,VNWoodKnot/VNWoodKnot A High-Quality Image Dataset for Wood K/VNWoodKnot/VNWoodKnot/train/2/img_4747.jpg,vnwoodknot,folder_class,vnwoodknot:train:img_4747,knot,knot,0.7665908336639404,0.011823100969195366,0.7665908336639404,0.22158607840538025,True
wood-multitask-final/data_processed/classification_crops/external_test/knot/vnwoodknot_002119_0002291.jpg,VNWoodKnot/VNWoodKnot A High-Quality Image Dataset for Wood K/VNWoodKnot/VNWoodKnot/train/2/img_4749.jpg,vnwoodknot,folder_class,vnwoodknot:train:img_4749,knot,crack,0.9999042749404907,0.9999042749404907,9.566116204950958e-05,3.3709431079831376e-11,False
wood-multitask-final/data_processed/classification_crops/external_test/knot/vnwoodknot_002120_0002292.jpg,VNWoodKnot/VNWoodKnot A High-Quality Image Dataset for Wood K/VNWoodKnot/VNWoodKnot/train/2/img_4751.jpg,vnwoodknot,folder_class,vnwoodknot:train:img_4751,knot,crack,0.9999960660934448,0.9999960660934448,3.940772330679465e-06,1.5917062318789726e-13,False
wood-multitask-final/data_processed/classification_crops/external_test/knot/vnwoodknot_002121_0002293.jpg,VNWoodKnot/VNWoodKnot A High-Quality Image Dataset for Wood K/VNWoodKnot/VNWoodKnot/train/2/img_4754.jpg,vnwoodknot,folder_class,vnwoodknot:train:img_4754,knot,crack,0.9987090826034546,0.9987090826034546,0.0012908665230497718,5.2929396976431065e-11,False
wood-multitask-final/data_processed/classification_crops/external_test/knot/vnwoodknot_002121_0002294.jpg,VNWoodKnot/VNWoodKnot A High-Quality Image Dataset for Wood K/VNWoodKnot/VNWoodKnot/train/2/img_4754.jpg,vnwoodknot,folder_class,vnwoodknot:train:img_4754,knot,crack,0.5942312479019165,0.5942312479019165,0.40575894713401794,9.754418897500727e-06,False
wood-multitask-final/data_processed/classification_crops/external_test/knot/vnwoodknot_002122_0002295.jpg,VNWoodKnot/VNWoodKnot A High-Quality Image Dataset for Wood K/VNWoodKnot/VNWoodKnot/train/2/img_4756.jpg,vnwoodknot,folder_class,vnwoodknot:train:img_4756,knot,knot,0.9780054688453674,0.009236170910298824,0.9780054688453674,0.01275844220072031,True
wood-multitask-final/data_processed/classification_crops/external_test/knot/vnwoodknot_002123_0002296.jpg,VNWoodKnot/VNWoodKnot A High-Quality Image Dataset for Wood K/VNWoodKnot/VNWoodKnot/train/2/z6578630467007.jpg,vnwoodknot,folder_class,vnwoodknot:train:z6578630467007,knot,crack,0.9918999671936035,0.9918999671936035,0.00809556245803833,4.471881311474135e-06,False
wood-multitask-final/data_processed/classification_crops/external_test/knot/vnwoodknot_002124_0002297.jpg,VNWoodKnot/VNWoodKnot A High-Quality Image Dataset for Wood K/VNWoodKnot/VNWoodKnot/train/2/z6578630469732.jpg,vnwoodknot,folder_class,vnwoodknot:train:z6578630469732,knot,crack,0.8564862012863159,0.8564862012863159,0.10295242071151733,0.04056141525506973,False
wood-multitask-final/data_processed/classification_crops/external_test/knot/vnwoodknot_002125_0002298.jpg,VNWoodKnot/VNWoodKnot A High-Quality Image Dataset for Wood K/VNWoodKnot/VNWoodKnot/train/2/z6578630480095.jpg,vnwoodknot,folder_class,vnwoodknot:train:z6578630480095,knot,crack,0.999995231628418,0.999995231628418,4.808516678167507e-06,3.5119600561017705e-09,False
wood-multitask-final/data_processed/classification_crops/external_test/knot/vnwoodknot_002126_0002299.jpg,VNWoodKnot/VNWoodKnot A High-Quality Image Dataset for Wood K/VNWoodKnot/VNWoodKnot/train/2/z6578630487714.jpg,vnwoodknot,folder_class,vnwoodknot:train:z6578630487714,knot,knot,0.9886404275894165,0.008822674863040447,0.9886404275894165,0.002536914311349392,True
wood-multitask-final/data_processed/classification_crops/external_test/knot/vnwoodknot_002127_0002300.jpg,VNWoodKnot/VNWoodKnot A High-Quality Image Dataset for Wood K/VNWoodKnot/VNWoodKnot/train/2/z6578630496090.jpg,vnwoodknot,folder_class,vnwoodknot:train:z6578630496090,knot,crack,0.9980265498161316,0.9980265498161316,0.001972820609807968,6.087427664169809e-07,False
wood-multitask-final/data_processed/classification_crops/external_test/knot/vnwoodknot_002128_0002301.jpg,VNWoodKnot/VNWoodKnot A High-Quality Image Dataset for Wood K/VNWoodKnot/VNWoodKnot/train/2/z6578630507876.jpg,vnwoodknot,folder_class,vnwoodknot:train:z6578630507876,knot,knot,0.9697360992431641,0.03001290187239647,0.9697360992431641,0.00025102138170041144,True
wood-multitask-final/data_processed/classification_crops/external_test/normal/vnwoodknot_002129_normal.jpg,VNWoodKnot/VNWoodKnot A High-Quality Image Dataset for Wood K/VNWoodKnot/VNWoodKnot/validation/0/IMG_4360.jpg,vnwoodknot,verified_negative,vnwoodknot:validation:img_4360,normal,crack,0.8619406223297119,0.8619406223297119,0.13716886937618256,0.000890431459993124,False
wood-multitask-final/data_processed/classification_crops/external_test/normal/vnwoodknot_002130_normal.jpg,VNWoodKnot/VNWoodKnot A High-Quality Image Dataset for Wood K/VNWoodKnot/VNWoodKnot/validation/0/IMG_4383.jpg,vnwoodknot,verified_negative,vnwoodknot:validation:img_4383,normal,crack,0.9999997615814209,0.9999997615814209,1.0886849111102492e-07,5.985697981714111e-08,False
wood-multitask-final/data_processed/classification_crops/external_test/normal/vnwoodknot_002131_normal.jpg,VNWoodKnot/VNWoodKnot A High-Quality Image Dataset for Wood K/VNWoodKnot/VNWoodKnot/validation/0/IMG_4384.jpg,vnwoodknot,verified_negative,vnwoodknot:validation:img_4384,normal,crack,0.9999897480010986,0.9999897480010986,5.320287641552568e-07,9.813416909310035e-06,False
wood-multitask-final/data_processed/classification_crops/external_test/normal/vnwoodknot_002132_normal.jpg,VNWoodKnot/VNWoodKnot A High-Quality Image Dataset for Wood K/VNWoodKnot/VNWoodKnot/validation/0/IMG_4387.jpg,vnwoodknot,verified_negative,vnwoodknot:validation:img_4387,normal,crack,0.9999594688415527,0.9999594688415527,1.7097338059102185e-05,2.354283060412854e-05,False
wood-multitask-final/data_processed/classification_crops/external_test/normal/vnwoodknot_002133_normal.jpg,VNWoodKnot/VNWoodKnot A High-Quality Image Dataset for Wood K/VNWoodKnot/VNWoodKnot/validation/0/IMG_4389.jpg,vnwoodknot,verified_negative,vnwoodknot:validation:img_4389,normal,crack,0.9999997615814209,0.9999997615814209,8.72764687187555e-08,1.7068228430616728e-07,False
wood-multitask-final/data_processed/classification_crops/external_test/normal/vnwoodknot_002134_normal.jpg,VNWoodKnot/VNWoodKnot A High-Quality Image Dataset for Wood K/VNWoodKnot/VNWoodKnot/validation/0/IMG_4394.jpg,vnwoodknot,verified_negative,vnwoodknot:validation:img_4394,normal,normal,0.9988828301429749,0.000873743905685842,0.00024345146084669977,0.9988828301429749,True
wood-multitask-final/data_processed/classification_crops/external_test/normal/vnwoodknot_002135_normal.jpg,VNWoodKnot/VNWoodKnot A High-Quality Image Dataset for Wood K/VNWoodKnot/VNWoodKnot/validation/0/IMG_4395.jpg,vnwoodknot,verified_negative,vnwoodknot:validation:img_4395,normal,crack,0.9999996423721313,0.9999996423721313,3.347027472955233e-07,1.2182142794525674e-10,False
wood-multitask-final/data_processed/classification_crops/external_test/normal/vnwoodknot_002136_normal.jpg,VNWoodKnot/VNWoodKnot A High-Quality Image Dataset for Wood K/VNWoodKnot/VNWoodKnot/validation/0/IMG_4396.jpg,vnwoodknot,verified_negative,vnwoodknot:validation:img_4396,normal,crack,0.9999997615814209,0.9999997615814209,2.823987585998111e-07,1.0391042887247792e-10,False
wood-multitask-final/data_processed/classification_crops/external_test/normal/vnwoodknot_002137_normal.jpg,VNWoodKnot/VNWoodKnot A High-Quality Image Dataset for Wood K/VNWoodKnot/VNWoodKnot/validation/0/IMG_4399.jpg,vnwoodknot,verified_negative,vnwoodknot:validation:img_4399,normal,crack,0.9996575117111206,0.9996575117111206,4.699844430433586e-05,0.00029556822846643627,False
wood-multitask-final/data_processed/classification_crops/external_test/normal/vnwoodknot_002138_normal.jpg,VNWoodKnot/VNWoodKnot A High-Quality Image Dataset for Wood K/VNWoodKnot/VNWoodKnot/validation/0/IMG_4402.jpg,vnwoodknot,verified_negative,vnwoodknot:validation:img_4402,normal,crack,0.9995953440666199,0.9995953440666199,0.00020978297106921673,0.0001949852448888123,False
wood-multitask-final/data_processed/classification_crops/external_test/normal/vnwoodknot_002139_normal.jpg,VNWoodKnot/VNWoodKnot A High-Quality Image Dataset for Wood K/VNWoodKnot/VNWoodKnot/validation/0/IMG_4404.jpg,vnwoodknot,verified_negative,vnwoodknot:validation:img_4404,normal,crack,0.9860036969184875,0.9860036969184875,5.550503556150943e-05,0.013940855860710144,False
wood-multitask-final/data_processed/classification_crops/external_test/normal/vnwoodknot_002140_normal.jpg,VNWoodKnot/VNWoodKnot A High-Quality Image Dataset for Wood K/VNWoodKnot/VNWoodKnot/validation/0/IMG_4412.jpg,vnwoodknot,verified_negative,vnwoodknot:validation:img_4412,normal,crack,0.9999359846115112,0.9999359846115112,5.159645752428332e-06,5.883849735255353e-05,False
wood-multitask-final/data_processed/classification_crops/external_test/normal/vnwoodknot_002141_normal.jpg,VNWoodKnot/VNWoodKnot A High-Quality Image Dataset for Wood K/VNWoodKnot/VNWoodKnot/validation/0/IMG_4428.jpg,vnwoodknot,verified_negative,vnwoodknot:validation:img_4428,normal,crack,1.0,1.0,4.873086378864855e-10,1.1169327615578872e-11,False
wood-multitask-final/data_processed/classification_crops/external_test/normal/vnwoodknot_002142_normal.jpg,VNWoodKnot/VNWoodKnot A High-Quality Image Dataset for Wood K/VNWoodKnot/VNWoodKnot/validation/0/IMG_4480.jpg,vnwoodknot,verified_negative,vnwoodknot:validation:img_4480,normal,crack,0.9997116923332214,0.9997116923332214,0.00010728746565291658,0.0001809724053600803,False
wood-multitask-final/data_processed/classification_crops/external_test/normal/vnwoodknot_002143_normal.jpg,VNWoodKnot/VNWoodKnot A High-Quality Image Dataset for Wood K/VNWoodKnot/VNWoodKnot/validation/0/IMG_4509.jpg,vnwoodknot,verified_negative,vnwoodknot:validation:img_4509,normal,crack,0.9832073450088501,0.9832073450088501,8.967002213466913e-05,0.016703017055988312,False
wood-multitask-final/data_processed/classification_crops/external_test/normal/vnwoodknot_002144_normal.jpg,VNWoodKnot/VNWoodKnot A High-Quality Image Dataset for Wood K/VNWoodKnot/VNWoodKnot/validation/0/IMG_4528.jpg,vnwoodknot,verified_negative,vnwoodknot:validation:img_4528,normal,crack,0.9999891519546509,0.9999891519546509,7.810157512722071e-06,2.9395682759059127e-06,False
wood-multitask-final/data_processed/classification_crops/external_test/normal/vnwoodknot_002145_normal.jpg,VNWoodKnot/VNWoodKnot A High-Quality Image Dataset for Wood K/VNWoodKnot/VNWoodKnot/validation/0/IMG_4794.jpg,vnwoodknot,verified_negative,vnwoodknot:validation:img_4794,normal,crack,0.9999997615814209,0.9999997615814209,1.7023670295657212e-07,7.355389897156783e-08,False
wood-multitask-final/data_processed/classification_crops/external_test/normal/vnwoodknot_002146_normal.jpg,VNWoodKnot/VNWoodKnot A High-Quality Image Dataset for Wood K/VNWoodKnot/VNWoodKnot/validation/0/IMG_4823.jpg,vnwoodknot,verified_negative,vnwoodknot:validation:img_4823,normal,crack,0.468449205160141,0.468449205160141,0.10738736391067505,0.4241634011268616,False
wood-multitask-final/data_processed/classification_crops/external_test/normal/vnwoodknot_002147_normal.jpg,VNWoodKnot/VNWoodKnot A High-Quality Image Dataset for Wood K/VNWoodKnot/VNWoodKnot/validation/0/IMG_4834.jpg,vnwoodknot,verified_negative,vnwoodknot:validation:img_4834,normal,crack,1.0,1.0,9.56332235624302e-10,3.9259170729871035e-14,False
wood-multitask-final/data_processed/classification_crops/external_test/normal/vnwoodknot_002148_normal.jpg,VNWoodKnot/VNWoodKnot A High-Quality Image Dataset for Wood K/VNWoodKnot/VNWoodKnot/validation/0/IMG_4845.jpg,vnwoodknot,verified_negative,vnwoodknot:validation:img_4845,normal,crack,1.0,1.0,4.0272210566349997e-10,5.123693136432905e-10,False
wood-multitask-final/data_processed/classification_crops/external_test/normal/vnwoodknot_002149_normal.jpg,VNWoodKnot/VNWoodKnot A High-Quality Image Dataset for Wood K/VNWoodKnot/VNWoodKnot/validation/0/IMG_4847.jpg,vnwoodknot,verified_negative,vnwoodknot:validation:img_4847,normal,crack,0.9999555349349976,0.9999555349349976,2.8971986466785893e-05,1.551474633743055e-05,False
wood-multitask-final/data_processed/classification_crops/external_test/normal/vnwoodknot_002150_normal.jpg,VNWoodKnot/VNWoodKnot A High-Quality Image Dataset for Wood K/VNWoodKnot/VNWoodKnot/validation/0/IMG_4860.jpg,vnwoodknot,verified_negative,vnwoodknot:validation:img_4860,normal,crack,0.9999990463256836,0.9999990463256836,9.449288995710958e-07,6.203474691400535e-13,False
wood-multitask-final/data_processed/classification_crops/external_test/normal/vnwoodknot_002151_normal.jpg,VNWoodKnot/VNWoodKnot A High-Quality Image Dataset for Wood K/VNWoodKnot/VNWoodKnot/validation/0/IMG_4867.jpg,vnwoodknot,verified_negative,vnwoodknot:validation:img_4867,normal,crack,1.0,1.0,2.627881912076191e-09,1.0650379467236348e-09,False
wood-multitask-final/data_processed/classification_crops/external_test/normal/vnwoodknot_002152_normal.jpg,VNWoodKnot/VNWoodKnot A High-Quality Image Dataset for Wood K/VNWoodKnot/VNWoodKnot/validation/0/IMG_4890.jpg,vnwoodknot,verified_negative,vnwoodknot:validation:img_4890,normal,crack,1.0,1.0,1.1383270992482153e-09,1.0819927717458863e-14,False
wood-multitask-final/data_processed/classification_crops/external_test/normal/vnwoodknot_002153_normal.jpg,VNWoodKnot/VNWoodKnot A High-Quality Image Dataset for Wood K/VNWoodKnot/VNWoodKnot/validation/0/IMG_4894.jpg,vnwoodknot,verified_negative,vnwoodknot:validation:img_4894,normal,crack,1.0,1.0,1.2453265085810017e-09,3.8114363011196306e-13,False
wood-multitask-final/data_processed/classification_crops/external_test/normal/vnwoodknot_002154_normal.jpg,VNWoodKnot/VNWoodKnot A High-Quality Image Dataset for Wood K/VNWoodKnot/VNWoodKnot/validation/0/IMG_4924.jpg,vnwoodknot,verified_negative,vnwoodknot:validation:img_4924,normal,crack,0.9999997615814209,0.9999997615814209,2.8702129384328146e-07,1.600224308617726e-08,False
wood-multitask-final/data_processed/classification_crops/external_test/normal/vnwoodknot_002155_normal.jpg,VNWoodKnot/VNWoodKnot A High-Quality Image Dataset for Wood K/VNWoodKnot/VNWoodKnot/validation/0/IMG_4925.jpg,vnwoodknot,verified_negative,vnwoodknot:validation:img_4925,normal,crack,1.0,1.0,3.046356056302102e-09,4.8567269997357165e-14,False
wood-multitask-final/data_processed/classification_crops/external_test/normal/vnwoodknot_002156_normal.jpg,VNWoodKnot/VNWoodKnot A High-Quality Image Dataset for Wood K/VNWoodKnot/VNWoodKnot/validation/0/IMG_4940.jpg,vnwoodknot,verified_negative,vnwoodknot:validation:img_4940,normal,crack,0.9998385906219482,0.9998385906219482,8.662899745104369e-06,0.00015268224524334073,False
wood-multitask-final/data_processed/classification_crops/external_test/normal/vnwoodknot_002157_normal.jpg,VNWoodKnot/VNWoodKnot A High-Quality Image Dataset for Wood K/VNWoodKnot/VNWoodKnot/validation/0/IMG_4945.jpg,vnwoodknot,verified_negative,vnwoodknot:validation:img_4945,normal,crack,0.9999994039535522,0.9999994039535522,5.508044864654948e-07,4.5972015257078613e-14,False
wood-multitask-final/data_processed/classification_crops/external_test/normal/vnwoodknot_002158_normal.jpg,VNWoodKnot/VNWoodKnot A High-Quality Image Dataset for Wood K/VNWoodKnot/VNWoodKnot/validation/0/IMG_4948.jpg,vnwoodknot,verified_negative,vnwoodknot:validation:img_4948,normal,crack,0.9979318380355835,0.9979318380355835,0.002041715430095792,2.6446417905390263e-05,False
wood-multitask-final/data_processed/classification_crops/external_test/normal/vnwoodknot_002159_normal.jpg,VNWoodKnot/VNWoodKnot A High-Quality Image Dataset for Wood K/VNWoodKnot/VNWoodKnot/validation/0/IMG_4951.jpg,vnwoodknot,verified_negative,vnwoodknot:validation:img_4951,normal,crack,0.9999996423721313,0.9999996423721313,2.037692681255976e-08,3.683949785227014e-07,False
wood-multitask-final/data_processed/classification_crops/external_test/normal/vnwoodknot_002160_normal.jpg,VNWoodKnot/VNWoodKnot A High-Quality Image Dataset for Wood K/VNWoodKnot/VNWoodKnot/validation/0/IMG_4962.jpg,vnwoodknot,verified_negative,vnwoodknot:validation:img_4962,normal,crack,0.9999997615814209,0.9999997615814209,1.2118795744697763e-08,2.779518979423301e-07,False
wood-multitask-final/data_processed/classification_crops/external_test/normal/vnwoodknot_002161_normal.jpg,VNWoodKnot/VNWoodKnot A High-Quality Image Dataset for Wood K/VNWoodKnot/VNWoodKnot/validation/0/IMG_4973.jpg,vnwoodknot,verified_negative,vnwoodknot:validation:img_4973,normal,crack,1.0,1.0,1.2126624704400513e-10,9.562213217420568e-13,False
wood-multitask-final/data_processed/classification_crops/external_test/normal/vnwoodknot_002162_normal.jpg,VNWoodKnot/VNWoodKnot A High-Quality Image Dataset for Wood K/VNWoodKnot/VNWoodKnot/validation/0/IMG_4974.jpg,vnwoodknot,verified_negative,vnwoodknot:validation:img_4974,normal,crack,0.9999582767486572,0.9999582767486572,3.4897341265605064e-06,3.826972169918008e-05,False
wood-multitask-final/data_processed/classification_crops/external_test/normal/vnwoodknot_002163_normal.jpg,VNWoodKnot/VNWoodKnot A High-Quality Image Dataset for Wood K/VNWoodKnot/VNWoodKnot/validation/0/IMG_4987.jpg,vnwoodknot,verified_negative,vnwoodknot:validation:img_4987,normal,crack,0.996713399887085,0.996713399887085,0.002836554544046521,0.00045009871246293187,False
wood-multitask-final/data_processed/classification_crops/external_test/normal/vnwoodknot_002164_normal.jpg,VNWoodKnot/VNWoodKnot A High-Quality Image Dataset for Wood K/VNWoodKnot/VNWoodKnot/validation/0/IMG_5036.jpg,vnwoodknot,verified_negative,vnwoodknot:validation:img_5036,normal,crack,1.0,1.0,5.36803823614207e-10,5.5050176223092606e-11,False
wood-multitask-final/data_processed/classification_crops/external_test/normal/vnwoodknot_002165_normal.jpg,VNWoodKnot/VNWoodKnot A High-Quality Image Dataset for Wood K/VNWoodKnot/VNWoodKnot/validation/0/img_4436.jpg,vnwoodknot,verified_negative,vnwoodknot:validation:img_4436,normal,crack,0.9998633861541748,0.9998633861541748,3.3202479698957177e-06,0.0001332374959019944,False
wood-multitask-final/data_processed/classification_crops/external_test/normal/vnwoodknot_002166_normal.jpg,VNWoodKnot/VNWoodKnot A High-Quality Image Dataset for Wood K/VNWoodKnot/VNWoodKnot/validation/0/img_4446.jpg,vnwoodknot,verified_negative,vnwoodknot:validation:img_4446,normal,crack,0.9929224252700806,0.9929224252700806,0.006996986456215382,8.06187599664554e-05,False
wood-multitask-final/data_processed/classification_crops/external_test/normal/vnwoodknot_002167_normal.jpg,VNWoodKnot/VNWoodKnot A High-Quality Image Dataset for Wood K/VNWoodKnot/VNWoodKnot/validation/0/img_4468.jpg,vnwoodknot,verified_negative,vnwoodknot:validation:img_4468,normal,crack,1.0,1.0,8.625499203773757e-10,2.832531431629093e-10,False
wood-multitask-final/data_processed/classification_crops/external_test/normal/vnwoodknot_002168_normal.jpg,VNWoodKnot/VNWoodKnot A High-Quality Image Dataset for Wood K/VNWoodKnot/VNWoodKnot/validation/0/img_4469.jpg,vnwoodknot,verified_negative,vnwoodknot:validation:img_4469,normal,crack,0.9999996423721313,0.9999996423721313,2.9210332286311314e-07,7.098151399986818e-08,False
wood-multitask-final/data_processed/classification_crops/external_test/normal/vnwoodknot_002169_normal.jpg,VNWoodKnot/VNWoodKnot A High-Quality Image Dataset for Wood K/VNWoodKnot/VNWoodKnot/validation/0/img_4471.jpg,vnwoodknot,verified_negative,vnwoodknot:validation:img_4471,normal,crack,0.9994714856147766,0.9994714856147766,0.00017240058514289558,0.0003561249759513885,False
wood-multitask-final/data_processed/classification_crops/external_test/normal/vnwoodknot_002170_normal.jpg,VNWoodKnot/VNWoodKnot A High-Quality Image Dataset for Wood K/VNWoodKnot/VNWoodKnot/validation/0/img_4489.jpg,vnwoodknot,verified_negative,vnwoodknot:validation:img_4489,normal,crack,0.9995197057723999,0.9995197057723999,0.0004775315464939922,2.7745850275096018e-06,False
wood-multitask-final/data_processed/classification_crops/external_test/normal/vnwoodknot_002171_normal.jpg,VNWoodKnot/VNWoodKnot A High-Quality Image Dataset for Wood K/VNWoodKnot/VNWoodKnot/validation/0/img_4494.jpg,vnwoodknot,verified_negative,vnwoodknot:validation:img_4494,normal,crack,0.999954342842102,0.999954342842102,4.5308497647056356e-05,3.677646986943728e-07,False
wood-multitask-final/data_processed/classification_crops/external_test/normal/vnwoodknot_002172_normal.jpg,VNWoodKnot/VNWoodKnot A High-Quality Image Dataset for Wood K/VNWoodKnot/VNWoodKnot/validation/0/img_4506.jpg,vnwoodknot,verified_negative,vnwoodknot:validation:img_4506,normal,crack,0.9999366998672485,0.9999366998672485,6.333867349894717e-05,3.3285043610220555e-09,False
wood-multitask-final/data_processed/classification_crops/external_test/normal/vnwoodknot_002173_normal.jpg,VNWoodKnot/VNWoodKnot A High-Quality Image Dataset for Wood K/VNWoodKnot/VNWoodKnot/validation/0/img_4515.jpg,vnwoodknot,verified_negative,vnwoodknot:validation:img_4515,normal,crack,0.8968680500984192,0.8968680500984192,0.0522102527320385,0.05092174559831619,False
wood-multitask-final/data_processed/classification_crops/external_test/normal/vnwoodknot_002174_normal.jpg,VNWoodKnot/VNWoodKnot A High-Quality Image Dataset for Wood K/VNWoodKnot/VNWoodKnot/validation/0/img_4517.jpg,vnwoodknot,verified_negative,vnwoodknot:validation:img_4517,normal,crack,1.0,1.0,2.1889273726927172e-10,3.9517517730347507e-11,False
wood-multitask-final/data_processed/classification_crops/external_test/normal/vnwoodknot_002175_normal.jpg,VNWoodKnot/VNWoodKnot A High-Quality Image Dataset for Wood K/VNWoodKnot/VNWoodKnot/validation/0/img_4534.jpg,vnwoodknot,verified_negative,vnwoodknot:validation:img_4534,normal,crack,0.6318228840827942,0.6318228840827942,0.22555409371852875,0.14262308180332184,False
wood-multitask-final/data_processed/classification_crops/external_test/normal/vnwoodknot_002176_normal.jpg,VNWoodKnot/VNWoodKnot A High-Quality Image Dataset for Wood K/VNWoodKnot/VNWoodKnot/validation/0/img_4540.jpg,vnwoodknot,verified_negative,vnwoodknot:validation:img_4540,normal,crack,0.9999868869781494,0.9999868869781494,1.3134171240380965e-05,1.96276084274416e-09,False
wood-multitask-final/data_processed/classification_crops/external_test/normal/vnwoodknot_002177_normal.jpg,VNWoodKnot/VNWoodKnot A High-Quality Image Dataset for Wood K/VNWoodKnot/VNWoodKnot/validation/0/img_4542.jpg,vnwoodknot,verified_negative,vnwoodknot:validation:img_4542,normal,crack,0.9999715089797974,0.9999715089797974,2.693177293622284e-06,2.5764402380445972e-05,False
wood-multitask-final/data_processed/classification_crops/external_test/normal/vnwoodknot_002178_normal.jpg,VNWoodKnot/VNWoodKnot A High-Quality Image Dataset for Wood K/VNWoodKnot/VNWoodKnot/validation/0/img_4544.jpg,vnwoodknot,verified_negative,vnwoodknot:validation:img_4544,normal,crack,0.9999958276748657,0.9999958276748657,2.955658828796004e-06,1.1912060244867462e-06,False
wood-multitask-final/data_processed/classification_crops/external_test/normal/vnwoodknot_002179_normal.jpg,VNWoodKnot/VNWoodKnot A High-Quality Image Dataset for Wood K/VNWoodKnot/VNWoodKnot/validation/0/img_4764.jpg,vnwoodknot,verified_negative,vnwoodknot:validation:img_4764,normal,normal,0.9937638640403748,0.0034650799352675676,0.0027710357680916786,0.9937638640403748,True
wood-multitask-final/data_processed/classification_crops/external_test/normal/vnwoodknot_002180_normal.jpg,VNWoodKnot/VNWoodKnot A High-Quality Image Dataset for Wood K/VNWoodKnot/VNWoodKnot/validation/0/img_4769.jpg,vnwoodknot,verified_negative,vnwoodknot:validation:img_4769,normal,crack,0.9999253749847412,0.9999253749847412,7.42259799153544e-05,3.6863963259747834e-07,False
wood-multitask-final/data_processed/classification_crops/external_test/normal/vnwoodknot_002181_normal.jpg,VNWoodKnot/VNWoodKnot A High-Quality Image Dataset for Wood K/VNWoodKnot/VNWoodKnot/validation/0/img_4772.jpg,vnwoodknot,verified_negative,vnwoodknot:validation:img_4772,normal,crack,1.0,1.0,6.768553495462015e-10,3.372722767736036e-09,False
wood-multitask-final/data_processed/classification_crops/external_test/normal/vnwoodknot_002182_normal.jpg,VNWoodKnot/VNWoodKnot A High-Quality Image Dataset for Wood K/VNWoodKnot/VNWoodKnot/validation/0/img_4822.jpg,vnwoodknot,verified_negative,vnwoodknot:validation:img_4822,normal,crack,0.9999977350234985,0.9999977350234985,8.673169418216276e-07,1.3929039823779021e-06,False
wood-multitask-final/data_processed/classification_crops/external_test/normal/vnwoodknot_002183_normal.jpg,VNWoodKnot/VNWoodKnot A High-Quality Image Dataset for Wood K/VNWoodKnot/VNWoodKnot/validation/0/img_4837.jpg,vnwoodknot,verified_negative,vnwoodknot:validation:img_4837,normal,crack,0.9999803304672241,0.9999803304672241,8.344555908479379e-07,1.8803573766490445e-05,False
wood-multitask-final/data_processed/classification_crops/external_test/normal/vnwoodknot_002184_normal.jpg,VNWoodKnot/VNWoodKnot A High-Quality Image Dataset for Wood K/VNWoodKnot/VNWoodKnot/validation/0/img_4840.jpg,vnwoodknot,verified_negative,vnwoodknot:validation:img_4840,normal,crack,0.9977672100067139,0.9977672100067139,7.244656444527209e-05,0.002160334959626198,False
wood-multitask-final/data_processed/classification_crops/external_test/normal/vnwoodknot_002185_normal.jpg,VNWoodKnot/VNWoodKnot A High-Quality Image Dataset for Wood K/VNWoodKnot/VNWoodKnot/validation/0/img_4884.jpg,vnwoodknot,verified_negative,vnwoodknot:validation:img_4884,normal,crack,1.0,1.0,5.168874772643051e-10,6.329088457750903e-14,False
wood-multitask-final/data_processed/classification_crops/external_test/normal/vnwoodknot_002186_normal.jpg,VNWoodKnot/VNWoodKnot A High-Quality Image Dataset for Wood K/VNWoodKnot/VNWoodKnot/validation/0/img_4893.jpg,vnwoodknot,verified_negative,vnwoodknot:validation:img_4893,normal,crack,0.9999798536300659,0.9999798536300659,5.528108317776059e-07,1.9569904907257296e-05,False
wood-multitask-final/data_processed/classification_crops/external_test/normal/vnwoodknot_002187_normal.jpg,VNWoodKnot/VNWoodKnot A High-Quality Image Dataset for Wood K/VNWoodKnot/VNWoodKnot/validation/0/img_4907.jpg,vnwoodknot,verified_negative,vnwoodknot:validation:img_4907,normal,crack,0.9999617338180542,0.9999617338180542,3.795766315306537e-05,4.0237944176624296e-07,False
wood-multitask-final/data_processed/classification_crops/external_test/normal/vnwoodknot_002188_normal.jpg,VNWoodKnot/VNWoodKnot A High-Quality Image Dataset for Wood K/VNWoodKnot/VNWoodKnot/validation/0/img_4919.jpg,vnwoodknot,verified_negative,vnwoodknot:validation:img_4919,normal,crack,0.9999620914459229,0.9999620914459229,3.752955672098324e-05,3.912954298357363e-07,False
wood-multitask-final/data_processed/classification_crops/external_test/normal/vnwoodknot_002189_normal.jpg,VNWoodKnot/VNWoodKnot A High-Quality Image Dataset for Wood K/VNWoodKnot/VNWoodKnot/validation/0/img_4920.jpg,vnwoodknot,verified_negative,vnwoodknot:validation:img_4920,normal,crack,1.0,1.0,2.216421268741442e-09,4.0689709379648775e-09,False
wood-multitask-final/data_processed/classification_crops/external_test/normal/vnwoodknot_002190_normal.jpg,VNWoodKnot/VNWoodKnot A High-Quality Image Dataset for Wood K/VNWoodKnot/VNWoodKnot/validation/0/img_4921.jpg,vnwoodknot,verified_negative,vnwoodknot:validation:img_4921,normal,crack,0.9999998807907104,0.9999998807907104,6.736746627211687e-08,1.3513075103332994e-08,False
wood-multitask-final/data_processed/classification_crops/external_test/normal/vnwoodknot_002191_normal.jpg,VNWoodKnot/VNWoodKnot A High-Quality Image Dataset for Wood K/VNWoodKnot/VNWoodKnot/validation/0/img_4930.jpg,vnwoodknot,verified_negative,vnwoodknot:validation:img_4930,normal,crack,0.9999997615814209,0.9999997615814209,1.9348179591816006e-07,2.9757710962030615e-08,False
wood-multitask-final/data_processed/classification_crops/external_test/normal/vnwoodknot_002192_normal.jpg,VNWoodKnot/VNWoodKnot A High-Quality Image Dataset for Wood K/VNWoodKnot/VNWoodKnot/validation/0/img_4936.jpg,vnwoodknot,verified_negative,vnwoodknot:validation:img_4936,normal,crack,0.9990758895874023,0.9990758895874023,0.0009132379200309515,1.0813597327796742e-05,False
wood-multitask-final/data_processed/classification_crops/external_test/normal/vnwoodknot_002193_normal.jpg,VNWoodKnot/VNWoodKnot A High-Quality Image Dataset for Wood K/VNWoodKnot/VNWoodKnot/validation/0/img_4941.jpg,vnwoodknot,verified_negative,vnwoodknot:validation:img_4941,normal,crack,0.9999082088470459,0.9999082088470459,9.132981358561665e-05,5.073796387478069e-07,False
wood-multitask-final/data_processed/classification_crops/external_test/normal/vnwoodknot_002194_normal.jpg,VNWoodKnot/VNWoodKnot A High-Quality Image Dataset for Wood K/VNWoodKnot/VNWoodKnot/validation/0/img_4954.jpg,vnwoodknot,verified_negative,vnwoodknot:validation:img_4954,normal,crack,0.9999284744262695,0.9999284744262695,1.721598528092727e-05,5.440421591629274e-05,False
wood-multitask-final/data_processed/classification_crops/external_test/normal/vnwoodknot_002195_normal.jpg,VNWoodKnot/VNWoodKnot A High-Quality Image Dataset for Wood K/VNWoodKnot/VNWoodKnot/validation/0/img_5006.jpg,vnwoodknot,verified_negative,vnwoodknot:validation:img_5006,normal,crack,1.0,1.0,3.7889744675112524e-09,2.427592675491308e-11,False
wood-multitask-final/data_processed/classification_crops/external_test/normal/vnwoodknot_002196_normal.jpg,VNWoodKnot/VNWoodKnot A High-Quality Image Dataset for Wood K/VNWoodKnot/VNWoodKnot/validation/0/img_5009.jpg,vnwoodknot,verified_negative,vnwoodknot:validation:img_5009,normal,crack,0.9999998807907104,0.9999998807907104,7.344675978515625e-09,7.228439358186733e-08,False
wood-multitask-final/data_processed/classification_crops/external_test/normal/vnwoodknot_002197_normal.jpg,VNWoodKnot/VNWoodKnot A High-Quality Image Dataset for Wood K/VNWoodKnot/VNWoodKnot/validation/0/img_5011.jpg,vnwoodknot,verified_negative,vnwoodknot:validation:img_5011,normal,normal,0.8414638638496399,0.15811869502067566,0.0004174402274657041,0.8414638638496399,True
wood-multitask-final/data_processed/classification_crops/external_test/normal/vnwoodknot_002198_normal.jpg,VNWoodKnot/VNWoodKnot A High-Quality Image Dataset for Wood K/VNWoodKnot/VNWoodKnot/validation/0/img_5015.jpg,vnwoodknot,verified_negative,vnwoodknot:validation:img_5015,normal,crack,1.0,1.0,7.173712734953597e-10,8.464564986432332e-12,False
wood-multitask-final/data_processed/classification_crops/external_test/normal/vnwoodknot_002199_normal.jpg,VNWoodKnot/VNWoodKnot A High-Quality Image Dataset for Wood K/VNWoodKnot/VNWoodKnot/validation/0/img_5023.jpg,vnwoodknot,verified_negative,vnwoodknot:validation:img_5023,normal,crack,0.9999998807907104,0.9999998807907104,4.0945941748304904e-08,1.7246055961095408e-07,False
wood-multitask-final/data_processed/classification_crops/external_test/normal/vnwoodknot_002200_normal.jpg,VNWoodKnot/VNWoodKnot A High-Quality Image Dataset for Wood K/VNWoodKnot/VNWoodKnot/validation/0/img_5041.jpg,vnwoodknot,verified_negative,vnwoodknot:validation:img_5041,normal,crack,0.9997581839561462,0.9997581839561462,0.00011309333785902709,0.00012875131506007165,False
wood-multitask-final/data_processed/classification_crops/external_test/normal/vnwoodknot_002201_normal.jpg,VNWoodKnot/VNWoodKnot A High-Quality Image Dataset for Wood K/VNWoodKnot/VNWoodKnot/validation/0/img_5045.jpg,vnwoodknot,verified_negative,vnwoodknot:validation:img_5045,normal,crack,0.9999920129776001,0.9999920129776001,3.268277737333847e-07,7.575070867460454e-06,False
wood-multitask-final/data_processed/classification_crops/external_test/normal/vnwoodknot_002202_normal.jpg,VNWoodKnot/VNWoodKnot A High-Quality Image Dataset for Wood K/VNWoodKnot/VNWoodKnot/validation/0/img_5055.jpg,vnwoodknot,verified_negative,vnwoodknot:validation:img_5055,normal,crack,1.0,1.0,1.7202073099298332e-10,6.710652866726008e-11,False
wood-multitask-final/data_processed/classification_crops/external_test/normal/vnwoodknot_002203_normal.jpg,VNWoodKnot/VNWoodKnot A High-Quality Image Dataset for Wood K/VNWoodKnot/VNWoodKnot/validation/0/img_5056.jpg,vnwoodknot,verified_negative,vnwoodknot:validation:img_5056,normal,crack,1.0,1.0,2.4706366730242735e-08,3.3857618930710487e-09,False
wood-multitask-final/data_processed/classification_crops/external_test/knot/vnwoodknot_002204_0002302.jpg,VNWoodKnot/VNWoodKnot A High-Quality Image Dataset for Wood K/VNWoodKnot/VNWoodKnot/validation/1/IMG_3498.jpg,vnwoodknot,folder_class,vnwoodknot:validation:img_3498,knot,crack,0.9989677667617798,0.9989677667617798,0.0010305667528882623,1.673777774158225e-06,False
wood-multitask-final/data_processed/classification_crops/external_test/knot/vnwoodknot_002205_0002303.jpg,VNWoodKnot/VNWoodKnot A High-Quality Image Dataset for Wood K/VNWoodKnot/VNWoodKnot/validation/1/IMG_3502.jpg,vnwoodknot,folder_class,vnwoodknot:validation:img_3502,knot,knot,0.9061174392700195,0.07348842173814774,0.9061174392700195,0.020394155755639076,True
wood-multitask-final/data_processed/classification_crops/external_test/knot/vnwoodknot_002206_0002304.jpg,VNWoodKnot/VNWoodKnot A High-Quality Image Dataset for Wood K/VNWoodKnot/VNWoodKnot/validation/1/IMG_3544.jpg,vnwoodknot,folder_class,vnwoodknot:validation:img_3544,knot,knot,0.9997972846031189,0.0002006611757678911,0.9997972846031189,2.0693353235401446e-06,True
wood-multitask-final/data_processed/classification_crops/external_test/knot/vnwoodknot_002207_0002305.jpg,VNWoodKnot/VNWoodKnot A High-Quality Image Dataset for Wood K/VNWoodKnot/VNWoodKnot/validation/1/IMG_3596.jpg,vnwoodknot,folder_class,vnwoodknot:validation:img_3596,knot,crack,0.9987198114395142,0.9987198114395142,0.00128010637126863,1.3748297078564065e-07,False
wood-multitask-final/data_processed/classification_crops/external_test/knot/vnwoodknot_002208_0002306.jpg,VNWoodKnot/VNWoodKnot A High-Quality Image Dataset for Wood K/VNWoodKnot/VNWoodKnot/validation/1/IMG_3623.jpg,vnwoodknot,folder_class,vnwoodknot:validation:img_3623,knot,crack,0.7030251026153564,0.7030251026153564,0.19652673602104187,0.10044824331998825,False
wood-multitask-final/data_processed/classification_crops/external_test/knot/vnwoodknot_002209_0002307.jpg,VNWoodKnot/VNWoodKnot A High-Quality Image Dataset for Wood K/VNWoodKnot/VNWoodKnot/validation/1/IMG_3835.jpg,vnwoodknot,folder_class,vnwoodknot:validation:img_3835,knot,knot,0.9996408224105835,0.00015722386888228357,0.9996408224105835,0.00020198285346850753,True
wood-multitask-final/data_processed/classification_crops/external_test/knot/vnwoodknot_002210_0002308.jpg,VNWoodKnot/VNWoodKnot A High-Quality Image Dataset for Wood K/VNWoodKnot/VNWoodKnot/validation/1/IMG_3882.jpg,vnwoodknot,folder_class,vnwoodknot:validation:img_3882,knot,normal,0.9840981364250183,0.004405418876558542,0.011496399529278278,0.9840981364250183,False
wood-multitask-final/data_processed/classification_crops/external_test/knot/vnwoodknot_002211_0002309.jpg,VNWoodKnot/VNWoodKnot A High-Quality Image Dataset for Wood K/VNWoodKnot/VNWoodKnot/validation/1/IMG_3892.jpg,vnwoodknot,folder_class,vnwoodknot:validation:img_3892,knot,crack,0.9998233914375305,0.9998233914375305,0.00017417233902961016,2.5174199436150957e-06,False
wood-multitask-final/data_processed/classification_crops/external_test/knot/vnwoodknot_002212_0002310.jpg,VNWoodKnot/VNWoodKnot A High-Quality Image Dataset for Wood K/VNWoodKnot/VNWoodKnot/validation/1/IMG_3945.jpg,vnwoodknot,folder_class,vnwoodknot:validation:img_3945,knot,crack,0.9999749660491943,0.9999749660491943,2.4196968297474086e-05,8.024256317185063e-07,False
wood-multitask-final/data_processed/classification_crops/external_test/knot/vnwoodknot_002213_0002311.jpg,VNWoodKnot/VNWoodKnot A High-Quality Image Dataset for Wood K/VNWoodKnot/VNWoodKnot/validation/1/IMG_3946.jpg,vnwoodknot,folder_class,vnwoodknot:validation:img_3946,knot,knot,0.8332416415214539,0.026046685874462128,0.8332416415214539,0.14071165025234222,True
wood-multitask-final/data_processed/classification_crops/external_test/knot/vnwoodknot_002214_0002312.jpg,VNWoodKnot/VNWoodKnot A High-Quality Image Dataset for Wood K/VNWoodKnot/VNWoodKnot/validation/1/IMG_4008.jpg,vnwoodknot,folder_class,vnwoodknot:validation:img_4008,knot,knot,0.6066802144050598,0.0006142171332612634,0.6066802144050598,0.3927055597305298,True
wood-multitask-final/data_processed/classification_crops/external_test/knot/vnwoodknot_002215_0002313.jpg,VNWoodKnot/VNWoodKnot A High-Quality Image Dataset for Wood K/VNWoodKnot/VNWoodKnot/validation/1/IMG_4048.jpg,vnwoodknot,folder_class,vnwoodknot:validation:img_4048,knot,crack,0.595800518989563,0.595800518989563,0.40379688143730164,0.0004025768721476197,False
wood-multitask-final/data_processed/classification_crops/external_test/knot/vnwoodknot_002216_0002314.jpg,VNWoodKnot/VNWoodKnot A High-Quality Image Dataset for Wood K/VNWoodKnot/VNWoodKnot/validation/1/IMG_4062.jpg,vnwoodknot,folder_class,vnwoodknot:validation:img_4062,knot,crack,0.8644534349441528,0.8644534349441528,0.13554264605045319,3.872326942655491e-06,False
wood-multitask-final/data_processed/classification_crops/external_test/knot/vnwoodknot_002217_0002315.jpg,VNWoodKnot/VNWoodKnot A High-Quality Image Dataset for Wood K/VNWoodKnot/VNWoodKnot/validation/1/IMG_4090.jpg,vnwoodknot,folder_class,vnwoodknot:validation:img_4090,knot,crack,0.9959422945976257,0.9959422945976257,0.004056859295815229,7.720950634393375e-07,False
wood-multitask-final/data_processed/classification_crops/external_test/knot/vnwoodknot_002218_0002316.jpg,VNWoodKnot/VNWoodKnot A High-Quality Image Dataset for Wood K/VNWoodKnot/VNWoodKnot/validation/1/IMG_4116.jpg,vnwoodknot,folder_class,vnwoodknot:validation:img_4116,knot,crack,0.9760081768035889,0.9760081768035889,0.022868691012263298,0.0011231250828132033,False
wood-multitask-final/data_processed/classification_crops/external_test/knot/vnwoodknot_002219_0002317.jpg,VNWoodKnot/VNWoodKnot A High-Quality Image Dataset for Wood K/VNWoodKnot/VNWoodKnot/validation/1/IMG_4126.jpg,vnwoodknot,folder_class,vnwoodknot:validation:img_4126,knot,crack,0.9974660873413086,0.9974660873413086,0.0025328476913273335,1.0748367458290886e-06,False
wood-multitask-final/data_processed/classification_crops/external_test/knot/vnwoodknot_002220_0002318.jpg,VNWoodKnot/VNWoodKnot A High-Quality Image Dataset for Wood K/VNWoodKnot/VNWoodKnot/validation/1/IMG_4128.jpg,vnwoodknot,folder_class,vnwoodknot:validation:img_4128,knot,knot,0.998776376247406,0.0011140246642753482,0.998776376247406,0.00010957303311442956,True
wood-multitask-final/data_processed/classification_crops/external_test/knot/vnwoodknot_002221_0002319.jpg,VNWoodKnot/VNWoodKnot A High-Quality Image Dataset for Wood K/VNWoodKnot/VNWoodKnot/validation/1/IMG_4154.jpg,vnwoodknot,folder_class,vnwoodknot:validation:img_4154,knot,knot,0.8374261260032654,0.16254287958145142,0.8374261260032654,3.0982195312390104e-05,True
wood-multitask-final/data_processed/classification_crops/external_test/knot/vnwoodknot_002222_0002320.jpg,VNWoodKnot/VNWoodKnot A High-Quality Image Dataset for Wood K/VNWoodKnot/VNWoodKnot/validation/1/IMG_4178.jpg,vnwoodknot,folder_class,vnwoodknot:validation:img_4178,knot,crack,0.9999992847442627,0.9999992847442627,7.607721954627777e-07,2.9781017651941966e-09,False
wood-multitask-final/data_processed/classification_crops/external_test/knot/vnwoodknot_002223_0002321.jpg,VNWoodKnot/VNWoodKnot A High-Quality Image Dataset for Wood K/VNWoodKnot/VNWoodKnot/validation/1/IMG_4190.jpg,vnwoodknot,folder_class,vnwoodknot:validation:img_4190,knot,knot,0.9980485439300537,0.0019447457743808627,0.9980485439300537,6.699975983792683e-06,True
wood-multitask-final/data_processed/classification_crops/external_test/knot/vnwoodknot_002224_0002322.jpg,VNWoodKnot/VNWoodKnot A High-Quality Image Dataset for Wood K/VNWoodKnot/VNWoodKnot/validation/1/IMG_4204.jpg,vnwoodknot,folder_class,vnwoodknot:validation:img_4204,knot,crack,1.0,1.0,4.384354213016195e-08,4.1221124291723754e-09,False
wood-multitask-final/data_processed/classification_crops/external_test/knot/vnwoodknot_002225_0002323.jpg,VNWoodKnot/VNWoodKnot A High-Quality Image Dataset for Wood K/VNWoodKnot/VNWoodKnot/validation/1/img_3472.jpg,vnwoodknot,folder_class,vnwoodknot:validation:img_3472,knot,knot,0.9968116879463196,0.003088283119723201,0.9968116879463196,0.00010003102943301201,True
wood-multitask-final/data_processed/classification_crops/external_test/knot/vnwoodknot_002226_0002324.jpg,VNWoodKnot/VNWoodKnot A High-Quality Image Dataset for Wood K/VNWoodKnot/VNWoodKnot/validation/1/img_3481.jpg,vnwoodknot,folder_class,vnwoodknot:validation:img_3481,knot,crack,0.9999992847442627,0.9999992847442627,7.165234023887024e-07,2.129797769081284e-14,False
wood-multitask-final/data_processed/classification_crops/external_test/knot/vnwoodknot_002227_0002325.jpg,VNWoodKnot/VNWoodKnot A High-Quality Image Dataset for Wood K/VNWoodKnot/VNWoodKnot/validation/1/img_3496.jpg,vnwoodknot,folder_class,vnwoodknot:validation:img_3496,knot,crack,0.9984377026557922,0.9984377026557922,0.0015617863973602653,4.712288159680611e-07,False
wood-multitask-final/data_processed/classification_crops/external_test/knot/vnwoodknot_002228_0002326.jpg,VNWoodKnot/VNWoodKnot A High-Quality Image Dataset for Wood K/VNWoodKnot/VNWoodKnot/validation/1/img_3499.jpg,vnwoodknot,folder_class,vnwoodknot:validation:img_3499,knot,knot,0.9989056587219238,2.8544816814246587e-05,0.9989056587219238,0.0010658142855390906,True
wood-multitask-final/data_processed/classification_crops/external_test/knot/vnwoodknot_002229_0002327.jpg,VNWoodKnot/VNWoodKnot A High-Quality Image Dataset for Wood K/VNWoodKnot/VNWoodKnot/validation/1/img_3508.jpg,vnwoodknot,folder_class,vnwoodknot:validation:img_3508,knot,knot,0.9301209449768066,0.06987905502319336,0.9301209449768066,5.337608577349329e-09,True
wood-multitask-final/data_processed/classification_crops/external_test/knot/vnwoodknot_002230_0002328.jpg,VNWoodKnot/VNWoodKnot A High-Quality Image Dataset for Wood K/VNWoodKnot/VNWoodKnot/validation/1/img_3515.jpg,vnwoodknot,folder_class,vnwoodknot:validation:img_3515,knot,knot,0.9128474593162537,0.08714518696069717,0.9128474593162537,7.396379714919021e-06,True
wood-multitask-final/data_processed/classification_crops/external_test/knot/vnwoodknot_002231_0002329.jpg,VNWoodKnot/VNWoodKnot A High-Quality Image Dataset for Wood K/VNWoodKnot/VNWoodKnot/validation/1/img_3516.jpg,vnwoodknot,folder_class,vnwoodknot:validation:img_3516,knot,knot,0.8397005796432495,0.15748873353004456,0.8397005796432495,0.002810753881931305,True
wood-multitask-final/data_processed/classification_crops/external_test/knot/vnwoodknot_002232_0002330.jpg,VNWoodKnot/VNWoodKnot A High-Quality Image Dataset for Wood K/VNWoodKnot/VNWoodKnot/validation/1/img_3529.jpg,vnwoodknot,folder_class,vnwoodknot:validation:img_3529,knot,crack,0.9811118245124817,0.9811118245124817,0.018877098336815834,1.1169199751748238e-05,False
wood-multitask-final/data_processed/classification_crops/external_test/knot/vnwoodknot_002233_0002331.jpg,VNWoodKnot/VNWoodKnot A High-Quality Image Dataset for Wood K/VNWoodKnot/VNWoodKnot/validation/1/img_3547.jpg,vnwoodknot,folder_class,vnwoodknot:validation:img_3547,knot,knot,0.9222742319107056,0.07686717808246613,0.9222742319107056,0.0008585308096371591,True
wood-multitask-final/data_processed/classification_crops/external_test/knot/vnwoodknot_002234_0002332.jpg,VNWoodKnot/VNWoodKnot A High-Quality Image Dataset for Wood K/VNWoodKnot/VNWoodKnot/validation/1/img_3551.jpg,vnwoodknot,folder_class,vnwoodknot:validation:img_3551,knot,crack,0.9999260902404785,0.9999260902404785,7.381110481219366e-05,6.808313912642916e-08,False
wood-multitask-final/data_processed/classification_crops/external_test/knot/vnwoodknot_002235_0002333.jpg,VNWoodKnot/VNWoodKnot A High-Quality Image Dataset for Wood K/VNWoodKnot/VNWoodKnot/validation/1/img_3560.jpg,vnwoodknot,folder_class,vnwoodknot:validation:img_3560,knot,crack,0.9999997615814209,0.9999997615814209,2.1875800371162768e-07,1.5889541071789637e-10,False
wood-multitask-final/data_processed/classification_crops/external_test/knot/vnwoodknot_002236_0002334.jpg,VNWoodKnot/VNWoodKnot A High-Quality Image Dataset for Wood K/VNWoodKnot/VNWoodKnot/validation/1/img_3564.jpg,vnwoodknot,folder_class,vnwoodknot:validation:img_3564,knot,crack,0.48423874378204346,0.48423874378204346,0.29931312799453735,0.21644815802574158,False
wood-multitask-final/data_processed/classification_crops/external_test/knot/vnwoodknot_002237_0002335.jpg,VNWoodKnot/VNWoodKnot A High-Quality Image Dataset for Wood K/VNWoodKnot/VNWoodKnot/validation/1/img_3566.jpg,vnwoodknot,folder_class,vnwoodknot:validation:img_3566,knot,crack,0.5214890241622925,0.5214890241622925,0.2805405557155609,0.1979704052209854,False
wood-multitask-final/data_processed/classification_crops/external_test/knot/vnwoodknot_002238_0002336.jpg,VNWoodKnot/VNWoodKnot A High-Quality Image Dataset for Wood K/VNWoodKnot/VNWoodKnot/validation/1/img_3583.jpg,vnwoodknot,folder_class,vnwoodknot:validation:img_3583,knot,crack,0.9991369843482971,0.9991369843482971,0.0007845165091566741,7.847970846341923e-05,False
wood-multitask-final/data_processed/classification_crops/external_test/knot/vnwoodknot_002239_0002337.jpg,VNWoodKnot/VNWoodKnot A High-Quality Image Dataset for Wood K/VNWoodKnot/VNWoodKnot/validation/1/img_3589.jpg,vnwoodknot,folder_class,vnwoodknot:validation:img_3589,knot,knot,0.9758938550949097,0.02166285179555416,0.9758938550949097,0.0024432968348264694,True
wood-multitask-final/data_processed/classification_crops/external_test/knot/vnwoodknot_002240_0002338.jpg,VNWoodKnot/VNWoodKnot A High-Quality Image Dataset for Wood K/VNWoodKnot/VNWoodKnot/validation/1/img_3592.jpg,vnwoodknot,folder_class,vnwoodknot:validation:img_3592,knot,crack,0.993423342704773,0.993423342704773,0.006568995304405689,7.589181677758461e-06,False
wood-multitask-final/data_processed/classification_crops/external_test/knot/vnwoodknot_002241_0002339.jpg,VNWoodKnot/VNWoodKnot A High-Quality Image Dataset for Wood K/VNWoodKnot/VNWoodKnot/validation/1/img_3597.jpg,vnwoodknot,folder_class,vnwoodknot:validation:img_3597,knot,crack,0.9999865293502808,0.9999865293502808,1.3442505405691918e-05,1.3536943267722368e-11,False
wood-multitask-final/data_processed/classification_crops/external_test/knot/vnwoodknot_002242_0002340.jpg,VNWoodKnot/VNWoodKnot A High-Quality Image Dataset for Wood K/VNWoodKnot/VNWoodKnot/validation/1/img_3642.jpg,vnwoodknot,folder_class,vnwoodknot:validation:img_3642,knot,crack,0.9683854579925537,0.9683854579925537,0.03160811960697174,6.467885214078706e-06,False
wood-multitask-final/data_processed/classification_crops/external_test/knot/vnwoodknot_002243_0002341.jpg,VNWoodKnot/VNWoodKnot A High-Quality Image Dataset for Wood K/VNWoodKnot/VNWoodKnot/validation/1/img_3827.jpg,vnwoodknot,folder_class,vnwoodknot:validation:img_3827,knot,crack,0.9987898468971252,0.9987898468971252,0.0005601919838227332,0.0006499239825643599,False
wood-multitask-final/data_processed/classification_crops/external_test/knot/vnwoodknot_002244_0002342.jpg,VNWoodKnot/VNWoodKnot A High-Quality Image Dataset for Wood K/VNWoodKnot/VNWoodKnot/validation/1/img_3869.jpg,vnwoodknot,folder_class,vnwoodknot:validation:img_3869,knot,knot,0.711970329284668,0.24915072321891785,0.711970329284668,0.03887901455163956,True
wood-multitask-final/data_processed/classification_crops/external_test/knot/vnwoodknot_002245_0002343.jpg,VNWoodKnot/VNWoodKnot A High-Quality Image Dataset for Wood K/VNWoodKnot/VNWoodKnot/validation/1/img_3883.jpg,vnwoodknot,folder_class,vnwoodknot:validation:img_3883,knot,normal,0.9041509628295898,0.01581817865371704,0.08003082871437073,0.9041509628295898,False
wood-multitask-final/data_processed/classification_crops/external_test/knot/vnwoodknot_002246_0002344.jpg,VNWoodKnot/VNWoodKnot A High-Quality Image Dataset for Wood K/VNWoodKnot/VNWoodKnot/validation/1/img_3905.jpg,vnwoodknot,folder_class,vnwoodknot:validation:img_3905,knot,crack,0.9659354090690613,0.9659354090690613,0.03406458720564842,2.0541140344221276e-08,False
wood-multitask-final/data_processed/classification_crops/external_test/knot/vnwoodknot_002247_0002345.jpg,VNWoodKnot/VNWoodKnot A High-Quality Image Dataset for Wood K/VNWoodKnot/VNWoodKnot/validation/1/img_3909.jpg,vnwoodknot,folder_class,vnwoodknot:validation:img_3909,knot,knot,0.9717559218406677,0.028117889538407326,0.9717559218406677,0.00012611797137651592,True
wood-multitask-final/data_processed/classification_crops/external_test/knot/vnwoodknot_002248_0002346.jpg,VNWoodKnot/VNWoodKnot A High-Quality Image Dataset for Wood K/VNWoodKnot/VNWoodKnot/validation/1/img_3916.jpg,vnwoodknot,folder_class,vnwoodknot:validation:img_3916,knot,crack,0.9805861711502075,0.9805861711502075,0.0033646465744823217,0.01604907587170601,False
wood-multitask-final/data_processed/classification_crops/external_test/knot/vnwoodknot_002249_0002347.jpg,VNWoodKnot/VNWoodKnot A High-Quality Image Dataset for Wood K/VNWoodKnot/VNWoodKnot/validation/1/img_3918.jpg,vnwoodknot,folder_class,vnwoodknot:validation:img_3918,knot,crack,0.9998931884765625,0.9998931884765625,0.00010604139970382676,7.066561238389113e-07,False
wood-multitask-final/data_processed/classification_crops/external_test/knot/vnwoodknot_002250_0002348.jpg,VNWoodKnot/VNWoodKnot A High-Quality Image Dataset for Wood K/VNWoodKnot/VNWoodKnot/validation/1/img_3937.jpg,vnwoodknot,folder_class,vnwoodknot:validation:img_3937,knot,normal,0.9811179041862488,0.0035496375057846308,0.015332459472119808,0.9811179041862488,False
wood-multitask-final/data_processed/classification_crops/external_test/knot/vnwoodknot_002251_0002349.jpg,VNWoodKnot/VNWoodKnot A High-Quality Image Dataset for Wood K/VNWoodKnot/VNWoodKnot/validation/1/img_3938.jpg,vnwoodknot,folder_class,vnwoodknot:validation:img_3938,knot,crack,0.9999338388442993,0.9999338388442993,6.518095324281603e-05,9.148330946118222e-07,False
wood-multitask-final/data_processed/classification_crops/external_test/knot/vnwoodknot_002252_0002350.jpg,VNWoodKnot/VNWoodKnot A High-Quality Image Dataset for Wood K/VNWoodKnot/VNWoodKnot/validation/1/img_3948.jpg,vnwoodknot,folder_class,vnwoodknot:validation:img_3948,knot,crack,0.9262786507606506,0.9262786507606506,0.06301616132259369,0.010705231688916683,False
wood-multitask-final/data_processed/classification_crops/external_test/knot/vnwoodknot_002253_0002351.jpg,VNWoodKnot/VNWoodKnot A High-Quality Image Dataset for Wood K/VNWoodKnot/VNWoodKnot/validation/1/img_3965.jpg,vnwoodknot,folder_class,vnwoodknot:validation:img_3965,knot,knot,0.8483852744102478,0.0062853507697582245,0.8483852744102478,0.1453292965888977,True
wood-multitask-final/data_processed/classification_crops/external_test/knot/vnwoodknot_002254_0002352.jpg,VNWoodKnot/VNWoodKnot A High-Quality Image Dataset for Wood K/VNWoodKnot/VNWoodKnot/validation/1/img_3968.jpg,vnwoodknot,folder_class,vnwoodknot:validation:img_3968,knot,crack,0.772824227809906,0.772824227809906,0.17336603999137878,0.05380973219871521,False
wood-multitask-final/data_processed/classification_crops/external_test/knot/vnwoodknot_002255_0002353.jpg,VNWoodKnot/VNWoodKnot A High-Quality Image Dataset for Wood K/VNWoodKnot/VNWoodKnot/validation/1/img_3985.jpg,vnwoodknot,folder_class,vnwoodknot:validation:img_3985,knot,knot,0.9085850715637207,0.011178744956851006,0.9085850715637207,0.08023614436388016,True
wood-multitask-final/data_processed/classification_crops/external_test/knot/vnwoodknot_002256_0002354.jpg,VNWoodKnot/VNWoodKnot A High-Quality Image Dataset for Wood K/VNWoodKnot/VNWoodKnot/validation/1/img_3990.jpg,vnwoodknot,folder_class,vnwoodknot:validation:img_3990,knot,crack,0.9999380111694336,0.9999380111694336,5.63396533834748e-05,5.563839295064099e-06,False
wood-multitask-final/data_processed/classification_crops/external_test/knot/vnwoodknot_002257_0002355.jpg,VNWoodKnot/VNWoodKnot A High-Quality Image Dataset for Wood K/VNWoodKnot/VNWoodKnot/validation/1/img_3995.jpg,vnwoodknot,folder_class,vnwoodknot:validation:img_3995,knot,crack,0.9429159164428711,0.9429159164428711,0.057064805179834366,1.9306171452626586e-05,False
wood-multitask-final/data_processed/classification_crops/external_test/knot/vnwoodknot_002258_0002356.jpg,VNWoodKnot/VNWoodKnot A High-Quality Image Dataset for Wood K/VNWoodKnot/VNWoodKnot/validation/1/img_4004.jpg,vnwoodknot,folder_class,vnwoodknot:validation:img_4004,knot,crack,0.8089802265167236,0.8089802265167236,0.186663419008255,0.0043564364314079285,False
wood-multitask-final/data_processed/classification_crops/external_test/knot/vnwoodknot_002259_0002357.jpg,VNWoodKnot/VNWoodKnot A High-Quality Image Dataset for Wood K/VNWoodKnot/VNWoodKnot/validation/1/img_4020.jpg,vnwoodknot,folder_class,vnwoodknot:validation:img_4020,knot,knot,0.9999206066131592,7.843100320314988e-07,0.9999206066131592,7.858441676944494e-05,True
wood-multitask-final/data_processed/classification_crops/external_test/knot/vnwoodknot_002260_0002358.jpg,VNWoodKnot/VNWoodKnot A High-Quality Image Dataset for Wood K/VNWoodKnot/VNWoodKnot/validation/1/img_4021.jpg,vnwoodknot,folder_class,vnwoodknot:validation:img_4021,knot,crack,0.9999943971633911,0.9999943971633911,5.59971840630169e-06,7.493576407266912e-18,False
wood-multitask-final/data_processed/classification_crops/external_test/knot/vnwoodknot_002261_0002359.jpg,VNWoodKnot/VNWoodKnot A High-Quality Image Dataset for Wood K/VNWoodKnot/VNWoodKnot/validation/1/img_4035.jpg,vnwoodknot,folder_class,vnwoodknot:validation:img_4035,knot,knot,0.6945738196372986,0.2996899485588074,0.6945738196372986,0.00573625648394227,True
wood-multitask-final/data_processed/classification_crops/external_test/knot/vnwoodknot_002262_0002360.jpg,VNWoodKnot/VNWoodKnot A High-Quality Image Dataset for Wood K/VNWoodKnot/VNWoodKnot/validation/1/img_4057.jpg,vnwoodknot,folder_class,vnwoodknot:validation:img_4057,knot,crack,0.9973061084747314,0.9973061084747314,0.0025687410961836576,0.00012520788004621863,False
wood-multitask-final/data_processed/classification_crops/external_test/knot/vnwoodknot_002263_0002361.jpg,VNWoodKnot/VNWoodKnot A High-Quality Image Dataset for Wood K/VNWoodKnot/VNWoodKnot/validation/1/img_4060.jpg,vnwoodknot,folder_class,vnwoodknot:validation:img_4060,knot,knot,0.9989022016525269,0.0010972488671541214,0.9989022016525269,5.113114411869901e-07,True
wood-multitask-final/data_processed/classification_crops/external_test/knot/vnwoodknot_002264_0002362.jpg,VNWoodKnot/VNWoodKnot A High-Quality Image Dataset for Wood K/VNWoodKnot/VNWoodKnot/validation/1/img_4063.jpg,vnwoodknot,folder_class,vnwoodknot:validation:img_4063,knot,crack,0.9999992847442627,0.9999992847442627,7.058891355882224e-07,2.6289791676958885e-08,False
wood-multitask-final/data_processed/classification_crops/external_test/knot/vnwoodknot_002265_0002363.jpg,VNWoodKnot/VNWoodKnot A High-Quality Image Dataset for Wood K/VNWoodKnot/VNWoodKnot/validation/1/img_4067.jpg,vnwoodknot,folder_class,vnwoodknot:validation:img_4067,knot,crack,0.7439365983009338,0.7439365983009338,0.256063312292099,1.7350015468764468e-07,False
wood-multitask-final/data_processed/classification_crops/external_test/knot/vnwoodknot_002266_0002364.jpg,VNWoodKnot/VNWoodKnot A High-Quality Image Dataset for Wood K/VNWoodKnot/VNWoodKnot/validation/1/img_4087.jpg,vnwoodknot,folder_class,vnwoodknot:validation:img_4087,knot,knot,0.919933557510376,0.0800665020942688,0.919933557510376,3.149359883991565e-09,True
wood-multitask-final/data_processed/classification_crops/external_test/knot/vnwoodknot_002267_0002365.jpg,VNWoodKnot/VNWoodKnot A High-Quality Image Dataset for Wood K/VNWoodKnot/VNWoodKnot/validation/1/img_4102.jpg,vnwoodknot,folder_class,vnwoodknot:validation:img_4102,knot,crack,0.9634226560592651,0.9634226560592651,0.03657732158899307,6.191437917912879e-10,False
wood-multitask-final/data_processed/classification_crops/external_test/knot/vnwoodknot_002268_0002366.jpg,VNWoodKnot/VNWoodKnot A High-Quality Image Dataset for Wood K/VNWoodKnot/VNWoodKnot/validation/1/img_4110.jpg,vnwoodknot,folder_class,vnwoodknot:validation:img_4110,knot,knot,0.9997298121452332,0.000252547295531258,0.9997298121452332,1.763737600413151e-05,True
wood-multitask-final/data_processed/classification_crops/external_test/knot/vnwoodknot_002269_0002367.jpg,VNWoodKnot/VNWoodKnot A High-Quality Image Dataset for Wood K/VNWoodKnot/VNWoodKnot/validation/1/img_4123.jpg,vnwoodknot,folder_class,vnwoodknot:validation:img_4123,knot,crack,0.9972718358039856,0.9972718358039856,0.0027138597797602415,1.4304881915450096e-05,False
wood-multitask-final/data_processed/classification_crops/external_test/knot/vnwoodknot_002270_0002368.jpg,VNWoodKnot/VNWoodKnot A High-Quality Image Dataset for Wood K/VNWoodKnot/VNWoodKnot/validation/1/img_4127.jpg,vnwoodknot,folder_class,vnwoodknot:validation:img_4127,knot,knot,0.6057711839675903,0.39359548687934875,0.6057711839675903,0.0006332991761155427,True
wood-multitask-final/data_processed/classification_crops/external_test/knot/vnwoodknot_002271_0002369.jpg,VNWoodKnot/VNWoodKnot A High-Quality Image Dataset for Wood K/VNWoodKnot/VNWoodKnot/validation/1/img_4130.jpg,vnwoodknot,folder_class,vnwoodknot:validation:img_4130,knot,crack,0.9994704127311707,0.9994704127311707,0.0005295670125633478,3.341848753279919e-08,False
wood-multitask-final/data_processed/classification_crops/external_test/knot/vnwoodknot_002272_0002370.jpg,VNWoodKnot/VNWoodKnot A High-Quality Image Dataset for Wood K/VNWoodKnot/VNWoodKnot/validation/1/img_4138.jpg,vnwoodknot,folder_class,vnwoodknot:validation:img_4138,knot,knot,0.7398065328598022,0.2601449489593506,0.7398065328598022,4.847366290050559e-05,True
wood-multitask-final/data_processed/classification_crops/external_test/knot/vnwoodknot_002273_0002371.jpg,VNWoodKnot/VNWoodKnot A High-Quality Image Dataset for Wood K/VNWoodKnot/VNWoodKnot/validation/1/img_4153.jpg,vnwoodknot,folder_class,vnwoodknot:validation:img_4153,knot,crack,0.9999984502792358,0.9999984502792358,1.608798925190058e-06,1.551676426236881e-10,False
wood-multitask-final/data_processed/classification_crops/external_test/knot/vnwoodknot_002274_0002372.jpg,VNWoodKnot/VNWoodKnot A High-Quality Image Dataset for Wood K/VNWoodKnot/VNWoodKnot/validation/1/img_4164.jpg,vnwoodknot,folder_class,vnwoodknot:validation:img_4164,knot,crack,0.999254047870636,0.999254047870636,0.0006930550443939865,5.2932540711481124e-05,False
wood-multitask-final/data_processed/classification_crops/external_test/knot/vnwoodknot_002275_0002373.jpg,VNWoodKnot/VNWoodKnot A High-Quality Image Dataset for Wood K/VNWoodKnot/VNWoodKnot/validation/1/img_4169.jpg,vnwoodknot,folder_class,vnwoodknot:validation:img_4169,knot,crack,0.9991961121559143,0.9991961121559143,0.0008038729429244995,3.4853748331897805e-08,False
wood-multitask-final/data_processed/classification_crops/external_test/knot/vnwoodknot_002276_0002374.jpg,VNWoodKnot/VNWoodKnot A High-Quality Image Dataset for Wood K/VNWoodKnot/VNWoodKnot/validation/1/img_4177.jpg,vnwoodknot,folder_class,vnwoodknot:validation:img_4177,knot,knot,0.999502420425415,0.0004843645729124546,0.999502420425415,1.3271866919239983e-05,True
wood-multitask-final/data_processed/classification_crops/external_test/knot/vnwoodknot_002277_0002375.jpg,VNWoodKnot/VNWoodKnot A High-Quality Image Dataset for Wood K/VNWoodKnot/VNWoodKnot/validation/1/img_4179.jpg,vnwoodknot,folder_class,vnwoodknot:validation:img_4179,knot,crack,0.9945618510246277,0.9945618510246277,0.005436680279672146,1.4695303889311617e-06,False
wood-multitask-final/data_processed/classification_crops/external_test/knot/vnwoodknot_002278_0002376.jpg,VNWoodKnot/VNWoodKnot A High-Quality Image Dataset for Wood K/VNWoodKnot/VNWoodKnot/validation/1/img_4196.jpg,vnwoodknot,folder_class,vnwoodknot:validation:img_4196,knot,knot,0.9678725004196167,0.032124340534210205,0.9678725004196167,3.148489213344874e-06,True
wood-multitask-final/data_processed/classification_crops/external_test/knot/vnwoodknot_002279_0002377.jpg,VNWoodKnot/VNWoodKnot A High-Quality Image Dataset for Wood K/VNWoodKnot/VNWoodKnot/validation/1/z6578627421804.jpg,vnwoodknot,folder_class,vnwoodknot:validation:z6578627421804,knot,knot,0.7730662226676941,0.00031407855567522347,0.7730662226676941,0.22661972045898438,True
wood-multitask-final/data_processed/classification_crops/external_test/knot/vnwoodknot_002280_0002378.jpg,VNWoodKnot/VNWoodKnot A High-Quality Image Dataset for Wood K/VNWoodKnot/VNWoodKnot/validation/1/z6578627457087.jpg,vnwoodknot,folder_class,vnwoodknot:validation:z6578627457087,knot,crack,1.0,1.0,4.782448215223667e-08,1.2672454752227225e-10,False
wood-multitask-final/data_processed/classification_crops/external_test/knot/vnwoodknot_002281_0002379.jpg,VNWoodKnot/VNWoodKnot A High-Quality Image Dataset for Wood K/VNWoodKnot/VNWoodKnot/validation/2/IMG_3662.jpg,vnwoodknot,folder_class,vnwoodknot:validation:img_3662,knot,knot,0.9899669885635376,0.01001463457942009,0.9899669885635376,1.8382044800091535e-05,True
wood-multitask-final/data_processed/classification_crops/external_test/knot/vnwoodknot_002282_0002380.jpg,VNWoodKnot/VNWoodKnot A High-Quality Image Dataset for Wood K/VNWoodKnot/VNWoodKnot/validation/2/IMG_3712.jpg,vnwoodknot,folder_class,vnwoodknot:validation:img_3712,knot,knot,0.9336630702018738,0.06633608788251877,0.9336630702018738,7.743711307739432e-07,True
wood-multitask-final/data_processed/classification_crops/external_test/knot/vnwoodknot_002283_0002381.jpg,VNWoodKnot/VNWoodKnot A High-Quality Image Dataset for Wood K/VNWoodKnot/VNWoodKnot/validation/2/IMG_3784.jpg,vnwoodknot,folder_class,vnwoodknot:validation:img_3784,knot,crack,0.9997840523719788,0.9997840523719788,0.00021599225874524564,2.0687582757972223e-09,False
wood-multitask-final/data_processed/classification_crops/external_test/knot/vnwoodknot_002284_0002382.jpg,VNWoodKnot/VNWoodKnot A High-Quality Image Dataset for Wood K/VNWoodKnot/VNWoodKnot/validation/2/IMG_3786.jpg,vnwoodknot,folder_class,vnwoodknot:validation:img_3786,knot,crack,0.9999884366989136,0.9999884366989136,8.146312211465556e-06,3.450662006798666e-06,False
wood-multitask-final/data_processed/classification_crops/external_test/knot/vnwoodknot_002285_0002383.jpg,VNWoodKnot/VNWoodKnot A High-Quality Image Dataset for Wood K/VNWoodKnot/VNWoodKnot/validation/2/IMG_4217.jpg,vnwoodknot,folder_class,vnwoodknot:validation:img_4217,knot,crack,0.838226318359375,0.838226318359375,0.16177363693714142,1.721725262360252e-10,False
wood-multitask-final/data_processed/classification_crops/external_test/knot/vnwoodknot_002286_0002384.jpg,VNWoodKnot/VNWoodKnot A High-Quality Image Dataset for Wood K/VNWoodKnot/VNWoodKnot/validation/2/IMG_4225.jpg,vnwoodknot,folder_class,vnwoodknot:validation:img_4225,knot,knot,0.8508521914482117,0.14726996421813965,0.8508521914482117,0.0018779102247208357,True
wood-multitask-final/data_processed/classification_crops/external_test/knot/vnwoodknot_002287_0002385.jpg,VNWoodKnot/VNWoodKnot A High-Quality Image Dataset for Wood K/VNWoodKnot/VNWoodKnot/validation/2/IMG_4252.jpg,vnwoodknot,folder_class,vnwoodknot:validation:img_4252,knot,crack,0.9528579711914062,0.9528579711914062,0.04714022949337959,1.8073563978759921e-06,False
wood-multitask-final/data_processed/classification_crops/external_test/knot/vnwoodknot_002288_0002386.jpg,VNWoodKnot/VNWoodKnot A High-Quality Image Dataset for Wood K/VNWoodKnot/VNWoodKnot/validation/2/IMG_4261.jpg,vnwoodknot,folder_class,vnwoodknot:validation:img_4261,knot,crack,0.9999991655349731,0.9999991655349731,8.744725619180826e-07,1.7010026720498672e-09,False
wood-multitask-final/data_processed/classification_crops/external_test/knot/vnwoodknot_002289_0002387.jpg,VNWoodKnot/VNWoodKnot A High-Quality Image Dataset for Wood K/VNWoodKnot/VNWoodKnot/validation/2/IMG_4308.jpg,vnwoodknot,folder_class,vnwoodknot:validation:img_4308,knot,crack,0.9909135103225708,0.9909135103225708,0.009086293168365955,2.7452924200588313e-07,False
wood-multitask-final/data_processed/classification_crops/external_test/knot/vnwoodknot_002290_0002388.jpg,VNWoodKnot/VNWoodKnot A High-Quality Image Dataset for Wood K/VNWoodKnot/VNWoodKnot/validation/2/IMG_4315.jpg,vnwoodknot,folder_class,vnwoodknot:validation:img_4315,knot,crack,0.9995970129966736,0.9995970129966736,0.0004030116251669824,9.649727683580522e-10,False
wood-multitask-final/data_processed/classification_crops/external_test/knot/vnwoodknot_002291_0002389.jpg,VNWoodKnot/VNWoodKnot A High-Quality Image Dataset for Wood K/VNWoodKnot/VNWoodKnot/validation/2/IMG_4570.jpg,vnwoodknot,folder_class,vnwoodknot:validation:img_4570,knot,crack,0.9999912977218628,0.9999912977218628,8.701311344339047e-06,1.0328376348622825e-10,False
wood-multitask-final/data_processed/classification_crops/external_test/knot/vnwoodknot_002292_0002390.jpg,VNWoodKnot/VNWoodKnot A High-Quality Image Dataset for Wood K/VNWoodKnot/VNWoodKnot/validation/2/IMG_4585.jpg,vnwoodknot,folder_class,vnwoodknot:validation:img_4585,knot,crack,0.9998718500137329,0.9998718500137329,0.00012816696835216135,5.397620839175943e-08,False
wood-multitask-final/data_processed/classification_crops/external_test/knot/vnwoodknot_002293_0002391.jpg,VNWoodKnot/VNWoodKnot A High-Quality Image Dataset for Wood K/VNWoodKnot/VNWoodKnot/validation/2/IMG_4602.jpg,vnwoodknot,folder_class,vnwoodknot:validation:img_4602,knot,crack,0.9999935626983643,0.9999935626983643,6.42237500869669e-06,1.3411949773001197e-08,False
wood-multitask-final/data_processed/classification_crops/external_test/knot/vnwoodknot_002294_0002392.jpg,VNWoodKnot/VNWoodKnot A High-Quality Image Dataset for Wood K/VNWoodKnot/VNWoodKnot/validation/2/IMG_4641.jpg,vnwoodknot,folder_class,vnwoodknot:validation:img_4641,knot,crack,0.9999992847442627,0.9999992847442627,7.193120268311759e-07,1.7198158175357747e-10,False
wood-multitask-final/data_processed/classification_crops/external_test/knot/vnwoodknot_002295_0002393.jpg,VNWoodKnot/VNWoodKnot A High-Quality Image Dataset for Wood K/VNWoodKnot/VNWoodKnot/validation/2/IMG_4648.jpg,vnwoodknot,folder_class,vnwoodknot:validation:img_4648,knot,knot,0.9962819218635559,0.0037156506441533566,0.9962819218635559,2.460836185491644e-06,True
wood-multitask-final/data_processed/classification_crops/external_test/knot/vnwoodknot_002296_0002394.jpg,VNWoodKnot/VNWoodKnot A High-Quality Image Dataset for Wood K/VNWoodKnot/VNWoodKnot/validation/2/IMG_4750.jpg,vnwoodknot,folder_class,vnwoodknot:validation:img_4750,knot,normal,0.5026712417602539,0.12533226609230042,0.3719964623451233,0.5026712417602539,False
wood-multitask-final/data_processed/classification_crops/external_test/knot/vnwoodknot_002297_0002395.jpg,VNWoodKnot/VNWoodKnot A High-Quality Image Dataset for Wood K/VNWoodKnot/VNWoodKnot/validation/2/img_3668.jpg,vnwoodknot,folder_class,vnwoodknot:validation:img_3668,knot,crack,0.8899872899055481,0.8899872899055481,0.10830069333314896,0.0017120924312621355,False
wood-multitask-final/data_processed/classification_crops/external_test/knot/vnwoodknot_002298_0002396.jpg,VNWoodKnot/VNWoodKnot A High-Quality Image Dataset for Wood K/VNWoodKnot/VNWoodKnot/validation/2/img_3674.jpg,vnwoodknot,folder_class,vnwoodknot:validation:img_3674,knot,knot,0.7993906736373901,0.06855550408363342,0.7993906736373901,0.1320538967847824,True
wood-multitask-final/data_processed/classification_crops/external_test/knot/vnwoodknot_002299_0002397.jpg,VNWoodKnot/VNWoodKnot A High-Quality Image Dataset for Wood K/VNWoodKnot/VNWoodKnot/validation/2/img_3690.jpg,vnwoodknot,folder_class,vnwoodknot:validation:img_3690,knot,crack,0.9999998807907104,0.9999998807907104,1.0518440518580974e-07,9.582817178666048e-11,False
wood-multitask-final/data_processed/classification_crops/external_test/knot/vnwoodknot_002300_0002398.jpg,VNWoodKnot/VNWoodKnot A High-Quality Image Dataset for Wood K/VNWoodKnot/VNWoodKnot/validation/2/img_3694.jpg,vnwoodknot,folder_class,vnwoodknot:validation:img_3694,knot,crack,0.9999995231628418,0.9999995231628418,4.387550234241644e-07,5.913145136298564e-14,False
wood-multitask-final/data_processed/classification_crops/external_test/knot/vnwoodknot_002301_0002399.jpg,VNWoodKnot/VNWoodKnot A High-Quality Image Dataset for Wood K/VNWoodKnot/VNWoodKnot/validation/2/img_3700.jpg,vnwoodknot,folder_class,vnwoodknot:validation:img_3700,knot,crack,1.0,1.0,1.2755888789683922e-08,2.6562401583829498e-11,False
wood-multitask-final/data_processed/classification_crops/external_test/knot/vnwoodknot_002302_0002400.jpg,VNWoodKnot/VNWoodKnot A High-Quality Image Dataset for Wood K/VNWoodKnot/VNWoodKnot/validation/2/img_3709.jpg,vnwoodknot,folder_class,vnwoodknot:validation:img_3709,knot,crack,0.9965221881866455,0.9965221881866455,0.0034777079708874226,1.4879212528740027e-07,False
wood-multitask-final/data_processed/classification_crops/external_test/knot/vnwoodknot_002303_0002401.jpg,VNWoodKnot/VNWoodKnot A High-Quality Image Dataset for Wood K/VNWoodKnot/VNWoodKnot/validation/2/img_3716.jpg,vnwoodknot,folder_class,vnwoodknot:validation:img_3716,knot,crack,0.9989575147628784,0.9989575147628784,0.0010420921025797725,3.015012453033705e-07,False
wood-multitask-final/data_processed/classification_crops/external_test/knot/vnwoodknot_002304_0002402.jpg,VNWoodKnot/VNWoodKnot A High-Quality Image Dataset for Wood K/VNWoodKnot/VNWoodKnot/validation/2/img_3719.jpg,vnwoodknot,folder_class,vnwoodknot:validation:img_3719,knot,crack,0.9999505281448364,0.9999505281448364,4.9444992328062654e-05,8.947235841105794e-09,False
wood-multitask-final/data_processed/classification_crops/external_test/knot/vnwoodknot_002305_0002403.jpg,VNWoodKnot/VNWoodKnot A High-Quality Image Dataset for Wood K/VNWoodKnot/VNWoodKnot/validation/2/img_3720.jpg,vnwoodknot,folder_class,vnwoodknot:validation:img_3720,knot,crack,0.9999942779541016,0.9999942779541016,5.572431291511748e-06,1.0758825652601445e-07,False
wood-multitask-final/data_processed/classification_crops/external_test/knot/vnwoodknot_002306_0002404.jpg,VNWoodKnot/VNWoodKnot A High-Quality Image Dataset for Wood K/VNWoodKnot/VNWoodKnot/validation/2/img_3726.jpg,vnwoodknot,folder_class,vnwoodknot:validation:img_3726,knot,crack,0.9999250173568726,0.9999250173568726,7.340331649174914e-05,1.5739669834147207e-06,False
wood-multitask-final/data_processed/classification_crops/external_test/knot/vnwoodknot_002307_0002405.jpg,VNWoodKnot/VNWoodKnot A High-Quality Image Dataset for Wood K/VNWoodKnot/VNWoodKnot/validation/2/img_3737.jpg,vnwoodknot,folder_class,vnwoodknot:validation:img_3737,knot,knot,0.9115086793899536,0.07859884202480316,0.9115086793899536,0.00989245530217886,True
wood-multitask-final/data_processed/classification_crops/external_test/knot/vnwoodknot_002308_0002406.jpg,VNWoodKnot/VNWoodKnot A High-Quality Image Dataset for Wood K/VNWoodKnot/VNWoodKnot/validation/2/img_3747.jpg,vnwoodknot,folder_class,vnwoodknot:validation:img_3747,knot,crack,0.9999990463256836,0.9999990463256836,9.629394526200485e-07,7.187105791792668e-16,False
wood-multitask-final/data_processed/classification_crops/external_test/knot/vnwoodknot_002309_0002407.jpg,VNWoodKnot/VNWoodKnot A High-Quality Image Dataset for Wood K/VNWoodKnot/VNWoodKnot/validation/2/img_3755.jpg,vnwoodknot,folder_class,vnwoodknot:validation:img_3755,knot,knot,0.9407744407653809,0.059029508382081985,0.9407744407653809,0.00019598857033997774,True
wood-multitask-final/data_processed/classification_crops/external_test/knot/vnwoodknot_002310_0002408.jpg,VNWoodKnot/VNWoodKnot A High-Quality Image Dataset for Wood K/VNWoodKnot/VNWoodKnot/validation/2/img_3778.jpg,vnwoodknot,folder_class,vnwoodknot:validation:img_3778,knot,crack,0.9980474710464478,0.9980474710464478,0.0019524687668308616,2.4356724637186744e-08,False
wood-multitask-final/data_processed/classification_crops/external_test/knot/vnwoodknot_002311_0002409.jpg,VNWoodKnot/VNWoodKnot A High-Quality Image Dataset for Wood K/VNWoodKnot/VNWoodKnot/validation/2/img_3782.jpg,vnwoodknot,folder_class,vnwoodknot:validation:img_3782,knot,crack,0.9997536540031433,0.9997536540031433,0.0002459868264850229,3.979582459123776e-07,False
wood-multitask-final/data_processed/classification_crops/external_test/knot/vnwoodknot_002312_0002410.jpg,VNWoodKnot/VNWoodKnot A High-Quality Image Dataset for Wood K/VNWoodKnot/VNWoodKnot/validation/2/img_3809.jpg,vnwoodknot,folder_class,vnwoodknot:validation:img_3809,knot,knot,0.9990297555923462,0.0009683541720733047,0.9990297555923462,1.8861534272218705e-06,True
wood-multitask-final/data_processed/classification_crops/external_test/knot/vnwoodknot_002313_0002411.jpg,VNWoodKnot/VNWoodKnot A High-Quality Image Dataset for Wood K/VNWoodKnot/VNWoodKnot/validation/2/img_4244.jpg,vnwoodknot,folder_class,vnwoodknot:validation:img_4244,knot,crack,0.6180335283279419,0.6180335283279419,0.3819586932659149,7.708303201070521e-06,False
wood-multitask-final/data_processed/classification_crops/external_test/knot/vnwoodknot_002314_0002412.jpg,VNWoodKnot/VNWoodKnot A High-Quality Image Dataset for Wood K/VNWoodKnot/VNWoodKnot/validation/2/img_4251.jpg,vnwoodknot,folder_class,vnwoodknot:validation:img_4251,knot,crack,0.9984170198440552,0.9984170198440552,0.0015829839976504445,2.4318929092714825e-09,False
wood-multitask-final/data_processed/classification_crops/external_test/knot/vnwoodknot_002315_0002413.jpg,VNWoodKnot/VNWoodKnot A High-Quality Image Dataset for Wood K/VNWoodKnot/VNWoodKnot/validation/2/img_4253.jpg,vnwoodknot,folder_class,vnwoodknot:validation:img_4253,knot,knot,0.9842766523361206,0.014441041275858879,0.9842766523361206,0.0012823137221857905,True
wood-multitask-final/data_processed/classification_crops/external_test/knot/vnwoodknot_002316_0002414.jpg,VNWoodKnot/VNWoodKnot A High-Quality Image Dataset for Wood K/VNWoodKnot/VNWoodKnot/validation/2/img_4256.jpg,vnwoodknot,folder_class,vnwoodknot:validation:img_4256,knot,crack,0.8877713084220886,0.8877713084220886,0.11222629994153976,2.3588349904457573e-06,False
wood-multitask-final/data_processed/classification_crops/external_test/knot/vnwoodknot_002317_0002415.jpg,VNWoodKnot/VNWoodKnot A High-Quality Image Dataset for Wood K/VNWoodKnot/VNWoodKnot/validation/2/img_4285.jpg,vnwoodknot,folder_class,vnwoodknot:validation:img_4285,knot,crack,0.9016637802124023,0.9016637802124023,0.09833435714244843,1.9235415038565407e-06,False
wood-multitask-final/data_processed/classification_crops/external_test/knot/vnwoodknot_002318_0002416.jpg,VNWoodKnot/VNWoodKnot A High-Quality Image Dataset for Wood K/VNWoodKnot/VNWoodKnot/validation/2/img_4287.jpg,vnwoodknot,folder_class,vnwoodknot:validation:img_4287,knot,crack,0.9998831748962402,0.9998831748962402,0.00011679186718538404,3.9713709751310056e-12,False
wood-multitask-final/data_processed/classification_crops/external_test/knot/vnwoodknot_002319_0002417.jpg,VNWoodKnot/VNWoodKnot A High-Quality Image Dataset for Wood K/VNWoodKnot/VNWoodKnot/validation/2/img_4301.jpg,vnwoodknot,folder_class,vnwoodknot:validation:img_4301,knot,knot,0.8954995274543762,0.10446351766586304,0.8954995274543762,3.692674363264814e-05,True
wood-multitask-final/data_processed/classification_crops/external_test/knot/vnwoodknot_002320_0002418.jpg,VNWoodKnot/VNWoodKnot A High-Quality Image Dataset for Wood K/VNWoodKnot/VNWoodKnot/validation/2/img_4302.jpg,vnwoodknot,folder_class,vnwoodknot:validation:img_4302,knot,crack,0.9999709129333496,0.9999709129333496,2.90697153104702e-05,1.1515201292500166e-10,False
wood-multitask-final/data_processed/classification_crops/external_test/knot/vnwoodknot_002321_0002419.jpg,VNWoodKnot/VNWoodKnot A High-Quality Image Dataset for Wood K/VNWoodKnot/VNWoodKnot/validation/2/img_4303.jpg,vnwoodknot,folder_class,vnwoodknot:validation:img_4303,knot,crack,0.9746266007423401,0.9746266007423401,0.025371911004185677,1.4829720385023393e-06,False
wood-multitask-final/data_processed/classification_crops/external_test/knot/vnwoodknot_002322_0002420.jpg,VNWoodKnot/VNWoodKnot A High-Quality Image Dataset for Wood K/VNWoodKnot/VNWoodKnot/validation/2/img_4324.jpg,vnwoodknot,folder_class,vnwoodknot:validation:img_4324,knot,crack,0.999996542930603,0.999996542930603,3.408914380997885e-06,1.0426898927606842e-11,False
wood-multitask-final/data_processed/classification_crops/external_test/knot/vnwoodknot_002323_0002421.jpg,VNWoodKnot/VNWoodKnot A High-Quality Image Dataset for Wood K/VNWoodKnot/VNWoodKnot/validation/2/img_4560.jpg,vnwoodknot,folder_class,vnwoodknot:validation:img_4560,knot,crack,0.9995027780532837,0.9995027780532837,0.0004972187452949584,3.882092869389453e-09,False
wood-multitask-final/data_processed/classification_crops/external_test/knot/vnwoodknot_002324_0002422.jpg,VNWoodKnot/VNWoodKnot A High-Quality Image Dataset for Wood K/VNWoodKnot/VNWoodKnot/validation/2/img_4571.jpg,vnwoodknot,folder_class,vnwoodknot:validation:img_4571,knot,crack,0.9998470544815063,0.9998470544815063,0.00015291218005586416,9.13966125004606e-11,False
wood-multitask-final/data_processed/classification_crops/external_test/knot/vnwoodknot_002325_0002423.jpg,VNWoodKnot/VNWoodKnot A High-Quality Image Dataset for Wood K/VNWoodKnot/VNWoodKnot/validation/2/img_4577.jpg,vnwoodknot,folder_class,vnwoodknot:validation:img_4577,knot,crack,0.9999152421951294,0.9999152421951294,8.470741886412725e-05,1.052050391248116e-10,False
wood-multitask-final/data_processed/classification_crops/external_test/knot/vnwoodknot_002326_0002424.jpg,VNWoodKnot/VNWoodKnot A High-Quality Image Dataset for Wood K/VNWoodKnot/VNWoodKnot/validation/2/img_4591.jpg,vnwoodknot,folder_class,vnwoodknot:validation:img_4591,knot,crack,0.9999343156814575,0.9999343156814575,6.563559145433828e-05,4.508227391397668e-08,False
wood-multitask-final/data_processed/classification_crops/external_test/knot/vnwoodknot_002327_0002425.jpg,VNWoodKnot/VNWoodKnot A High-Quality Image Dataset for Wood K/VNWoodKnot/VNWoodKnot/validation/2/img_4593.jpg,vnwoodknot,folder_class,vnwoodknot:validation:img_4593,knot,crack,0.9996131062507629,0.9996131062507629,0.0003575319715309888,2.945908454421442e-05,False
wood-multitask-final/data_processed/classification_crops/external_test/knot/vnwoodknot_002328_0002426.jpg,VNWoodKnot/VNWoodKnot A High-Quality Image Dataset for Wood K/VNWoodKnot/VNWoodKnot/validation/2/img_4594.jpg,vnwoodknot,folder_class,vnwoodknot:validation:img_4594,knot,crack,0.9999300241470337,0.9999300241470337,6.995937292231247e-05,1.2551931938276084e-08,False
wood-multitask-final/data_processed/classification_crops/external_test/knot/vnwoodknot_002329_0002427.jpg,VNWoodKnot/VNWoodKnot A High-Quality Image Dataset for Wood K/VNWoodKnot/VNWoodKnot/validation/2/img_4597.jpg,vnwoodknot,folder_class,vnwoodknot:validation:img_4597,knot,knot,0.9951098561286926,0.002950698370113969,0.9951098561286926,0.0019394689006730914,True
wood-multitask-final/data_processed/classification_crops/external_test/knot/vnwoodknot_002330_0002428.jpg,VNWoodKnot/VNWoodKnot A High-Quality Image Dataset for Wood K/VNWoodKnot/VNWoodKnot/validation/2/img_4609.jpg,vnwoodknot,folder_class,vnwoodknot:validation:img_4609,knot,crack,0.9999992847442627,0.9999992847442627,7.38548806111794e-07,6.31798502404024e-11,False
wood-multitask-final/data_processed/classification_crops/external_test/knot/vnwoodknot_002331_0002429.jpg,VNWoodKnot/VNWoodKnot A High-Quality Image Dataset for Wood K/VNWoodKnot/VNWoodKnot/validation/2/img_4613.jpg,vnwoodknot,folder_class,vnwoodknot:validation:img_4613,knot,crack,0.9997351765632629,0.9997351765632629,0.00026475705089978874,5.307840833523869e-09,False
wood-multitask-final/data_processed/classification_crops/external_test/knot/vnwoodknot_002332_0002430.jpg,VNWoodKnot/VNWoodKnot A High-Quality Image Dataset for Wood K/VNWoodKnot/VNWoodKnot/validation/2/img_4614.jpg,vnwoodknot,folder_class,vnwoodknot:validation:img_4614,knot,knot,0.7193155884742737,0.14571239054203033,0.7193155884742737,0.1349719613790512,True
wood-multitask-final/data_processed/classification_crops/external_test/knot/vnwoodknot_002333_0002431.jpg,VNWoodKnot/VNWoodKnot A High-Quality Image Dataset for Wood K/VNWoodKnot/VNWoodKnot/validation/2/img_4617.jpg,vnwoodknot,folder_class,vnwoodknot:validation:img_4617,knot,knot,0.7795487642288208,0.2140268087387085,0.7795487642288208,0.0064244759269058704,True
wood-multitask-final/data_processed/classification_crops/external_test/knot/vnwoodknot_002334_0002432.jpg,VNWoodKnot/VNWoodKnot A High-Quality Image Dataset for Wood K/VNWoodKnot/VNWoodKnot/validation/2/img_4622.jpg,vnwoodknot,folder_class,vnwoodknot:validation:img_4622,knot,crack,0.9969925880432129,0.9969925880432129,0.0030074354726821184,3.923697278196414e-08,False
wood-multitask-final/data_processed/classification_crops/external_test/knot/vnwoodknot_002335_0002433.jpg,VNWoodKnot/VNWoodKnot A High-Quality Image Dataset for Wood K/VNWoodKnot/VNWoodKnot/validation/2/img_4623.jpg,vnwoodknot,folder_class,vnwoodknot:validation:img_4623,knot,crack,0.9734228849411011,0.9734228849411011,0.017848094925284386,0.00872902199625969,False
wood-multitask-final/data_processed/classification_crops/external_test/knot/vnwoodknot_002336_0002434.jpg,VNWoodKnot/VNWoodKnot A High-Quality Image Dataset for Wood K/VNWoodKnot/VNWoodKnot/validation/2/img_4628.jpg,vnwoodknot,folder_class,vnwoodknot:validation:img_4628,knot,knot,0.8368178009986877,0.003859015414491296,0.8368178009986877,0.15932323038578033,True
wood-multitask-final/data_processed/classification_crops/external_test/knot/vnwoodknot_002337_0002435.jpg,VNWoodKnot/VNWoodKnot A High-Quality Image Dataset for Wood K/VNWoodKnot/VNWoodKnot/validation/2/img_4634.jpg,vnwoodknot,folder_class,vnwoodknot:validation:img_4634,knot,crack,0.9999722242355347,0.9999722242355347,2.7798030714620836e-05,3.2857560228194416e-08,False
wood-multitask-final/data_processed/classification_crops/external_test/knot/vnwoodknot_002338_0002436.jpg,VNWoodKnot/VNWoodKnot A High-Quality Image Dataset for Wood K/VNWoodKnot/VNWoodKnot/validation/2/img_4635.jpg,vnwoodknot,folder_class,vnwoodknot:validation:img_4635,knot,crack,0.9999591112136841,0.9999591112136841,4.0904327761381865e-05,5.501814559494278e-10,False
wood-multitask-final/data_processed/classification_crops/external_test/knot/vnwoodknot_002339_0002437.jpg,VNWoodKnot/VNWoodKnot A High-Quality Image Dataset for Wood K/VNWoodKnot/VNWoodKnot/validation/2/img_4637.jpg,vnwoodknot,folder_class,vnwoodknot:validation:img_4637,knot,crack,0.999997615814209,0.999997615814209,1.9828785298159346e-06,3.921715574506379e-07,False
wood-multitask-final/data_processed/classification_crops/external_test/knot/vnwoodknot_002340_0002438.jpg,VNWoodKnot/VNWoodKnot A High-Quality Image Dataset for Wood K/VNWoodKnot/VNWoodKnot/validation/2/img_4645.jpg,vnwoodknot,folder_class,vnwoodknot:validation:img_4645,knot,crack,0.9999561309814453,0.9999561309814453,4.345390334492549e-05,3.519547817631974e-07,False
wood-multitask-final/data_processed/classification_crops/external_test/knot/vnwoodknot_002341_0002439.jpg,VNWoodKnot/VNWoodKnot A High-Quality Image Dataset for Wood K/VNWoodKnot/VNWoodKnot/validation/2/img_4660.jpg,vnwoodknot,folder_class,vnwoodknot:validation:img_4660,knot,crack,0.8581861853599548,0.8581861853599548,0.14163805544376373,0.00017577862308826298,False
wood-multitask-final/data_processed/classification_crops/external_test/knot/vnwoodknot_002342_0002440.jpg,VNWoodKnot/VNWoodKnot A High-Quality Image Dataset for Wood K/VNWoodKnot/VNWoodKnot/validation/2/img_4671.jpg,vnwoodknot,folder_class,vnwoodknot:validation:img_4671,knot,crack,0.9293895959854126,0.9293895959854126,0.06999163329601288,0.0006187343969941139,False
wood-multitask-final/data_processed/classification_crops/external_test/knot/vnwoodknot_002343_0002441.jpg,VNWoodKnot/VNWoodKnot A High-Quality Image Dataset for Wood K/VNWoodKnot/VNWoodKnot/validation/2/img_4673.jpg,vnwoodknot,folder_class,vnwoodknot:validation:img_4673,knot,knot,0.8487793803215027,0.12485623359680176,0.8487793803215027,0.02636437676846981,True
wood-multitask-final/data_processed/classification_crops/external_test/knot/vnwoodknot_002344_0002442.jpg,VNWoodKnot/VNWoodKnot A High-Quality Image Dataset for Wood K/VNWoodKnot/VNWoodKnot/validation/2/img_4711.jpg,vnwoodknot,folder_class,vnwoodknot:validation:img_4711,knot,crack,0.9999955892562866,0.9999955892562866,4.372176590550225e-06,1.4076247112360107e-10,False
wood-multitask-final/data_processed/classification_crops/external_test/knot/vnwoodknot_002345_0002443.jpg,VNWoodKnot/VNWoodKnot A High-Quality Image Dataset for Wood K/VNWoodKnot/VNWoodKnot/validation/2/img_4714.jpg,vnwoodknot,folder_class,vnwoodknot:validation:img_4714,knot,knot,0.9412742853164673,0.03580006957054138,0.9412742853164673,0.022925671190023422,True
wood-multitask-final/data_processed/classification_crops/external_test/knot/vnwoodknot_002346_0002444.jpg,VNWoodKnot/VNWoodKnot A High-Quality Image Dataset for Wood K/VNWoodKnot/VNWoodKnot/validation/2/img_4720.jpg,vnwoodknot,folder_class,vnwoodknot:validation:img_4720,knot,crack,0.8576371073722839,0.8576371073722839,0.1423095017671585,5.332904038368724e-05,False
wood-multitask-final/data_processed/classification_crops/external_test/knot/vnwoodknot_002347_0002445.jpg,VNWoodKnot/VNWoodKnot A High-Quality Image Dataset for Wood K/VNWoodKnot/VNWoodKnot/validation/2/img_4727.jpg,vnwoodknot,folder_class,vnwoodknot:validation:img_4727,knot,normal,0.7612128257751465,0.014070866629481316,0.22471627593040466,0.7612128257751465,False
wood-multitask-final/data_processed/classification_crops/external_test/knot/vnwoodknot_002348_0002446.jpg,VNWoodKnot/VNWoodKnot A High-Quality Image Dataset for Wood K/VNWoodKnot/VNWoodKnot/validation/2/img_4741.jpg,vnwoodknot,folder_class,vnwoodknot:validation:img_4741,knot,crack,0.9988875985145569,0.9988875985145569,0.0011124701704829931,6.10572659098807e-09,False
wood-multitask-final/data_processed/classification_crops/external_test/knot/vnwoodknot_002349_0002447.jpg,VNWoodKnot/VNWoodKnot A High-Quality Image Dataset for Wood K/VNWoodKnot/VNWoodKnot/validation/2/img_4742.jpg,vnwoodknot,folder_class,vnwoodknot:validation:img_4742,knot,normal,0.9984476566314697,0.0013574877521023154,0.0001947760465554893,0.9984476566314697,False
wood-multitask-final/data_processed/classification_crops/external_test/knot/vnwoodknot_002350_0002448.jpg,VNWoodKnot/VNWoodKnot A High-Quality Image Dataset for Wood K/VNWoodKnot/VNWoodKnot/validation/2/img_4745.jpg,vnwoodknot,folder_class,vnwoodknot:validation:img_4745,knot,crack,0.8564435243606567,0.8564435243606567,0.1435462087392807,1.0292106708220672e-05,False
wood-multitask-final/data_processed/classification_crops/external_test/knot/vnwoodknot_002351_0002449.jpg,VNWoodKnot/VNWoodKnot A High-Quality Image Dataset for Wood K/VNWoodKnot/VNWoodKnot/validation/2/img_4748.jpg,vnwoodknot,folder_class,vnwoodknot:validation:img_4748,knot,crack,0.9999887943267822,0.9999887943267822,1.1176918633282185e-05,3.805660508948705e-10,False
wood-multitask-final/data_processed/classification_crops/external_test/knot/vnwoodknot_002352_0002450.jpg,VNWoodKnot/VNWoodKnot A High-Quality Image Dataset for Wood K/VNWoodKnot/VNWoodKnot/validation/2/img_4752.jpg,vnwoodknot,folder_class,vnwoodknot:validation:img_4752,knot,crack,0.999993085861206,0.999993085861206,6.867462161608273e-06,1.183093067957941e-10,False
wood-multitask-final/data_processed/classification_crops/external_test/knot/vnwoodknot_002353_0002451.jpg,VNWoodKnot/VNWoodKnot A High-Quality Image Dataset for Wood K/VNWoodKnot/VNWoodKnot/validation/2/img_4753.jpg,vnwoodknot,folder_class,vnwoodknot:validation:img_4753,knot,crack,0.9999992847442627,0.9999992847442627,7.3769774644461e-07,7.143081699051423e-14,False
wood-multitask-final/data_processed/classification_crops/external_test/knot/vnwoodknot_002354_0002452.jpg,VNWoodKnot/VNWoodKnot A High-Quality Image Dataset for Wood K/VNWoodKnot/VNWoodKnot/validation/2/img_4755.jpg,vnwoodknot,folder_class,vnwoodknot:validation:img_4755,knot,crack,0.9999881982803345,0.9999881982803345,1.185292421723716e-05,1.9451485561150506e-11,False
